season,week,game_type,home_team,away_team,elo_home_pre,elo_away_pre,home_advantage,p_home,result,elo_home_post,elo_away_post
1999,1,REG,ATL,MIN,1500.0,1500.0,42.2,0.5604,0,1488.7913,1511.2087
1999,1,REG,CHI,KC,1500.0,1500.0,42.2,0.5604,1,1508.7913,1491.2087
1999,1,REG,CLE,PIT,1500.0,1500.0,42.2,0.5604,0,1488.7913,1511.2087
1999,1,REG,GB,LV,1500.0,1500.0,42.2,0.5604,1,1508.7913,1491.2087
1999,1,REG,IND,BUF,1500.0,1500.0,42.2,0.5604,1,1508.7913,1491.2087
1999,1,REG,JAX,SF,1500.0,1500.0,42.2,0.5604,1,1508.7913,1491.2087
1999,1,REG,NO,CAR,1500.0,1500.0,42.2,0.5604,1,1508.7913,1491.2087
1999,1,REG,NYJ,NE,1500.0,1500.0,42.2,0.5604,0,1488.7913,1511.2087
1999,1,REG,PHI,ARI,1500.0,1500.0,42.2,0.5604,0,1488.7913,1511.2087
1999,1,REG,SEA,DET,1500.0,1500.0,42.2,0.5604,0,1488.7913,1511.2087
1999,1,REG,LA,BAL,1500.0,1500.0,42.2,0.5604,1,1508.7913,1491.2087
1999,1,REG,TB,NYG,1500.0,1500.0,42.2,0.5604,0,1488.7913,1511.2087
1999,1,REG,TEN,CIN,1500.0,1500.0,42.2,0.5604,1,1508.7913,1491.2087
1999,1,REG,WAS,DAL,1500.0,1500.0,42.2,0.5604,0,1488.7913,1511.2087
1999,1,REG,DEN,MIA,1500.0,1500.0,42.2,0.5604,0,1488.7913,1511.2087
1999,2,REG,BAL,PIT,1491.2087,1511.2087,42.2,0.5319,0,1480.5706,1521.8468
1999,2,REG,BUF,NYJ,1491.2087,1488.7913,42.2,0.5639,1,1499.9315,1480.0685
1999,2,REG,CAR,JAX,1491.2087,1508.7913,42.2,0.5354,0,1480.5013,1519.4987
1999,2,REG,CHI,SEA,1508.7913,1488.7913,42.2,0.5886,0,1497.0199,1500.5627
1999,2,REG,CIN,LAC,1491.2087,1500.0,42.2,0.5479,0,1480.2501,1510.9586
1999,2,REG,DET,GB,1511.2087,1508.7913,42.2,0.5639,1,1519.9315,1500.0685
1999,2,REG,KC,DEN,1491.2087,1488.7913,42.2,0.5639,1,1499.9315,1480.0685
1999,2,REG,MIA,ARI,1511.2087,1511.2087,42.2,0.5604,1,1520.0,1502.4174
1999,2,REG,MIN,LV,1511.2087,1491.2087,42.2,0.5886,0,1499.4373,1502.9801
1999,2,REG,NE,IND,1511.2087,1508.7913,42.2,0.5639,1,1519.9315,1500.0685
1999,2,REG,NYG,WAS,1511.2087,1488.7913,42.2,0.5919,0,1499.37,1500.63
1999,2,REG,PHI,TB,1488.7913,1488.7913,42.2,0.5604,0,1477.5826,1500.0
1999,2,REG,SF,NO,1491.2087,1508.7913,42.2,0.5354,1,1500.5013,1499.4987
1999,2,REG,TEN,CLE,1508.7913,1488.7913,42.2,0.5886,1,1517.0199,1480.5627
1999,2,REG,DAL,ATL,1511.2087,1488.7913,42.2,0.5919,1,1519.37,1480.63
1999,3,REG,BAL,CLE,1480.5706,1480.5627,42.2,0.5604,1,1489.3617,1471.7716
1999,3,REG,BUF,PHI,1499.9315,1477.5826,42.2,0.5918,1,1508.0947,1469.4194
1999,3,REG,CAR,CIN,1480.5013,1480.2501,42.2,0.5608,1,1489.2855,1471.4659
1999,3,REG,GB,MIN,1500.0685,1499.4373,42.2,0.5613,1,1508.8419,1490.6639
1999,3,REG,JAX,TEN,1519.4987,1517.0199,42.2,0.5639,0,1508.2198,1528.2988
1999,3,REG,KC,DET,1499.9315,1519.9315,42.2,0.5319,1,1509.2934,1510.5696
1999,3,REG,NE,NYG,1519.9315,1499.37,42.2,0.5894,1,1528.1445,1491.157
1999,3,REG,NYJ,WAS,1480.0685,1500.63,42.2,0.5311,0,1469.4465,1511.252
1999,3,REG,LV,CHI,1502.9801,1497.0199,42.2,0.5689,1,1511.6027,1488.3973
1999,3,REG,PIT,SEA,1521.8468,1500.5627,42.2,0.5904,0,1510.0396,1512.3699
1999,3,REG,LAC,IND,1510.9586,1500.0685,42.2,0.5758,0,1499.4423,1511.5848
1999,3,REG,LA,ATL,1508.7913,1480.63,42.2,0.5999,1,1516.7934,1472.6279
1999,3,REG,TB,DEN,1500.0,1480.0685,42.2,0.5885,1,1508.2305,1471.838
1999,3,REG,ARI,SF,1502.4174,1500.5013,42.2,0.5631,0,1491.1544,1511.7643
1999,4,REG,ATL,BAL,1472.6279,1489.3617,42.2,0.5366,0,1461.8962,1500.0934
1999,4,REG,CHI,NO,1488.3973,1499.4987,42.2,0.5446,1,1497.5046,1490.3914
1999,4,REG,CIN,LA,1471.4659,1516.7934,42.2,0.4955,0,1461.5559,1526.7034
1999,4,REG,CLE,NE,1471.7716,1528.1445,42.2,0.4796,0,1462.1793,1537.7368
1999,4,REG,DAL,ARI,1519.37,1491.1544,42.2,0.6,1,1527.3706,1483.1538
1999,4,REG,DEN,NYJ,1471.838,1469.4465,42.2,0.5638,0,1460.5616,1480.7229
1999,4,REG,MIN,TB,1490.6639,1508.2305,42.2,0.5354,1,1499.9561,1498.9383
1999,4,REG,NYG,PHI,1491.157,1469.4194,42.2,0.591,1,1499.3372,1461.2392
1999,4,REG,PIT,JAX,1510.0396,1508.2198,42.2,0.563,0,1498.7793,1519.4801
1999,4,REG,LAC,KC,1499.4423,1509.2934,42.2,0.5464,1,1508.5139,1500.2218
1999,4,REG,SEA,LV,1512.3699,1511.6027,42.2,0.5615,1,1521.1395,1502.8331
1999,4,REG,SF,TEN,1511.7643,1528.2988,42.2,0.5369,1,1521.0269,1519.0362
1999,4,REG,WAS,CAR,1511.252,1489.2855,42.2,0.5913,1,1519.4259,1481.1116
1999,4,REG,MIA,BUF,1520.0,1508.0947,42.2,0.5772,0,1508.4552,1519.6395
1999,5,REG,ARI,NYG,1483.1538,1499.3372,42.2,0.5374,1,1492.4064,1490.0846
1999,5,REG,BUF,PIT,1519.6395,1498.7793,42.2,0.5898,1,1527.8442,1490.5746
1999,5,REG,CLE,CIN,1462.1793,1461.5559,42.2,0.5613,0,1450.9529,1472.7823
1999,5,REG,DET,LAC,1510.5696,1508.5139,42.2,0.5633,0,1499.3027,1519.7808
1999,5,REG,GB,TB,1508.8419,1498.9383,42.2,0.5744,1,1517.3534,1490.4268
1999,5,REG,IND,MIA,1511.5848,1508.4552,42.2,0.5649,0,1500.2875,1519.7525
1999,5,REG,KC,NE,1500.2218,1537.7368,42.2,0.5067,1,1510.087,1527.8716
1999,5,REG,MIN,CHI,1499.9561,1497.5046,42.2,0.5639,0,1488.678,1508.7827
1999,5,REG,NO,ATL,1490.3914,1461.8962,42.2,0.6004,0,1478.3843,1473.9033
1999,5,REG,LV,DEN,1502.8331,1460.5616,42.2,0.6192,0,1490.4486,1472.9461
1999,5,REG,PHI,DAL,1461.2392,1527.3706,42.2,0.4656,1,1471.9269,1516.6829
1999,5,REG,LA,SF,1526.7034,1521.0269,42.2,0.5685,1,1535.3341,1512.3962
1999,5,REG,TEN,BAL,1519.0362,1500.0934,42.2,0.5871,1,1527.2943,1491.8353
1999,5,REG,NYJ,JAX,1480.7229,1519.4801,42.2,0.505,0,1470.6238,1529.5792
1999,6,REG,ARI,WAS,1492.4064,1519.4259,42.2,0.5218,0,1481.9697,1529.8626
1999,6,REG,ATL,LA,1473.9033,1535.3341,42.2,0.4724,0,1464.4562,1544.7812
1999,6,REG,BUF,LV,1527.8442,1490.4486,42.2,0.6126,0,1515.5925,1502.7003
1999,6,REG,CHI,PHI,1508.7827,1471.9269,42.2,0.6118,0,1496.5458,1484.1638
1999,6,REG,CIN,PIT,1472.7823,1490.5746,42.2,0.5351,0,1462.0809,1501.276
1999,6,REG,DEN,GB,1472.9461,1517.3534,42.2,0.4968,1,1483.0096,1507.2899
1999,6,REG,DET,MIN,1499.3027,1488.678,42.2,0.5754,1,1507.7939,1480.1868
1999,6,REG,JAX,CLE,1529.5792,1450.9529,42.2,0.6672,1,1536.2353,1444.2968
1999,6,REG,NE,MIA,1527.8716,1519.7525,42.2,0.5719,0,1516.4333,1531.1908
1999,6,REG,NO,TEN,1478.3843,1527.2943,42.2,0.4903,0,1468.5774,1537.1012
1999,6,REG,NYJ,IND,1470.6238,1500.2875,42.2,0.518,0,1460.2631,1510.6482
1999,6,REG,LAC,SEA,1519.7808,1521.1395,42.2,0.5585,1,1528.6107,1512.3096
1999,6,REG,SF,CAR,1512.3962,1481.1116,42.2,0.6042,0,1500.3121,1493.1957
1999,6,REG,NYG,DAL,1490.0846,1516.6829,42.2,0.5224,1,1499.6358,1507.1317
1999,7,REG,BAL,KC,1491.8353,1510.087,42.2,0.5344,0,1481.1471,1520.7752
1999,7,REG,CAR,DET,1493.1957,1507.7939,42.2,0.5396,0,1482.4029,1518.5867
1999,7,REG,DAL,WAS,1507.1317,1529.8626,42.2,0.528,1,1516.5719,1520.4224
1999,7,REG,IND,CIN,1510.6482,1462.0809,42.2,0.6277,1,1518.0936,1454.6355
1999,7,REG,MIA,PHI,1531.1908,1484.1638,42.2,0.6257,1,1538.6777,1476.6769
1999,7,REG,MIN,SF,1480.1868,1500.3121,42.2,0.5317,1,1489.5523,1490.9466
1999,7,REG,NE,DEN,1516.4333,1483.0096,42.2,0.6071,1,1524.2904,1475.1525
1999,7,REG,NYG,NO,1499.6358,1468.5774,42.2,0.6039,1,1507.558,1460.6552
1999,7,REG,LV,NYJ,1502.7003,1460.2631,42.2,0.6194,1,1510.3113,1452.6521
1999,7,REG,LAC,GB,1528.6107,1507.2899,42.2,0.5904,0,1516.8025,1519.0981
1999,7,REG,SEA,BUF,1512.3096,1515.5925,42.2,0.5558,1,1521.1941,1506.708
1999,7,REG,LA,CLE,1544.7812,1444.2968,42.2,0.6945,1,1550.8907,1438.1873
1999,7,REG,TB,CHI,1490.4268,1496.5458,42.2,0.5517,1,1499.392,1487.5806
1999,7,REG,PIT,ATL,1501.276,1464.4562,42.2,0.6118,1,1509.04,1456.6922
1999,8,REG,ARI,NE,1481.9697,1524.2904,42.2,0.4998,0,1471.9732,1534.2869
1999,8,REG,ATL,CAR,1456.6922,1482.4029,42.2,0.5237,1,1466.218,1472.8771
1999,8,REG,BAL,BUF,1481.1471,1506.708,42.2,0.5239,0,1470.6686,1517.1865
1999,8,REG,CIN,JAX,1454.6355,1536.2353,42.2,0.4435,0,1445.7647,1545.1061
1999,8,REG,DEN,MIN,1475.1525,1489.5523,42.2,0.5399,0,1464.354,1500.3508
1999,8,REG,DET,TB,1518.5867,1499.392,42.2,0.5874,1,1526.8378,1491.1409
1999,8,REG,IND,DAL,1518.0936,1516.5719,42.2,0.5626,1,1526.8418,1507.8237
1999,8,REG,KC,LAC,1520.7752,1516.8025,42.2,0.5661,1,1529.454,1508.1237
1999,8,REG,NO,CLE,1460.6552,1438.1873,42.2,0.592,0,1448.8151,1450.0274
1999,8,REG,LV,MIA,1510.3113,1538.6777,42.2,0.5199,0,1499.9133,1549.0757
1999,8,REG,PHI,NYG,1476.6769,1507.558,42.2,0.5163,0,1466.3512,1517.8837
1999,8,REG,TEN,LA,1537.1012,1550.8907,42.2,0.5408,1,1546.2853,1541.7066
1999,8,REG,WAS,CHI,1520.4224,1487.5806,42.2,0.6063,1,1528.2955,1479.7075
1999,8,REG,GB,SEA,1519.0981,1521.1941,42.2,0.5575,0,1507.9489,1532.3433
1999,9,REG,ATL,JAX,1466.218,1545.1061,42.2,0.4474,0,1457.2701,1554.054
1999,9,REG,CAR,PHI,1472.8771,1466.3512,42.2,0.5697,1,1481.4838,1457.7445
1999,9,REG,CLE,BAL,1450.0274,1470.6686,42.2,0.531,0,1439.4077,1481.2883
1999,9,REG,DET,LA,1526.8378,1541.7066,42.2,0.5393,1,1536.0528,1532.4916
1999,9,REG,GB,CHI,1507.9489,1479.7075,42.2,0.6,0,1495.9488,1491.7076
1999,9,REG,IND,KC,1526.8418,1529.454,42.2,0.5567,1,1535.7073,1520.5885
1999,9,REG,MIA,TEN,1549.0757,1546.2853,42.2,0.5644,1,1557.788,1537.573
1999,9,REG,NO,TB,1448.8151,1491.1409,42.2,0.4998,0,1438.8187,1501.1373
1999,9,REG,NYJ,ARI,1452.6521,1471.9732,42.2,0.5329,1,1461.9945,1462.6308
1999,9,REG,LAC,DEN,1508.1237,1464.354,42.2,0.6213,0,1495.6986,1476.7791
1999,9,REG,SEA,CIN,1532.3433,1445.7647,42.2,0.6773,1,1538.7977,1439.3103
1999,9,REG,SF,PIT,1490.9466,1509.04,42.2,0.5346,0,1480.2539,1519.7327
1999,9,REG,WAS,BUF,1528.2955,1517.1865,42.2,0.5761,0,1516.7731,1528.7089
1999,9,REG,MIN,DAL,1500.3508,1507.8237,42.2,0.5498,1,1509.3546,1498.8199
1999,10,REG,ARI,DET,1462.6308,1536.0528,42.2,0.4552,1,1473.527,1525.1566
1999,10,REG,BUF,MIA,1528.7089,1557.788,42.2,0.5189,1,1538.3314,1548.1655
1999,10,REG,CHI,MIN,1491.7076,1509.3546,42.2,0.5353,0,1481.0021,1520.0601
1999,10,REG,CIN,TEN,1439.3103,1537.573,42.2,0.42,0,1430.9101,1545.9732
1999,10,REG,DAL,GB,1498.8199,1495.9488,42.2,0.5645,1,1507.5299,1487.2388
1999,10,REG,JAX,BAL,1554.054,1481.2883,42.2,0.6597,1,1560.8607,1474.4816
1999,10,REG,NO,SF,1438.8187,1480.2539,42.2,0.5011,1,1448.7967,1470.2759
1999,10,REG,NYG,IND,1517.8837,1535.7073,42.2,0.535,0,1507.1832,1546.4078
1999,10,REG,LV,LAC,1499.9133,1495.6986,42.2,0.5664,1,1508.5853,1487.0266
1999,10,REG,PHI,WAS,1457.7445,1516.7731,42.2,0.4758,1,1468.2285,1506.2891
1999,10,REG,PIT,CLE,1519.7327,1439.4077,42.2,0.6694,0,1506.3454,1452.795
1999,10,REG,SEA,DEN,1538.7977,1476.7791,42.2,0.6456,1,1545.8849,1469.6919
1999,10,REG,LA,CAR,1532.4916,1481.4838,42.2,0.631,1,1539.8714,1474.104
1999,10,REG,TB,KC,1501.1373,1520.5885,42.2,0.5327,1,1510.4835,1511.2423
1999,10,REG,NE,NYJ,1534.2869,1461.9945,42.2,0.6591,0,1521.1059,1475.1755
1999,11,REG,ARI,DAL,1473.527,1507.5299,42.2,0.5118,1,1483.2911,1497.7658
1999,11,REG,CIN,BAL,1430.9101,1474.4816,42.2,0.498,0,1420.9496,1484.4421
1999,11,REG,CLE,CAR,1452.795,1474.104,42.2,0.53,0,1442.1944,1484.7046
1999,11,REG,GB,DET,1487.2388,1525.1566,42.2,0.5062,1,1497.1156,1515.2798
1999,11,REG,JAX,NO,1560.8607,1448.7967,42.2,0.7085,1,1566.6911,1442.9663
1999,11,REG,KC,SEA,1511.2423,1545.8849,42.2,0.5109,0,1501.0248,1556.1024
1999,11,REG,MIA,NE,1548.1655,1521.1059,42.2,0.5984,1,1556.198,1513.0734
1999,11,REG,NYJ,BUF,1475.1755,1538.3314,42.2,0.4699,1,1485.7779,1527.729
1999,11,REG,PHI,IND,1468.2285,1546.4078,42.2,0.4484,0,1459.2604,1555.3759
1999,11,REG,LAC,CHI,1487.0266,1481.0021,42.2,0.569,0,1475.6474,1492.3813
1999,11,REG,SF,LA,1470.2759,1539.8714,42.2,0.4607,0,1461.0628,1549.0845
1999,11,REG,TB,ATL,1510.4835,1457.2701,42.2,0.634,1,1517.8043,1449.9493
1999,11,REG,TEN,PIT,1545.9732,1506.3454,42.2,0.6156,1,1553.6606,1498.658
1999,11,REG,WAS,NYG,1506.2891,1507.1832,42.2,0.5592,1,1515.1058,1498.3665
1999,11,REG,DEN,LV,1469.6919,1508.5853,42.2,0.5048,1,1479.5967,1498.6805
1999,12,REG,DAL,MIA,1497.7658,1556.198,42.2,0.4767,1,1508.2327,1545.7311
1999,12,REG,DET,CHI,1515.2798,1492.3813,42.2,0.5926,1,1523.4277,1484.2334
1999,12,REG,BAL,JAX,1484.4421,1566.6911,42.2,0.4426,0,1475.5897,1575.5435
1999,12,REG,BUF,NE,1527.729,1513.0734,42.2,0.5811,1,1536.107,1504.6954
1999,12,REG,CAR,ATL,1484.7046,1449.9493,42.2,0.609,1,1492.5252,1442.1287
1999,12,REG,CLE,TEN,1442.1944,1553.6606,42.2,0.4016,0,1434.162,1561.693
1999,12,REG,IND,NYJ,1555.3759,1485.7779,42.2,0.6556,1,1562.2647,1478.8891
1999,12,REG,MIN,LAC,1520.0601,1475.6474,42.2,0.6221,1,1527.6176,1468.0899
1999,12,REG,NYG,ARI,1498.3665,1483.2911,42.2,0.5817,0,1486.7328,1494.9248
1999,12,REG,LV,KC,1498.6805,1501.0248,42.2,0.5571,0,1487.5384,1512.1669
1999,12,REG,PIT,CIN,1498.658,1420.9496,42.2,0.666,0,1485.3376,1434.27
1999,12,REG,SEA,TB,1556.1024,1517.8043,42.2,0.6138,0,1543.8261,1530.0806
1999,12,REG,LA,NO,1549.0845,1442.9663,42.2,0.7014,1,1555.0573,1436.9935
1999,12,REG,WAS,PHI,1515.1058,1459.2604,42.2,0.6375,1,1522.3564,1452.0098
1999,12,REG,SF,GB,1461.0628,1497.1156,42.2,0.5088,0,1450.8859,1507.2925
1999,13,REG,JAX,PIT,1575.5435,1485.3376,42.2,0.6818,1,1581.9069,1478.9742
1999,13,REG,ARI,PHI,1494.9248,1452.0098,42.2,0.6201,1,1502.5229,1444.4117
1999,13,REG,ATL,NO,1442.1287,1436.9935,42.2,0.5677,1,1450.7747,1428.3475
1999,13,REG,BAL,TEN,1475.5897,1561.693,42.2,0.4372,1,1486.8467,1550.436
1999,13,REG,CAR,LA,1492.5252,1555.0573,42.2,0.4708,0,1483.1097,1564.4728
1999,13,REG,CHI,GB,1484.2334,1507.2925,42.2,0.5275,0,1473.683,1517.8429
1999,13,REG,CIN,SF,1434.27,1450.8859,42.2,0.5368,1,1443.535,1441.6209
1999,13,REG,DEN,KC,1479.5967,1512.1669,42.2,0.5139,0,1469.3196,1522.444
1999,13,REG,DET,WAS,1523.4277,1522.3564,42.2,0.562,1,1532.1887,1513.5954
1999,13,REG,MIA,IND,1545.7311,1562.2647,42.2,0.5369,0,1534.9937,1573.0021
1999,13,REG,NE,DAL,1504.6954,1508.2327,42.2,0.5554,1,1513.5872,1499.3409
1999,13,REG,NYG,NYJ,1486.7328,1478.8891,42.2,0.5715,1,1495.3023,1470.3196
1999,13,REG,LV,SEA,1487.5384,1543.8261,42.2,0.4797,1,1497.9437,1533.4208
1999,13,REG,LAC,CLE,1468.0899,1434.162,42.2,0.6078,1,1475.9332,1426.3187
1999,13,REG,TB,MIN,1530.0806,1527.6176,42.2,0.5639,1,1538.8021,1518.8961
1999,14,REG,TEN,LV,1550.436,1497.9437,42.2,0.633,1,1557.7761,1490.6036
1999,14,REG,BUF,NYG,1536.107,1495.3023,42.2,0.6172,0,1523.7624,1507.6469
1999,14,REG,CIN,CLE,1443.535,1426.3187,42.2,0.5847,1,1451.8413,1418.0124
1999,14,REG,DAL,PHI,1499.3409,1444.4117,42.2,0.6362,1,1506.6159,1437.1367
1999,14,REG,GB,CAR,1517.8429,1483.1097,42.2,0.6089,0,1505.6641,1495.2885
1999,14,REG,IND,NE,1573.0021,1513.5872,42.2,0.6422,1,1580.158,1506.4313
1999,14,REG,KC,MIN,1522.444,1518.8961,42.2,0.5655,1,1531.1348,1510.2053
1999,14,REG,NO,LA,1428.3475,1564.4728,42.2,0.368,0,1420.9869,1571.8334
1999,14,REG,NYJ,MIA,1470.3196,1534.9937,42.2,0.4677,1,1480.9656,1524.3477
1999,14,REG,PIT,BAL,1478.9742,1486.8467,42.2,0.5492,0,1467.9894,1497.8315
1999,14,REG,SEA,LAC,1533.4208,1475.9332,42.2,0.6397,0,1520.6278,1488.7262
1999,14,REG,SF,ATL,1441.6209,1450.7747,42.2,0.5474,1,1450.6726,1441.723
1999,14,REG,TB,DET,1538.8021,1532.1887,42.2,0.5698,1,1547.4063,1523.5845
1999,14,REG,WAS,ARI,1513.5954,1502.5229,42.2,0.5761,1,1522.074,1494.0443
1999,14,REG,JAX,DEN,1581.9069,1469.3196,42.2,0.7091,1,1587.7249,1463.5016
1999,15,REG,CAR,SF,1495.2885,1450.6726,42.2,0.6224,1,1502.8405,1443.1206
1999,15,REG,KC,PIT,1531.1348,1467.9894,42.2,0.6471,1,1538.1923,1460.9319
1999,15,REG,ARI,BUF,1494.0443,1523.7624,42.2,0.518,0,1483.6852,1534.1215
1999,15,REG,BAL,NO,1497.8315,1420.9869,42.2,0.6649,1,1504.5332,1414.2852
1999,15,REG,CHI,DET,1473.683,1523.5845,42.2,0.4889,1,1483.9046,1513.3629
1999,15,REG,CLE,JAX,1418.0124,1587.7249,42.2,0.3243,0,1411.5261,1594.2112
1999,15,REG,DAL,NYJ,1506.6159,1480.9656,42.2,0.5964,0,1494.6875,1492.894
1999,15,REG,DEN,SEA,1463.5016,1520.6278,42.2,0.4785,1,1473.9309,1510.1985
1999,15,REG,IND,WAS,1580.158,1522.074,42.2,0.6404,1,1587.3492,1514.8828
1999,15,REG,MIA,LAC,1524.3477,1488.7262,42.2,0.6102,1,1532.1445,1480.9294
1999,15,REG,LV,TB,1490.6036,1547.4063,42.2,0.479,1,1501.0237,1536.9862
1999,15,REG,PHI,NE,1437.1367,1506.4313,42.2,0.4611,1,1447.915,1495.653
1999,15,REG,LA,NYG,1571.8334,1507.6469,42.2,0.6485,1,1578.8636,1500.6167
1999,15,REG,TEN,ATL,1557.7761,1441.723,42.2,0.7132,1,1563.5121,1435.987
1999,15,REG,MIN,GB,1510.2053,1505.6641,42.2,0.5669,1,1518.868,1497.0014
1999,16,REG,NO,DAL,1414.2852,1494.6875,42.2,0.4452,1,1425.3803,1483.5924
1999,16,REG,DET,DEN,1513.3629,1473.9309,42.2,0.6154,0,1501.0556,1486.2382
1999,16,REG,ATL,ARI,1435.987,1483.6852,42.2,0.4921,1,1446.1452,1473.527
1999,16,REG,BAL,CIN,1504.5332,1451.8413,42.2,0.6333,1,1511.8679,1444.5066
1999,16,REG,CLE,IND,1411.5261,1587.3492,42.2,0.3167,0,1405.193,1593.6823
1999,16,REG,NE,BUF,1495.653,1534.1215,42.2,0.5054,0,1485.5456,1544.2289
1999,16,REG,NYG,MIN,1500.6167,1518.868,42.2,0.5344,0,1489.9285,1529.5562
1999,16,REG,PIT,CAR,1460.9319,1502.8405,42.2,0.5004,1,1470.9235,1492.8489
1999,16,REG,LAC,LV,1480.9294,1501.0237,42.2,0.5318,1,1490.294,1491.6591
1999,16,REG,SEA,KC,1510.1985,1538.1923,42.2,0.5204,1,1519.7898,1528.601
1999,16,REG,SF,WAS,1443.1206,1514.8828,42.2,0.4576,0,1433.9694,1524.034
1999,16,REG,LA,CHI,1578.8636,1483.9046,42.2,0.6877,1,1585.1089,1477.6593
1999,16,REG,TB,GB,1536.9862,1497.0014,42.2,0.6161,1,1544.6639,1489.3237
1999,16,REG,TEN,JAX,1563.5121,1594.2112,42.2,0.5165,1,1573.1812,1584.5421
1999,16,REG,MIA,NYJ,1532.1445,1492.894,42.2,0.6151,0,1519.8422,1505.1963
1999,17,REG,BUF,IND,1544.2289,1593.6823,42.2,0.4896,1,1554.4376,1583.4736
1999,17,REG,CAR,NO,1492.8489,1425.3803,42.2,0.6528,1,1499.7932,1418.436
1999,17,REG,CHI,TB,1477.6593,1544.6639,42.2,0.4644,0,1468.372,1553.9512
1999,17,REG,DAL,NYG,1483.5924,1489.9285,42.2,0.5514,1,1492.5638,1480.9571
1999,17,REG,DEN,LAC,1486.2382,1490.294,42.2,0.5547,0,1475.1447,1501.3875
1999,17,REG,GB,ARI,1489.3237,1473.527,42.2,0.5827,1,1497.6698,1465.1809
1999,17,REG,JAX,CIN,1584.5421,1444.5066,42.2,0.7406,1,1589.7303,1439.3184
1999,17,REG,KC,LV,1528.601,1491.6591,42.2,0.612,0,1516.3617,1503.8984
1999,17,REG,MIN,DET,1529.5562,1501.0556,42.2,0.6004,1,1537.5489,1493.0629
1999,17,REG,NE,BAL,1485.5456,1511.8679,42.2,0.5228,1,1495.0889,1502.3246
1999,17,REG,NYJ,SEA,1505.1963,1519.7898,42.2,0.5396,1,1514.4034,1510.5827
1999,17,REG,PHI,LA,1447.915,1585.1089,42.2,0.3666,1,1460.583,1572.4409
1999,17,REG,PIT,TEN,1470.9235,1573.1812,42.2,0.4144,0,1462.6351,1581.4696
1999,17,REG,WAS,MIA,1524.034,1519.8422,42.2,0.5664,1,1532.7066,1511.1696
1999,17,REG,ATL,SF,1446.1452,1433.9694,42.2,0.5776,1,1454.5928,1425.5218
1999,18,WC,TEN,BUF,1581.4696,1554.4376,42.2,0.5983,1,1591.1096,1544.7976
1999,18,WC,WAS,DET,1532.7066,1493.0629,42.2,0.6157,1,1541.931,1483.8385
1999,18,WC,MIN,DAL,1537.5489,1492.5638,42.2,0.6229,1,1546.5993,1483.5134
1999,18,WC,SEA,MIA,1510.5827,1511.1696,42.2,0.5596,0,1497.1523,1524.6
1999,19,DIV,JAX,MIA,1589.7303,1524.6,42.2,0.6497,1,1598.1368,1516.1935
1999,19,DIV,TB,WAS,1553.9512,1541.931,42.2,0.5774,1,1564.0936,1531.7886
1999,19,DIV,IND,TEN,1583.4736,1591.1096,42.2,0.5496,0,1570.2837,1604.2995
1999,19,DIV,LA,MIN,1572.4409,1546.5993,42.2,0.5967,1,1582.1204,1536.9198
1999,20,CON,JAX,TEN,1598.1368,1604.2995,42.2,0.5517,0,1584.8966,1617.5397
1999,20,CON,LA,TB,1582.1204,1564.0936,42.2,0.5858,1,1592.0608,1554.1532
1999,21,SB,TEN,LA,1617.5397,1592.0608,0.0,0.5366,0,1604.6613,1604.9392
2000,1,REG,ATL,SF,1471.2272,1451.7496,42.2,0.5878,1,1479.4704,1443.5064
2000,1,REG,CLE,JAX,1438.1293,1558.5307,42.2,0.3893,0,1430.3429,1566.3171
2000,1,REG,KC,IND,1512.6123,1548.7401,42.2,0.5087,0,1502.4375,1558.9149
2000,1,REG,MIN,CHI,1526.3863,1480.4592,42.2,0.6242,1,1533.9028,1472.9427
2000,1,REG,NE,TB,1498.3596,1537.9326,42.2,0.5038,0,1488.284,1548.0082
2000,1,REG,NO,DET,1447.0021,1490.8218,42.2,0.4977,0,1437.0487,1500.7752
2000,1,REG,NYG,ARI,1488.8913,1478.3212,42.2,0.5754,1,1497.384,1469.8285
2000,1,REG,PIT,BAL,1476.6155,1503.2075,42.2,0.5224,0,1466.1666,1513.6564
2000,1,REG,WAS,CAR,1522.9484,1501.5114,42.2,0.5906,1,1531.137,1493.3228
2000,1,REG,DAL,PHI,1490.604,1475.2406,42.2,0.5821,0,1478.9622,1486.8824
2000,1,REG,GB,NYJ,1500.0888,1511.3003,42.2,0.5445,0,1489.1992,1522.1899
2000,1,REG,MIA,SEA,1512.4996,1499.742,42.2,0.5784,1,1520.9309,1491.3107
2000,1,REG,LV,LAC,1504.2619,1502.5796,42.2,0.5628,1,1513.0055,1493.836
2000,1,REG,BUF,TEN,1531.6644,1571.7731,42.2,0.503,1,1541.6042,1561.8333
2000,1,REG,LA,DEN,1571.9593,1484.9969,42.2,0.6778,1,1578.404,1478.5522
2000,2,REG,IND,LV,1558.9149,1513.0055,42.2,0.6241,0,1546.4319,1525.4885
2000,2,REG,BAL,JAX,1513.6564,1566.3171,42.2,0.485,1,1523.9574,1556.0161
2000,2,REG,BUF,GB,1541.6042,1489.1992,42.2,0.6329,1,1548.9466,1481.8568
2000,2,REG,CIN,CLE,1460.9933,1430.3429,42.2,0.6033,0,1448.9267,1442.4095
2000,2,REG,MIN,MIA,1533.9028,1520.9309,42.2,0.5787,1,1542.328,1512.5057
2000,2,REG,PHI,NYG,1486.8824,1497.384,42.2,0.5455,0,1475.9726,1508.2938
2000,2,REG,TB,CHI,1548.0082,1472.9427,42.2,0.6626,1,1554.7556,1466.1953
2000,2,REG,TEN,KC,1561.8333,1502.4375,42.2,0.6422,1,1568.9897,1495.2811
2000,2,REG,DEN,ATL,1478.5522,1479.4704,42.2,0.5591,1,1487.3696,1470.653
2000,2,REG,DET,WAS,1500.7752,1531.137,42.2,0.517,1,1510.4346,1521.4776
2000,2,REG,LAC,NO,1493.836,1437.0487,42.2,0.6387,0,1481.0616,1449.8231
2000,2,REG,SEA,LA,1491.3107,1578.404,42.2,0.4358,0,1482.5957,1587.119
2000,2,REG,SF,CAR,1443.5064,1493.3228,42.2,0.489,0,1433.7256,1503.1036
2000,2,REG,ARI,DAL,1469.8285,1478.9622,42.2,0.5474,1,1478.8796,1469.9111
2000,2,REG,NYJ,NE,1522.1899,1488.284,42.2,0.6078,1,1530.0338,1480.4401
2000,3,REG,CAR,ATL,1503.1036,1470.653,42.2,0.6058,0,1490.9874,1482.7692
2000,3,REG,CLE,PIT,1442.4095,1466.1666,42.2,0.5265,1,1451.8792,1456.6969
2000,3,REG,DET,TB,1510.4346,1554.7556,42.2,0.4969,0,1500.4956,1564.6946
2000,3,REG,GB,PHI,1481.8568,1475.9726,42.2,0.5688,1,1490.4816,1467.3478
2000,3,REG,JAX,CIN,1556.0161,1448.9267,42.2,0.7025,1,1561.9655,1442.9773
2000,3,REG,KC,LAC,1495.2811,1481.0616,42.2,0.5805,1,1503.6713,1472.6714
2000,3,REG,NYJ,BUF,1530.0338,1548.9466,42.2,0.5335,1,1539.3645,1539.6159
2000,3,REG,LA,SF,1587.119,1433.7256,42.2,0.7551,1,1592.0173,1428.8273
2000,3,REG,LV,DEN,1525.4885,1487.3696,42.2,0.6136,0,1513.2171,1499.641
2000,3,REG,CHI,NYG,1466.1953,1508.2938,42.2,0.5001,0,1456.1924,1518.2967
2000,3,REG,NE,MIN,1480.4401,1542.328,42.2,0.4717,0,1471.0062,1551.7619
2000,3,REG,SEA,NO,1482.5957,1449.8231,42.2,0.6063,1,1490.4707,1441.9481
2000,3,REG,MIA,BAL,1512.5057,1523.9574,42.2,0.5441,1,1521.623,1514.8401
2000,3,REG,WAS,DAL,1521.4776,1469.9111,42.2,0.6318,0,1508.8425,1482.5462
2000,4,REG,ATL,LA,1482.7692,1592.0173,42.2,0.4047,0,1474.6754,1600.1111
2000,4,REG,BAL,CIN,1514.8401,1442.9773,42.2,0.6585,1,1521.6702,1436.1472
2000,4,REG,CHI,DET,1456.1924,1500.4956,42.2,0.497,0,1446.2529,1510.4351
2000,4,REG,DAL,SF,1482.5462,1428.8273,42.2,0.6346,0,1469.8535,1441.52
2000,4,REG,MIA,NE,1521.623,1471.0062,42.2,0.6305,1,1529.0133,1463.6159
2000,4,REG,NO,PHI,1441.9481,1467.3478,42.2,0.5242,0,1431.4649,1477.831
2000,4,REG,PIT,TEN,1456.6969,1568.9897,42.2,0.4005,0,1448.6874,1576.9992
2000,4,REG,ARI,GB,1478.8796,1490.4816,42.2,0.5439,0,1468.0012,1501.36
2000,4,REG,DEN,KC,1499.641,1503.6713,42.2,0.5547,0,1488.5468,1514.7655
2000,4,REG,LV,CLE,1513.2171,1451.8792,42.2,0.6447,1,1520.3222,1444.7741
2000,4,REG,LAC,SEA,1472.6714,1490.4707,42.2,0.5351,0,1461.9702,1501.1719
2000,4,REG,TB,NYJ,1564.6946,1539.3645,42.2,0.596,0,1552.775,1551.2841
2000,4,REG,NYG,WAS,1518.2967,1508.8425,42.2,0.5738,0,1506.8208,1520.3184
2000,4,REG,IND,JAX,1546.4319,1561.9655,42.2,0.5383,1,1555.6659,1552.7315
2000,5,REG,BUF,IND,1539.6159,1555.6659,42.2,0.5376,0,1528.8647,1566.4171
2000,5,REG,CAR,DAL,1490.9874,1469.8535,42.2,0.5901,0,1479.1844,1481.6565
2000,5,REG,CLE,BAL,1444.7741,1521.6702,42.2,0.4502,0,1435.7694,1530.6749
2000,5,REG,DET,MIN,1510.4351,1551.7619,42.2,0.5013,0,1500.41,1561.787
2000,5,REG,JAX,PIT,1552.7315,1448.6874,42.2,0.6989,0,1538.7544,1462.6645
2000,5,REG,LA,LAC,1600.1111,1461.9702,42.2,0.7385,1,1605.3413,1456.74
2000,5,REG,TEN,NYG,1576.9992,1506.8208,42.2,0.6563,1,1583.873,1499.947
2000,5,REG,CIN,MIA,1436.1472,1529.0133,42.2,0.4276,0,1427.5952,1537.5653
2000,5,REG,DEN,NE,1488.5468,1463.6159,42.2,0.5954,0,1476.6383,1475.5244
2000,5,REG,GB,CHI,1501.36,1446.2529,42.2,0.6365,0,1488.6303,1458.9826
2000,5,REG,SF,ARI,1441.52,1468.0012,42.2,0.5226,1,1451.0679,1458.4533
2000,5,REG,WAS,TB,1520.3184,1552.775,42.2,0.514,1,1530.038,1543.0554
2000,5,REG,PHI,ATL,1477.831,1474.6754,42.2,0.5649,1,1486.5329,1465.9735
2000,5,REG,KC,SEA,1514.7655,1501.1719,42.2,0.5796,1,1523.1733,1492.7641
2000,6,REG,CHI,NO,1458.9826,1431.4649,42.2,0.599,0,1447.0025,1443.445
2000,6,REG,CIN,TEN,1427.5952,1583.873,42.2,0.3415,0,1420.7655,1590.7027
2000,6,REG,DET,GB,1500.41,1488.6303,42.2,0.5771,1,1508.8687,1480.1716
2000,6,REG,MIA,BUF,1537.5653,1528.8647,42.2,0.5727,1,1546.1107,1520.3193
2000,6,REG,NE,IND,1475.5244,1566.4171,42.2,0.4304,1,1486.9168,1555.0247
2000,6,REG,NYJ,PIT,1551.2841,1462.6645,42.2,0.6798,0,1537.6872,1476.2614
2000,6,REG,PHI,WAS,1486.5329,1530.038,42.2,0.4981,0,1476.5705,1540.0004
2000,6,REG,ARI,CLE,1458.4533,1435.7694,42.2,0.5923,1,1466.6072,1427.6155
2000,6,REG,ATL,NYG,1465.9735,1499.947,42.2,0.5118,0,1455.7368,1510.1837
2000,6,REG,CAR,SEA,1479.1844,1492.7641,42.2,0.5411,1,1488.3625,1483.586
2000,6,REG,LAC,DEN,1456.74,1476.6383,42.2,0.5321,0,1446.099,1487.2793
2000,6,REG,SF,LV,1451.0679,1520.3222,42.2,0.4611,0,1441.845,1529.5451
2000,6,REG,JAX,BAL,1538.7544,1530.6749,42.2,0.5719,0,1527.3173,1542.112
2000,6,REG,MIN,TB,1561.787,1543.0554,42.2,0.5868,1,1570.051,1534.7914
2000,7,REG,BUF,LAC,1520.3193,1446.099,42.2,0.6615,1,1527.0885,1439.3298
2000,7,REG,KC,LV,1523.1733,1529.5451,42.2,0.5514,0,1512.1457,1540.5727
2000,7,REG,NO,CAR,1443.445,1488.3625,42.2,0.4961,1,1453.5232,1478.2843
2000,7,REG,NYG,DAL,1510.1837,1481.6565,42.2,0.6004,1,1518.1757,1473.6645
2000,7,REG,PIT,CIN,1476.2614,1420.7655,42.2,0.637,1,1483.5213,1413.5056
2000,7,REG,LA,ATL,1605.3413,1455.7368,42.2,0.751,1,1610.3207,1450.7574
2000,7,REG,WAS,BAL,1540.0004,1542.112,42.2,0.5574,1,1548.8517,1533.2607
2000,7,REG,ARI,PHI,1466.6072,1476.5705,42.2,0.5463,0,1455.682,1487.4957
2000,7,REG,DEN,CLE,1487.2793,1427.6155,42.2,0.6425,1,1494.4286,1420.4662
2000,7,REG,NE,NYJ,1486.9168,1537.6872,42.2,0.4877,0,1477.1634,1547.4406
2000,7,REG,SEA,IND,1483.586,1555.0247,42.2,0.458,0,1474.4256,1564.1851
2000,7,REG,GB,SF,1480.1716,1441.845,42.2,0.6139,1,1487.8945,1434.1221
2000,7,REG,CHI,MIN,1447.0025,1570.051,42.2,0.3857,0,1439.2884,1577.7651
2000,7,REG,TEN,JAX,1590.7027,1527.3173,42.2,0.6474,1,1597.7539,1520.2661
2000,8,REG,TB,DET,1534.7914,1508.8687,42.2,0.5968,0,1522.8554,1520.8047
2000,8,REG,IND,NE,1564.1851,1477.1634,42.2,0.6778,1,1570.6283,1470.7202
2000,8,REG,ATL,NO,1450.7574,1453.5232,42.2,0.5565,0,1439.6272,1464.6534
2000,8,REG,BAL,TEN,1533.2607,1597.7539,42.2,0.468,0,1523.9015,1607.1131
2000,8,REG,CAR,SF,1478.2843,1434.1221,42.2,0.6218,1,1485.8486,1426.5578
2000,8,REG,CIN,DEN,1413.5056,1494.4286,42.2,0.4445,1,1424.6155,1483.3187
2000,8,REG,DAL,ARI,1473.6645,1455.682,42.2,0.5858,1,1481.9494,1447.3971
2000,8,REG,KC,LA,1512.1457,1610.3207,42.2,0.4201,1,1523.743,1598.7234
2000,8,REG,MIN,BUF,1577.7651,1527.0885,42.2,0.6306,1,1585.1538,1519.6998
2000,8,REG,PHI,CHI,1487.4957,1439.2884,42.2,0.6272,1,1494.9508,1431.8333
2000,8,REG,LV,SEA,1540.5727,1474.4256,42.2,0.6511,1,1547.5515,1467.4468
2000,8,REG,PIT,CLE,1483.5213,1420.4662,42.2,0.647,1,1490.5812,1413.4063
2000,8,REG,JAX,WAS,1520.2661,1548.8517,42.2,0.5196,0,1509.8744,1559.2434
2000,8,REG,NYJ,MIA,1547.4406,1546.1107,42.2,0.5623,1,1556.1942,1537.3571
2000,9,REG,ATL,CAR,1439.6272,1485.8486,42.2,0.4942,1,1449.7429,1475.7329
2000,9,REG,BAL,PIT,1523.9015,1490.5812,42.2,0.607,0,1511.7614,1502.7213
2000,9,REG,BUF,NYJ,1519.6998,1556.1942,42.2,0.5082,1,1529.5356,1546.3584
2000,9,REG,CLE,CIN,1413.4063,1424.6155,42.2,0.5445,0,1402.5167,1435.5051
2000,9,REG,IND,DET,1570.6283,1520.8047,42.2,0.6294,1,1578.0399,1513.3931
2000,9,REG,MIA,GB,1537.3571,1487.8945,42.2,0.6289,1,1544.7784,1480.4732
2000,9,REG,TB,MIN,1522.8554,1585.1538,42.2,0.4711,1,1533.4332,1574.576
2000,9,REG,ARI,NO,1447.3971,1464.6534,42.2,0.5358,0,1436.6804,1475.3701
2000,9,REG,NYG,PHI,1518.1757,1494.9508,42.2,0.5931,1,1526.3146,1486.8119
2000,9,REG,SF,LA,1426.5578,1598.7234,42.2,0.3212,0,1420.1333,1605.1479
2000,9,REG,DAL,JAX,1481.9494,1509.8744,42.2,0.5205,0,1471.5388,1520.285
2000,9,REG,SEA,KC,1467.4468,1523.743,42.2,0.4797,0,1457.8523,1533.3375
2000,9,REG,LAC,LV,1439.3298,1547.5515,42.2,0.4061,0,1431.2075,1555.6738
2000,9,REG,WAS,TEN,1559.2434,1607.1131,42.2,0.4918,0,1549.4066,1616.9499
2000,10,REG,ATL,TB,1449.7429,1533.4332,42.2,0.4406,0,1440.9314,1542.2447
2000,10,REG,CHI,IND,1431.8333,1578.0399,42.2,0.3546,1,1444.7405,1565.1327
2000,10,REG,CIN,BAL,1435.5051,1511.7614,42.2,0.4511,0,1426.4822,1520.7843
2000,10,REG,CLE,NYG,1402.5167,1526.3146,42.2,0.3847,0,1394.823,1534.0083
2000,10,REG,DET,MIA,1513.3931,1544.7784,42.2,0.5156,0,1503.0819,1555.0896
2000,10,REG,NE,BUF,1470.7202,1529.5356,42.2,0.4761,0,1461.1981,1539.0577
2000,10,REG,NO,SF,1475.3701,1420.1333,42.2,0.6367,1,1482.6369,1412.8665
2000,10,REG,PHI,DAL,1486.8119,1471.5388,42.2,0.582,1,1495.1726,1463.1781
2000,10,REG,TEN,PIT,1616.9499,1502.7213,42.2,0.711,1,1622.729,1496.9422
2000,10,REG,ARI,WAS,1436.6804,1549.4066,42.2,0.3999,1,1448.6829,1537.4041
2000,10,REG,NYJ,DEN,1546.3584,1483.3187,42.2,0.647,0,1533.4187,1496.2584
2000,10,REG,LV,KC,1555.6738,1533.3375,42.2,0.5918,1,1563.8374,1525.1739
2000,10,REG,SEA,LAC,1457.8523,1431.2075,42.2,0.5978,1,1465.8963,1423.1635
2000,10,REG,LA,CAR,1605.1479,1475.7329,42.2,0.7287,0,1590.5745,1490.3063
2000,10,REG,GB,MIN,1480.4732,1574.576,42.2,0.4259,1,1491.9561,1563.0931
2000,11,REG,BUF,CHI,1539.0577,1444.7405,42.2,0.6869,1,1545.3189,1438.4793
2000,11,REG,CAR,NO,1490.3063,1482.6369,42.2,0.5713,0,1478.8807,1494.0625
2000,11,REG,DAL,CIN,1463.1781,1426.4822,42.2,0.6116,1,1470.9455,1418.7148
2000,11,REG,DET,ATL,1503.0819,1440.9314,42.2,0.6458,1,1510.1656,1433.8477
2000,11,REG,JAX,SEA,1520.285,1465.8963,42.2,0.6355,0,1507.5744,1478.6069
2000,11,REG,MIN,ARI,1563.0931,1448.6829,42.2,0.7113,1,1568.8679,1442.9081
2000,11,REG,PIT,PHI,1496.9422,1495.1726,42.2,0.5629,0,1485.6834,1506.4314
2000,11,REG,TEN,BAL,1622.729,1520.7843,42.2,0.6963,0,1608.8029,1534.7104
2000,11,REG,CLE,NE,1394.823,1461.1981,42.2,0.4653,1,1405.5177,1450.5034
2000,11,REG,LAC,MIA,1423.1635,1555.0896,42.2,0.3737,0,1415.6901,1562.563
2000,11,REG,SF,KC,1412.8665,1525.1739,42.2,0.4005,1,1424.8574,1513.183
2000,11,REG,NYG,LA,1534.0083,1590.5745,42.2,0.4793,0,1524.4216,1600.1612
2000,11,REG,TB,GB,1542.2447,1491.9561,42.2,0.63,1,1549.6438,1484.557
2000,11,REG,IND,NYJ,1565.1327,1533.4187,42.2,0.6048,1,1573.0368,1525.5146
2000,11,REG,DEN,LV,1496.2584,1563.8374,42.2,0.4635,1,1506.9876,1553.1082
2000,12,REG,CHI,TB,1438.4793,1549.6438,42.2,0.402,1,1450.4386,1537.6845
2000,12,REG,GB,IND,1484.557,1573.0368,42.2,0.4338,1,1495.8812,1561.7126
2000,12,REG,KC,BUF,1513.183,1545.3189,42.2,0.5145,0,1502.8934,1555.6085
2000,12,REG,MIN,CAR,1568.8679,1478.8807,42.2,0.6816,1,1575.2368,1472.5118
2000,12,REG,NE,CIN,1450.5034,1418.7148,42.2,0.6049,1,1458.4055,1410.8127
2000,12,REG,NO,LV,1494.0625,1553.1082,42.2,0.4758,0,1484.547,1562.6237
2000,12,REG,NYG,DET,1524.4216,1510.1656,42.2,0.5805,0,1512.8108,1521.7764
2000,12,REG,PHI,ARI,1506.4314,1442.9081,42.2,0.6476,1,1513.479,1435.8605
2000,12,REG,TEN,CLE,1608.8029,1405.5177,42.2,0.8043,1,1612.7177,1401.6029
2000,12,REG,DEN,LAC,1506.9876,1415.6901,42.2,0.6832,1,1513.3238,1409.3539
2000,12,REG,MIA,NYJ,1562.563,1525.5146,42.2,0.6121,0,1550.3208,1537.7568
2000,12,REG,BAL,DAL,1534.7104,1470.9455,42.2,0.6479,1,1541.7517,1463.9042
2000,12,REG,SF,ATL,1424.8574,1433.8477,42.2,0.5476,1,1433.9044,1424.8007
2000,12,REG,PIT,JAX,1485.6834,1507.5744,42.2,0.5292,0,1475.0995,1518.1583
2000,12,REG,LA,WAS,1600.1612,1537.4041,42.2,0.6466,0,1587.229,1550.3363
2000,13,REG,DET,NE,1521.7764,1458.4055,42.2,0.6474,1,1528.828,1451.3539
2000,13,REG,DAL,MIN,1463.9042,1575.2368,42.2,0.4018,0,1455.8681,1583.2729
2000,13,REG,BAL,CLE,1541.7517,1401.6029,42.2,0.7407,1,1546.9374,1396.4172
2000,13,REG,CIN,PIT,1410.8127,1475.0995,42.2,0.4683,0,1401.4476,1484.4646
2000,13,REG,NYJ,CHI,1537.7568,1450.4386,42.2,0.6782,1,1544.1926,1444.0028
2000,13,REG,LA,NO,1587.229,1484.547,42.2,0.6972,0,1573.285,1498.491
2000,13,REG,TB,BUF,1537.6845,1555.6085,42.2,0.5349,1,1546.9869,1546.3061
2000,13,REG,WAS,PHI,1550.3363,1513.479,42.2,0.6118,0,1538.0993,1525.716
2000,13,REG,LV,ATL,1562.6237,1424.8007,42.2,0.7381,1,1567.861,1419.5634
2000,13,REG,IND,MIA,1561.7126,1550.3208,42.2,0.5765,0,1550.1822,1561.8512
2000,13,REG,JAX,TEN,1518.1583,1612.7177,42.2,0.4252,1,1529.654,1601.222
2000,13,REG,LAC,KC,1409.3539,1502.8934,42.2,0.4266,1,1420.8209,1491.4264
2000,13,REG,SEA,DEN,1478.6069,1513.3238,42.2,0.5108,0,1468.3916,1523.5391
2000,13,REG,ARI,NYG,1435.8605,1512.8108,42.2,0.4502,0,1426.8574,1521.8139
2000,13,REG,CAR,GB,1472.5118,1495.8812,42.2,0.5271,1,1481.9703,1486.4227
2000,14,REG,MIN,DET,1583.2729,1528.828,42.2,0.6356,1,1590.5608,1521.5401
2000,14,REG,ATL,SEA,1419.5634,1468.3916,42.2,0.4905,0,1409.7542,1478.2008
2000,14,REG,BUF,MIA,1546.3061,1561.8512,42.2,0.5383,0,1535.5404,1572.6169
2000,14,REG,CAR,LA,1481.9703,1573.285,42.2,0.4298,1,1493.3746,1561.8807
2000,14,REG,CIN,ARI,1401.4476,1426.8574,42.2,0.5241,1,1410.9647,1417.3403
2000,14,REG,NO,DEN,1498.491,1523.5391,42.2,0.5247,0,1487.9977,1534.0324
2000,14,REG,PHI,TEN,1525.716,1601.222,42.2,0.4522,0,1516.6717,1610.2663
2000,14,REG,PIT,LV,1484.4646,1567.861,42.2,0.441,1,1495.6448,1556.6808
2000,14,REG,TB,DAL,1546.9869,1455.8681,42.2,0.683,1,1553.3275,1449.5275
2000,14,REG,WAS,NYG,1538.0993,1521.8139,42.2,0.5834,0,1526.4317,1533.4815
2000,14,REG,LAC,SF,1420.8209,1433.9044,42.2,0.5418,0,1409.9848,1444.7405
2000,14,REG,JAX,CLE,1529.654,1396.4172,42.2,0.733,1,1534.994,1391.0772
2000,14,REG,NYJ,IND,1544.1926,1550.1822,42.2,0.5519,1,1553.1541,1541.2207
2000,14,REG,CHI,GB,1444.0028,1486.4227,42.2,0.4997,0,1434.0091,1496.4164
2000,14,REG,NE,KC,1451.3539,1491.4264,42.2,0.5031,1,1461.2927,1481.4876
2000,15,REG,BAL,LAC,1546.9374,1409.9848,42.2,0.7372,1,1552.1941,1404.7281
2000,15,REG,CHI,NE,1434.0091,1461.2927,42.2,0.5215,1,1443.58,1451.7218
2000,15,REG,CLE,PHI,1391.0772,1516.6717,42.2,0.3822,0,1383.4324,1524.3165
2000,15,REG,GB,DET,1496.4164,1521.5401,42.2,0.5246,1,1505.9253,1512.0312
2000,15,REG,JAX,ARI,1534.994,1417.3403,42.2,0.7151,1,1540.6924,1411.6419
2000,15,REG,KC,CAR,1481.4876,1493.3746,42.2,0.5435,1,1490.6173,1484.2449
2000,15,REG,MIA,TB,1572.6169,1553.3275,42.2,0.5876,0,1560.8653,1565.0791
2000,15,REG,NYG,PIT,1533.4815,1495.6448,42.2,0.6132,1,1541.2178,1487.9085
2000,15,REG,TEN,CIN,1610.2663,1410.9647,42.2,0.8006,1,1614.2538,1406.9772
2000,15,REG,DEN,SEA,1534.0324,1478.2008,42.2,0.6375,1,1541.2834,1470.9498
2000,15,REG,DAL,WAS,1449.5275,1526.4317,42.2,0.4502,1,1460.5231,1515.4361
2000,15,REG,SF,NO,1444.7405,1487.9977,42.2,0.4985,0,1434.7709,1497.9673
2000,15,REG,LA,MIN,1561.8807,1590.5608,42.2,0.5194,1,1571.4918,1580.9497
2000,15,REG,LV,NYJ,1556.6808,1553.1541,42.2,0.5654,1,1565.3722,1544.4627
2000,15,REG,IND,BUF,1541.2207,1535.5404,42.2,0.5685,1,1549.8513,1526.9098
2000,16,REG,PIT,WAS,1487.9085,1515.4361,42.2,0.5211,1,1497.4864,1505.8582
2000,16,REG,SEA,LV,1470.9498,1565.3722,42.2,0.4254,1,1482.4417,1553.8803
2000,16,REG,BUF,NE,1526.9098,1451.7218,42.2,0.6628,0,1513.6541,1464.9775
2000,16,REG,CAR,LAC,1484.2449,1404.7281,42.2,0.6683,1,1490.8782,1398.0948
2000,16,REG,CIN,JAX,1406.9772,1540.6924,42.2,0.3713,1,1419.5519,1528.1177
2000,16,REG,CLE,TEN,1383.4324,1614.2538,42.2,0.2524,0,1378.3842,1619.302
2000,16,REG,KC,DEN,1490.6173,1541.2834,42.2,0.4878,1,1500.8609,1531.0398
2000,16,REG,MIN,GB,1580.9497,1505.9253,42.2,0.6626,0,1567.6982,1519.1768
2000,16,REG,NO,ATL,1497.9673,1409.7542,42.2,0.6793,1,1504.3806,1403.3409
2000,16,REG,NYJ,DET,1544.4627,1512.0312,42.2,0.6058,0,1532.3471,1524.1468
2000,16,REG,SF,CHI,1434.7709,1443.58,42.2,0.5479,1,1443.8128,1434.5381
2000,16,REG,ARI,BAL,1411.6419,1552.1941,42.2,0.3621,0,1404.3994,1559.4366
2000,16,REG,MIA,IND,1560.8653,1549.8513,42.2,0.576,0,1549.3455,1561.3711
2000,16,REG,DAL,NYG,1460.5231,1541.2178,42.2,0.4448,0,1451.6266,1550.1143
2000,16,REG,TB,LA,1565.0791,1571.4918,42.2,0.5513,1,1574.0527,1562.5182
2000,17,REG,NYG,JAX,1550.1143,1528.1177,42.2,0.5913,1,1558.2873,1519.9447
2000,17,REG,DEN,SF,1531.0398,1443.8128,42.2,0.6781,1,1537.4779,1437.3747
2000,17,REG,SEA,BUF,1482.4417,1513.6541,42.2,0.5158,0,1472.1256,1523.9702
2000,17,REG,ATL,KC,1403.3409,1500.8609,42.2,0.4211,1,1414.9198,1489.282
2000,17,REG,BAL,NYJ,1559.4366,1532.3471,42.2,0.5984,1,1567.4683,1524.3154
2000,17,REG,DET,CHI,1524.1468,1434.5381,42.2,0.6811,0,1510.5251,1448.1598
2000,17,REG,GB,TB,1519.1768,1574.0527,42.2,0.4818,1,1529.5415,1563.688
2000,17,REG,NE,MIA,1464.9775,1549.3455,42.2,0.4396,0,1456.1853,1558.1377
2000,17,REG,NO,LA,1504.3806,1562.5182,42.2,0.4771,0,1494.839,1572.0598
2000,17,REG,PHI,CIN,1524.3165,1419.5519,42.2,0.6997,1,1530.322,1413.5464
2000,17,REG,WAS,ARI,1505.8582,1404.3994,42.2,0.6957,1,1511.9439,1398.3137
2000,17,REG,LAC,PIT,1398.0948,1497.4864,42.2,0.4184,0,1389.7262,1505.855
2000,17,REG,IND,MIN,1561.3711,1567.6982,42.2,0.5514,1,1570.3422,1558.7271
2000,17,REG,LV,CAR,1553.8803,1490.8782,42.2,0.6469,1,1560.9416,1483.8169
2000,17,REG,TEN,DAL,1619.302,1451.6266,42.2,0.77,1,1623.9026,1447.026
2000,18,WC,MIA,IND,1558.1377,1570.3422,42.2,0.5431,1,1569.1043,1559.3756
2000,18,WC,NO,LA,1494.839,1572.0598,42.2,0.4498,1,1508.0445,1558.8543
2000,18,WC,BAL,DEN,1567.4683,1537.4779,42.2,0.6024,1,1577.0102,1527.936
2000,18,WC,PHI,TB,1530.322,1563.688,42.2,0.5127,1,1542.017,1551.993
2000,19,DIV,MIN,NO,1558.7271,1508.0445,42.2,0.6306,1,1567.5934,1499.1782
2000,19,DIV,LV,MIA,1560.9416,1569.1043,42.2,0.5488,1,1571.7697,1558.2762
2000,19,DIV,TEN,BAL,1623.9026,1577.0102,42.2,0.6255,0,1608.8912,1592.0216
2000,19,DIV,NYG,PHI,1558.2873,1542.017,42.2,0.5834,1,1568.2867,1532.0176
2000,20,CON,NYG,MIN,1568.2867,1567.5934,42.2,0.5614,1,1578.8127,1557.0674
2000,20,CON,LV,BAL,1571.7697,1592.0216,42.2,0.5315,0,1559.0126,1604.7787
2000,21,SB,NYG,BAL,1578.8127,1604.7787,0.0,0.4627,0,1567.7079,1615.8835
2001,1,REG,BAL,CHI,1579.2919,1466.9171,42.2,0.7088,1,1585.1149,1461.0941
2001,1,REG,BUF,NO,1517.71,1501.0994,42.2,0.5838,0,1506.0333,1512.7761
2001,1,REG,CIN,NE,1443.7261,1472.2942,42.2,0.5196,1,1453.3339,1462.6864
2001,1,REG,CLE,SEA,1420.1674,1482.9742,42.2,0.4704,0,1410.7598,1492.3818
2001,1,REG,DAL,TB,1466.1574,1536.4853,42.2,0.4596,0,1456.9652,1545.6775
2001,1,REG,GB,DET,1521.4428,1508.7018,42.2,0.5784,1,1529.8745,1500.2701
2001,1,REG,JAX,PIT,1515.0129,1505.5728,42.2,0.5738,1,1523.5374,1497.0483
2001,1,REG,KC,LV,1494.4689,1541.1884,42.2,0.4935,0,1484.599,1551.0583
2001,1,REG,MIN,CAR,1539.8852,1490.8073,42.2,0.6284,0,1527.3168,1503.3757
2001,1,REG,NYJ,IND,1517.9413,1541.4317,42.2,0.5269,0,1507.4033,1551.9697
2001,1,REG,PHI,LA,1523.1018,1541.0824,42.2,0.5348,0,1512.4058,1551.7784
2001,1,REG,LAC,WAS,1427.7666,1509.6524,42.2,0.4431,1,1438.9039,1498.5151
2001,1,REG,SF,ATL,1459.691,1444.6463,42.2,0.5816,1,1468.0581,1436.2792
2001,1,REG,TEN,MIA,1574.6071,1540.6951,42.2,0.6078,0,1562.4508,1552.8514
2001,1,REG,DEN,NYG,1520.3671,1547.0143,42.2,0.5224,1,1529.9198,1537.4616
2001,2,REG,ATL,CAR,1436.2792,1503.3757,42.2,0.4642,1,1446.9946,1492.6603
2001,2,REG,CHI,MIN,1461.0941,1527.3168,42.2,0.4655,1,1471.7844,1516.6265
2001,2,REG,CIN,BAL,1453.3339,1585.1149,42.2,0.3739,1,1465.8566,1572.5922
2001,2,REG,CLE,DET,1410.7598,1500.2701,42.2,0.4323,1,1422.1131,1488.9168
2001,2,REG,DAL,LAC,1456.9652,1438.9039,42.2,0.5859,0,1445.2479,1450.6212
2001,2,REG,IND,BUF,1551.9697,1506.0333,42.2,0.6242,1,1559.486,1498.517
2001,2,REG,JAX,TEN,1523.5374,1562.4508,42.2,0.5047,1,1533.4428,1552.5454
2001,2,REG,KC,NYG,1484.599,1537.4616,42.2,0.4847,0,1474.9058,1547.1548
2001,2,REG,MIA,LV,1552.8514,1551.0583,42.2,0.563,1,1561.5919,1542.3178
2001,2,REG,NE,NYJ,1462.6864,1507.4033,42.2,0.4964,0,1452.7588,1517.3309
2001,2,REG,SEA,PHI,1492.3818,1512.4058,42.2,0.5319,0,1481.7444,1523.0432
2001,2,REG,SF,LA,1468.0581,1551.7784,42.2,0.4405,0,1459.2475,1560.589
2001,2,REG,ARI,DEN,1433.5202,1529.9198,42.2,0.4226,0,1425.0677,1538.3723
2001,2,REG,GB,WAS,1529.8745,1498.5151,42.2,0.6043,1,1537.7884,1490.6012
2001,3,REG,BUF,PIT,1498.517,1497.0483,42.2,0.5625,0,1487.2667,1508.2986
2001,3,REG,CAR,GB,1492.6603,1537.7884,42.2,0.4958,0,1482.7446,1547.7041
2001,3,REG,MIN,TB,1516.6265,1545.6775,42.2,0.5189,1,1526.2482,1536.0558
2001,3,REG,NE,IND,1452.7588,1559.486,42.2,0.4082,1,1464.595,1547.6498
2001,3,REG,NYG,NO,1547.1548,1512.7761,42.2,0.6085,1,1554.9857,1504.9452
2001,3,REG,LA,MIA,1560.589,1561.5919,42.2,0.559,1,1569.4088,1552.7721
2001,3,REG,WAS,KC,1490.6012,1474.9058,42.2,0.5826,0,1478.9501,1486.5569
2001,3,REG,ARI,ATL,1425.0677,1446.9946,42.2,0.5291,0,1414.4849,1457.5774
2001,3,REG,DEN,BAL,1538.3723,1572.5922,42.2,0.5115,0,1528.1427,1582.8218
2001,3,REG,JAX,CLE,1533.4428,1422.1131,42.2,0.7076,0,1519.2907,1436.2652
2001,3,REG,LV,SEA,1542.3178,1481.7444,42.2,0.6437,1,1549.4431,1474.6191
2001,3,REG,LAC,CIN,1450.6212,1465.8566,42.2,0.5387,1,1459.8467,1456.6311
2001,3,REG,PHI,DAL,1523.0432,1445.2479,42.2,0.6661,1,1529.7205,1438.5706
2001,3,REG,NYJ,SF,1517.3309,1459.2475,42.2,0.6404,0,1504.5221,1472.0563
2001,4,REG,ATL,CHI,1457.5774,1471.7844,42.2,0.5402,0,1446.7734,1482.5884
2001,4,REG,BAL,TEN,1582.8218,1552.5454,42.2,0.6028,1,1590.7655,1544.6017
2001,4,REG,CLE,LAC,1436.2652,1459.8467,42.2,0.5268,1,1445.7298,1450.3821
2001,4,REG,MIA,NE,1552.7721,1464.595,42.2,0.6793,1,1559.1863,1458.1808
2001,4,REG,NO,MIN,1504.9452,1526.2482,42.2,0.53,1,1514.3445,1516.8489
2001,4,REG,NYG,WAS,1554.9857,1478.9501,42.2,0.6639,1,1561.7082,1472.2276
2001,4,REG,PHI,ARI,1529.7205,1414.4849,42.2,0.7122,0,1515.4758,1428.7296
2001,4,REG,PIT,CIN,1508.2986,1456.6311,42.2,0.6319,1,1515.6607,1449.269
2001,4,REG,BUF,NYJ,1487.2667,1504.5221,42.2,0.5358,0,1476.55,1515.2388
2001,4,REG,DEN,KC,1528.1427,1486.5569,42.2,0.6183,1,1535.7768,1478.9228
2001,4,REG,SEA,JAX,1474.6191,1519.2907,42.2,0.4964,1,1484.6902,1509.2196
2001,4,REG,LV,DAL,1549.4431,1438.5706,42.2,0.7071,1,1555.3019,1432.7118
2001,4,REG,TB,GB,1536.0558,1547.7041,42.2,0.5439,1,1545.1787,1538.5812
2001,4,REG,SF,CAR,1472.0563,1482.7446,42.2,0.5452,1,1481.1518,1473.6491
2001,4,REG,DET,LA,1488.9168,1569.4088,42.2,0.4451,0,1480.0145,1578.3111
2001,5,REG,ATL,SF,1446.7734,1481.1518,42.2,0.5113,0,1436.5483,1491.3769
2001,5,REG,CAR,NO,1473.6491,1514.3445,42.2,0.5022,0,1463.6058,1524.3878
2001,5,REG,CHI,ARI,1482.5884,1428.7296,42.2,0.6348,1,1489.892,1421.426
2001,5,REG,CIN,CLE,1449.269,1445.7298,42.2,0.5654,1,1457.9601,1437.0387
2001,5,REG,GB,BAL,1538.5812,1590.7655,42.2,0.4856,1,1548.8685,1580.4782
2001,5,REG,KC,PIT,1478.9228,1515.6607,42.2,0.5079,0,1468.7656,1525.8179
2001,5,REG,MIN,DET,1516.8489,1480.0145,42.2,0.6118,1,1524.6125,1472.2509
2001,5,REG,NE,LAC,1458.1808,1450.3821,42.2,0.5715,1,1466.7516,1441.8113
2001,5,REG,LA,NYG,1578.3111,1561.7082,42.2,0.5838,1,1586.6346,1553.3847
2001,5,REG,TEN,TB,1544.6017,1545.1787,42.2,0.5596,1,1553.4094,1536.371
2001,5,REG,NYJ,MIA,1515.2388,1559.1863,42.2,0.4975,1,1525.2891,1549.136
2001,5,REG,SEA,DEN,1484.6902,1535.7768,42.2,0.4872,1,1494.9459,1525.5211
2001,5,REG,IND,LV,1547.6498,1555.3019,42.2,0.5496,0,1536.6587,1566.293
2001,5,REG,DAL,WAS,1432.7118,1472.2276,42.2,0.5039,1,1442.6345,1462.3049
2001,6,REG,JAX,BUF,1509.2196,1476.55,42.2,0.6061,0,1497.0974,1488.6722
2001,6,REG,CIN,CHI,1457.9601,1489.892,42.2,0.5148,0,1447.6646,1500.1875
2001,6,REG,CLE,BAL,1437.0387,1580.4782,42.2,0.3583,1,1449.8728,1567.6441
2001,6,REG,DET,TEN,1472.2509,1553.4094,42.2,0.4442,0,1463.3675,1562.2928
2001,6,REG,IND,NE,1536.6587,1466.7516,42.2,0.656,0,1523.5395,1479.8708
2001,6,REG,NO,ATL,1524.3878,1436.5483,42.2,0.6789,0,1510.8105,1450.1256
2001,6,REG,NYJ,LA,1525.2891,1586.6346,42.2,0.4725,0,1515.8396,1596.0841
2001,6,REG,TB,PIT,1536.371,1525.8179,42.2,0.5753,0,1524.8642,1537.3247
2001,6,REG,WAS,CAR,1462.3049,1463.6058,42.2,0.5586,1,1471.1331,1454.7776
2001,6,REG,ARI,KC,1421.426,1468.7656,42.2,0.4926,1,1431.5739,1458.6177
2001,6,REG,LAC,DEN,1441.8113,1525.5211,42.2,0.4405,1,1453.0004,1514.332
2001,6,REG,MIN,GB,1524.6125,1548.8685,42.2,0.5258,1,1534.0965,1539.3845
2001,6,REG,NYG,PHI,1553.3847,1515.4758,42.2,0.6133,0,1541.119,1527.7415
2001,7,REG,KC,IND,1458.6177,1523.5395,42.2,0.4673,0,1449.2708,1532.8864
2001,7,REG,BAL,JAX,1567.6441,1497.0974,42.2,0.6568,1,1574.5083,1490.2332
2001,7,REG,CAR,NYJ,1454.7776,1515.8396,42.2,0.4729,0,1445.32,1525.2972
2001,7,REG,CHI,SF,1500.1875,1491.3769,42.2,0.5729,1,1508.7298,1482.8346
2001,7,REG,DET,CIN,1463.3675,1447.6646,42.2,0.5826,0,1451.7162,1459.3159
2001,7,REG,LA,NO,1596.0841,1510.8105,42.2,0.6756,0,1582.5713,1524.3233
2001,7,REG,TB,MIN,1524.8642,1534.0965,42.2,0.5473,1,1533.9182,1525.0425
2001,7,REG,DAL,ARI,1442.6345,1431.5739,42.2,0.5761,1,1451.1134,1423.095
2001,7,REG,WAS,NYG,1471.1331,1541.119,42.2,0.4601,1,1481.9311,1530.321
2001,7,REG,DEN,NE,1514.332,1479.8708,42.2,0.6086,1,1522.1606,1472.0422
2001,7,REG,PHI,LV,1527.7415,1566.293,42.2,0.5053,0,1517.6365,1576.398
2001,7,REG,LAC,BUF,1453.0004,1488.6722,42.2,0.5094,1,1462.8125,1478.8601
2001,7,REG,SEA,MIA,1494.9459,1549.136,42.2,0.4828,0,1485.2909,1558.791
2001,7,REG,PIT,TEN,1537.3247,1562.2928,42.2,0.5248,1,1546.8291,1552.7884
2001,8,REG,ATL,NE,1450.1256,1472.0422,42.2,0.5292,0,1439.5425,1482.6253
2001,8,REG,BUF,IND,1478.8601,1532.8864,42.2,0.483,0,1469.2004,1542.5461
2001,8,REG,GB,TB,1539.3845,1533.9182,42.2,0.5682,1,1548.0211,1525.2816
2001,8,REG,MIA,CAR,1558.791,1445.32,42.2,0.7102,1,1564.588,1439.523
2001,8,REG,NYG,DAL,1530.321,1451.1134,42.2,0.6679,1,1536.9622,1444.4722
2001,8,REG,PIT,BAL,1546.8291,1574.5083,42.2,0.5209,0,1536.4114,1584.926
2001,8,REG,TEN,JAX,1552.7884,1490.2332,42.2,0.6463,1,1559.8615,1483.1601
2001,8,REG,ARI,PHI,1423.095,1517.6365,42.2,0.4252,0,1414.5902,1526.1413
2001,8,REG,SF,DET,1482.8346,1451.7162,42.2,0.604,1,1490.7551,1443.7957
2001,8,REG,CHI,CLE,1508.7298,1449.8728,42.2,0.6415,1,1515.9005,1442.7021
2001,8,REG,LAC,KC,1462.8125,1449.2708,42.2,0.5795,0,1451.2218,1460.8615
2001,8,REG,WAS,SEA,1481.9311,1485.2909,42.2,0.5557,1,1490.8178,1476.4042
2001,8,REG,NO,NYJ,1524.3233,1525.2972,42.2,0.5591,0,1513.1423,1536.4782
2001,8,REG,LV,DEN,1576.398,1522.1606,42.2,0.6353,1,1583.6915,1514.8671
2001,9,REG,ATL,DAL,1439.5425,1444.4722,42.2,0.5534,1,1448.4739,1435.5408
2001,9,REG,CHI,GB,1515.9005,1548.0211,42.2,0.5145,0,1505.6105,1558.3111
2001,9,REG,CLE,PIT,1442.7021,1536.4114,42.2,0.4264,0,1434.1739,1544.9396
2001,9,REG,DET,TB,1443.7957,1525.2816,42.2,0.4437,0,1434.9216,1534.1557
2001,9,REG,IND,MIA,1542.5461,1564.588,42.2,0.529,0,1531.9666,1575.1675
2001,9,REG,JAX,CIN,1483.1601,1459.3159,42.2,0.5939,1,1491.2818,1451.1942
2001,9,REG,NE,BUF,1482.6253,1469.2004,42.2,0.5794,1,1491.0378,1460.7879
2001,9,REG,NYJ,KC,1536.4782,1460.8615,42.2,0.6633,1,1543.2114,1454.1283
2001,9,REG,LA,CAR,1582.5713,1439.523,42.2,0.7439,1,1587.6932,1434.4011
2001,9,REG,DEN,LAC,1514.8671,1451.2218,42.2,0.6478,1,1521.9115,1444.1774
2001,9,REG,ARI,NYG,1414.5902,1536.9622,42.2,0.3866,0,1406.8576,1544.6948
2001,9,REG,PHI,MIN,1526.1413,1525.0425,42.2,0.562,1,1534.9015,1516.2823
2001,9,REG,SF,NO,1490.7551,1513.1423,42.2,0.5285,1,1500.1855,1503.7119
2001,9,REG,SEA,LV,1476.4042,1583.6915,42.2,0.4074,1,1488.256,1571.8397
2001,9,REG,TEN,BAL,1559.8615,1584.926,42.2,0.5246,0,1549.3687,1595.4188
2001,10,REG,BAL,CLE,1595.4188,1434.1739,42.2,0.7633,0,1580.1518,1449.4409
2001,10,REG,BUF,SEA,1460.7879,1488.256,42.2,0.5212,0,1450.3641,1498.6798
2001,10,REG,CAR,SF,1434.4011,1500.1855,42.2,0.4661,0,1425.0789,1509.5077
2001,10,REG,CIN,TEN,1451.1942,1549.3687,42.2,0.4201,0,1442.7915,1557.7714
2001,10,REG,DAL,PHI,1435.5408,1534.9015,42.2,0.4185,0,1427.1713,1543.271
2001,10,REG,GB,ATL,1558.3111,1448.4739,42.2,0.7058,0,1544.1946,1462.5904
2001,10,REG,MIA,NYJ,1575.1675,1543.2114,42.2,0.6051,0,1563.0649,1555.314
2001,10,REG,NO,IND,1503.7119,1531.9666,42.2,0.5201,1,1513.3107,1522.3678
2001,10,REG,LV,LAC,1571.8397,1444.1774,42.2,0.7267,1,1577.3062,1438.7109
2001,10,REG,PIT,JAX,1544.9396,1491.2818,42.2,0.6346,1,1552.2485,1483.9729
2001,10,REG,ARI,DET,1406.8576,1434.9216,42.2,0.5203,1,1416.451,1425.3282
2001,10,REG,DEN,WAS,1521.9115,1490.8178,42.2,0.6039,0,1509.8327,1502.8966
2001,10,REG,TB,CHI,1534.1557,1505.6105,42.2,0.6004,0,1522.1472,1517.619
2001,10,REG,NE,LA,1491.0378,1587.6932,42.2,0.4223,0,1482.5924,1596.1386
2001,10,REG,MIN,NYG,1516.2823,1544.6948,42.2,0.5198,1,1525.8857,1535.0914
2001,11,REG,DET,GB,1425.3282,1544.1946,42.2,0.3914,0,1417.4997,1552.0231
2001,11,REG,DAL,DEN,1427.1713,1509.8327,42.2,0.442,0,1418.3306,1518.6734
2001,11,REG,BUF,MIA,1450.3641,1563.0649,42.2,0.3999,0,1442.3659,1571.0631
2001,11,REG,CAR,ATL,1425.0789,1462.5904,42.2,0.5067,0,1414.944,1472.7253
2001,11,REG,CLE,CIN,1449.4409,1442.7915,42.2,0.5698,1,1458.0441,1434.1883
2001,11,REG,IND,SF,1522.3678,1509.5077,42.2,0.5786,0,1510.7962,1521.0793
2001,11,REG,JAX,BAL,1483.9729,1580.1518,42.2,0.4229,0,1475.5142,1588.6105
2001,11,REG,KC,SEA,1454.1283,1498.6798,42.2,0.4966,1,1464.196,1488.6121
2001,11,REG,PHI,WAS,1543.271,1502.8966,42.2,0.6166,0,1530.9381,1515.2295
2001,11,REG,TEN,PIT,1557.7714,1552.2485,42.2,0.5683,0,1546.4064,1563.6135
2001,11,REG,NE,NO,1482.5924,1513.3107,42.2,0.5165,1,1492.2621,1503.641
2001,11,REG,LAC,ARI,1438.7109,1416.451,42.2,0.5917,0,1426.8766,1428.2853
2001,11,REG,NYG,LV,1535.0914,1577.3062,42.2,0.5,0,1525.0918,1587.3058
2001,11,REG,MIN,CHI,1525.8857,1517.619,42.2,0.5721,0,1514.4433,1529.0614
2001,11,REG,LA,TB,1596.1386,1522.1472,42.2,0.6612,0,1582.9137,1535.3721
2001,12,REG,KC,PHI,1464.196,1530.9381,42.2,0.4647,0,1454.9012,1540.2329
2001,12,REG,BAL,IND,1588.6105,1510.7962,42.2,0.6662,1,1595.2873,1504.1194
2001,12,REG,CHI,DET,1529.0614,1417.4997,42.2,0.7079,1,1534.9037,1411.6574
2001,12,REG,CIN,TB,1434.1883,1535.3721,42.2,0.4159,0,1425.8699,1543.6905
2001,12,REG,CLE,TEN,1458.0441,1546.4064,42.2,0.434,0,1449.365,1555.0855
2001,12,REG,MIA,DEN,1571.0631,1518.6734,42.2,0.6329,1,1578.4059,1511.3306
2001,12,REG,NO,CAR,1503.641,1414.944,42.2,0.6799,1,1510.0422,1408.5428
2001,12,REG,NYJ,NE,1555.314,1492.2621,42.2,0.647,0,1542.374,1505.2021
2001,12,REG,PIT,MIN,1563.6135,1514.4433,42.2,0.6285,1,1571.0427,1507.0141
2001,12,REG,SEA,LAC,1488.6121,1426.8766,42.2,0.6453,1,1495.7068,1419.7819
2001,12,REG,ATL,LA,1472.7253,1582.9137,42.2,0.4034,0,1464.6576,1590.9814
2001,12,REG,LV,ARI,1587.3058,1428.2853,42.2,0.761,0,1572.0853,1443.5058
2001,12,REG,WAS,DAL,1515.2295,1418.3306,42.2,0.6901,0,1501.4269,1432.1332
2001,12,REG,SF,BUF,1521.0793,1442.3659,42.2,0.6673,1,1527.7331,1435.7121
2001,12,REG,JAX,GB,1475.5142,1552.0231,42.2,0.4508,0,1466.4985,1561.0388
2001,13,REG,ATL,NO,1464.6576,1510.0422,42.2,0.4954,0,1454.7493,1519.9505
2001,13,REG,BUF,CAR,1435.7121,1408.5428,42.2,0.5985,1,1443.7416,1400.5133
2001,13,REG,CIN,JAX,1425.8699,1466.4985,42.2,0.5023,0,1415.8247,1476.5437
2001,13,REG,DAL,NYG,1432.1332,1525.0918,42.2,0.4275,1,1443.5838,1513.6412
2001,13,REG,GB,CHI,1561.0388,1534.9037,42.2,0.5971,1,1569.0969,1526.8456
2001,13,REG,MIN,TEN,1507.0141,1555.0855,42.2,0.4916,1,1517.1831,1544.9165
2001,13,REG,NE,CLE,1505.2021,1449.365,42.2,0.6375,1,1512.4529,1442.1142
2001,13,REG,PHI,LAC,1540.2329,1419.7819,42.2,0.7184,1,1545.8659,1414.1489
2001,13,REG,LA,SF,1590.9814,1527.7331,42.2,0.6473,1,1598.0362,1520.6783
2001,13,REG,TB,DET,1543.6905,1411.6574,42.2,0.7316,1,1549.0577,1406.2902
2001,13,REG,ARI,WAS,1443.5058,1501.4269,42.2,0.4774,0,1433.958,1510.9747
2001,13,REG,LV,KC,1572.0853,1454.9012,42.2,0.7145,1,1577.7947,1449.1918
2001,13,REG,PIT,NYJ,1571.0427,1542.374,42.2,0.6006,1,1579.0308,1534.3859
2001,13,REG,DEN,SEA,1511.3306,1495.7068,42.2,0.5825,1,1519.6815,1487.3559
2001,13,REG,MIA,IND,1578.4059,1504.1194,42.2,0.6616,1,1585.1734,1497.3519
2001,14,REG,NYG,ARI,1513.6412,1433.958,42.2,0.6685,1,1520.2703,1427.3289
2001,14,REG,LAC,LV,1414.1489,1577.7947,42.2,0.332,0,1407.5087,1584.4349
2001,14,REG,BUF,NE,1443.7416,1512.4529,42.2,0.4619,0,1434.5032,1521.6913
2001,14,REG,CHI,TB,1526.8456,1549.0577,42.2,0.5287,1,1536.2709,1539.6324
2001,14,REG,CLE,JAX,1442.1142,1476.5437,42.2,0.5112,0,1431.8906,1486.7673
2001,14,REG,DET,MIN,1406.2902,1517.1831,42.2,0.4024,1,1418.242,1505.2313
2001,14,REG,IND,ATL,1497.3519,1454.7493,42.2,0.6197,1,1504.9584,1447.1428
2001,14,REG,KC,DEN,1449.1918,1519.6815,42.2,0.4594,1,1460.0042,1508.8691
2001,14,REG,NYJ,CIN,1534.3859,1415.8247,42.2,0.7161,1,1540.063,1410.1476
2001,14,REG,WAS,PHI,1510.9747,1545.8659,42.2,0.5105,0,1500.7644,1556.0762
2001,14,REG,SF,MIA,1520.6783,1585.1734,42.2,0.468,1,1531.3191,1574.5326
2001,14,REG,SEA,DAL,1487.3559,1443.5838,42.2,0.6213,1,1494.9307,1436.009
2001,14,REG,TEN,GB,1544.9165,1569.0969,42.2,0.5259,1,1554.3983,1559.6151
2001,14,REG,BAL,PIT,1595.2873,1579.0308,42.2,0.5833,0,1583.6205,1590.6976
2001,14,REG,NO,LA,1519.9505,1598.0362,42.2,0.4485,0,1510.9797,1607.007
2001,15,REG,LV,TEN,1584.4349,1554.3983,42.2,0.6025,0,1572.3852,1566.448
2001,15,REG,NE,MIA,1521.6913,1574.5326,42.2,0.4847,1,1531.9975,1564.2264
2001,15,REG,SF,PHI,1531.3191,1556.0762,42.2,0.5251,1,1540.8175,1546.5778
2001,15,REG,ATL,BUF,1447.1428,1434.5032,42.2,0.5783,1,1455.5774,1426.0686
2001,15,REG,BAL,CIN,1583.6205,1410.1476,42.2,0.7758,1,1588.104,1405.6641
2001,15,REG,CAR,LA,1400.5133,1607.007,42.2,0.2797,0,1394.9185,1612.6018
2001,15,REG,KC,LAC,1460.0042,1407.5087,42.2,0.633,1,1467.3442,1400.1687
2001,15,REG,MIN,JAX,1505.2313,1486.7673,42.2,0.5864,0,1493.5028,1498.4958
2001,15,REG,NYG,SEA,1520.2703,1494.9307,42.2,0.596,1,1528.3505,1486.8505
2001,15,REG,PIT,DET,1590.6976,1418.242,42.2,0.7748,1,1595.2015,1413.7381
2001,15,REG,TB,NO,1539.6324,1510.9797,42.2,0.6006,1,1547.6209,1502.9912
2001,15,REG,WAS,CHI,1500.7644,1536.2709,42.2,0.5096,0,1490.5718,1546.4635
2001,15,REG,ARI,DAL,1427.3289,1436.009,42.2,0.5481,1,1436.3671,1426.9708
2001,15,REG,GB,CLE,1559.6151,1431.8906,42.2,0.7267,1,1565.0802,1426.4255
2001,15,REG,IND,NYJ,1504.9584,1540.063,42.2,0.5102,0,1494.7542,1550.2672
2001,16,REG,TB,BAL,1547.6209,1588.104,42.2,0.5025,1,1557.5715,1578.1534
2001,16,REG,CAR,ARI,1394.9185,1436.3671,42.2,0.5011,0,1384.8969,1446.3887
2001,16,REG,CIN,PIT,1405.6641,1595.2015,42.2,0.2998,1,1419.6676,1581.198
2001,16,REG,DAL,SF,1426.9708,1540.8175,42.2,0.3983,1,1439.0042,1528.7841
2001,16,REG,DET,CHI,1413.7381,1546.4635,42.2,0.3726,0,1406.2862,1553.9154
2001,16,REG,GB,MIN,1565.0802,1493.5028,42.2,0.6581,1,1571.9177,1486.6653
2001,16,REG,JAX,KC,1498.4958,1467.3442,42.2,0.604,0,1486.4154,1479.4246
2001,16,REG,MIA,ATL,1564.2264,1455.5774,42.2,0.7044,1,1570.1383,1449.6655
2001,16,REG,NYJ,BUF,1550.2672,1426.0686,42.2,0.7227,0,1535.8133,1440.5225
2001,16,REG,LA,IND,1612.6018,1494.7542,42.2,0.7153,1,1618.2956,1489.0604
2001,16,REG,TEN,CLE,1566.448,1426.4255,42.2,0.7406,0,1551.6365,1441.237
2001,16,REG,PHI,NYG,1546.5778,1528.3505,42.2,0.5861,1,1554.8559,1520.0724
2001,16,REG,DEN,LV,1508.8691,1572.3852,42.2,0.4694,1,1519.4819,1561.7724
2001,16,REG,LAC,SEA,1400.1687,1486.8505,42.2,0.4363,0,1391.442,1495.5772
2001,16,REG,NO,WAS,1502.9912,1490.5718,42.2,0.578,0,1491.432,1502.131
2001,17,REG,IND,DEN,1489.0604,1519.4819,42.2,0.5169,1,1498.7215,1509.8208
2001,17,REG,CAR,NE,1384.8969,1531.9975,42.2,0.3535,0,1377.8277,1539.0667
2001,17,REG,CHI,JAX,1553.9154,1486.4154,42.2,0.6528,1,1560.8589,1479.4719
2001,17,REG,DET,DAL,1406.2862,1439.0042,42.2,0.5136,1,1416.0134,1429.277
2001,17,REG,NO,SF,1491.432,1528.7841,42.2,0.507,0,1481.2925,1538.9236
2001,17,REG,NYG,GB,1520.0724,1571.9177,42.2,0.4861,0,1510.3499,1581.6402
2001,17,REG,PIT,CLE,1581.198,1441.237,42.2,0.7405,1,1586.3879,1436.0471
2001,17,REG,TEN,CIN,1551.6365,1419.6676,42.2,0.7316,0,1537.0051,1434.299
2001,17,REG,WAS,ARI,1502.131,1446.3887,42.2,0.6373,1,1509.3844,1439.1353
2001,17,REG,LA,ATL,1618.2956,1449.6655,42.2,0.7709,1,1622.8768,1445.0843
2001,17,REG,MIA,BUF,1570.1383,1440.5225,42.2,0.7289,1,1575.5603,1435.1005
2001,17,REG,LV,NYJ,1561.7724,1535.8133,42.2,0.5968,0,1549.8354,1547.7503
2001,17,REG,SEA,KC,1495.5772,1479.4246,42.2,0.5832,1,1503.9133,1471.0885
2001,17,REG,TB,PHI,1557.5715,1554.8559,42.2,0.5643,0,1546.2859,1566.1415
2001,17,REG,BAL,MIN,1578.1534,1486.6653,42.2,0.6834,1,1584.4848,1480.3339
2001,18,WC,PHI,TB,1566.1415,1546.2859,42.2,0.5884,1,1576.0207,1536.4067
2001,18,WC,LV,NYJ,1549.8354,1547.7503,42.2,0.5634,1,1560.3141,1537.2716
2001,18,WC,GB,SF,1581.6402,1538.9236,42.2,0.6198,1,1590.7643,1529.7995
2001,18,WC,MIA,BAL,1575.5603,1584.4848,42.2,0.5477,0,1562.4145,1597.6306
2001,19,DIV,CHI,PHI,1560.8589,1576.0207,42.2,0.5388,0,1547.9269,1588.9527
2001,19,DIV,NE,LV,1539.0667,1560.3141,42.2,0.5301,1,1550.3439,1549.0369
2001,19,DIV,PIT,BAL,1586.3879,1597.6306,42.2,0.5444,1,1597.3215,1586.697
2001,19,DIV,LA,GB,1622.8768,1590.7643,42.2,0.6053,1,1632.3486,1581.2925
2001,20,CON,PIT,NE,1597.3215,1550.3439,42.2,0.6256,0,1582.3073,1565.3581
2001,20,CON,LA,PHI,1632.3486,1588.9527,42.2,0.6207,1,1641.4506,1579.8507
2001,21,SB,NE,LA,1565.3581,1641.4506,0.0,0.3922,1,1579.945,1626.8637
2002,1,REG,NYG,SF,1508.5844,1521.6157,42.2,0.5419,0,1497.7468,1532.4533
2002,1,REG,BUF,NYJ,1458.1673,1526.622,42.2,0.4623,0,1448.9215,1535.8678
2002,1,REG,CAR,BAL,1419.7946,1559.737,42.2,0.3629,1,1432.5359,1546.9957
2002,1,REG,CHI,MIN,1533.761,1488.4737,42.2,0.6233,1,1541.2948,1480.9399
2002,1,REG,CIN,LAC,1457.6303,1428.9161,42.2,0.6007,0,1445.6171,1440.9293
2002,1,REG,CLE,KC,1458.8016,1482.2793,42.2,0.5269,0,1448.2632,1492.8177
2002,1,REG,GB,ATL,1556.116,1464.8565,42.2,0.6831,1,1562.4531,1458.5194
2002,1,REG,JAX,IND,1487.8962,1500.7934,42.2,0.5421,0,1477.0548,1511.6348
2002,1,REG,MIA,DET,1543.4677,1445.379,42.2,0.6916,1,1549.6359,1439.2108
2002,1,REG,TEN,PHI,1526.4434,1555.15,42.2,0.5194,1,1536.0552,1545.5382
2002,1,REG,WAS,ARI,1507.9375,1460.8707,42.2,0.6257,1,1515.4233,1453.3849
2002,1,REG,DEN,LA,1508.2299,1586.6487,42.2,0.4481,1,1519.2686,1575.61
2002,1,REG,LV,SEA,1534.5047,1504.2719,42.2,0.6028,1,1542.4496,1496.327
2002,1,REG,TB,NO,1526.0425,1489.116,42.2,0.6119,0,1513.8036,1501.3549
2002,1,REG,HOU,DAL,1503.4962,1454.2656,42.2,0.6286,1,1510.9237,1446.8381
2002,1,REG,NE,PIT,1555.2132,1556.7959,42.2,0.5582,1,1564.0494,1547.9597
2002,2,REG,ATL,CHI,1458.5194,1541.2948,42.2,0.4419,0,1449.682,1550.1322
2002,2,REG,BAL,TB,1546.9957,1513.8036,42.2,0.6068,0,1534.8592,1525.9401
2002,2,REG,CAR,DET,1432.5359,1439.2108,42.2,0.5509,1,1441.517,1430.2297
2002,2,REG,CLE,CIN,1448.2632,1445.6171,42.2,0.5642,1,1456.9795,1436.9008
2002,2,REG,DAL,TEN,1446.8381,1536.0552,42.2,0.4327,1,1458.1832,1524.7101
2002,2,REG,IND,MIA,1511.6348,1549.6359,42.2,0.506,0,1501.514,1559.7567
2002,2,REG,KC,JAX,1492.8177,1477.0548,42.2,0.5826,0,1481.1647,1488.7078
2002,2,REG,NO,GB,1501.3549,1562.4531,42.2,0.4728,1,1511.8983,1551.9097
2002,2,REG,NYJ,NE,1535.8678,1564.0494,42.2,0.5202,0,1525.4645,1574.4527
2002,2,REG,SEA,ARI,1496.327,1453.3849,42.2,0.6201,0,1483.9243,1465.7876
2002,2,REG,LA,NYG,1575.61,1497.7468,42.2,0.6662,0,1562.2856,1511.0712
2002,2,REG,MIN,BUF,1480.9399,1448.9215,42.2,0.6052,0,1468.8356,1461.0258
2002,2,REG,LAC,HOU,1440.9293,1510.9237,42.2,0.4601,1,1451.7276,1500.1254
2002,2,REG,SF,DEN,1532.4533,1519.2686,42.2,0.579,0,1520.8726,1530.8493
2002,2,REG,PIT,LV,1547.9597,1542.4496,42.2,0.5682,0,1536.5951,1553.8142
2002,2,REG,WAS,PHI,1515.4233,1545.5382,42.2,0.5174,0,1505.0756,1555.8859
2002,3,REG,CHI,NO,1550.1322,1511.8983,42.2,0.6137,0,1537.8576,1524.1729
2002,3,REG,HOU,IND,1500.1254,1501.514,42.2,0.5585,0,1488.9561,1512.6833
2002,3,REG,MIA,NYJ,1559.7567,1525.4645,42.2,0.6083,1,1567.59,1517.6312
2002,3,REG,MIN,CAR,1468.8356,1441.517,42.2,0.5987,0,1456.861,1453.4916
2002,3,REG,NE,KC,1574.4527,1481.1647,42.2,0.6857,1,1580.7394,1474.878
2002,3,REG,PHI,DAL,1555.8859,1458.1832,42.2,0.6911,1,1562.0636,1452.0055
2002,3,REG,TEN,CLE,1524.7101,1456.9795,42.2,0.6531,0,1511.6476,1470.042
2002,3,REG,ARI,LAC,1465.7876,1451.7276,42.2,0.5803,0,1454.1823,1463.3329
2002,3,REG,DEN,BUF,1530.8493,1461.0258,42.2,0.6559,1,1537.7323,1454.1428
2002,3,REG,DET,GB,1430.2297,1551.9097,42.2,0.3876,0,1422.4782,1559.6612
2002,3,REG,NYG,SEA,1511.0712,1483.9243,42.2,0.5985,1,1519.1013,1475.8942
2002,3,REG,SF,WAS,1520.8726,1505.0756,42.2,0.5827,1,1529.2186,1496.7296
2002,3,REG,ATL,CIN,1449.682,1436.9008,42.2,0.5785,1,1458.1126,1428.4702
2002,3,REG,TB,LA,1525.9401,1562.2856,42.2,0.5084,1,1535.7716,1552.4541
2002,4,REG,BUF,CHI,1454.1428,1537.8576,42.2,0.4405,1,1465.332,1526.6684
2002,4,REG,DET,NO,1422.4782,1524.1729,42.2,0.4152,1,1434.1741,1512.477
2002,4,REG,GB,CAR,1559.6612,1453.4916,42.2,0.7014,1,1565.6327,1447.5201
2002,4,REG,JAX,NYJ,1488.7078,1517.6312,42.2,0.5191,1,1498.3259,1508.0131
2002,4,REG,KC,MIA,1474.878,1567.59,42.2,0.4278,1,1486.3217,1556.1463
2002,4,REG,PHI,HOU,1562.0636,1488.9561,42.2,0.6601,1,1568.8615,1482.1582
2002,4,REG,PIT,CLE,1536.5951,1470.042,42.2,0.6516,1,1543.5633,1463.0738
2002,4,REG,LA,DAL,1552.4541,1452.0055,42.2,0.6945,0,1538.5645,1465.8951
2002,4,REG,ARI,NYG,1454.1823,1519.1013,42.2,0.4674,1,1464.8353,1508.4483
2002,4,REG,CIN,TB,1428.4702,1535.7716,42.2,0.4074,0,1420.3223,1543.9195
2002,4,REG,LV,TEN,1553.8142,1511.6476,42.2,0.6191,1,1561.4326,1504.0292
2002,4,REG,LAC,NE,1463.3329,1580.7394,42.2,0.3934,1,1475.4643,1568.608
2002,4,REG,SEA,MIN,1475.8942,1456.861,42.2,0.5872,1,1484.1498,1448.6054
2002,4,REG,BAL,DEN,1534.8592,1537.7323,42.2,0.5564,1,1543.7321,1528.8594
2002,5,REG,ATL,TB,1458.1126,1543.9195,42.2,0.4376,0,1449.3612,1552.6709
2002,5,REG,BUF,LV,1465.332,1561.4326,42.2,0.423,0,1456.8711,1569.8935
2002,5,REG,CAR,ARI,1447.5201,1464.8353,42.2,0.5358,0,1436.8051,1475.5503
2002,5,REG,DAL,NYG,1465.8951,1508.4483,42.2,0.4995,0,1455.9053,1518.4381
2002,5,REG,IND,CIN,1512.6833,1420.3223,42.2,0.6845,1,1518.993,1414.0126
2002,5,REG,MIA,NE,1556.1463,1568.608,42.2,0.5427,1,1565.2924,1559.4619
2002,5,REG,NO,PIT,1512.477,1543.5633,42.2,0.516,1,1522.1572,1533.8831
2002,5,REG,TEN,WAS,1504.0292,1496.7296,42.2,0.5708,0,1492.614,1508.1448
2002,5,REG,DEN,LAC,1528.8594,1475.4643,42.2,0.6342,1,1536.1753,1468.1484
2002,5,REG,NYJ,KC,1508.0131,1486.3217,42.2,0.5909,0,1496.1946,1498.1402
2002,5,REG,JAX,PHI,1498.3259,1568.8615,42.2,0.4593,1,1509.1397,1558.0477
2002,5,REG,SF,LA,1529.2186,1538.5645,42.2,0.5471,1,1538.2758,1529.5073
2002,5,REG,CLE,BAL,1463.0738,1543.7321,42.2,0.4449,0,1454.1762,1552.6297
2002,5,REG,CHI,GB,1526.6684,1565.6327,42.2,0.5047,0,1516.5753,1575.7258
2002,6,REG,CIN,PIT,1414.0126,1533.8831,42.2,0.39,0,1406.2116,1541.6841
2002,6,REG,DAL,CAR,1455.9053,1436.8051,42.2,0.5873,1,1464.159,1428.5514
2002,6,REG,HOU,BUF,1482.1582,1456.8711,42.2,0.5959,0,1470.2398,1468.7895
2002,6,REG,IND,BAL,1518.993,1552.6297,42.2,0.5123,1,1528.7466,1542.8761
2002,6,REG,MIN,DET,1448.6054,1434.1741,42.2,0.5808,1,1456.9897,1425.7898
2002,6,REG,NE,GB,1559.4619,1575.7258,42.2,0.5373,0,1548.7168,1586.4709
2002,6,REG,NYG,ATL,1518.4381,1449.3612,42.2,0.6549,0,1505.3405,1462.4588
2002,6,REG,TB,CLE,1552.6709,1454.1762,42.2,0.6921,1,1558.8291,1448.018
2002,6,REG,WAS,NO,1508.1448,1522.1572,42.2,0.5405,0,1497.3353,1532.9667
2002,6,REG,LAC,KC,1468.1484,1498.1402,42.2,0.5176,1,1477.7972,1488.4914
2002,6,REG,LA,LV,1529.5073,1569.8935,42.2,0.5026,1,1539.4551,1559.9457
2002,6,REG,TEN,JAX,1492.614,1509.1397,42.2,0.5369,1,1501.8764,1499.8773
2002,6,REG,DEN,MIA,1536.1753,1565.2924,42.2,0.5188,0,1525.7989,1575.6688
2002,6,REG,SEA,SF,1484.1498,1538.2758,42.2,0.4828,0,1474.4929,1547.9327
2002,7,REG,ATL,CAR,1462.4588,1428.5514,42.2,0.6078,1,1470.3026,1420.7076
2002,7,REG,BAL,JAX,1542.8761,1499.8773,42.2,0.6202,1,1550.4719,1492.2815
2002,7,REG,DET,CHI,1425.7898,1516.5753,42.2,0.4305,1,1437.1792,1505.1859
2002,7,REG,KC,DEN,1488.4914,1525.7989,42.2,0.507,0,1478.3506,1535.9397
2002,7,REG,MIA,BUF,1575.6688,1468.7895,42.2,0.7023,0,1561.6232,1482.8351
2002,7,REG,NO,SF,1532.9667,1547.9327,42.2,0.5391,1,1542.1844,1538.715
2002,7,REG,NYJ,MIN,1496.1946,1456.9897,42.2,0.6151,1,1503.8935,1449.2908
2002,7,REG,LA,SEA,1539.4551,1474.4929,42.2,0.6495,1,1546.4649,1467.4831
2002,7,REG,CLE,HOU,1448.018,1470.2398,42.2,0.5287,1,1457.4436,1460.8142
2002,7,REG,LV,LAC,1559.9457,1477.7972,42.2,0.6717,0,1546.512,1491.2309
2002,7,REG,ARI,DAL,1475.5503,1464.159,42.2,0.5765,1,1484.0199,1455.6894
2002,7,REG,GB,WAS,1586.4709,1497.3353,42.2,0.6805,1,1592.8611,1490.9451
2002,7,REG,PHI,TB,1558.0477,1558.8291,42.2,0.5593,1,1566.8612,1550.0156
2002,7,REG,PIT,IND,1541.6841,1528.7466,42.2,0.5787,1,1550.1103,1520.3204
2002,8,REG,BAL,PIT,1550.4719,1550.1103,42.2,0.5609,0,1539.253,1561.3292
2002,8,REG,BUF,DET,1482.8351,1437.1792,42.2,0.6238,1,1490.359,1429.6553
2002,8,REG,CAR,TB,1420.7076,1550.0156,42.2,0.3772,0,1413.1635,1557.5597
2002,8,REG,CIN,TEN,1406.2116,1501.8764,42.2,0.4237,0,1397.7384,1510.3496
2002,8,REG,DAL,SEA,1455.6894,1467.4831,42.2,0.5436,0,1444.8165,1478.356
2002,8,REG,KC,LV,1478.3506,1546.512,42.2,0.4627,1,1489.0964,1535.7662
2002,8,REG,MIN,CHI,1449.2908,1505.1859,42.2,0.4803,1,1459.6848,1494.7919
2002,8,REG,NO,ATL,1542.1844,1470.3026,42.2,0.6585,0,1529.014,1483.473
2002,8,REG,NYJ,CLE,1503.8935,1457.4436,42.2,0.6249,0,1491.3959,1469.9412
2002,8,REG,SF,ARI,1538.715,1484.0199,42.2,0.6359,1,1545.9963,1476.7386
2002,8,REG,JAX,HOU,1492.2815,1460.8142,42.2,0.6045,0,1480.1924,1472.9033
2002,8,REG,NE,DEN,1548.7168,1535.9397,42.2,0.5785,0,1537.1475,1547.509
2002,8,REG,WAS,IND,1490.9451,1520.3204,42.2,0.5184,1,1500.5761,1510.6894
2002,8,REG,PHI,NYG,1566.8612,1505.3405,42.2,0.645,1,1573.9615,1498.2402
2002,9,REG,ATL,BAL,1483.473,1539.253,42.2,0.4805,1,1493.8637,1528.8623
2002,9,REG,BUF,NE,1490.359,1537.1475,42.2,0.4934,0,1480.4911,1547.0154
2002,9,REG,CHI,PHI,1494.7919,1573.9615,42.2,0.447,0,1485.852,1582.9014
2002,9,REG,CLE,PIT,1469.9412,1561.3292,42.2,0.4297,0,1461.3476,1569.9228
2002,9,REG,DET,DAL,1429.6553,1444.8165,42.2,0.5388,1,1438.8786,1435.5932
2002,9,REG,HOU,CIN,1472.9033,1397.7384,42.2,0.6628,0,1459.6482,1410.9935
2002,9,REG,IND,TEN,1510.6894,1510.3496,42.2,0.5609,0,1499.4711,1521.5679
2002,9,REG,TB,MIN,1557.5597,1459.6848,42.2,0.6913,1,1563.7331,1453.5114
2002,9,REG,LAC,NYJ,1491.2309,1491.3959,42.2,0.5602,0,1480.0269,1502.5999
2002,9,REG,ARI,LA,1476.7386,1546.4649,42.2,0.4605,0,1467.5292,1555.6743
2002,9,REG,LV,SF,1535.7662,1545.9963,42.2,0.5459,0,1524.8486,1556.9139
2002,9,REG,SEA,WAS,1478.356,1500.5761,42.2,0.5287,0,1467.7816,1511.1505
2002,9,REG,NYG,JAX,1498.2402,1480.1924,42.2,0.5858,1,1506.5233,1471.9093
2002,9,REG,GB,MIA,1592.8611,1561.6232,42.2,0.6041,1,1600.7783,1553.706
2002,10,REG,BAL,CIN,1528.8623,1410.9935,42.2,0.7153,1,1534.5556,1405.3002
2002,10,REG,CAR,NO,1413.1635,1529.014,42.2,0.3956,0,1405.2521,1536.9254
2002,10,REG,GB,DET,1600.7783,1438.8786,42.2,0.764,1,1605.4977,1434.1592
2002,10,REG,MIN,NYG,1453.5114,1506.5233,42.2,0.4844,0,1443.8225,1516.2122
2002,10,REG,PHI,IND,1582.9014,1499.4711,42.2,0.6733,0,1569.4352,1512.9373
2002,10,REG,PIT,ATL,1569.9228,1493.8637,42.2,0.6639,0,1556.6447,1507.1418
2002,10,REG,LA,LAC,1555.6743,1480.0269,42.2,0.6634,1,1562.4067,1473.2945
2002,10,REG,TEN,HOU,1521.5679,1459.6482,42.2,0.6455,1,1528.6577,1452.5584
2002,10,REG,ARI,SEA,1467.5292,1467.7816,42.2,0.5601,0,1456.3277,1478.9831
2002,10,REG,JAX,WAS,1471.9093,1511.1505,42.2,0.5043,1,1481.8241,1501.2357
2002,10,REG,CHI,NE,1485.852,1547.0154,42.2,0.4727,0,1476.3973,1556.4701
2002,10,REG,SF,KC,1556.9139,1489.0964,42.2,0.6532,1,1563.8491,1482.1612
2002,10,REG,NYJ,MIA,1502.5999,1553.706,42.2,0.4872,1,1512.8562,1543.4497
2002,10,REG,DEN,LV,1547.509,1524.8486,42.2,0.5923,0,1535.6636,1536.694
2002,11,REG,ATL,NO,1507.1418,1536.9254,42.2,0.5179,1,1516.7846,1527.2826
2002,11,REG,CIN,CLE,1405.3002,1461.3476,42.2,0.4801,0,1395.6985,1470.9493
2002,11,REG,HOU,JAX,1452.5584,1481.8241,42.2,0.5186,0,1442.1863,1492.1962
2002,11,REG,IND,DAL,1512.9373,1435.5932,42.2,0.6656,1,1519.6262,1428.9043
2002,11,REG,KC,BUF,1482.1612,1480.4911,42.2,0.5628,1,1490.9052,1471.7471
2002,11,REG,MIN,GB,1443.8225,1605.4977,42.2,0.3345,1,1457.1318,1592.1884
2002,11,REG,NYG,WAS,1516.2122,1501.2357,42.2,0.5815,1,1524.5812,1492.8667
2002,11,REG,PHI,ARI,1569.4352,1456.3277,42.2,0.7097,1,1575.2408,1450.5221
2002,11,REG,TEN,PIT,1528.6577,1556.6447,42.2,0.5204,1,1538.2488,1547.0536
2002,11,REG,LAC,SF,1473.2945,1563.8491,42.2,0.4309,1,1484.6773,1552.4663
2002,11,REG,TB,CAR,1563.7331,1405.2521,42.2,0.7605,1,1568.5239,1400.4613
2002,11,REG,DET,NYJ,1434.1592,1512.8562,42.2,0.4477,0,1425.2058,1521.8096
2002,11,REG,MIA,BAL,1543.4497,1534.5556,42.2,0.573,1,1551.9896,1526.0157
2002,11,REG,SEA,DEN,1478.9831,1535.6636,42.2,0.4792,0,1469.3996,1545.2471
2002,11,REG,LV,NE,1536.694,1556.4701,42.2,0.5322,1,1546.0495,1547.1146
2002,11,REG,LA,CHI,1562.4067,1476.3973,42.2,0.6766,1,1568.8754,1469.9286
2002,12,REG,BAL,TEN,1526.0157,1538.2488,42.2,0.543,1,1535.1553,1529.1092
2002,12,REG,CAR,ATL,1400.4613,1516.7846,42.2,0.3949,0,1392.563,1524.6829
2002,12,REG,CHI,DET,1469.9286,1425.2058,42.2,0.6225,1,1477.4777,1417.6567
2002,12,REG,DAL,JAX,1428.9043,1492.1962,42.2,0.4697,1,1439.5106,1481.5899
2002,12,REG,MIA,LAC,1551.9896,1484.6773,42.2,0.6526,1,1558.938,1477.7289
2002,12,REG,NE,MIN,1547.1146,1457.1318,42.2,0.6816,1,1553.4836,1450.7628
2002,12,REG,NO,CLE,1527.2826,1470.9493,42.2,0.6381,0,1514.5202,1483.7117
2002,12,REG,NYJ,BUF,1521.8096,1471.7471,42.2,0.6297,1,1529.2148,1464.3419
2002,12,REG,PIT,CIN,1547.0536,1395.6985,42.2,0.7529,1,1551.9954,1390.7567
2002,12,REG,WAS,LA,1492.8667,1568.8754,42.2,0.4515,1,1503.8367,1557.9054
2002,12,REG,ARI,LV,1450.5221,1546.0495,42.2,0.4239,0,1442.045,1554.5266
2002,12,REG,SEA,KC,1469.3996,1490.9052,42.2,0.5297,1,1478.8047,1481.5001
2002,12,REG,HOU,NYG,1442.1863,1524.5812,42.2,0.4424,1,1453.3381,1513.4294
2002,12,REG,TB,GB,1568.5239,1592.1884,42.2,0.5266,1,1577.9909,1582.7214
2002,12,REG,DEN,IND,1545.2471,1519.6262,42.2,0.5964,0,1533.3195,1531.5538
2002,12,REG,SF,PHI,1552.4663,1575.2408,42.2,0.5279,0,1541.9078,1585.7993
2002,13,REG,DET,NE,1417.6567,1553.4836,42.2,0.3684,0,1410.2881,1560.8522
2002,13,REG,DAL,WAS,1439.5106,1503.8367,42.2,0.4682,1,1450.1466,1493.2007
2002,13,REG,BUF,MIA,1464.3419,1558.938,42.2,0.4252,1,1475.8387,1547.4412
2002,13,REG,CIN,BAL,1390.7567,1535.1553,42.2,0.357,0,1383.6162,1542.2958
2002,13,REG,CLE,CAR,1483.7117,1392.563,42.2,0.683,0,1470.0516,1406.2231
2002,13,REG,GB,CHI,1582.7214,1477.4777,42.2,0.7003,1,1588.7153,1471.4838
2002,13,REG,JAX,PIT,1481.5899,1551.9954,42.2,0.4595,0,1472.3999,1561.1854
2002,13,REG,KC,ARI,1481.5001,1442.045,42.2,0.6154,1,1489.1922,1434.3529
2002,13,REG,MIN,ATL,1450.7628,1524.6829,42.2,0.4545,0,1441.6732,1533.7725
2002,13,REG,NYG,TEN,1513.4294,1529.1092,42.2,0.5381,0,1502.6676,1539.871
2002,13,REG,IND,HOU,1531.5538,1453.3381,42.2,0.6667,1,1538.2204,1446.6715
2002,13,REG,LAC,DEN,1477.7289,1533.3195,42.2,0.4807,1,1488.1141,1522.9343
2002,13,REG,PHI,LA,1585.7993,1557.9054,42.2,0.5995,1,1593.8088,1549.8959
2002,13,REG,SF,SEA,1541.9078,1478.8047,42.2,0.6471,1,1548.9665,1471.746
2002,13,REG,NO,TB,1514.5202,1577.9909,42.2,0.4694,1,1525.1317,1567.3794
2002,13,REG,LV,NYJ,1554.5266,1529.2148,42.2,0.596,1,1562.6075,1521.1339
2002,14,REG,CAR,CIN,1406.2231,1383.6162,42.2,0.5922,1,1414.3791,1375.4602
2002,14,REG,DAL,SF,1450.1466,1548.9665,42.2,0.4192,0,1441.762,1557.3511
2002,14,REG,JAX,CLE,1472.3999,1470.0516,42.2,0.5638,0,1461.1247,1481.3268
2002,14,REG,KC,LA,1489.1922,1549.8959,42.2,0.4734,1,1499.7243,1539.3638
2002,14,REG,NE,BUF,1560.8522,1475.8387,42.2,0.6753,1,1567.346,1469.3449
2002,14,REG,PIT,HOU,1561.1854,1446.6715,42.2,0.7114,0,1546.9577,1460.8992
2002,14,REG,TB,ATL,1567.3794,1533.7725,42.2,0.6074,1,1575.2315,1525.9204
2002,14,REG,TEN,IND,1539.871,1538.2204,42.2,0.5628,1,1548.6155,1529.4759
2002,14,REG,WAS,NYG,1493.2007,1502.6676,42.2,0.547,0,1482.2613,1513.607
2002,14,REG,ARI,DET,1434.3529,1410.2881,42.2,0.5942,1,1442.4684,1402.1726
2002,14,REG,BAL,NO,1542.2958,1525.1317,42.2,0.5846,0,1530.6036,1536.8239
2002,14,REG,SEA,PHI,1471.746,1593.8088,42.2,0.3871,0,1464.005,1601.5498
2002,14,REG,NYJ,DEN,1521.1339,1522.9343,42.2,0.5579,1,1529.9763,1514.0919
2002,14,REG,LAC,LV,1488.1141,1562.6075,42.2,0.4537,0,1479.0409,1571.6807
2002,14,REG,GB,MIN,1588.7153,1441.6732,42.2,0.7483,1,1593.7501,1436.6384
2002,14,REG,MIA,CHI,1547.4412,1471.4838,42.2,0.6638,1,1554.1657,1464.7593
2002,15,REG,ATL,SEA,1525.9204,1464.005,42.2,0.6455,0,1513.0103,1476.9151
2002,15,REG,BUF,LAC,1469.3449,1479.0409,42.2,0.5466,1,1478.4121,1469.9737
2002,15,REG,CHI,NYJ,1464.7593,1529.9763,42.2,0.4669,1,1475.4208,1519.3148
2002,15,REG,CIN,JAX,1375.4602,1461.1247,42.2,0.4378,0,1366.7047,1469.8802
2002,15,REG,CLE,IND,1481.3268,1529.4759,42.2,0.4914,0,1471.498,1539.3047
2002,15,REG,DET,TB,1402.1726,1575.2315,42.2,0.3201,0,1395.7705,1581.6336
2002,15,REG,HOU,BAL,1460.8992,1530.6036,42.2,0.4605,0,1451.6892,1539.8136
2002,15,REG,MIA,LV,1554.1657,1571.6807,42.2,0.5355,1,1563.4564,1562.39
2002,15,REG,NO,MIN,1536.8239,1436.6384,42.2,0.6942,0,1522.9407,1450.5216
2002,15,REG,PHI,WAS,1601.5498,1482.2613,42.2,0.717,1,1607.2099,1476.6012
2002,15,REG,PIT,CAR,1546.9577,1414.3791,42.2,0.7323,1,1552.3126,1409.0242
2002,15,REG,DEN,KC,1514.0919,1499.7243,42.2,0.5807,1,1522.478,1491.3382
2002,15,REG,NYG,DAL,1513.607,1441.762,42.2,0.6585,1,1520.4375,1434.9315
2002,15,REG,SF,GB,1557.3511,1593.7501,42.2,0.5083,0,1547.1841,1603.9171
2002,15,REG,LA,ARI,1539.3638,1442.4684,42.2,0.6901,1,1545.5613,1436.2709
2002,15,REG,TEN,NE,1548.6155,1567.346,42.2,0.5337,1,1557.941,1558.0205
2002,16,REG,MIN,MIA,1450.5216,1563.4564,42.2,0.3996,1,1462.5298,1551.4482
2002,16,REG,ARI,SF,1436.2709,1547.1841,42.2,0.4024,0,1428.2232,1555.2318
2002,16,REG,DAL,PHI,1434.9315,1607.2099,42.2,0.3211,0,1428.5098,1613.6316
2002,16,REG,ATL,DET,1513.0103,1395.7705,42.2,0.7146,1,1518.7184,1390.0624
2002,16,REG,CAR,CHI,1409.0242,1475.4208,42.2,0.4652,1,1419.7195,1464.7255
2002,16,REG,CIN,NO,1366.7047,1522.9407,42.2,0.3415,1,1379.8739,1509.7715
2002,16,REG,GB,BUF,1603.9171,1478.4121,42.2,0.7242,1,1609.4331,1472.8961
2002,16,REG,IND,NYG,1539.3047,1520.4375,42.2,0.587,0,1527.5649,1532.1773
2002,16,REG,JAX,TEN,1469.8802,1557.941,42.2,0.4344,0,1461.1926,1566.6286
2002,16,REG,KC,LAC,1491.3382,1469.9737,42.2,0.5905,1,1499.5288,1461.7831
2002,16,REG,WAS,HOU,1476.6012,1451.6892,42.2,0.5954,1,1484.6932,1443.5972
2002,16,REG,SEA,LA,1476.9151,1545.5613,42.2,0.462,1,1487.6748,1534.8016
2002,16,REG,BAL,CLE,1539.8136,1471.498,42.2,0.6539,0,1526.7358,1484.5758
2002,16,REG,LV,DEN,1562.39,1522.478,42.2,0.616,1,1570.0697,1514.7983
2002,16,REG,NE,NYJ,1558.0205,1519.3148,42.2,0.6144,0,1545.733,1531.6023
2002,16,REG,TB,PIT,1581.6336,1552.3126,42.2,0.6015,0,1569.6037,1564.3425
2002,17,REG,NYG,PHI,1532.1773,1613.6316,42.2,0.4437,1,1543.3023,1602.5066
2002,17,REG,LV,KC,1570.0697,1499.5288,42.2,0.6568,1,1576.934,1492.6645
2002,17,REG,BUF,CIN,1472.8961,1379.8739,42.2,0.6853,1,1479.1894,1373.5806
2002,17,REG,CLE,ATL,1484.5758,1518.7184,42.2,0.5116,1,1494.3439,1508.9503
2002,17,REG,DET,MIN,1390.0624,1462.5298,42.2,0.4566,0,1380.9314,1471.6608
2002,17,REG,HOU,TEN,1443.5972,1566.6286,42.2,0.3857,0,1435.8826,1574.3432
2002,17,REG,NE,MIA,1545.733,1551.4482,42.2,0.5523,1,1554.6867,1542.4945
2002,17,REG,NO,CAR,1509.7715,1419.7195,42.2,0.6816,0,1496.1388,1433.3522
2002,17,REG,PIT,BAL,1564.3425,1526.7358,42.2,0.6129,1,1572.085,1518.9933
2002,17,REG,WAS,DAL,1484.6932,1428.5098,42.2,0.6379,1,1491.9348,1421.2682
2002,17,REG,IND,JAX,1527.5649,1461.1926,42.2,0.6514,1,1534.5378,1454.2197
2002,17,REG,DEN,ARI,1514.7983,1428.2232,42.2,0.6773,1,1521.2527,1421.7688
2002,17,REG,NYJ,GB,1531.6023,1609.4331,42.2,0.4489,1,1542.6243,1598.4111
2002,17,REG,LAC,SEA,1461.7831,1487.6748,42.2,0.5235,0,1451.3141,1498.1438
2002,17,REG,CHI,TB,1464.7255,1569.6037,42.2,0.4108,0,1456.5102,1577.819
2002,17,REG,LA,SF,1534.8016,1555.2318,42.2,0.5313,1,1544.1758,1545.8576
2002,18,WC,NYJ,IND,1542.6243,1534.5378,42.2,0.5719,1,1552.8995,1524.2626
2002,18,WC,GB,ATL,1598.4111,1508.9503,42.2,0.6809,0,1582.0696,1525.2918
2002,18,WC,PIT,CLE,1572.085,1494.3439,42.2,0.6661,1,1580.0995,1486.3294
2002,18,WC,SF,NYG,1545.8576,1543.3023,42.2,0.5641,1,1556.3203,1532.8396
2002,19,DIV,TEN,PIT,1574.3432,1580.0995,42.2,0.5523,1,1585.0891,1569.3536
2002,19,DIV,PHI,ATL,1602.5066,1525.2918,42.2,0.6654,1,1610.5372,1517.2612
2002,19,DIV,TB,SF,1577.819,1556.3203,42.2,0.5907,1,1587.6432,1546.4961
2002,19,DIV,LV,NYJ,1576.934,1552.8995,42.2,0.5942,1,1586.6737,1543.1598
2002,20,CON,PHI,TB,1610.5372,1587.6432,42.2,0.5926,0,1596.3149,1601.8655
2002,20,CON,LV,TEN,1586.6737,1585.0891,42.2,0.5627,1,1597.1694,1574.5934
2002,21,SB,TB,LV,1601.8655,1597.1694,0.0,0.5068,1,1613.7033,1585.3316
2003,1,REG,WAS,NYJ,1496.2463,1530.5671,42.2,0.5113,1,1506.0196,1520.7938
2003,1,REG,BUF,NE,1487.7069,1538.2901,42.2,0.4879,1,1497.9481,1528.0489
2003,1,REG,CAR,JAX,1456.996,1470.9772,42.2,0.5405,1,1466.1856,1461.7876
2003,1,REG,CIN,DEN,1416.949,1515.8893,42.2,0.4191,0,1408.5678,1524.2705
2003,1,REG,CLE,IND,1492.4907,1517.9059,42.2,0.5241,0,1482.008,1528.3886
2003,1,REG,DET,ARI,1421.874,1449.2351,42.2,0.5213,1,1431.4472,1439.6619
2003,1,REG,GB,MIN,1556.6366,1482.6627,42.2,0.6612,0,1543.4121,1495.8872
2003,1,REG,KC,LAC,1496.7352,1469.0304,42.2,0.5993,1,1504.7499,1461.0157
2003,1,REG,MIA,HOU,1530.1213,1458.6913,42.2,0.6579,0,1516.9626,1471.85
2003,1,REG,NYG,LA,1523.6525,1531.2478,42.2,0.5496,1,1532.6598,1522.2405
2003,1,REG,PIT,BAL,1548.1169,1514.3755,42.2,0.6076,1,1555.9653,1506.5271
2003,1,REG,DAL,ATL,1448.8997,1513.215,42.2,0.4682,0,1439.5354,1522.5793
2003,1,REG,SEA,NO,1500.4063,1499.063,42.2,0.5623,1,1509.1595,1490.3098
2003,1,REG,SF,CHI,1532.8024,1472.5118,42.2,0.6434,1,1539.9352,1465.379
2003,1,REG,TEN,LV,1551.6276,1558.8222,42.2,0.5502,1,1560.6235,1549.8263
2003,1,REG,PHI,TB,1566.181,1577.8312,42.2,0.5439,0,1555.304,1588.7082
2003,2,REG,ATL,WAS,1522.5793,1506.0196,42.2,0.5838,0,1510.904,1517.6949
2003,2,REG,BAL,CLE,1506.5271,1482.008,42.2,0.5949,1,1514.63,1473.9051
2003,2,REG,GB,DET,1543.4121,1431.4472,42.2,0.7084,1,1549.2448,1425.6145
2003,2,REG,IND,TEN,1528.3886,1560.6235,42.2,0.5143,1,1538.1019,1550.9102
2003,2,REG,JAX,BUF,1461.7876,1497.9481,42.2,0.5087,0,1451.6138,1508.1219
2003,2,REG,KC,PIT,1504.7499,1555.9653,42.2,0.487,1,1515.0093,1545.7059
2003,2,REG,NO,HOU,1490.3098,1471.85,42.2,0.5864,1,1498.5814,1463.5784
2003,2,REG,NYJ,MIA,1520.7938,1516.9626,42.2,0.5659,0,1509.4766,1528.2798
2003,2,REG,LA,SF,1522.2405,1539.9352,42.2,0.5352,1,1531.5363,1530.6394
2003,2,REG,ARI,SEA,1439.6619,1509.1595,42.2,0.4608,0,1430.446,1518.3754
2003,2,REG,TB,CAR,1588.7082,1466.1856,42.2,0.7208,0,1574.2931,1480.6007
2003,2,REG,LV,CIN,1549.8263,1408.5678,42.2,0.7419,1,1554.9875,1403.4066
2003,2,REG,PHI,NE,1555.304,1528.0489,42.2,0.5986,0,1543.3311,1540.0218
2003,2,REG,LAC,DEN,1461.0157,1524.2705,42.2,0.4697,0,1451.621,1533.6652
2003,2,REG,MIN,CHI,1495.8872,1465.379,42.2,0.6031,1,1503.8245,1457.4417
2003,2,REG,NYG,DAL,1532.6598,1439.5354,42.2,0.6855,0,1518.9506,1453.2446
2003,3,REG,ATL,TB,1510.904,1574.2931,42.2,0.4695,0,1501.5131,1583.684
2003,3,REG,CIN,PIT,1403.4066,1545.7059,42.2,0.3598,0,1396.2105,1552.902
2003,3,REG,DET,MIN,1425.6145,1503.8245,42.2,0.4484,0,1416.6473,1512.7917
2003,3,REG,HOU,KC,1463.5784,1515.0093,42.2,0.4867,0,1453.844,1524.7437
2003,3,REG,IND,JAX,1538.1019,1451.6138,42.2,0.6772,1,1544.5585,1445.1572
2003,3,REG,NE,NYJ,1540.0218,1509.4766,42.2,0.6032,1,1547.9581,1501.5403
2003,3,REG,TEN,NO,1550.9102,1498.5814,42.2,0.6328,1,1558.2546,1491.237
2003,3,REG,ARI,GB,1430.446,1549.2448,42.2,0.3915,1,1442.6157,1537.0751
2003,3,REG,SEA,LA,1518.3754,1531.5363,42.2,0.5417,1,1527.5415,1522.3702
2003,3,REG,WAS,NYG,1517.6949,1518.9506,42.2,0.5587,0,1506.5219,1530.1236
2003,3,REG,LAC,BAL,1451.621,1514.63,42.2,0.4701,0,1442.2192,1524.0318
2003,3,REG,SF,CLE,1530.6394,1473.9051,42.2,0.6387,0,1517.8664,1486.6781
2003,3,REG,MIA,BUF,1528.2798,1508.1219,42.2,0.5888,1,1536.504,1499.8977
2003,3,REG,DEN,LV,1533.6652,1554.9875,42.2,0.53,1,1543.065,1545.5877
2003,4,REG,BUF,PHI,1499.8977,1543.3311,42.2,0.4982,0,1489.9332,1553.2956
2003,4,REG,CLE,CIN,1486.6781,1396.2105,42.2,0.6822,0,1473.035,1409.8536
2003,4,REG,HOU,JAX,1453.844,1445.1572,42.2,0.5727,1,1462.3897,1436.6115
2003,4,REG,MIN,SF,1512.7917,1517.8664,42.2,0.5532,1,1521.7272,1508.9309
2003,4,REG,PIT,TEN,1552.902,1558.2546,42.2,0.5528,0,1541.8454,1569.3112
2003,4,REG,LA,ARI,1522.3702,1442.6157,42.2,0.6686,1,1528.9975,1435.9884
2003,4,REG,WAS,NE,1506.5219,1547.9581,42.2,0.5011,1,1516.4999,1537.9801
2003,4,REG,BAL,KC,1524.0318,1524.7437,42.2,0.5594,0,1512.8433,1535.9322
2003,4,REG,LV,LAC,1545.5877,1442.2192,42.2,0.698,1,1551.627,1436.1799
2003,4,REG,CAR,ATL,1480.6007,1501.5131,42.2,0.5306,1,1489.9888,1492.125
2003,4,REG,DEN,DET,1543.065,1416.6473,42.2,0.7252,1,1548.5601,1411.1522
2003,4,REG,NYJ,DAL,1501.5403,1453.2446,42.2,0.6274,0,1488.993,1465.7919
2003,4,REG,NO,IND,1491.237,1544.5585,42.2,0.484,0,1481.557,1554.2385
2003,4,REG,CHI,GB,1457.4417,1537.0751,42.2,0.4463,0,1448.515,1546.0018
2003,5,REG,ATL,MIN,1492.125,1521.7272,42.2,0.5181,0,1481.7626,1532.0896
2003,5,REG,BUF,CIN,1489.9332,1409.8536,42.2,0.6691,1,1496.5522,1403.2346
2003,5,REG,CAR,NO,1489.9888,1481.557,42.2,0.5724,1,1498.5417,1473.0041
2003,5,REG,CHI,LV,1448.515,1551.627,42.2,0.4132,1,1460.2504,1539.8916
2003,5,REG,DAL,ARI,1465.7919,1435.9884,42.2,0.6022,1,1473.7486,1428.0317
2003,5,REG,GB,SEA,1546.0018,1527.5415,42.2,0.5864,1,1554.2734,1519.2699
2003,5,REG,KC,DEN,1535.9322,1548.5601,42.2,0.5425,1,1545.0831,1539.4092
2003,5,REG,NE,TEN,1537.9801,1569.3112,42.2,0.5156,1,1547.6674,1559.6239
2003,5,REG,NYG,MIA,1530.1236,1536.504,42.2,0.5514,0,1519.0963,1547.5313
2003,5,REG,JAX,LAC,1436.6115,1436.1799,42.2,0.561,1,1445.3906,1427.4008
2003,5,REG,PHI,WAS,1553.2956,1516.4999,42.2,0.6118,1,1561.0603,1508.7352
2003,5,REG,SF,DET,1508.9309,1411.1522,42.2,0.6912,1,1515.1067,1404.9764
2003,5,REG,PIT,CLE,1541.8454,1473.035,42.2,0.6545,0,1528.7547,1486.1257
2003,5,REG,TB,IND,1583.684,1554.2385,42.2,0.6017,0,1571.6506,1566.2719
2003,6,REG,CLE,LV,1486.1257,1539.8916,42.2,0.4834,1,1496.4585,1529.5588
2003,6,REG,DAL,PHI,1473.7486,1561.0603,42.2,0.4354,1,1485.0398,1549.7691
2003,6,REG,GB,KC,1554.2734,1545.0831,42.2,0.5734,0,1542.805,1556.5515
2003,6,REG,IND,CAR,1566.2719,1498.5417,42.2,0.6531,0,1553.2094,1511.6042
2003,6,REG,JAX,MIA,1445.3906,1547.5313,42.2,0.4146,0,1437.0989,1555.823
2003,6,REG,NE,NYG,1547.6674,1519.0963,42.2,0.6005,1,1555.6582,1511.1055
2003,6,REG,NO,CHI,1473.0041,1460.2504,42.2,0.5784,1,1481.4355,1451.819
2003,6,REG,TEN,HOU,1559.6239,1462.3897,42.2,0.6905,1,1565.8131,1456.2005
2003,6,REG,WAS,TB,1508.7352,1571.6506,42.2,0.4702,0,1499.3307,1581.0551
2003,6,REG,ARI,BAL,1428.0317,1512.8433,42.2,0.439,0,1419.252,1521.623
2003,6,REG,DEN,PIT,1539.4092,1528.7547,42.2,0.5755,1,1547.8996,1520.2643
2003,6,REG,NYJ,BUF,1488.993,1496.5522,42.2,0.5497,1,1497.9992,1487.546
2003,6,REG,SEA,SF,1519.2699,1515.1067,42.2,0.5663,1,1527.9433,1506.4333
2003,6,REG,LA,ATL,1528.9975,1481.7626,42.2,0.6259,1,1536.4787,1474.2814
2003,7,REG,ATL,NO,1474.2814,1481.4355,42.2,0.5503,0,1463.2761,1492.4408
2003,7,REG,CAR,TEN,1511.6042,1565.8131,42.2,0.4827,0,1501.9497,1575.4676
2003,7,REG,CIN,BAL,1403.2346,1521.623,42.2,0.3921,1,1415.393,1509.4646
2003,7,REG,CLE,LAC,1496.4585,1427.4008,42.2,0.6549,0,1483.3614,1440.4979
2003,7,REG,DET,DAL,1404.9764,1485.0398,42.2,0.4457,0,1396.0619,1493.9543
2003,7,REG,MIA,NE,1555.823,1555.6582,42.2,0.5607,0,1544.6097,1566.8715
2003,7,REG,MIN,DEN,1532.0896,1547.8996,42.2,0.5379,1,1541.3315,1538.6577
2003,7,REG,NYG,PHI,1511.1055,1549.7691,42.2,0.5051,0,1501.0037,1559.8709
2003,7,REG,LA,GB,1536.4787,1542.805,42.2,0.5514,1,1545.4498,1533.8339
2003,7,REG,HOU,NYJ,1456.2005,1497.9992,42.2,0.5006,0,1446.1889,1508.0108
2003,7,REG,BUF,WAS,1487.546,1499.3307,42.2,0.5437,1,1496.6728,1490.2039
2003,7,REG,SEA,CHI,1527.9433,1451.819,42.2,0.664,1,1534.6635,1445.0988
2003,7,REG,SF,TB,1506.4333,1581.0551,42.2,0.4535,1,1517.3638,1570.1246
2003,7,REG,LV,KC,1529.5588,1556.5515,42.2,0.5219,0,1519.1214,1566.9889
2003,8,REG,BAL,DEN,1509.4646,1538.6577,42.2,0.5187,1,1519.0904,1529.0319
2003,8,REG,CHI,DET,1445.0988,1396.0619,42.2,0.6284,1,1452.5315,1388.6292
2003,8,REG,CIN,SEA,1415.393,1534.6635,42.2,0.3909,1,1427.5756,1522.4809
2003,8,REG,JAX,TEN,1437.0989,1575.4676,42.2,0.365,0,1429.7983,1582.7682
2003,8,REG,MIN,NYG,1541.3315,1501.0037,42.2,0.6166,0,1528.9998,1513.3354
2003,8,REG,NE,CLE,1566.8715,1483.3614,42.2,0.6734,1,1573.4033,1476.8296
2003,8,REG,NO,CAR,1492.4408,1501.9497,42.2,0.5469,0,1481.5026,1512.8879
2003,8,REG,PIT,LA,1520.2643,1545.4498,42.2,0.5245,0,1509.775,1555.9391
2003,8,REG,TB,DAL,1570.1246,1493.9543,42.2,0.664,1,1576.8436,1487.2353
2003,8,REG,ARI,SF,1419.252,1517.3638,42.2,0.4202,1,1430.8475,1505.7683
2003,8,REG,IND,HOU,1553.2094,1446.1889,42.2,0.7024,1,1559.1604,1440.2379
2003,8,REG,PHI,NYJ,1559.8709,1508.0108,42.2,0.6322,1,1567.2279,1500.6538
2003,8,REG,KC,BUF,1566.9889,1496.6728,42.2,0.6565,1,1573.8591,1489.8026
2003,8,REG,LAC,MIA,1440.4979,1544.6097,42.2,0.4118,0,1432.2612,1552.8464
2003,9,REG,BAL,JAX,1519.0904,1429.7983,42.2,0.6807,1,1525.4767,1423.412
2003,9,REG,CHI,LAC,1452.5315,1432.2612,42.2,0.5889,1,1460.7526,1424.0401
2003,9,REG,DET,LV,1388.6292,1519.1214,42.2,0.3756,1,1401.1171,1506.6335
2003,9,REG,HOU,CAR,1440.2379,1512.8879,42.2,0.4563,1,1451.1121,1502.0137
2003,9,REG,MIA,IND,1552.8464,1559.1604,42.2,0.5515,0,1541.8172,1570.1896
2003,9,REG,NYJ,NYG,1500.6538,1513.3354,42.2,0.5424,0,1489.8062,1524.183
2003,9,REG,TB,NO,1576.8436,1481.5026,42.2,0.6882,0,1563.0795,1495.2667
2003,9,REG,ARI,CIN,1430.8475,1427.5756,42.2,0.5651,1,1439.5461,1418.877
2003,9,REG,SEA,PIT,1522.4809,1509.775,42.2,0.5784,1,1530.9136,1501.3423
2003,9,REG,ATL,PHI,1463.2761,1567.2279,42.2,0.4121,0,1455.035,1575.469
2003,9,REG,DAL,WAS,1487.2353,1490.2039,42.2,0.5562,1,1496.1109,1481.3283
2003,9,REG,SF,LA,1505.7683,1555.9391,42.2,0.4885,1,1515.9977,1545.7097
2003,9,REG,MIN,GB,1528.9998,1533.8339,42.2,0.5536,0,1517.9285,1544.9052
2003,9,REG,DEN,NE,1529.0319,1573.4033,42.2,0.4969,0,1519.0944,1583.3408
2003,10,REG,CAR,TB,1502.0137,1563.0795,42.2,0.4729,1,1512.5562,1552.537
2003,10,REG,CIN,HOU,1418.877,1451.1121,42.2,0.5143,1,1428.5903,1441.3988
2003,10,REG,DET,CHI,1401.1171,1460.7526,42.2,0.4749,1,1411.6185,1450.2512
2003,10,REG,JAX,IND,1423.412,1570.1896,42.2,0.3539,1,1436.3343,1557.2673
2003,10,REG,KC,CLE,1573.8591,1476.8296,42.2,0.6903,1,1580.0533,1470.6354
2003,10,REG,NYG,ATL,1524.183,1455.035,42.2,0.655,0,1511.0835,1468.1345
2003,10,REG,PIT,ARI,1501.3423,1439.5461,42.2,0.6453,1,1508.4354,1432.453
2003,10,REG,TEN,MIA,1582.7682,1541.8172,42.2,0.6174,1,1590.4196,1534.1658
2003,10,REG,WAS,SEA,1481.3283,1530.9136,42.2,0.4894,1,1491.5408,1520.7011
2003,10,REG,LAC,MIN,1424.0401,1517.9285,42.2,0.4262,1,1435.5169,1506.4517
2003,10,REG,DAL,BUF,1496.1109,1489.8026,42.2,0.5694,1,1504.7237,1481.1898
2003,10,REG,LV,NYJ,1506.6335,1489.8062,42.2,0.5841,0,1494.9507,1501.489
2003,10,REG,LA,BAL,1545.7097,1525.4767,42.2,0.5889,1,1553.9318,1517.2546
2003,10,REG,GB,PHI,1544.9052,1575.469,42.2,0.5167,0,1534.5704,1585.8038
2003,11,REG,BUF,HOU,1481.1898,1441.3988,42.2,0.6159,0,1468.8728,1453.7158
2003,11,REG,CAR,WAS,1512.5562,1491.5408,42.2,0.59,1,1520.7565,1483.3405
2003,11,REG,CHI,LA,1450.2512,1553.9318,42.2,0.4124,0,1442.0025,1562.1805
2003,11,REG,CIN,KC,1428.5903,1580.0533,42.2,0.3477,1,1441.6354,1567.0082
2003,11,REG,CLE,ARI,1470.6354,1432.453,42.2,0.6137,1,1478.3622,1424.7262
2003,11,REG,MIA,BAL,1534.1658,1517.2546,42.2,0.5843,1,1542.4807,1508.9397
2003,11,REG,NO,ATL,1495.2667,1468.1345,42.2,0.5985,1,1503.2972,1460.104
2003,11,REG,PHI,NYG,1585.8038,1511.0835,42.2,0.6622,1,1592.5601,1504.3272
2003,11,REG,TEN,JAX,1590.4196,1436.3343,42.2,0.7558,1,1595.3032,1431.4507
2003,11,REG,DEN,LAC,1519.0944,1435.5169,42.2,0.6735,1,1525.6245,1428.9868
2003,11,REG,IND,NYJ,1557.2673,1501.489,42.2,0.6374,1,1564.5197,1494.2366
2003,11,REG,LV,MIN,1494.9507,1506.4517,42.2,0.5441,1,1504.0694,1497.333
2003,11,REG,SEA,DET,1520.7011,1411.6185,42.2,0.7049,1,1526.6026,1405.717
2003,11,REG,TB,GB,1552.537,1534.5704,42.2,0.5857,0,1540.8224,1546.285
2003,11,REG,NE,DAL,1583.3408,1504.7237,42.2,0.6672,1,1589.9971,1498.0674
2003,11,REG,SF,PIT,1515.9977,1508.4354,42.2,0.5711,1,1524.5751,1499.858
2003,12,REG,BAL,SEA,1508.9397,1526.6026,42.2,0.5353,1,1518.2346,1517.3077
2003,12,REG,BUF,IND,1468.8728,1564.5197,42.2,0.4237,0,1460.3991,1572.9934
2003,12,REG,CLE,PIT,1478.3622,1499.858,42.2,0.5298,0,1467.767,1510.4532
2003,12,REG,DAL,CAR,1498.0674,1520.7565,42.2,0.528,1,1507.5064,1511.3175
2003,12,REG,GB,SF,1546.285,1524.5751,42.2,0.591,1,1554.466,1516.3941
2003,12,REG,HOU,NE,1453.7158,1589.9971,42.2,0.3678,0,1446.3594,1597.3535
2003,12,REG,MIN,DET,1497.333,1405.717,42.2,0.6836,1,1503.6613,1399.3887
2003,12,REG,NYJ,JAX,1494.2366,1431.4507,42.2,0.6467,1,1501.3036,1424.3837
2003,12,REG,PHI,NO,1592.5601,1503.2972,42.2,0.6807,1,1598.9471,1496.9102
2003,12,REG,ARI,LA,1424.7262,1562.1805,42.2,0.3663,0,1417.4012,1569.5055
2003,12,REG,DEN,CHI,1525.6245,1442.0025,42.2,0.6736,0,1512.1535,1455.4735
2003,12,REG,ATL,TEN,1460.104,1595.3032,42.2,0.3693,0,1452.7186,1602.6886
2003,12,REG,KC,LV,1567.0082,1504.0694,42.2,0.6469,1,1574.0712,1497.0064
2003,12,REG,LAC,CIN,1428.9868,1441.6354,42.2,0.5424,0,1418.1383,1452.4839
2003,12,REG,MIA,WAS,1542.4807,1483.3405,42.2,0.6418,1,1549.6439,1476.1773
2003,12,REG,TB,NYG,1540.8224,1504.3272,42.2,0.6114,1,1548.5953,1496.5543
2003,13,REG,DET,GB,1399.3887,1554.466,42.2,0.343,1,1412.5279,1541.3268
2003,13,REG,DAL,MIA,1507.5064,1549.6439,42.2,0.5001,0,1497.5046,1559.6457
2003,13,REG,BAL,SF,1518.2346,1516.3941,42.2,0.563,1,1526.9738,1507.6549
2003,13,REG,CAR,PHI,1511.3175,1598.9471,42.2,0.435,0,1502.6177,1607.6469
2003,13,REG,CHI,ARI,1455.4735,1417.4012,42.2,0.6135,1,1463.2033,1409.6714
2003,13,REG,HOU,ATL,1446.3594,1452.7186,42.2,0.5514,1,1455.3315,1443.7465
2003,13,REG,IND,NE,1572.9934,1597.3535,42.2,0.5257,0,1562.4804,1607.8665
2003,13,REG,NYG,BUF,1496.5543,1460.3991,42.2,0.6109,0,1484.3365,1472.6169
2003,13,REG,PIT,CIN,1510.4532,1452.4839,42.2,0.6403,0,1497.6474,1465.2897
2003,13,REG,LA,MIN,1569.5055,1503.6613,42.2,0.6507,1,1576.4923,1496.6745
2003,13,REG,WAS,NO,1476.1773,1496.9102,42.2,0.5309,0,1465.5602,1507.5273
2003,13,REG,LV,DEN,1497.0064,1512.1535,42.2,0.5389,0,1486.2293,1522.9306
2003,13,REG,LAC,KC,1418.1383,1574.0712,42.2,0.3419,0,1411.2997,1580.9098
2003,13,REG,SEA,CLE,1517.3077,1467.767,42.2,0.629,1,1524.7269,1460.3478
2003,13,REG,JAX,TB,1424.3837,1548.5953,42.2,0.3841,1,1436.7013,1536.2777
2003,13,REG,NYJ,TEN,1501.3036,1602.6886,42.2,0.4156,1,1512.9908,1591.0014
2003,14,REG,BAL,CIN,1526.9738,1465.2897,42.2,0.6452,1,1534.0698,1458.1937
2003,14,REG,DET,LAC,1412.5279,1411.2997,42.2,0.5622,0,1401.2844,1422.5432
2003,14,REG,GB,CHI,1541.3268,1463.2033,42.2,0.6666,1,1547.9957,1456.5344
2003,14,REG,JAX,HOU,1436.7013,1455.3315,42.2,0.5339,1,1446.0239,1446.0089
2003,14,REG,MIN,SEA,1496.6745,1524.7269,42.2,0.5203,1,1506.2675,1515.1339
2003,14,REG,NO,TB,1507.5273,1536.2777,42.2,0.5193,0,1497.1404,1546.6646
2003,14,REG,NYG,WAS,1484.3365,1465.5602,42.2,0.5869,0,1472.5993,1477.2974
2003,14,REG,PHI,DAL,1607.6469,1497.5046,42.2,0.7062,1,1613.5231,1491.6284
2003,14,REG,PIT,LV,1497.6474,1486.2293,42.2,0.5766,1,1506.1163,1477.7604
2003,14,REG,TEN,IND,1591.0014,1562.4804,42.2,0.6004,0,1578.9935,1574.4883
2003,14,REG,SF,ARI,1507.6549,1409.6714,42.2,0.6915,1,1513.8257,1403.5006
2003,14,REG,BUF,NYJ,1472.6169,1512.9908,42.2,0.5026,1,1482.5643,1503.0434
2003,14,REG,DEN,KC,1522.9306,1580.9098,42.2,0.4773,1,1533.3844,1570.456
2003,14,REG,NE,MIA,1607.8665,1559.6457,42.2,0.6273,1,1615.3212,1552.191
2003,14,REG,ATL,CAR,1443.7465,1502.6177,42.2,0.476,1,1454.226,1492.1382
2003,14,REG,CLE,LA,1460.3478,1576.4923,42.2,0.3952,0,1452.4445,1584.3956
2003,15,REG,CHI,MIN,1456.5344,1506.2675,42.2,0.4892,1,1466.7512,1496.0507
2003,15,REG,CIN,SF,1458.1937,1513.8257,42.2,0.4807,1,1468.5801,1503.4393
2003,15,REG,IND,ATL,1574.4883,1454.226,42.2,0.7181,1,1580.1257,1448.5886
2003,15,REG,KC,DET,1570.456,1401.2844,42.2,0.7715,1,1575.0262,1396.7142
2003,15,REG,NE,JAX,1615.3212,1446.0239,42.2,0.7716,1,1619.8888,1441.4563
2003,15,REG,NYJ,PIT,1503.0434,1506.1163,42.2,0.5561,1,1511.922,1497.2377
2003,15,REG,LA,SEA,1584.3956,1515.1339,42.2,0.6551,1,1591.2932,1508.2363
2003,15,REG,TB,HOU,1546.6646,1446.0089,42.2,0.6947,1,1552.7699,1439.9036
2003,15,REG,TEN,BUF,1578.9935,1482.5643,42.2,0.6895,1,1585.2025,1476.3553
2003,15,REG,DEN,CLE,1533.3844,1452.4445,42.2,0.6701,1,1539.9815,1445.8474
2003,15,REG,LV,BAL,1477.7604,1534.0698,42.2,0.4797,1,1488.1663,1523.6639
2003,15,REG,ARI,CAR,1403.5006,1492.1382,42.2,0.4336,0,1394.8293,1500.8095
2003,15,REG,LAC,GB,1422.5432,1547.9957,42.2,0.3824,0,1414.8946,1555.6443
2003,15,REG,WAS,DAL,1477.2974,1491.6284,42.2,0.54,0,1466.497,1502.4288
2003,15,REG,NO,NYG,1497.1404,1472.5993,42.2,0.5949,1,1505.2427,1464.497
2003,15,REG,MIA,PHI,1552.191,1613.5231,42.2,0.4725,0,1542.7411,1622.973
2003,16,REG,TB,ATL,1552.7699,1448.5886,42.2,0.699,0,1538.7895,1462.569
2003,16,REG,MIN,KC,1496.0507,1575.0262,42.2,0.4473,1,1507.1052,1563.9717
2003,16,REG,NYJ,NE,1511.922,1619.8888,42.2,0.4065,0,1503.7926,1628.0182
2003,16,REG,BUF,MIA,1476.3553,1542.7411,42.2,0.4652,0,1467.0503,1552.0461
2003,16,REG,CAR,DET,1500.8095,1396.7142,42.2,0.6989,1,1506.8312,1390.6925
2003,16,REG,CHI,WAS,1466.7512,1466.497,42.2,0.5608,1,1475.5353,1457.7129
2003,16,REG,CLE,BAL,1445.8474,1523.6639,42.2,0.4489,0,1436.8689,1532.6424
2003,16,REG,DAL,NYG,1502.4288,1464.497,42.2,0.6133,1,1510.1625,1456.7633
2003,16,REG,HOU,TEN,1439.9036,1585.2025,42.2,0.3558,0,1432.7869,1592.3192
2003,16,REG,JAX,NO,1441.4563,1505.2427,42.2,0.469,1,1452.0768,1494.6222
2003,16,REG,LA,CIN,1591.2932,1468.5801,42.2,0.721,1,1596.8736,1462.9997
2003,16,REG,PIT,LAC,1497.2377,1414.8946,42.2,0.6719,1,1503.7991,1408.3332
2003,16,REG,PHI,SF,1622.973,1503.4393,42.2,0.7173,0,1608.6274,1517.7849
2003,16,REG,SEA,ARI,1508.2363,1394.8293,42.2,0.7101,1,1514.0348,1389.0308
2003,16,REG,IND,DEN,1580.1257,1539.9815,42.2,0.6163,0,1567.799,1552.3082
2003,16,REG,LV,GB,1488.1663,1555.6443,42.2,0.4637,0,1478.8926,1564.918
2003,17,REG,NE,BUF,1628.0182,1467.0503,42.2,0.7631,1,1632.757,1462.3115
2003,17,REG,SF,SEA,1517.7849,1514.0348,42.2,0.5657,0,1506.47,1525.3497
2003,17,REG,WAS,PHI,1457.7129,1608.6274,42.2,0.3485,0,1450.7437,1615.5966
2003,17,REG,ATL,JAX,1462.569,1452.0768,42.2,0.5753,1,1471.0639,1443.5819
2003,17,REG,CIN,CLE,1462.9997,1436.8689,42.2,0.5971,0,1451.058,1448.8106
2003,17,REG,DET,LA,1390.6925,1596.8736,42.2,0.2801,1,1405.0904,1582.4757
2003,17,REG,HOU,IND,1432.7869,1567.799,42.2,0.3695,0,1425.3965,1575.1894
2003,17,REG,KC,CHI,1563.9717,1475.5353,42.2,0.6796,1,1570.3794,1469.1276
2003,17,REG,MIA,NYJ,1552.0461,1503.7926,42.2,0.6273,1,1559.4999,1496.3388
2003,17,REG,NO,DAL,1494.6222,1510.1625,42.2,0.5383,1,1503.8564,1500.9283
2003,17,REG,TEN,TB,1592.3192,1538.7895,42.2,0.6344,1,1599.6315,1531.4772
2003,17,REG,ARI,MIN,1389.0308,1507.1052,42.2,0.3925,1,1401.1806,1494.9554
2003,17,REG,NYG,CAR,1456.7633,1506.8312,42.2,0.4887,0,1446.9897,1516.6048
2003,17,REG,GB,DEN,1564.918,1552.3082,42.2,0.5782,1,1573.3534,1543.8728
2003,17,REG,LAC,LV,1408.3332,1478.8926,42.2,0.4593,1,1419.1476,1468.0782
2003,17,REG,BAL,PIT,1532.6424,1503.7991,42.2,0.6008,1,1540.6256,1495.8159
2003,18,WC,BAL,TEN,1540.6256,1599.6315,42.2,0.4758,0,1529.2056,1611.0515
2003,18,WC,CAR,DAL,1516.6048,1500.9283,42.2,0.5825,1,1526.6241,1490.909
2003,18,WC,GB,SEA,1573.3534,1525.3497,42.2,0.627,1,1582.306,1516.3971
2003,18,WC,IND,DEN,1575.1894,1543.8728,42.2,0.6042,1,1584.6875,1534.3747
2003,19,DIV,LA,CAR,1582.4757,1526.6241,42.2,0.6375,0,1567.1763,1541.9235
2003,19,DIV,NE,TEN,1632.757,1611.0515,42.2,0.5909,1,1642.5743,1601.2342
2003,19,DIV,KC,IND,1570.3794,1584.6875,42.2,0.5401,0,1557.4181,1597.6488
2003,19,DIV,PHI,GB,1615.5966,1582.306,42.2,0.607,1,1625.0295,1572.8731
2003,20,CON,NE,IND,1642.5743,1597.6488,42.2,0.6228,1,1651.6266,1588.5965
2003,20,CON,PHI,CAR,1625.0295,1541.9235,42.2,0.6729,0,1608.88,1558.073
2003,21,SB,NE,CAR,1651.6266,1558.073,0.0,0.6315,1,1660.4713,1549.2283
2004,1,REG,NE,IND,1609.1658,1561.0097,42.2,0.6272,1,1616.6222,1553.5533
2004,1,REG,MIA,TEN,1541.5149,1569.4769,42.2,0.5205,0,1531.1053,1579.8865
2004,1,REG,BUF,JAX,1476.3987,1463.8499,42.2,0.5781,0,1464.8358,1475.4128
2004,1,REG,CHI,DET,1480.9655,1438.0606,42.2,0.6201,0,1468.5638,1450.4623
2004,1,REG,CLE,BAL,1467.3531,1521.2178,42.2,0.4832,1,1477.6887,1510.8822
2004,1,REG,HOU,LAC,1451.6657,1447.4789,42.2,0.5664,0,1440.3385,1458.8061
2004,1,REG,NO,SEA,1504.2338,1512.6361,42.2,0.5485,0,1493.2641,1523.6058
2004,1,REG,NYJ,CIN,1499.197,1468.8589,42.2,0.6029,1,1507.139,1460.9169
2004,1,REG,PIT,LV,1498.8467,1480.2624,42.2,0.5866,1,1507.1148,1471.9943
2004,1,REG,LA,ARI,1546.6581,1435.441,42.2,0.7075,1,1552.5087,1429.5904
2004,1,REG,WAS,TB,1468.6483,1522.7397,42.2,0.4829,1,1478.9904,1512.3976
2004,1,REG,MIN,DAL,1498.2701,1495.559,42.2,0.5643,1,1506.9846,1486.8445
2004,1,REG,PHI,NYG,1574.5996,1466.1331,42.2,0.7042,1,1580.5159,1460.2168
2004,1,REG,SF,ATL,1505.9849,1482.2628,42.2,0.5937,0,1494.11,1494.1377
2004,1,REG,DEN,KC,1524.681,1540.1201,42.2,0.5384,1,1533.9123,1530.8888
2004,1,REG,CAR,GB,1534.633,1550.475,42.2,0.5379,0,1523.8758,1561.2322
2004,2,REG,ATL,LA,1494.1377,1552.5087,42.2,0.4767,1,1504.6028,1542.0436
2004,2,REG,BAL,PIT,1510.8822,1507.1148,42.2,0.5658,1,1519.5668,1498.4302
2004,2,REG,DET,HOU,1450.4623,1440.3385,42.2,0.5747,1,1458.9676,1431.8332
2004,2,REG,GB,CHI,1561.2322,1468.5638,42.2,0.6849,0,1547.5343,1482.2617
2004,2,REG,JAX,DEN,1475.4128,1533.9123,42.2,0.4766,1,1485.8816,1523.4435
2004,2,REG,KC,CAR,1530.8888,1523.8758,42.2,0.5704,0,1519.4817,1535.2829
2004,2,REG,NO,SF,1493.2641,1494.11,42.2,0.5592,1,1502.0794,1485.2947
2004,2,REG,NYG,WAS,1460.2168,1478.9904,42.2,0.5337,1,1469.5436,1469.6636
2004,2,REG,TEN,IND,1579.8865,1553.5533,42.2,0.5974,0,1567.9391,1565.5007
2004,2,REG,TB,SEA,1512.3976,1523.6058,42.2,0.5445,0,1501.5079,1534.4955
2004,2,REG,ARI,NE,1429.5904,1616.6222,42.2,0.3029,0,1423.5332,1622.6794
2004,2,REG,DAL,CLE,1486.8445,1477.6887,42.2,0.5734,1,1495.377,1469.1562
2004,2,REG,LV,BUF,1471.9943,1464.8358,42.2,0.5706,1,1480.5831,1456.247
2004,2,REG,LAC,NYJ,1458.8061,1507.139,42.2,0.4912,0,1448.9826,1516.9625
2004,2,REG,CIN,MIA,1460.9169,1531.1053,42.2,0.4598,1,1471.7207,1520.3015
2004,2,REG,PHI,MIN,1580.5159,1506.9846,42.2,0.6607,1,1587.3029,1500.1976
2004,3,REG,ATL,ARI,1504.6028,1423.5332,42.2,0.6703,1,1511.1966,1416.9394
2004,3,REG,CIN,BAL,1471.7207,1519.5668,42.2,0.4919,0,1461.8832,1529.4043
2004,3,REG,DET,PHI,1458.9676,1587.3029,42.2,0.3785,0,1451.3972,1594.8733
2004,3,REG,KC,HOU,1519.4817,1431.8332,42.2,0.6786,0,1505.9092,1445.4057
2004,3,REG,MIN,CHI,1500.1976,1482.2617,42.2,0.5857,1,1508.4838,1473.9755
2004,3,REG,NYG,CLE,1469.5436,1469.1562,42.2,0.561,1,1478.3239,1460.3759
2004,3,REG,LA,NO,1542.0436,1502.0794,42.2,0.6161,0,1529.7218,1514.4012
2004,3,REG,TEN,JAX,1567.9391,1485.8816,42.2,0.6716,0,1554.5077,1499.313
2004,3,REG,DEN,LAC,1523.4435,1448.9826,42.2,0.6619,1,1530.2065,1442.2196
2004,3,REG,IND,GB,1565.5007,1547.5343,42.2,0.5857,1,1573.7861,1539.2489
2004,3,REG,SEA,SF,1534.4955,1485.2947,42.2,0.6286,1,1541.9238,1477.8664
2004,3,REG,MIA,PIT,1520.3015,1498.4302,42.2,0.5912,0,1508.478,1510.2537
2004,3,REG,LV,TB,1480.5831,1501.5079,42.2,0.5306,1,1489.9715,1492.1195
2004,3,REG,WAS,DAL,1469.6636,1495.377,42.2,0.5237,0,1459.1894,1505.8512
2004,4,REG,BUF,NE,1456.247,1622.6794,42.2,0.3285,0,1449.6777,1629.2487
2004,4,REG,CHI,PHI,1473.9755,1594.8733,42.2,0.3886,0,1466.2026,1602.6462
2004,4,REG,CLE,WAS,1460.3759,1459.1894,42.2,0.5621,1,1469.1336,1450.4317
2004,4,REG,GB,NYG,1539.2489,1478.3239,42.2,0.6442,0,1526.3649,1491.2079
2004,4,REG,HOU,LV,1445.4057,1489.9715,42.2,0.4966,1,1455.4738,1479.9034
2004,4,REG,JAX,IND,1499.313,1573.7861,42.2,0.4537,0,1490.2392,1582.8599
2004,4,REG,PIT,CIN,1510.2537,1461.8832,42.2,0.6275,1,1517.7044,1454.4325
2004,4,REG,ARI,NO,1416.9394,1514.4012,42.2,0.4211,1,1428.5167,1502.8239
2004,4,REG,CAR,ATL,1535.2829,1511.1966,42.2,0.5943,0,1523.3978,1523.0817
2004,4,REG,MIA,NYJ,1508.478,1516.9625,42.2,0.5484,0,1497.5106,1527.9299
2004,4,REG,LAC,TEN,1442.2196,1554.5077,42.2,0.4005,1,1454.21,1542.5173
2004,4,REG,TB,DEN,1492.1195,1530.2065,42.2,0.5059,0,1482.0011,1540.3249
2004,4,REG,SF,LA,1477.8664,1529.7218,42.2,0.4861,0,1468.1442,1539.444
2004,4,REG,BAL,KC,1529.4043,1505.9092,42.2,0.5934,0,1517.5357,1517.7778
2004,5,REG,ATL,DET,1523.0817,1451.3972,42.2,0.6583,0,1509.9164,1464.5625
2004,5,REG,DAL,NYG,1505.8512,1491.2079,42.2,0.5811,0,1494.2296,1502.8295
2004,5,REG,HOU,MIN,1455.4738,1508.4838,42.2,0.4844,0,1445.7848,1518.1728
2004,5,REG,IND,LV,1582.8599,1479.9034,42.2,0.6975,1,1588.9092,1473.8541
2004,5,REG,NE,MIA,1629.2487,1497.5106,42.2,0.7313,1,1634.6225,1492.1368
2004,5,REG,NO,TB,1502.8239,1482.0011,42.2,0.5897,0,1491.0296,1493.7954
2004,5,REG,PIT,CLE,1517.7044,1469.1336,42.2,0.6277,1,1525.1497,1461.6883
2004,5,REG,NYJ,BUF,1527.9299,1449.6777,42.2,0.6667,1,1534.5955,1443.0121
2004,5,REG,LAC,JAX,1454.21,1490.2392,42.2,0.5089,1,1464.0324,1480.4168
2004,5,REG,DEN,CAR,1540.3249,1523.3978,42.2,0.5843,1,1548.6393,1515.0834
2004,5,REG,SEA,LA,1541.9238,1539.444,42.2,0.5639,0,1530.6449,1550.7229
2004,5,REG,SF,ARI,1468.1442,1428.5167,42.2,0.6156,1,1475.8316,1420.8293
2004,5,REG,WAS,BAL,1450.4317,1517.5357,42.2,0.4642,0,1441.1473,1526.8201
2004,5,REG,GB,TEN,1526.3649,1542.5173,42.2,0.5374,0,1515.6166,1553.2656
2004,6,REG,ATL,LAC,1509.9164,1464.0324,42.2,0.6241,1,1517.4341,1456.5147
2004,6,REG,BUF,MIA,1443.0121,1492.1368,42.2,0.49,1,1453.2114,1481.9375
2004,6,REG,CHI,WAS,1466.2026,1441.1473,42.2,0.5956,0,1454.2907,1453.0592
2004,6,REG,CLE,CIN,1461.6883,1454.4325,42.2,0.5707,1,1470.2744,1445.8464
2004,6,REG,DET,GB,1464.5625,1515.6166,42.2,0.4873,0,1454.8173,1525.3618
2004,6,REG,JAX,KC,1480.4168,1517.7778,42.2,0.507,1,1490.2775,1507.9171
2004,6,REG,NE,SEA,1634.6225,1530.6449,42.2,0.6988,1,1640.647,1524.6204
2004,6,REG,NYJ,SF,1534.5955,1475.8316,42.2,0.6413,1,1541.7687,1468.6584
2004,6,REG,PHI,CAR,1602.6462,1515.0834,42.2,0.6785,1,1609.0758,1508.6538
2004,6,REG,TEN,HOU,1553.2656,1445.7848,42.2,0.703,0,1539.2056,1459.8448
2004,6,REG,DAL,PIT,1494.2296,1525.1497,42.2,0.5162,0,1483.9051,1535.4742
2004,6,REG,LV,DEN,1473.8541,1548.6393,42.2,0.4532,0,1464.7892,1557.7042
2004,6,REG,NO,MIN,1491.0296,1518.1728,42.2,0.5217,0,1480.5965,1528.6059
2004,6,REG,LA,TB,1550.7229,1493.7954,42.2,0.6389,1,1557.9448,1486.5735
2004,7,REG,BAL,BUF,1526.8201,1453.2114,42.2,0.6608,1,1533.6051,1446.4264
2004,7,REG,CAR,LAC,1508.6538,1456.5147,42.2,0.6325,0,1496.0033,1469.1652
2004,7,REG,CLE,PHI,1470.2744,1609.0758,42.2,0.3645,0,1462.9853,1616.3649
2004,7,REG,IND,JAX,1588.9092,1490.2775,42.2,0.6923,0,1575.0641,1504.1226
2004,7,REG,KC,ATL,1507.9171,1517.4341,42.2,0.5469,1,1516.9792,1508.372
2004,7,REG,MIA,LA,1481.9375,1557.9448,42.2,0.4515,1,1492.9075,1546.9748
2004,7,REG,MIN,TEN,1528.6059,1539.2056,42.2,0.5454,1,1537.6989,1530.1126
2004,7,REG,NYG,DET,1502.8295,1454.8173,42.2,0.627,0,1490.2898,1467.357
2004,7,REG,TB,CHI,1486.5735,1454.2907,42.2,0.6056,1,1494.462,1446.4022
2004,7,REG,NE,NYJ,1640.647,1541.7687,42.2,0.6926,1,1646.7958,1535.6199
2004,7,REG,ARI,SEA,1420.8293,1524.6204,42.2,0.4123,1,1432.5837,1512.866
2004,7,REG,GB,DAL,1525.3618,1483.9051,42.2,0.6181,1,1532.9994,1476.2675
2004,7,REG,LV,NO,1464.7892,1480.5965,42.2,0.5379,0,1454.031,1491.3547
2004,7,REG,CIN,DEN,1445.8464,1557.7042,42.2,0.4011,1,1457.8249,1545.7257
2004,8,REG,BUF,ARI,1446.4264,1432.5837,42.2,0.58,1,1454.8272,1424.1829
2004,8,REG,DAL,DET,1476.2675,1467.357,42.2,0.573,1,1484.8069,1458.8176
2004,8,REG,HOU,JAX,1459.8448,1504.1226,42.2,0.497,1,1469.9046,1494.0628
2004,8,REG,KC,IND,1516.9792,1575.0641,42.2,0.4772,1,1527.4361,1564.6072
2004,8,REG,MIN,NYG,1537.6989,1490.2898,42.2,0.6262,0,1525.1754,1502.8133
2004,8,REG,PHI,BAL,1616.3649,1533.6051,42.2,0.6725,1,1622.9157,1527.0543
2004,8,REG,TEN,CIN,1530.1126,1457.8249,42.2,0.659,1,1536.9317,1451.0058
2004,8,REG,WAS,GB,1453.0592,1532.9994,42.2,0.4459,0,1444.1412,1541.9174
2004,8,REG,DEN,ATL,1545.7257,1508.372,42.2,0.6125,0,1533.4752,1520.6225
2004,8,REG,SEA,CAR,1512.866,1496.0033,42.2,0.5842,1,1521.1822,1487.6871
2004,8,REG,PIT,NE,1535.4742,1646.7958,42.2,0.4018,1,1547.4378,1634.8322
2004,8,REG,LAC,LV,1469.1652,1454.031,42.2,0.5818,1,1477.5298,1445.6664
2004,8,REG,CHI,SF,1446.4022,1468.6584,42.2,0.5287,1,1455.8288,1459.2318
2004,8,REG,NYJ,MIA,1535.6199,1492.9075,42.2,0.6198,1,1543.2234,1485.304
2004,9,REG,BUF,NYJ,1454.8272,1543.2234,42.2,0.4339,1,1466.1491,1531.9015
2004,9,REG,CAR,LV,1487.6871,1445.6664,42.2,0.6189,0,1475.3094,1458.0441
2004,9,REG,CIN,DAL,1451.0058,1484.8069,42.2,0.5121,1,1460.7641,1475.0486
2004,9,REG,DET,WAS,1458.8176,1444.1412,42.2,0.5811,0,1447.195,1455.7638
2004,9,REG,MIA,ARI,1485.304,1424.1829,42.2,0.6445,0,1472.4149,1437.072
2004,9,REG,PIT,PHI,1547.4378,1622.9157,42.2,0.4523,1,1558.3927,1611.9608
2004,9,REG,TB,KC,1494.462,1527.4361,42.2,0.5133,1,1504.1965,1517.7016
2004,9,REG,NYG,CHI,1502.8133,1455.8288,42.2,0.6256,0,1490.3013,1468.3408
2004,9,REG,LAC,NO,1477.5298,1491.3547,42.2,0.5407,1,1486.7149,1482.1696
2004,9,REG,SF,SEA,1459.2318,1521.1822,42.2,0.4716,0,1449.7997,1530.6143
2004,9,REG,DEN,HOU,1533.4752,1469.9046,42.2,0.6477,1,1540.5216,1462.8582
2004,9,REG,LA,NE,1546.9748,1634.8322,42.2,0.4347,0,1538.2814,1643.5256
2004,9,REG,BAL,CLE,1527.0543,1462.9853,42.2,0.6483,1,1534.0876,1455.952
2004,9,REG,IND,MIN,1564.6072,1525.1754,42.2,0.6154,1,1572.2999,1517.4827
2004,10,REG,ATL,TB,1520.6225,1504.1965,42.2,0.5836,1,1528.9509,1495.8681
2004,10,REG,CLE,PIT,1455.952,1558.3927,42.2,0.4142,0,1447.6687,1566.676
2004,10,REG,IND,HOU,1572.2999,1462.8582,42.2,0.7054,1,1578.1928,1456.9653
2004,10,REG,JAX,DET,1494.0628,1447.195,42.2,0.6254,1,1501.5539,1439.7039
2004,10,REG,NO,KC,1482.1696,1517.7016,42.2,0.5096,1,1491.9777,1507.8935
2004,10,REG,NYJ,BAL,1531.9015,1534.0876,42.2,0.5573,0,1520.7549,1545.2342
2004,10,REG,LA,SEA,1538.2814,1530.6143,42.2,0.5713,1,1546.8559,1522.0398
2004,10,REG,TEN,CHI,1536.9317,1468.3408,42.2,0.6542,0,1523.8467,1481.4258
2004,10,REG,WAS,CIN,1455.7638,1460.7641,42.2,0.5533,0,1444.6972,1471.8307
2004,10,REG,ARI,NYG,1437.072,1490.3013,42.2,0.4841,1,1447.3893,1479.984
2004,10,REG,GB,MIN,1541.9174,1517.4827,42.2,0.5947,1,1550.0227,1509.3774
2004,10,REG,SF,CAR,1449.7997,1475.3094,42.2,0.524,0,1439.3197,1485.7894
2004,10,REG,NE,BUF,1643.5256,1466.1491,42.2,0.7797,1,1647.9314,1461.7433
2004,10,REG,DAL,PHI,1475.0486,1611.9608,42.2,0.367,0,1467.7091,1619.3003
2004,11,REG,BAL,DAL,1545.2342,1467.7091,42.2,0.6658,1,1551.9185,1461.0248
2004,11,REG,BUF,LA,1461.7433,1546.8559,42.2,0.4386,1,1472.9722,1535.627
2004,11,REG,CAR,ARI,1485.7894,1447.3893,42.2,0.614,1,1493.5103,1439.6684
2004,11,REG,CHI,IND,1481.4258,1578.1928,42.2,0.4221,0,1472.9836,1586.635
2004,11,REG,CIN,PIT,1471.8307,1566.676,42.2,0.4248,0,1463.3345,1575.1722
2004,11,REG,CLE,NYJ,1447.6687,1520.7549,42.2,0.4557,0,1438.5553,1529.8683
2004,11,REG,JAX,TEN,1501.5539,1523.8467,42.2,0.5286,0,1490.9816,1534.419
2004,11,REG,MIN,DET,1509.3774,1439.7039,42.2,0.6557,1,1516.2643,1432.817
2004,11,REG,NO,DEN,1491.9777,1540.5216,42.2,0.4909,0,1482.1603,1550.339
2004,11,REG,TB,SF,1495.8681,1439.3197,42.2,0.6384,1,1503.1,1432.0878
2004,11,REG,LV,LAC,1458.0441,1486.7149,42.2,0.5195,0,1447.6549,1497.1041
2004,11,REG,SEA,MIA,1522.0398,1472.4149,42.2,0.6292,1,1529.4567,1464.998
2004,11,REG,NYG,ATL,1479.984,1528.9509,42.2,0.4903,0,1470.1787,1538.7562
2004,11,REG,PHI,WAS,1619.3003,1444.6972,42.2,0.777,1,1623.7612,1440.2363
2004,11,REG,HOU,GB,1456.9653,1550.0227,42.2,0.4273,0,1448.4187,1558.5693
2004,11,REG,KC,NE,1507.8935,1647.9314,42.2,0.3628,0,1500.6374,1655.1875
2004,12,REG,DET,IND,1432.817,1586.635,42.2,0.3447,0,1425.9235,1593.5285
2004,12,REG,DAL,CHI,1461.0248,1472.9836,42.2,0.5434,1,1470.1566,1463.8518
2004,12,REG,CAR,TB,1493.5103,1503.1,42.2,0.5468,1,1502.5744,1494.0359
2004,12,REG,CIN,CLE,1463.3345,1438.5553,42.2,0.5952,1,1471.4302,1430.4596
2004,12,REG,HOU,TEN,1448.4187,1534.419,42.2,0.4373,1,1459.6727,1523.165
2004,12,REG,KC,LAC,1500.6374,1497.1041,42.2,0.5654,0,1489.3286,1508.4129
2004,12,REG,MIN,JAX,1516.2643,1490.9816,42.2,0.5959,1,1524.3461,1482.8998
2004,12,REG,NYG,PHI,1470.1787,1623.7612,42.2,0.345,0,1463.2791,1630.6608
2004,12,REG,PIT,WAS,1575.1722,1440.2363,42.2,0.7349,1,1580.474,1434.9345
2004,12,REG,ATL,NO,1538.7562,1482.1603,42.2,0.6385,1,1545.9869,1474.9296
2004,12,REG,ARI,NYJ,1439.6684,1529.8683,42.2,0.4314,0,1431.0412,1538.4955
2004,12,REG,NE,BAL,1655.1875,1551.9185,42.2,0.6979,1,1661.2292,1545.8768
2004,12,REG,SEA,BUF,1529.4567,1472.9722,42.2,0.6383,0,1516.6903,1485.7386
2004,12,REG,SF,MIA,1432.0878,1464.998,42.2,0.5134,0,1421.8205,1475.2653
2004,12,REG,DEN,LV,1550.339,1447.6549,42.2,0.6972,0,1536.3949,1461.599
2004,12,REG,GB,LA,1558.5693,1535.627,42.2,0.5927,1,1566.716,1527.4803
2004,13,REG,BAL,CIN,1545.8768,1471.4302,42.2,0.6618,0,1532.6401,1484.6669
2004,13,REG,CHI,MIN,1463.8518,1524.3461,42.2,0.4737,1,1474.3779,1513.82
2004,13,REG,CLE,NE,1430.4596,1661.2292,42.2,0.2525,0,1425.4102,1666.2786
2004,13,REG,DET,ARI,1425.9235,1431.0412,42.2,0.5532,1,1434.8602,1422.1045
2004,13,REG,IND,TEN,1593.5285,1523.165,42.2,0.6566,1,1600.3975,1516.296
2004,13,REG,MIA,BUF,1475.2653,1485.7386,42.2,0.5455,0,1464.3547,1496.6492
2004,13,REG,NO,CAR,1474.9296,1502.5744,42.2,0.5209,0,1464.5109,1512.9931
2004,13,REG,NYJ,HOU,1538.4955,1459.6727,42.2,0.6674,1,1545.1465,1453.0217
2004,13,REG,LA,SF,1527.4803,1421.8205,42.2,0.7008,1,1533.4641,1415.8367
2004,13,REG,TB,ATL,1494.0359,1545.9869,42.2,0.486,1,1504.3165,1535.7063
2004,13,REG,LV,KC,1461.599,1489.3286,42.2,0.5208,0,1451.1827,1499.7449
2004,13,REG,LAC,DEN,1508.4129,1536.3949,42.2,0.5204,1,1518.0039,1526.8039
2004,13,REG,PHI,GB,1630.6608,1566.716,42.2,0.6482,1,1637.6973,1559.6795
2004,13,REG,WAS,NYG,1434.9345,1463.2791,42.2,0.5199,1,1444.5359,1453.6777
2004,13,REG,JAX,PIT,1482.8998,1580.474,42.2,0.421,0,1474.4802,1588.8936
2004,13,REG,SEA,DAL,1516.6903,1470.1566,42.2,0.625,0,1504.1905,1482.6564
2004,14,REG,ATL,LV,1535.7063,1451.1827,42.2,0.6747,1,1542.2125,1444.6765
2004,14,REG,BAL,NYG,1532.6401,1453.6777,42.2,0.6676,1,1539.2876,1447.0302
2004,14,REG,BUF,CLE,1496.6492,1425.4102,42.2,0.6577,1,1503.4954,1418.564
2004,14,REG,DAL,NO,1482.6564,1464.5109,42.2,0.586,0,1470.9368,1476.2305
2004,14,REG,HOU,IND,1453.0217,1600.3975,42.2,0.3531,0,1445.9597,1607.4595
2004,14,REG,JAX,CHI,1474.4802,1474.3779,42.2,0.5606,1,1483.2686,1465.5895
2004,14,REG,MIN,SEA,1513.82,1504.1905,42.2,0.574,0,1502.3392,1515.6713
2004,14,REG,NE,CIN,1666.2786,1484.6669,42.2,0.7839,1,1670.6012,1480.3443
2004,14,REG,DEN,MIA,1526.8039,1464.3547,42.2,0.6462,1,1533.8798,1457.2788
2004,14,REG,PIT,NYJ,1588.8936,1545.1465,42.2,0.6212,1,1596.4691,1537.571
2004,14,REG,ARI,SF,1422.1045,1415.8367,42.2,0.5693,0,1410.7185,1427.2227
2004,14,REG,CAR,LA,1512.9931,1533.4641,42.2,0.5312,1,1522.3685,1524.0887
2004,14,REG,GB,DET,1559.6795,1434.8602,42.2,0.7234,1,1565.2113,1429.3284
2004,14,REG,LAC,TB,1518.0039,1504.3165,42.2,0.5797,1,1526.4091,1495.9113
2004,14,REG,WAS,PHI,1444.5359,1637.6973,42.2,0.2955,0,1438.6267,1643.6065
2004,14,REG,TEN,KC,1516.296,1499.7449,42.2,0.5838,0,1504.6209,1511.42
2004,15,REG,NYG,PIT,1447.0302,1596.4691,42.2,0.3504,0,1440.0224,1603.4769
2004,15,REG,SF,WAS,1427.2227,1438.6267,42.2,0.5442,0,1416.3386,1449.5108
2004,15,REG,ATL,CAR,1542.2125,1522.3685,42.2,0.5884,1,1550.4455,1514.1355
2004,15,REG,CHI,HOU,1465.5895,1445.9597,42.2,0.5881,0,1453.8284,1457.7208
2004,15,REG,CIN,BUF,1480.3443,1503.4954,42.2,0.5274,0,1469.7966,1514.0431
2004,15,REG,CLE,LAC,1418.564,1526.4091,42.2,0.4066,0,1410.4313,1534.5418
2004,15,REG,DET,MIN,1429.3284,1502.3392,42.2,0.4558,0,1420.2129,1511.4547
2004,15,REG,KC,DEN,1511.42,1533.8798,42.2,0.5284,1,1520.8524,1524.4474
2004,15,REG,NYJ,SEA,1537.571,1515.6713,42.2,0.5912,1,1545.7467,1507.4956
2004,15,REG,PHI,DAL,1643.6065,1470.9368,42.2,0.775,1,1648.1061,1466.4372
2004,15,REG,ARI,LA,1410.7185,1524.0887,42.2,0.399,1,1422.7388,1512.0684
2004,15,REG,TB,NO,1495.9113,1476.2305,42.2,0.5881,0,1484.1488,1487.993
2004,15,REG,GB,JAX,1565.2113,1483.2686,42.2,0.6714,0,1551.7829,1496.697
2004,15,REG,LV,TEN,1444.6765,1504.6209,42.2,0.4745,1,1455.1868,1494.1106
2004,15,REG,IND,BAL,1607.4595,1539.2876,42.2,0.6537,1,1614.3855,1532.3616
2004,15,REG,MIA,NE,1457.2788,1670.6012,42.2,0.2719,1,1471.841,1656.039
2004,16,REG,MIN,GB,1511.4547,1551.7829,42.2,0.5027,0,1501.4008,1561.8368
2004,16,REG,KC,LV,1520.8524,1455.1868,42.2,0.6504,1,1527.8438,1448.1954
2004,16,REG,TEN,DEN,1494.1106,1524.4474,42.2,0.5171,0,1483.7693,1534.7887
2004,16,REG,CIN,NYG,1469.7966,1440.0224,42.2,0.6021,1,1477.7541,1432.0649
2004,16,REG,DET,CHI,1420.2129,1453.8284,42.2,0.5124,1,1429.9659,1444.0754
2004,16,REG,IND,LAC,1614.3855,1534.5418,42.2,0.6688,1,1621.0105,1527.9168
2004,16,REG,JAX,HOU,1496.697,1457.7208,42.2,0.6147,0,1484.4022,1470.0156
2004,16,REG,NO,ATL,1487.993,1550.4455,42.2,0.4709,1,1498.5753,1539.8632
2004,16,REG,PIT,BAL,1603.4769,1532.3616,42.2,0.6575,1,1610.3263,1525.5122
2004,16,REG,NYJ,NE,1545.7467,1656.039,42.2,0.4032,0,1537.6818,1664.1039
2004,16,REG,SF,BUF,1416.3386,1514.0431,42.2,0.4208,0,1407.9227,1522.459
2004,16,REG,DAL,WAS,1466.4372,1449.5108,42.2,0.5843,1,1474.7516,1441.1964
2004,16,REG,SEA,ARI,1507.4956,1422.7388,42.2,0.675,1,1513.9959,1416.2385
2004,16,REG,TB,CAR,1484.1488,1514.1355,42.2,0.5176,0,1473.7974,1524.4869
2004,16,REG,MIA,CLE,1471.841,1410.4313,42.2,0.6448,1,1478.9442,1403.3281
2004,16,REG,LA,PHI,1512.0684,1648.1061,42.2,0.3681,1,1524.7055,1635.469
2004,17,REG,BAL,MIA,1525.5122,1478.9442,42.2,0.625,1,1533.0114,1471.445
2004,17,REG,BUF,PIT,1522.459,1610.3263,42.2,0.4347,0,1513.7659,1619.0194
2004,17,REG,CAR,NO,1524.4869,1498.5753,42.2,0.5968,0,1512.5512,1510.511
2004,17,REG,CHI,GB,1444.0754,1561.8368,42.2,0.3929,0,1436.2166,1569.6956
2004,17,REG,HOU,CLE,1470.0156,1403.3281,42.2,0.6518,0,1456.9803,1416.3634
2004,17,REG,NE,SF,1664.1039,1407.9227,42.2,0.8478,1,1667.1475,1404.8791
2004,17,REG,PHI,CIN,1635.469,1477.7541,42.2,0.7597,0,1620.2759,1492.9472
2004,17,REG,LA,NYJ,1524.7055,1537.6818,42.2,0.542,1,1533.8664,1528.5209
2004,17,REG,TEN,DET,1483.7693,1429.9659,42.2,0.6347,1,1491.0743,1422.6609
2004,17,REG,WAS,MIN,1441.1964,1501.4008,42.2,0.4741,1,1451.7141,1490.8831
2004,17,REG,ARI,TB,1416.2385,1473.7974,42.2,0.4779,1,1426.6803,1463.3556
2004,17,REG,SEA,ATL,1513.9959,1539.8632,42.2,0.5235,1,1523.5262,1530.3329
2004,17,REG,DEN,IND,1534.7887,1621.0105,42.2,0.437,1,1546.049,1609.7502
2004,17,REG,LV,JAX,1448.1954,1484.4022,42.2,0.5086,0,1438.0229,1494.5747
2004,17,REG,LAC,KC,1527.9168,1527.8438,42.2,0.5605,1,1536.7061,1519.0545
2004,17,REG,NYG,DAL,1432.0649,1474.7516,42.2,0.4993,1,1442.0789,1464.7376
2004,18,WC,SEA,LA,1523.5262,1533.8664,42.2,0.5457,0,1510.4289,1546.9637
2004,18,WC,LAC,NYJ,1536.7061,1528.5209,42.2,0.572,0,1522.978,1542.249
2004,18,WC,IND,DEN,1609.7502,1546.049,42.2,0.6479,1,1618.2017,1537.5975
2004,18,WC,GB,MIN,1569.6956,1490.8831,42.2,0.6674,0,1553.6772,1506.9015
2004,19,DIV,PIT,NYJ,1619.0194,1542.249,42.2,0.6648,1,1627.0637,1534.2047
2004,19,DIV,ATL,LA,1530.3329,1546.9637,42.2,0.5367,1,1541.4514,1535.8452
2004,19,DIV,PHI,MIN,1620.2759,1506.9015,42.2,0.71,1,1627.235,1499.9424
2004,19,DIV,NE,IND,1667.1475,1618.2017,42.2,0.6282,1,1676.0697,1609.2795
2004,20,CON,PHI,ATL,1627.235,1541.4514,42.2,0.6763,1,1635.0043,1533.6821
2004,20,CON,PIT,NE,1627.0637,1676.0697,42.2,0.4902,0,1615.2987,1687.8347
2004,21,SB,PHI,NE,1635.0043,1687.8347,0.0,0.4246,0,1624.8151,1698.0239
2005,1,REG,NE,LV,1634.326,1460.1253,42.2,0.7766,1,1638.7949,1455.6564
2005,1,REG,BUF,HOU,1510.8732,1472.8268,42.2,0.6135,1,1518.6037,1465.0963
2005,1,REG,CAR,NO,1510.0593,1508.6924,42.2,0.5624,0,1498.8119,1519.9398
2005,1,REG,CLE,CIN,1445.6135,1496.9246,42.2,0.4869,0,1435.8757,1506.6624
2005,1,REG,JAX,SEA,1498.015,1508.6374,42.2,0.5453,1,1507.1086,1499.5438
2005,1,REG,KC,NYJ,1514.4165,1524.5671,42.2,0.546,1,1523.4967,1515.4869
2005,1,REG,MIA,DEN,1482.5181,1526.8403,42.2,0.4969,1,1492.5792,1516.7792
2005,1,REG,MIN,TB,1501.6114,1477.0983,42.2,0.5948,0,1489.7145,1488.9952
2005,1,REG,PIT,TEN,1578.9001,1495.6698,42.2,0.6731,1,1585.439,1489.1309
2005,1,REG,WAS,CHI,1469.2984,1458.9151,42.2,0.5751,1,1477.7964,1450.4171
2005,1,REG,DET,GB,1449.8328,1537.6137,42.2,0.4348,1,1461.1372,1526.3093
2005,1,REG,NYG,ARI,1462.8429,1452.5258,42.2,0.575,1,1471.3427,1444.026
2005,1,REG,LAC,DAL,1517.0453,1478.0242,42.2,0.6148,0,1504.7492,1490.3203
2005,1,REG,SF,LA,1437.919,1525.6663,42.2,0.4348,1,1449.2225,1514.3628
2005,1,REG,BAL,IND,1523.7676,1574.8673,42.2,0.4872,0,1514.0237,1584.6112
2005,1,REG,ATL,PHI,1524.217,1585.2761,42.2,0.4729,1,1534.7593,1574.7338
2005,2,REG,CAR,NE,1498.8119,1638.7949,42.2,0.3629,1,1511.5543,1626.0525
2005,2,REG,CHI,DET,1450.4171,1461.1372,42.2,0.5452,1,1459.5135,1452.0408
2005,2,REG,CIN,MIN,1506.6624,1489.7145,42.2,0.5843,1,1514.9762,1481.4007
2005,2,REG,HOU,PIT,1465.0963,1585.439,42.2,0.3894,0,1457.3083,1593.227
2005,2,REG,IND,JAX,1584.6112,1507.1086,42.2,0.6658,1,1591.296,1500.4238
2005,2,REG,PHI,SF,1574.7338,1449.2225,42.2,0.7242,1,1580.2497,1443.7066
2005,2,REG,TB,BUF,1488.9952,1518.6037,42.2,0.5181,1,1498.6329,1508.966
2005,2,REG,TEN,BAL,1489.1309,1514.0237,42.2,0.5249,1,1498.6332,1504.5214
2005,2,REG,ARI,LA,1444.026,1514.3628,42.2,0.4596,0,1434.8341,1523.5547
2005,2,REG,SEA,ATL,1499.5438,1534.7593,42.2,0.5101,1,1509.3428,1524.9603
2005,2,REG,DEN,LAC,1516.7792,1504.7492,42.2,0.5774,1,1525.2309,1496.2975
2005,2,REG,GB,CLE,1526.3093,1435.8757,42.2,0.6821,0,1512.667,1449.518
2005,2,REG,NYJ,MIA,1515.4869,1492.5792,42.2,0.5926,1,1523.6346,1484.4315
2005,2,REG,LV,KC,1455.6564,1523.4967,42.2,0.4632,0,1446.3931,1532.76
2005,2,REG,DAL,WAS,1490.3203,1477.7964,42.2,0.5781,0,1478.7581,1489.3586
2005,2,REG,NO,NYG,1519.9398,1471.3427,42.2,0.6278,0,1507.3844,1483.8981
2005,3,REG,BUF,ATL,1508.966,1524.9603,42.2,0.5376,0,1498.2132,1535.7131
2005,3,REG,CHI,CIN,1459.5135,1514.9762,42.2,0.4809,0,1449.895,1524.5947
2005,3,REG,GB,TB,1512.667,1498.6329,42.2,0.5802,0,1501.0624,1510.2375
2005,3,REG,IND,CLE,1591.296,1449.518,42.2,0.7425,1,1596.4458,1444.3682
2005,3,REG,MIA,CAR,1484.4315,1511.5543,42.2,0.5217,1,1493.9978,1501.988
2005,3,REG,MIN,NO,1481.4007,1507.3844,42.2,0.5233,1,1490.9343,1497.8508
2005,3,REG,NYJ,JAX,1523.6346,1500.4238,42.2,0.593,0,1511.7739,1512.2845
2005,3,REG,PHI,LV,1580.2497,1446.3931,42.2,0.7337,1,1585.5758,1441.067
2005,3,REG,LA,TEN,1523.5547,1498.6332,42.2,0.5954,1,1531.6465,1490.5414
2005,3,REG,SEA,ARI,1509.3428,1434.8341,42.2,0.6619,1,1516.1045,1428.0724
2005,3,REG,SF,DAL,1443.7066,1478.7581,42.2,0.5103,0,1433.5009,1488.9638
2005,3,REG,PIT,NE,1593.227,1626.0525,42.2,0.5135,0,1582.9572,1636.3223
2005,3,REG,LAC,NYG,1496.2975,1483.8981,42.2,0.5779,1,1504.7388,1475.4568
2005,3,REG,DEN,KC,1525.2309,1532.76,42.2,0.5497,1,1534.2363,1523.7546
2005,4,REG,CIN,HOU,1524.5947,1457.3083,42.2,0.6525,1,1531.5438,1450.3592
2005,4,REG,JAX,DEN,1512.2845,1534.2363,42.2,0.5291,0,1501.7024,1544.8184
2005,4,REG,NE,LAC,1636.3223,1504.7388,42.2,0.7311,0,1621.6996,1519.3615
2005,4,REG,NO,BUF,1497.8508,1498.2132,42.2,0.5599,1,1506.6524,1489.4116
2005,4,REG,NYG,LA,1475.4568,1531.6465,42.2,0.4799,1,1485.8592,1521.2441
2005,4,REG,TB,DET,1510.2375,1452.0408,42.2,0.6406,1,1517.4257,1444.8526
2005,4,REG,TEN,IND,1490.5414,1596.4458,42.2,0.4093,0,1482.3547,1604.6325
2005,4,REG,WAS,SEA,1489.3586,1516.1045,42.2,0.5222,1,1498.9141,1506.549
2005,4,REG,BAL,NYJ,1504.5214,1511.7739,42.2,0.5501,1,1513.5189,1502.7764
2005,4,REG,ATL,MIN,1535.7131,1490.9343,42.2,0.6226,1,1543.2607,1483.3867
2005,4,REG,KC,PHI,1523.7546,1585.5758,42.2,0.4718,0,1514.3187,1595.0117
2005,4,REG,LV,DAL,1441.067,1488.9638,42.2,0.4918,1,1451.231,1478.7998
2005,4,REG,ARI,SF,1428.0724,1433.5009,42.2,0.5527,1,1437.018,1424.5553
2005,4,REG,CAR,GB,1501.988,1501.0624,42.2,0.5617,1,1510.7531,1492.2973
2005,5,REG,ATL,NE,1543.2607,1621.6996,42.2,0.448,0,1534.3,1630.6603
2005,5,REG,BUF,MIA,1489.4116,1493.9978,42.2,0.5539,1,1498.3332,1485.0762
2005,5,REG,CLE,CHI,1444.3682,1449.895,42.2,0.5526,1,1453.3166,1440.9466
2005,5,REG,DET,BAL,1444.8526,1513.5189,42.2,0.462,1,1455.6129,1502.7586
2005,5,REG,GB,NO,1492.2973,1506.6524,42.2,0.54,1,1501.4976,1497.4521
2005,5,REG,HOU,TEN,1450.3592,1482.3547,42.2,0.5147,0,1440.0656,1492.6483
2005,5,REG,NYJ,TB,1502.7764,1517.4257,42.2,0.5396,1,1511.9851,1508.217
2005,5,REG,LA,SEA,1521.2441,1506.549,42.2,0.5812,0,1509.621,1518.1721
2005,5,REG,SF,IND,1424.5553,1604.6325,42.2,0.3114,0,1418.3277,1610.8601
2005,5,REG,ARI,CAR,1437.018,1510.7531,42.2,0.4547,0,1427.9232,1519.8479
2005,5,REG,DAL,PHI,1478.7998,1595.0117,42.2,0.3951,1,1490.8984,1582.9131
2005,5,REG,DEN,WAS,1544.8184,1498.9141,42.2,0.6241,1,1552.3355,1491.397
2005,5,REG,JAX,CIN,1501.7024,1531.5438,42.2,0.5178,1,1511.3468,1521.8994
2005,5,REG,LAC,PIT,1519.3615,1582.9572,42.2,0.4692,0,1509.9765,1592.3422
2005,6,REG,BAL,CLE,1502.7586,1453.3166,42.2,0.6289,1,1510.1804,1445.8948
2005,6,REG,CHI,MIN,1440.9466,1483.3867,42.2,0.4997,1,1450.9535,1473.3798
2005,6,REG,DAL,NYG,1490.8984,1485.8592,42.2,0.5676,1,1499.5471,1477.2105
2005,6,REG,DET,CAR,1455.6129,1519.8479,42.2,0.4683,0,1446.2463,1529.2145
2005,6,REG,KC,WAS,1514.3187,1491.397,42.2,0.5926,1,1522.466,1483.2497
2005,6,REG,NO,ATL,1497.4521,1534.3,42.2,0.5077,0,1487.2981,1544.454
2005,6,REG,PIT,JAX,1592.3422,1511.3468,42.2,0.6702,0,1578.9378,1524.7512
2005,6,REG,TB,MIA,1508.217,1485.0762,42.2,0.5929,1,1516.3582,1476.935
2005,6,REG,TEN,CIN,1492.6483,1521.8994,42.2,0.5186,0,1482.2758,1532.2719
2005,6,REG,BUF,NYJ,1498.3332,1511.9851,42.2,0.541,1,1507.5134,1502.8049
2005,6,REG,DEN,NE,1552.3355,1630.6603,42.2,0.4482,1,1563.3715,1619.6243
2005,6,REG,LV,LAC,1451.231,1509.9765,42.2,0.4762,0,1441.7069,1519.5006
2005,6,REG,SEA,HOU,1518.1721,1440.0656,42.2,0.6665,1,1524.8415,1433.3962
2005,6,REG,IND,LA,1610.8601,1509.621,42.2,0.6954,1,1616.9512,1503.5299
2005,7,REG,MIA,KC,1476.935,1522.466,42.2,0.4952,0,1467.0309,1532.3701
2005,7,REG,CIN,PIT,1532.2719,1578.9378,42.2,0.4936,0,1522.4004,1588.8093
2005,7,REG,CLE,DET,1445.8948,1446.2463,42.2,0.5599,0,1434.6961,1457.445
2005,7,REG,HOU,IND,1433.3962,1616.9512,42.2,0.3071,0,1427.2542,1623.0932
2005,7,REG,MIN,GB,1473.3798,1501.4976,42.2,0.5203,1,1482.9747,1491.9027
2005,7,REG,PHI,LAC,1582.9131,1519.5006,42.2,0.6475,1,1589.9636,1512.4501
2005,7,REG,LA,NO,1503.5299,1487.2981,42.2,0.5833,1,1511.8638,1478.9642
2005,7,REG,WAS,SF,1483.2497,1418.3277,42.2,0.6495,1,1490.2606,1411.3168
2005,7,REG,SEA,DAL,1524.8415,1499.5471,42.2,0.5959,1,1532.9229,1491.4657
2005,7,REG,ARI,TEN,1427.9232,1482.2758,42.2,0.4825,1,1438.2728,1471.9262
2005,7,REG,CHI,BAL,1450.9535,1510.1804,42.2,0.4755,1,1461.4432,1499.6907
2005,7,REG,NYG,DEN,1477.2105,1563.3715,42.2,0.4371,1,1488.4691,1552.1129
2005,7,REG,LV,BUF,1441.7069,1507.5134,42.2,0.4661,1,1452.3853,1496.835
2005,7,REG,ATL,NYJ,1544.454,1502.8049,42.2,0.6184,1,1552.0864,1495.1725
2005,8,REG,CAR,MIN,1529.2145,1482.9747,42.2,0.6246,1,1536.7226,1475.4666
2005,8,REG,CIN,GB,1522.4004,1491.9027,42.2,0.6031,1,1530.338,1483.9651
2005,8,REG,DAL,ARI,1491.4657,1438.2728,42.2,0.6339,1,1498.787,1430.9515
2005,8,REG,DET,CHI,1457.445,1461.4432,42.2,0.5548,0,1446.3499,1472.5383
2005,8,REG,HOU,CLE,1427.2542,1434.6961,42.2,0.5499,1,1436.2571,1425.6932
2005,8,REG,NYG,WAS,1488.4691,1490.2606,42.2,0.5579,1,1497.3113,1481.4184
2005,8,REG,LA,JAX,1511.8638,1524.7512,42.2,0.5421,1,1521.0221,1515.5929
2005,8,REG,TEN,LV,1471.9262,1452.3853,42.2,0.5879,0,1460.1676,1464.1439
2005,8,REG,NO,MIA,1478.9642,1467.0309,42.2,0.5773,0,1467.4186,1478.5765
2005,8,REG,LAC,KC,1512.4501,1532.3701,42.2,0.532,1,1521.8097,1523.0105
2005,8,REG,DEN,PHI,1552.1129,1589.9636,42.2,0.5063,1,1561.9877,1580.0888
2005,8,REG,SF,TB,1411.3168,1516.3582,42.2,0.4105,1,1423.1061,1504.5689
2005,8,REG,NE,BUF,1619.6243,1496.835,42.2,0.7211,1,1625.203,1491.2563
2005,8,REG,PIT,BAL,1588.8093,1499.6907,42.2,0.6805,1,1595.1999,1493.3001
2005,9,REG,BAL,CIN,1493.3001,1530.338,42.2,0.5074,0,1483.1515,1540.4866
2005,9,REG,CLE,TEN,1425.6932,1460.1676,42.2,0.5111,1,1435.4709,1450.3899
2005,9,REG,JAX,HOU,1515.5929,1436.2571,42.2,0.6681,1,1522.2308,1429.6192
2005,9,REG,KC,LV,1523.0105,1464.1439,42.2,0.6415,1,1530.1809,1456.9735
2005,9,REG,MIA,ATL,1478.5765,1552.0864,42.2,0.4551,0,1469.4752,1561.1877
2005,9,REG,MIN,DET,1475.4666,1446.3499,42.2,0.6012,1,1483.4423,1438.3742
2005,9,REG,NYJ,LAC,1495.1725,1521.8097,42.2,0.5224,0,1484.7249,1532.2573
2005,9,REG,TB,CAR,1504.5689,1536.7226,42.2,0.5145,0,1494.2798,1547.0117
2005,9,REG,ARI,SEA,1430.9515,1532.9229,42.2,0.4148,0,1422.6551,1541.2193
2005,9,REG,NO,CHI,1467.4186,1472.5383,42.2,0.5532,0,1456.3554,1483.6015
2005,9,REG,SF,NYG,1423.1061,1497.3113,42.2,0.4541,0,1414.0247,1506.3927
2005,9,REG,GB,PIT,1483.9651,1595.1999,42.2,0.4019,0,1475.9263,1603.2387
2005,9,REG,WAS,PHI,1481.4184,1580.0888,42.2,0.4194,1,1493.0296,1568.4776
2005,9,REG,NE,IND,1625.203,1623.0932,42.2,0.5634,0,1613.9345,1634.3617
2005,10,REG,BUF,KC,1491.2563,1530.1809,42.2,0.5047,1,1501.162,1520.2752
2005,10,REG,CHI,SF,1483.6015,1414.0247,42.2,0.6555,1,1490.4909,1407.1353
2005,10,REG,DET,ARI,1438.3742,1422.6551,42.2,0.5826,1,1446.7224,1414.3069
2005,10,REG,IND,HOU,1634.3617,1429.6192,42.2,0.8056,1,1638.2502,1425.7307
2005,10,REG,JAX,BAL,1522.2308,1483.1515,42.2,0.6149,1,1529.9332,1475.4491
2005,10,REG,MIA,NE,1469.4752,1613.9345,42.2,0.3569,0,1462.3363,1621.0734
2005,10,REG,NYG,MIN,1506.3927,1483.4423,42.2,0.5927,0,1494.5392,1495.2958
2005,10,REG,CAR,NYJ,1547.0117,1484.7249,42.2,0.646,1,1554.0918,1477.6448
2005,10,REG,LV,DEN,1456.9735,1561.9877,42.2,0.4106,0,1448.762,1570.1992
2005,10,REG,ATL,GB,1561.1877,1475.9263,42.2,0.6756,0,1547.6752,1489.4388
2005,10,REG,SEA,LA,1541.2193,1521.0221,42.2,0.5888,1,1549.4424,1512.799
2005,10,REG,TB,WAS,1494.2798,1493.0296,42.2,0.5622,1,1503.0357,1484.2737
2005,10,REG,PIT,CLE,1603.2387,1435.4709,42.2,0.7701,1,1607.8374,1430.8722
2005,10,REG,PHI,DAL,1568.4776,1498.787,42.2,0.6557,0,1555.364,1511.9006
2005,11,REG,ATL,TB,1547.6752,1503.0357,42.2,0.6224,0,1535.2265,1515.4844
2005,11,REG,BAL,PIT,1475.4491,1607.8374,42.2,0.373,1,1487.9882,1595.2983
2005,11,REG,CHI,CAR,1490.4909,1554.0918,42.2,0.4692,1,1501.1061,1543.4766
2005,11,REG,CLE,MIA,1430.8722,1462.3363,42.2,0.5154,1,1440.5633,1452.6452
2005,11,REG,DAL,DET,1511.9006,1446.7224,42.2,0.6498,1,1518.9048,1439.7182
2005,11,REG,NE,NO,1621.0734,1456.3554,42.2,0.7669,1,1625.7346,1451.6942
2005,11,REG,NYG,PHI,1494.5392,1555.364,42.2,0.4732,1,1505.0748,1544.8284
2005,11,REG,LA,ARI,1512.799,1414.3069,42.2,0.6921,0,1498.9573,1428.1486
2005,11,REG,TEN,JAX,1450.3899,1529.9332,42.2,0.4465,0,1441.4606,1538.8625
2005,11,REG,WAS,LV,1484.2737,1448.762,42.2,0.61,0,1472.0735,1460.9622
2005,11,REG,SF,SEA,1407.1353,1549.4424,42.2,0.3598,0,1399.9394,1556.6383
2005,11,REG,CIN,IND,1540.4866,1638.2502,42.2,0.4207,0,1532.0724,1646.6644
2005,11,REG,DEN,NYJ,1570.1992,1477.6448,42.2,0.6848,1,1576.5041,1471.3399
2005,11,REG,LAC,BUF,1532.2573,1501.162,42.2,0.6039,1,1540.1784,1493.2409
2005,11,REG,HOU,KC,1425.7307,1520.2752,42.2,0.4252,0,1417.226,1528.7799
2005,11,REG,GB,MIN,1489.4388,1495.2958,42.2,0.5521,0,1478.3966,1506.338
2005,12,REG,DET,ATL,1439.7182,1535.2265,42.2,0.4239,0,1431.2406,1543.7041
2005,12,REG,DAL,DEN,1518.9048,1576.5041,42.2,0.4779,0,1509.3477,1586.0612
2005,12,REG,BUF,CAR,1493.2409,1543.4766,42.2,0.4884,0,1483.4721,1553.2454
2005,12,REG,CIN,BAL,1532.0724,1487.9882,42.2,0.6217,1,1539.6388,1480.4218
2005,12,REG,HOU,LA,1417.226,1498.9573,42.2,0.4434,0,1408.3589,1507.8244
2005,12,REG,KC,NE,1528.7799,1625.7346,42.2,0.4218,1,1540.3429,1614.1716
2005,12,REG,MIN,CLE,1506.338,1440.5633,42.2,0.6506,1,1513.3266,1433.5747
2005,12,REG,TB,CHI,1515.4844,1501.1061,42.2,0.5807,0,1503.8702,1512.7203
2005,12,REG,TEN,SF,1441.4606,1399.9394,42.2,0.6182,1,1449.0965,1392.3035
2005,12,REG,WAS,LAC,1472.0735,1540.1784,42.2,0.4628,0,1462.8177,1549.4342
2005,12,REG,ARI,JAX,1428.1486,1538.8625,42.2,0.4027,0,1420.0954,1546.9157
2005,12,REG,LV,MIA,1460.9622,1452.6452,42.2,0.5722,0,1449.5184,1464.089
2005,12,REG,PHI,GB,1544.8284,1478.3966,42.2,0.6514,1,1551.7998,1471.4252
2005,12,REG,SEA,NYG,1556.6383,1505.0748,42.2,0.6318,1,1564.0032,1497.7099
2005,12,REG,NYJ,NO,1471.3399,1451.6942,42.2,0.5881,0,1459.5784,1463.4557
2005,12,REG,IND,PIT,1646.6644,1595.2983,42.2,0.6315,1,1654.0346,1587.9281
2005,13,REG,BAL,HOU,1480.4218,1408.3589,42.2,0.6588,1,1487.2467,1401.534
2005,13,REG,CAR,ATL,1553.2454,1543.7041,42.2,0.5739,1,1561.7671,1535.1824
2005,13,REG,CHI,GB,1512.7203,1471.4252,42.2,0.6179,1,1520.3623,1463.7832
2005,13,REG,CLE,JAX,1433.5747,1546.9157,42.2,0.399,0,1425.5942,1554.8962
2005,13,REG,DET,MIN,1431.2406,1513.3266,42.2,0.4429,0,1422.3836,1522.1836
2005,13,REG,IND,TEN,1654.0346,1449.0965,42.2,0.8058,1,1657.9196,1445.2115
2005,13,REG,MIA,BUF,1464.089,1483.4721,42.2,0.5328,1,1473.4332,1474.1279
2005,13,REG,NO,TB,1463.4557,1503.8702,42.2,0.5026,0,1453.4043,1513.9216
2005,13,REG,NYG,DAL,1497.7099,1509.3477,42.2,0.5439,1,1506.8325,1500.2251
2005,13,REG,PIT,CIN,1587.9281,1539.6388,42.2,0.6274,0,1575.3809,1552.186
2005,13,REG,SF,ARI,1392.3035,1420.0954,42.2,0.5207,0,1381.889,1430.5099
2005,13,REG,LA,WAS,1507.8244,1462.8177,42.2,0.6229,0,1495.3658,1475.2763
2005,13,REG,KC,DEN,1540.3429,1586.0612,42.2,0.4949,1,1550.4442,1575.9599
2005,13,REG,NE,NYJ,1614.1716,1459.5784,42.2,0.7564,1,1619.0444,1454.7056
2005,13,REG,LAC,LV,1549.4342,1449.5184,42.2,0.6938,1,1555.5576,1443.395
2005,13,REG,PHI,SEA,1551.7998,1564.0032,42.2,0.5431,0,1540.9386,1574.8644
2005,14,REG,BUF,NE,1474.1279,1619.0444,42.2,0.3563,0,1467.0011,1626.1712
2005,14,REG,CAR,TB,1561.7671,1513.9216,42.2,0.6268,0,1549.2319,1526.4568
2005,14,REG,CIN,CLE,1552.186,1425.5942,42.2,0.7254,1,1557.6771,1420.1031
2005,14,REG,JAX,IND,1554.8962,1657.9196,42.2,0.4134,0,1546.6292,1666.1866
2005,14,REG,MIN,LA,1522.1836,1495.3658,42.2,0.598,1,1530.2228,1487.3266
2005,14,REG,NYJ,LV,1454.7056,1443.395,42.2,0.5764,1,1463.1775,1434.9231
2005,14,REG,PIT,CHI,1575.3809,1520.3623,42.2,0.6364,1,1582.6535,1513.0897
2005,14,REG,TEN,HOU,1445.2115,1401.534,42.2,0.6211,1,1452.7889,1393.9566
2005,14,REG,ARI,WAS,1430.5099,1475.2763,42.2,0.4963,0,1420.5838,1485.2024
2005,14,REG,PHI,NYG,1540.9386,1506.8325,42.2,0.6081,0,1528.777,1518.9941
2005,14,REG,SEA,SF,1574.8644,1381.889,42.2,0.7947,1,1578.9695,1377.7839
2005,14,REG,DAL,KC,1500.2251,1550.4442,42.2,0.4885,1,1510.4559,1540.2134
2005,14,REG,DEN,BAL,1575.9599,1487.2467,42.2,0.68,1,1582.3607,1480.8459
2005,14,REG,LAC,MIA,1555.5576,1473.4332,42.2,0.6717,0,1542.1245,1486.8663
2005,14,REG,GB,DET,1463.7832,1422.3836,42.2,0.618,1,1471.4224,1414.7444
2005,14,REG,ATL,NO,1535.1824,1453.4043,42.2,0.6712,1,1541.7581,1446.8286
2005,15,REG,NE,TB,1626.1712,1526.4568,42.2,0.6936,1,1632.2995,1520.3285
2005,15,REG,NYG,KC,1518.9941,1540.2134,42.2,0.5302,1,1528.391,1530.8165
2005,15,REG,BUF,DEN,1467.0011,1582.3607,42.2,0.3962,0,1459.0762,1590.2856
2005,15,REG,HOU,ARI,1393.9566,1420.5838,42.2,0.5224,1,1403.5087,1411.0317
2005,15,REG,IND,LAC,1666.1866,1542.1245,42.2,0.7225,0,1651.7359,1556.5752
2005,15,REG,JAX,SF,1546.6292,1377.7839,42.2,0.7712,1,1551.206,1373.2071
2005,15,REG,MIA,NYJ,1486.8663,1463.1775,42.2,0.5937,1,1494.9923,1455.0515
2005,15,REG,MIN,PIT,1530.2228,1582.6535,42.2,0.4853,0,1520.5172,1592.3591
2005,15,REG,NO,CAR,1446.8286,1549.2319,42.2,0.4142,0,1438.5443,1557.5162
2005,15,REG,LA,PHI,1487.3266,1528.777,42.2,0.5011,0,1477.305,1538.7986
2005,15,REG,TEN,SEA,1452.7889,1578.9695,42.2,0.3814,0,1445.1601,1586.5983
2005,15,REG,DET,CIN,1414.7444,1557.6771,42.2,0.359,0,1407.5651,1564.8564
2005,15,REG,LV,CLE,1434.9231,1420.1031,42.2,0.5813,0,1423.2965,1431.7297
2005,15,REG,WAS,DAL,1485.2024,1510.4559,42.2,0.5244,1,1494.715,1500.9433
2005,15,REG,CHI,ATL,1513.0897,1541.7581,42.2,0.5195,1,1522.7004,1532.1474
2005,15,REG,BAL,GB,1480.8459,1471.4224,42.2,0.5738,1,1489.3709,1462.8974
2005,16,REG,CAR,DAL,1557.5162,1500.9433,42.2,0.6384,0,1544.7475,1513.712
2005,16,REG,CIN,BUF,1564.8564,1459.0762,42.2,0.701,0,1550.8373,1473.0953
2005,16,REG,CLE,PIT,1431.7297,1592.3591,42.2,0.3359,0,1425.0122,1599.0766
2005,16,REG,HOU,JAX,1403.5087,1551.206,42.2,0.3527,0,1396.4552,1558.2595
2005,16,REG,KC,LAC,1530.8165,1556.5752,42.2,0.5236,1,1540.3436,1547.0481
2005,16,REG,MIA,TEN,1494.9923,1445.1601,42.2,0.6294,1,1502.4037,1437.7487
2005,16,REG,NO,DET,1438.5443,1407.5651,42.2,0.6038,0,1426.4686,1419.6408
2005,16,REG,LA,SF,1477.305,1373.2071,42.2,0.6989,0,1463.3266,1387.1855
2005,16,REG,TB,ATL,1520.3285,1532.1474,42.2,0.5436,1,1529.4563,1523.0196
2005,16,REG,WAS,NYG,1494.715,1528.391,42.2,0.5123,1,1504.4697,1518.6363
2005,16,REG,ARI,PHI,1411.0317,1538.7986,42.2,0.3793,1,1423.4459,1526.3844
2005,16,REG,DEN,LV,1590.2856,1423.2965,42.2,0.7693,1,1594.9002,1418.6819
2005,16,REG,SEA,IND,1586.5983,1651.7359,42.2,0.467,1,1597.2575,1641.0767
2005,16,REG,GB,CHI,1462.8974,1522.7004,42.2,0.4747,0,1453.4036,1532.1942
2005,16,REG,BAL,MIN,1489.3709,1520.5172,42.2,0.5159,1,1499.0529,1510.8352
2005,16,REG,NYJ,NE,1455.0515,1632.2995,42.2,0.3149,0,1448.7539,1638.5971
2005,17,REG,LAC,DEN,1547.0481,1594.9002,42.2,0.4919,0,1537.2108,1604.7375
2005,17,REG,LV,NYG,1418.6819,1518.6363,42.2,0.4176,0,1410.3291,1526.9891
2005,17,REG,ATL,CAR,1523.0196,1544.7475,42.2,0.5294,0,1512.431,1555.3361
2005,17,REG,CLE,BAL,1425.0122,1499.0529,42.2,0.4543,1,1435.9261,1488.139
2005,17,REG,GB,SEA,1453.4036,1597.2575,42.2,0.3577,1,1466.2487,1584.4124
2005,17,REG,IND,ARI,1641.0767,1423.4459,42.2,0.8169,1,1644.738,1419.7846
2005,17,REG,KC,CIN,1540.3436,1550.8373,42.2,0.5455,1,1549.4335,1541.7474
2005,17,REG,NE,MIA,1638.5971,1502.4037,42.2,0.7363,0,1623.8708,1517.13
2005,17,REG,NYJ,BUF,1448.7539,1473.0953,42.2,0.5257,1,1458.2403,1463.6089
2005,17,REG,PIT,DET,1599.0766,1419.6408,42.2,0.7817,1,1603.4418,1415.2756
2005,17,REG,TB,NO,1529.4563,1426.4686,42.2,0.6976,1,1535.5048,1420.4201
2005,17,REG,JAX,TEN,1558.2595,1437.7487,42.2,0.7184,1,1563.8911,1432.1171
2005,17,REG,SF,HOU,1387.1855,1396.4552,42.2,0.5472,1,1396.2405,1387.4002
2005,17,REG,MIN,CHI,1510.8352,1532.1942,42.2,0.53,1,1520.2361,1522.7933
2005,17,REG,PHI,WAS,1526.3844,1504.4697,42.2,0.5912,0,1514.5597,1516.2944
2005,17,REG,DAL,LA,1513.712,1463.3266,42.2,0.6302,0,1501.1085,1475.9301
2005,18,WC,TB,WAS,1535.5048,1516.2944,42.2,0.5875,0,1521.4056,1530.3936
2005,18,WC,NE,JAX,1623.8708,1563.8911,42.2,0.643,1,1632.44,1555.3219
2005,18,WC,NYG,CAR,1526.9891,1555.3361,42.2,0.5199,0,1514.5109,1567.8143
2005,18,WC,CIN,PIT,1541.7474,1603.4418,42.2,0.472,0,1530.42,1614.7692
2005,19,DIV,SEA,WAS,1584.4124,1530.3936,42.2,0.635,1,1593.1716,1521.6344
2005,19,DIV,DEN,NE,1604.7375,1632.44,42.2,0.5209,1,1616.2371,1620.9404
2005,19,DIV,IND,PIT,1644.738,1614.7692,42.2,0.6024,0,1630.2806,1629.2266
2005,19,DIV,CHI,CAR,1522.7933,1567.8143,42.2,0.4959,0,1510.8907,1579.7169
2005,20,CON,DEN,PIT,1616.2371,1629.2266,42.2,0.5419,0,1603.2306,1642.2331
2005,20,CON,SEA,CAR,1593.1716,1579.7169,42.2,0.5794,1,1603.2656,1569.6229
2005,21,SB,PIT,SEA,1642.2331,1603.2656,0.0,0.5558,1,1652.8928,1592.6059
2006,1,REG,PIT,MIA,1604.0882,1513.1271,42.2,0.6828,1,1610.4328,1506.7825
2006,1,REG,CAR,ATL,1548.2973,1509.9788,42.2,0.6138,0,1536.0204,1522.2557
2006,1,REG,CLE,NO,1458.7205,1448.3315,42.2,0.5751,0,1447.2183,1459.8337
2006,1,REG,DET,SEA,1444.8847,1563.696,42.2,0.3915,0,1437.0547,1571.526
2006,1,REG,HOU,PHI,1426.2081,1511.405,42.2,0.4384,0,1417.4394,1520.1737
2006,1,REG,KC,CIN,1534.7704,1522.0314,42.2,0.5784,0,1523.2022,1533.5996
2006,1,REG,NE,BUF,1582.6801,1477.268,42.2,0.7005,1,1588.6699,1471.2782
2006,1,REG,LA,DEN,1485.5232,1570.8145,42.2,0.4383,1,1496.7571,1559.5806
2006,1,REG,TB,BAL,1515.9918,1493.7031,42.2,0.5918,0,1504.1567,1505.5382
2006,1,REG,TEN,NYJ,1456.1685,1473.671,42.2,0.5355,0,1445.4588,1484.3807
2006,1,REG,ARI,SF,1447.9057,1432.1311,42.2,0.5827,1,1456.2524,1423.7844
2006,1,REG,GB,CHI,1479.0366,1508.9468,42.2,0.5177,0,1468.683,1519.3004
2006,1,REG,JAX,DAL,1538.7157,1502.3927,42.2,0.6111,1,1546.4933,1494.6151
2006,1,REG,NYG,IND,1511.3723,1588.938,42.2,0.4493,0,1502.3867,1597.9236
2006,1,REG,WAS,MIN,1516.145,1515.2082,42.2,0.5618,0,1504.9098,1526.4434
2006,1,REG,LV,LAC,1441.5705,1526.5812,42.2,0.4387,0,1432.7965,1535.3552
2006,2,REG,ATL,TB,1522.2557,1504.1567,42.2,0.5859,1,1530.5374,1495.875
2006,2,REG,BAL,LV,1505.5382,1432.7965,42.2,0.6596,1,1512.3455,1425.9892
2006,2,REG,CHI,DET,1519.3004,1437.0547,42.2,0.6718,1,1525.8643,1430.4908
2006,2,REG,CIN,CLE,1533.5996,1447.2183,42.2,0.677,1,1540.0589,1440.759
2006,2,REG,GB,NO,1468.683,1459.8337,42.2,0.5729,0,1457.2242,1471.2925
2006,2,REG,IND,HOU,1597.9236,1417.4394,42.2,0.7828,1,1602.2682,1413.0948
2006,2,REG,MIA,BUF,1506.7825,1471.2782,42.2,0.61,0,1494.5825,1483.4782
2006,2,REG,MIN,CAR,1526.4434,1536.0204,42.2,0.5468,1,1535.5072,1526.9566
2006,2,REG,PHI,NYG,1520.1737,1502.3867,42.2,0.5855,0,1508.4641,1514.0963
2006,2,REG,SEA,ARI,1571.526,1456.2524,42.2,0.7123,1,1577.2804,1450.498
2006,2,REG,SF,LA,1423.7844,1496.7571,42.2,0.4558,1,1434.6678,1485.8737
2006,2,REG,DEN,KC,1559.5806,1523.2022,42.2,0.6112,1,1567.3567,1515.4261
2006,2,REG,NYJ,NE,1484.3807,1588.6699,42.2,0.4116,0,1476.149,1596.9016
2006,2,REG,LAC,TEN,1535.3552,1445.4588,42.2,0.6814,1,1541.7264,1439.0876
2006,2,REG,DAL,WAS,1494.6151,1504.9098,42.2,0.5458,1,1503.6994,1495.8255
2006,2,REG,JAX,PIT,1546.4933,1610.4328,42.2,0.4688,1,1557.1182,1599.8079
2006,3,REG,BUF,NYJ,1483.4782,1476.149,42.2,0.5708,0,1472.0622,1487.565
2006,3,REG,DET,GB,1430.4908,1457.2242,42.2,0.5222,0,1420.0459,1467.6691
2006,3,REG,HOU,WAS,1413.0948,1495.8255,42.2,0.4419,0,1404.2561,1504.6642
2006,3,REG,IND,JAX,1602.2682,1557.1182,42.2,0.6231,1,1609.8057,1549.5807
2006,3,REG,MIA,TEN,1494.5825,1439.0876,42.2,0.637,1,1501.8425,1431.8276
2006,3,REG,MIN,CHI,1535.5072,1525.8643,42.2,0.5741,0,1524.026,1537.3455
2006,3,REG,PIT,CIN,1599.8079,1540.0589,42.2,0.6426,0,1586.955,1552.9118
2006,3,REG,TB,CAR,1495.875,1526.9566,42.2,0.516,0,1485.5551,1537.2765
2006,3,REG,CLE,BAL,1440.759,1512.3455,42.2,0.4578,0,1431.6028,1521.5017
2006,3,REG,ARI,LA,1450.498,1485.8737,42.2,0.5098,0,1440.3016,1496.0701
2006,3,REG,SEA,NYG,1577.2804,1514.0963,42.2,0.6472,1,1584.3369,1507.0398
2006,3,REG,SF,PHI,1434.6678,1508.4641,42.2,0.4547,0,1425.5747,1517.5572
2006,3,REG,NE,DEN,1596.9016,1567.3567,42.2,0.6018,0,1584.8655,1579.3928
2006,3,REG,NO,ATL,1471.2925,1530.5374,42.2,0.4755,1,1481.7827,1520.0472
2006,4,REG,ATL,ARI,1520.0472,1440.3016,42.2,0.6686,1,1526.6747,1433.6741
2006,4,REG,BAL,LAC,1521.5017,1541.7264,42.2,0.5316,1,1530.87,1532.3581
2006,4,REG,BUF,MIN,1472.0622,1524.026,42.2,0.486,1,1482.3432,1513.745
2006,4,REG,CAR,NO,1537.2765,1481.7827,42.2,0.637,1,1544.5365,1474.5227
2006,4,REG,HOU,MIA,1404.2561,1501.8425,42.2,0.421,1,1415.8369,1490.2617
2006,4,REG,KC,SF,1515.4261,1425.5747,42.2,0.6814,1,1521.7984,1419.2024
2006,4,REG,NYJ,IND,1487.565,1609.8057,42.2,0.3868,0,1479.8288,1617.5419
2006,4,REG,TEN,DAL,1431.8276,1503.6994,42.2,0.4574,0,1422.6796,1512.8474
2006,4,REG,LA,DET,1496.0701,1420.0459,42.2,0.6639,1,1502.7929,1413.3231
2006,4,REG,CIN,NE,1552.9118,1584.8655,42.2,0.5147,0,1542.617,1595.1603
2006,4,REG,LV,CLE,1425.9892,1431.6028,42.2,0.5525,0,1414.94,1442.652
2006,4,REG,WAS,JAX,1504.6642,1549.5807,42.2,0.4961,1,1514.7424,1539.5025
2006,4,REG,CHI,SEA,1537.3455,1584.3369,42.2,0.4931,1,1547.4834,1574.199
2006,4,REG,PHI,GB,1517.5572,1467.6691,42.2,0.6295,1,1524.9671,1460.2592
2006,5,REG,CAR,CLE,1544.5365,1442.652,42.2,0.6962,1,1550.6119,1436.5766
2006,5,REG,CHI,BUF,1547.4834,1482.3432,42.2,0.6497,1,1554.4886,1475.338
2006,5,REG,GB,LA,1460.2592,1502.7929,42.2,0.4995,0,1450.2688,1512.7833
2006,5,REG,IND,TEN,1617.5419,1422.6796,42.2,0.7965,1,1621.6116,1418.6099
2006,5,REG,MIN,DET,1513.745,1413.3231,42.2,0.6944,1,1519.856,1407.2121
2006,5,REG,NE,MIA,1595.1603,1490.2617,42.2,0.6999,1,1601.1625,1484.2595
2006,5,REG,NO,TB,1474.5227,1485.5551,42.2,0.5447,1,1483.628,1476.4498
2006,5,REG,NYG,WAS,1507.0398,1514.7424,42.2,0.5495,1,1516.0501,1505.7321
2006,5,REG,ARI,KC,1433.6741,1521.7984,42.2,0.4343,0,1424.9883,1530.4842
2006,5,REG,JAX,NYJ,1539.5025,1479.8288,42.2,0.6425,1,1546.6516,1472.6797
2006,5,REG,SF,LV,1419.2024,1414.94,42.2,0.5665,1,1427.873,1406.2694
2006,5,REG,PHI,DAL,1524.9671,1512.8474,42.2,0.5775,1,1533.4163,1504.3982
2006,5,REG,LAC,PIT,1532.3581,1586.955,42.2,0.4822,1,1542.7148,1576.5983
2006,5,REG,DEN,BAL,1579.3928,1530.87,42.2,0.6277,1,1586.8394,1523.4234
2006,6,REG,ATL,NYG,1526.6747,1516.0501,42.2,0.5754,0,1515.1659,1527.5589
2006,6,REG,BAL,CAR,1523.4234,1550.6119,42.2,0.5216,0,1512.9916,1561.0437
2006,6,REG,DAL,HOU,1504.3982,1415.8369,42.2,0.6798,1,1510.8028,1409.4323
2006,6,REG,DET,BUF,1407.2121,1475.338,42.2,0.4628,1,1417.9569,1464.5932
2006,6,REG,NO,PHI,1483.628,1533.4163,42.2,0.4891,1,1493.8464,1523.1979
2006,6,REG,LA,SEA,1512.7833,1574.199,42.2,0.4724,0,1503.3358,1583.6465
2006,6,REG,TB,CIN,1476.4498,1542.617,42.2,0.4656,1,1487.1385,1531.9283
2006,6,REG,WAS,TEN,1505.7321,1418.6099,42.2,0.678,0,1492.1728,1432.1692
2006,6,REG,NYJ,MIA,1472.6797,1484.2595,42.2,0.544,1,1481.8007,1475.1385
2006,6,REG,PIT,KC,1576.5983,1530.4842,42.2,0.6244,1,1584.1098,1522.9727
2006,6,REG,SF,LAC,1427.873,1542.7148,42.2,0.397,0,1419.9339,1550.6539
2006,6,REG,DEN,LV,1586.8394,1406.2694,42.2,0.7829,1,1591.1824,1401.9264
2006,6,REG,ARI,CHI,1424.9883,1554.4886,42.2,0.3769,0,1417.4494,1562.0275
2006,7,REG,ATL,PIT,1515.1659,1584.1098,42.2,0.4616,1,1525.9341,1573.3416
2006,7,REG,BUF,NE,1464.5932,1601.1625,42.2,0.3674,0,1457.2445,1608.5112
2006,7,REG,CIN,CAR,1531.9283,1561.0437,42.2,0.5188,1,1541.5519,1551.4201
2006,7,REG,HOU,JAX,1409.4323,1546.6516,42.2,0.3666,1,1422.101,1533.9829
2006,7,REG,KC,LAC,1522.9727,1550.6539,42.2,0.5209,1,1532.5551,1541.0715
2006,7,REG,MIA,GB,1475.1385,1450.2688,42.2,0.5953,0,1463.2317,1462.1756
2006,7,REG,NYJ,DET,1481.8007,1417.9569,42.2,0.648,1,1488.8399,1410.9177
2006,7,REG,TB,PHI,1487.1385,1523.1979,42.2,0.5088,1,1496.9618,1513.3746
2006,7,REG,CLE,DEN,1436.5766,1591.1824,42.2,0.3437,0,1429.7036,1598.0554
2006,7,REG,IND,WAS,1621.6116,1492.1728,42.2,0.7287,1,1627.0376,1486.7468
2006,7,REG,LV,ARI,1401.9264,1417.4494,42.2,0.5383,1,1411.1601,1408.2157
2006,7,REG,SEA,MIN,1583.6465,1519.856,42.2,0.648,0,1570.6871,1532.8154
2006,7,REG,DAL,NYG,1510.8028,1527.5589,42.2,0.5366,0,1500.0718,1538.2899
2006,8,REG,CHI,SF,1562.0275,1419.9339,42.2,0.7429,1,1567.1703,1414.7911
2006,8,REG,CIN,ATL,1541.5519,1525.9341,42.2,0.5824,0,1529.903,1537.583
2006,8,REG,GB,ARI,1462.1756,1408.2157,42.2,0.635,1,1469.4765,1400.9148
2006,8,REG,KC,SEA,1532.5551,1570.6871,42.2,0.5059,1,1542.438,1560.8042
2006,8,REG,NO,BAL,1493.8464,1512.9916,42.2,0.5331,0,1483.1838,1523.6542
2006,8,REG,NYG,TB,1538.2899,1496.9618,42.2,0.6179,1,1545.931,1489.3207
2006,8,REG,PHI,JAX,1513.3746,1533.9829,42.2,0.531,0,1502.7539,1544.6036
2006,8,REG,TEN,HOU,1432.1692,1422.101,42.2,0.5747,1,1440.676,1413.5942
2006,8,REG,LAC,LA,1541.0715,1503.3358,42.2,0.613,1,1548.8105,1495.5968
2006,8,REG,CLE,NYJ,1429.7036,1488.8399,42.2,0.4756,1,1440.1907,1478.3528
2006,8,REG,DEN,IND,1598.0554,1627.0376,42.2,0.519,0,1587.6751,1637.4179
2006,8,REG,LV,PIT,1411.1601,1573.3416,42.2,0.3339,1,1424.4824,1560.0193
2006,8,REG,CAR,DAL,1551.4201,1500.0718,42.2,0.6315,0,1538.7908,1512.7011
2006,8,REG,MIN,NE,1532.8154,1608.5112,42.2,0.4519,0,1523.7765,1617.5501
2006,9,REG,BAL,CIN,1523.6542,1529.903,42.2,0.5516,1,1532.6231,1520.9341
2006,9,REG,BUF,GB,1457.2445,1469.4765,42.2,0.543,1,1466.3841,1460.3369
2006,9,REG,CHI,MIA,1567.1703,1463.2317,42.2,0.6987,0,1553.1958,1477.2062
2006,9,REG,DET,ATL,1410.9177,1537.583,42.2,0.3808,1,1423.302,1525.1987
2006,9,REG,JAX,TEN,1544.6036,1440.676,42.2,0.6987,1,1550.6293,1434.6503
2006,9,REG,NYG,HOU,1545.931,1413.5942,42.2,0.732,1,1551.2913,1408.2339
2006,9,REG,LA,KC,1495.5968,1542.438,42.2,0.4933,0,1485.7304,1552.3044
2006,9,REG,TB,NO,1489.3207,1483.1838,42.2,0.5691,0,1477.9384,1494.5661
2006,9,REG,WAS,DAL,1486.7468,1512.7011,42.2,0.5234,1,1496.2796,1503.1683
2006,9,REG,SF,MIN,1414.7911,1523.7765,42.2,0.4051,1,1426.69,1511.8776
2006,9,REG,PIT,DEN,1560.0193,1587.6751,42.2,0.5209,0,1549.6009,1598.0935
2006,9,REG,LAC,CLE,1548.8105,1440.1907,42.2,0.7044,1,1554.7231,1434.2781
2006,9,REG,NE,IND,1617.5501,1637.4179,42.2,0.5321,0,1606.9082,1648.0598
2006,9,REG,SEA,LV,1560.8042,1424.4824,42.2,0.7365,1,1566.075,1419.2116
2006,10,REG,ATL,CLE,1525.1987,1434.2781,42.2,0.6827,0,1511.5443,1447.9325
2006,10,REG,CIN,LAC,1520.9341,1554.7231,42.2,0.5121,0,1510.6921,1564.9651
2006,10,REG,DET,SF,1423.302,1426.69,42.2,0.5556,0,1412.1895,1437.8025
2006,10,REG,IND,BUF,1648.0598,1466.3841,42.2,0.7839,1,1652.3811,1462.0628
2006,10,REG,JAX,HOU,1550.6293,1408.2339,42.2,0.7432,0,1535.7655,1423.0977
2006,10,REG,MIA,KC,1477.2062,1552.3044,42.2,0.4528,1,1488.1503,1541.3603
2006,10,REG,MIN,GB,1511.8776,1460.3369,42.2,0.6317,0,1499.2431,1472.9714
2006,10,REG,NE,NYJ,1606.9082,1478.3528,42.2,0.7277,0,1592.3543,1492.9067
2006,10,REG,PHI,WAS,1502.7539,1496.2796,42.2,0.5696,1,1511.362,1487.6715
2006,10,REG,TEN,BAL,1434.6503,1532.6231,42.2,0.4204,0,1426.2419,1541.0315
2006,10,REG,LV,DEN,1419.2116,1598.0935,42.2,0.3129,0,1412.9545,1604.3506
2006,10,REG,ARI,DAL,1400.9148,1503.1683,42.2,0.4144,0,1392.6263,1511.4568
2006,10,REG,PIT,NO,1549.6009,1494.5661,42.2,0.6364,1,1556.8731,1487.2939
2006,10,REG,SEA,LA,1566.075,1485.7304,42.2,0.6694,1,1572.6872,1479.1182
2006,10,REG,NYG,CHI,1551.2913,1553.1958,42.2,0.5577,0,1540.1367,1564.3504
2006,10,REG,CAR,TB,1538.7908,1477.9384,42.2,0.6441,1,1545.9087,1470.8205
2006,11,REG,BAL,ATL,1541.0315,1511.5443,42.2,0.6017,1,1548.997,1503.5788
2006,11,REG,CAR,LA,1545.9087,1479.1182,42.2,0.6519,1,1552.8707,1472.1562
2006,11,REG,CLE,PIT,1447.9325,1556.8731,42.2,0.4051,0,1439.8302,1564.9754
2006,11,REG,GB,NE,1472.9714,1592.3543,42.2,0.3907,0,1465.1571,1600.1686
2006,11,REG,HOU,BUF,1423.0977,1462.0628,42.2,0.5047,0,1413.0046,1472.1559
2006,11,REG,KC,LV,1541.3603,1412.9545,42.2,0.7275,1,1546.8099,1407.5049
2006,11,REG,MIA,MIN,1488.1503,1499.2431,42.2,0.5446,1,1497.2573,1490.1361
2006,11,REG,NO,CIN,1487.2939,1510.6921,42.2,0.527,0,1476.7533,1521.2327
2006,11,REG,NYJ,CHI,1492.9067,1564.3504,42.2,0.458,0,1483.7464,1573.5107
2006,11,REG,PHI,TEN,1511.362,1426.2419,42.2,0.6754,0,1497.8531,1439.7508
2006,11,REG,TB,WAS,1470.8205,1487.6715,42.2,0.5364,1,1480.0922,1478.3998
2006,11,REG,ARI,DET,1392.6263,1412.1895,42.2,0.5325,1,1401.9757,1402.8401
2006,11,REG,SF,SEA,1437.8025,1572.6872,42.2,0.3697,1,1450.4086,1560.0811
2006,11,REG,DAL,IND,1511.4568,1652.3811,42.2,0.3616,1,1524.2242,1639.6137
2006,11,REG,DEN,LAC,1604.3506,1564.9651,42.2,0.6153,0,1592.0446,1577.2711
2006,11,REG,JAX,NYG,1535.7655,1540.1367,42.2,0.5542,1,1544.681,1531.2212
2006,12,REG,DET,MIA,1402.8401,1497.2573,42.2,0.4254,0,1394.3318,1505.7656
2006,12,REG,DAL,TB,1524.2242,1480.0922,42.2,0.6217,1,1531.7893,1472.5271
2006,12,REG,KC,DEN,1546.8099,1592.0446,42.2,0.4956,1,1556.8972,1581.9573
2006,12,REG,ATL,NO,1503.5788,1476.7533,42.2,0.598,0,1491.6178,1488.7143
2006,12,REG,BAL,PIT,1548.997,1564.9754,42.2,0.5377,1,1558.2437,1555.7287
2006,12,REG,BUF,JAX,1472.1559,1544.681,42.2,0.4565,1,1483.0265,1533.8104
2006,12,REG,CLE,CIN,1439.8302,1521.2327,42.2,0.4438,0,1430.9538,1530.1091
2006,12,REG,MIN,ARI,1490.1361,1401.9757,42.2,0.6793,1,1496.5507,1395.5611
2006,12,REG,NYJ,HOU,1483.7464,1413.0046,42.2,0.657,1,1490.6055,1406.1455
2006,12,REG,LA,SF,1472.1562,1450.4086,42.2,0.591,1,1480.3361,1442.2287
2006,12,REG,WAS,CAR,1478.3998,1552.8707,42.2,0.4537,1,1489.326,1541.9445
2006,12,REG,LAC,LV,1577.2711,1407.5049,42.2,0.7721,1,1581.8292,1402.9468
2006,12,REG,NE,CHI,1600.1686,1573.5107,42.2,0.5978,1,1608.2123,1565.467
2006,12,REG,TEN,NYG,1439.7508,1531.2212,42.2,0.4296,1,1451.1595,1519.8125
2006,12,REG,IND,PHI,1639.6137,1497.8531,42.2,0.7425,1,1644.7639,1492.7029
2006,12,REG,SEA,GB,1560.0811,1465.1571,42.2,0.6877,1,1566.3273,1458.9109
2006,13,REG,CIN,BAL,1530.1091,1558.2437,42.2,0.5202,1,1539.7045,1548.6483
2006,13,REG,BUF,LAC,1483.0265,1581.8292,42.2,0.4193,0,1474.6414,1590.2143
2006,13,REG,CHI,MIN,1565.467,1496.5507,42.2,0.6547,1,1572.3736,1489.6441
2006,13,REG,CLE,KC,1430.9538,1556.8972,42.2,0.3818,1,1443.3185,1544.5325
2006,13,REG,GB,NYJ,1458.9109,1490.6055,42.2,0.5151,0,1448.6086,1500.9078
2006,13,REG,NE,DET,1608.2123,1394.3318,42.2,0.8137,1,1611.9387,1390.6054
2006,13,REG,NO,SF,1488.7143,1442.2287,42.2,0.6249,1,1496.2158,1434.7272
2006,13,REG,LA,ARI,1480.3361,1395.5611,42.2,0.675,0,1466.8359,1409.0613
2006,13,REG,TEN,IND,1451.1595,1644.7639,42.2,0.2949,1,1465.2609,1630.6625
2006,13,REG,WAS,ATL,1489.326,1491.6178,42.2,0.5572,0,1478.1824,1502.7614
2006,13,REG,MIA,JAX,1505.7656,1533.8104,42.2,0.5204,0,1495.3584,1544.2176
2006,13,REG,LV,HOU,1402.9468,1406.1455,42.2,0.5559,0,1391.8289,1417.2634
2006,13,REG,NYG,DAL,1519.8125,1531.7893,42.2,0.5434,0,1508.9448,1542.657
2006,13,REG,PIT,TB,1555.7287,1472.5271,42.2,0.673,1,1562.2683,1465.9875
2006,13,REG,DEN,SEA,1581.9573,1566.3273,42.2,0.5825,0,1570.308,1577.9766
2006,13,REG,PHI,CAR,1492.7029,1541.9445,42.2,0.4899,1,1502.9055,1531.7419
2006,14,REG,PIT,CLE,1562.2683,1443.3185,42.2,0.7166,1,1567.9363,1437.6505
2006,14,REG,CAR,NYG,1531.7419,1508.9448,42.2,0.5925,0,1519.8927,1520.794
2006,14,REG,CIN,LV,1539.7045,1391.8289,42.2,0.7492,1,1544.7212,1386.8122
2006,14,REG,DET,MIN,1390.6054,1489.6441,42.2,0.4189,0,1382.2269,1498.0226
2006,14,REG,HOU,TEN,1417.2634,1465.2609,42.2,0.4917,0,1407.4302,1475.0941
2006,14,REG,JAX,IND,1544.2176,1630.6625,42.2,0.4367,1,1555.4842,1619.3959
2006,14,REG,KC,BAL,1544.5325,1548.6483,42.2,0.5546,0,1533.4407,1559.7401
2006,14,REG,MIA,NE,1495.3584,1611.9387,42.2,0.3946,1,1507.4671,1599.83
2006,14,REG,TB,ATL,1465.9875,1502.7614,42.2,0.5078,0,1455.8313,1512.9176
2006,14,REG,WAS,PHI,1478.1824,1502.9055,42.2,0.5251,0,1467.6798,1513.4081
2006,14,REG,ARI,SEA,1409.0613,1577.9766,42.2,0.3253,1,1422.5549,1564.483
2006,14,REG,SF,GB,1434.7272,1448.6086,42.2,0.5407,0,1423.9139,1459.4219
2006,14,REG,NYJ,BUF,1500.9078,1474.6414,42.2,0.5973,0,1488.9623,1486.5869
2006,14,REG,LAC,DEN,1590.2143,1570.308,42.2,0.5884,1,1598.4455,1562.0768
2006,14,REG,DAL,NO,1542.657,1496.2158,42.2,0.6249,0,1530.1597,1508.7131
2006,14,REG,LA,CHI,1466.8359,1572.3736,42.2,0.4098,0,1458.639,1580.5705
2006,15,REG,SEA,SF,1564.483,1423.9139,42.2,0.7412,0,1549.6594,1438.7375
2006,15,REG,ATL,DAL,1512.9176,1530.1597,42.2,0.5359,0,1502.2005,1540.8768
2006,15,REG,BAL,CLE,1559.7401,1437.6505,42.2,0.7203,1,1565.335,1432.0556
2006,15,REG,BUF,MIA,1486.5869,1507.4671,42.2,0.5306,1,1495.974,1498.08
2006,15,REG,CAR,PIT,1519.8927,1567.9363,42.2,0.4916,0,1510.0609,1577.7681
2006,15,REG,CHI,TB,1580.5705,1455.8313,42.2,0.7233,1,1586.1041,1450.2977
2006,15,REG,GB,DET,1459.4219,1382.2269,42.2,0.6654,1,1466.1146,1375.5342
2006,15,REG,MIN,NYJ,1498.0226,1488.9623,42.2,0.5732,0,1486.5578,1500.4271
2006,15,REG,NE,HOU,1599.83,1407.4302,42.2,0.7942,1,1603.9459,1403.3143
2006,15,REG,NO,WAS,1508.7131,1467.6798,42.2,0.6175,0,1496.3623,1480.0306
2006,15,REG,TEN,JAX,1475.0941,1555.4842,42.2,0.4453,1,1486.1889,1544.3894
2006,15,REG,ARI,DEN,1422.5549,1562.0768,42.2,0.3635,0,1415.285,1569.3467
2006,15,REG,NYG,PHI,1520.794,1513.4081,42.2,0.5709,0,1509.3764,1524.8257
2006,15,REG,LV,LA,1386.8122,1458.639,42.2,0.4575,0,1377.6629,1467.7883
2006,15,REG,LAC,KC,1598.4455,1533.4407,42.2,0.6496,1,1605.4542,1526.432
2006,15,REG,IND,CIN,1619.3959,1544.7212,42.2,0.6621,1,1626.1534,1537.9637
2006,16,REG,GB,MIN,1466.1146,1486.5578,42.2,0.5313,1,1475.4892,1477.1832
2006,16,REG,LV,KC,1377.6629,1526.432,42.2,0.3513,0,1370.6375,1533.4574
2006,16,REG,ATL,CAR,1502.2005,1510.0609,42.2,0.5493,0,1491.2153,1521.0461
2006,16,REG,BUF,TEN,1495.974,1486.1889,42.2,0.5743,0,1484.4888,1497.6741
2006,16,REG,CLE,TB,1432.0556,1450.2977,42.2,0.5344,0,1421.3671,1460.9862
2006,16,REG,DET,CHI,1375.5342,1586.1041,42.2,0.275,0,1370.0335,1591.6048
2006,16,REG,HOU,IND,1403.3143,1626.1534,42.2,0.2612,1,1418.0907,1611.377
2006,16,REG,JAX,NE,1544.3894,1603.9459,42.2,0.475,0,1534.8885,1613.4468
2006,16,REG,NYG,NO,1509.3764,1496.3623,42.2,0.5788,0,1497.8005,1507.9382
2006,16,REG,PIT,BAL,1577.7681,1565.335,42.2,0.578,0,1566.2085,1576.8946
2006,16,REG,LA,WAS,1467.7883,1480.0306,42.2,0.543,1,1476.9282,1470.8907
2006,16,REG,SF,ARI,1438.7375,1415.285,42.2,0.5934,0,1426.87,1427.1525
2006,16,REG,DEN,CIN,1569.3467,1537.9637,42.2,0.6043,1,1577.2599,1530.0505
2006,16,REG,SEA,LAC,1549.6594,1605.4542,42.2,0.4804,0,1540.0505,1615.0631
2006,16,REG,DAL,PHI,1540.8768,1524.8257,42.2,0.5831,0,1529.2157,1536.4868
2006,16,REG,MIA,NYJ,1498.08,1500.4271,42.2,0.5571,0,1486.9379,1511.5692
2006,17,REG,WAS,NYG,1470.8907,1497.8005,42.2,0.522,0,1460.4509,1508.2403
2006,17,REG,CIN,PIT,1530.0505,1566.2085,42.2,0.5087,0,1519.8766,1576.3824
2006,17,REG,DAL,DET,1529.2157,1370.0335,42.2,0.7612,0,1513.9918,1385.2574
2006,17,REG,HOU,CLE,1418.0907,1421.3671,42.2,0.5558,1,1426.9751,1412.4827
2006,17,REG,KC,JAX,1533.4574,1534.8885,42.2,0.5584,1,1542.2893,1526.0566
2006,17,REG,MIN,LA,1477.1832,1476.9282,42.2,0.5608,0,1465.9673,1488.1441
2006,17,REG,NO,CAR,1507.9382,1521.0461,42.2,0.5418,0,1497.1028,1531.8815
2006,17,REG,NYJ,LV,1511.5692,1370.6375,42.2,0.7416,1,1516.7376,1365.4691
2006,17,REG,TB,SEA,1460.9862,1540.0505,42.2,0.4471,0,1452.0433,1548.9934
2006,17,REG,TEN,NE,1497.6741,1613.4468,42.2,0.3957,0,1489.7606,1621.3603
2006,17,REG,BAL,BUF,1576.8946,1484.4888,42.2,0.6846,1,1583.2032,1478.1802
2006,17,REG,DEN,SF,1577.2599,1426.87,42.2,0.7519,0,1562.2224,1441.9075
2006,17,REG,IND,MIA,1611.377,1486.9379,42.2,0.723,1,1616.9176,1481.3973
2006,17,REG,PHI,ATL,1536.4868,1491.2153,42.2,0.6233,1,1544.021,1483.6811
2006,17,REG,LAC,ARI,1615.0631,1427.1525,42.2,0.7899,1,1619.2641,1422.9515
2006,17,REG,CHI,GB,1591.6048,1475.4892,42.2,0.7133,0,1577.3393,1489.7547
2006,18,WC,IND,KC,1616.9176,1542.2893,42.2,0.6621,1,1625.028,1534.1789
2006,18,WC,SEA,DAL,1548.9934,1513.9918,42.2,0.6093,1,1558.37,1504.6152
2006,18,WC,NE,NYJ,1621.3603,1516.7376,42.2,0.6996,1,1628.571,1509.5269
2006,18,WC,PHI,NYG,1544.021,1508.2403,42.2,0.6104,1,1553.372,1498.8893
2006,19,DIV,BAL,IND,1583.2032,1625.028,42.2,0.5005,0,1571.1902,1637.041
2006,19,DIV,NO,PHI,1497.1028,1553.372,42.2,0.4798,1,1509.5885,1540.8863
2006,19,DIV,CHI,SEA,1577.3393,1558.37,42.2,0.5871,1,1587.2481,1548.4612
2006,19,DIV,LAC,NE,1619.2641,1628.571,42.2,0.5472,0,1606.1314,1641.7037
2006,20,CON,CHI,NO,1587.2481,1509.5885,42.2,0.666,1,1595.2651,1501.5715
2006,20,CON,IND,NE,1637.041,1641.7037,42.2,0.5538,1,1647.7495,1630.9952
2006,21,SB,CHI,IND,1595.2651,1647.7495,0.0,0.425,0,1585.0642,1657.9504
2007,1,REG,IND,NO,1607.4768,1502.7029,42.2,0.6997,1,1613.482,1496.6977
2007,1,REG,BUF,DEN,1487.0307,1543.339,42.2,0.4797,0,1477.4365,1552.9332
2007,1,REG,CLE,PIT,1443.0134,1552.8262,42.2,0.4039,0,1434.9353,1560.9043
2007,1,REG,GB,PHI,1494.7856,1529.0438,42.2,0.5114,1,1504.5571,1519.2723
2007,1,REG,HOU,KC,1452.7233,1524.5499,42.2,0.4575,1,1463.574,1513.6992
2007,1,REG,JAX,TEN,1519.1079,1494.7896,42.2,0.5946,0,1507.2164,1506.6811
2007,1,REG,MIN,ATL,1478.8481,1490.7163,42.2,0.5435,1,1487.9773,1481.5871
2007,1,REG,NYJ,NE,1508.033,1589.4168,42.2,0.4438,0,1499.156,1598.2938
2007,1,REG,LA,CAR,1493.7065,1523.0106,42.2,0.5186,0,1483.3355,1533.3816
2007,1,REG,WAS,MIA,1475.1521,1489.1862,42.2,0.5404,1,1484.3432,1479.9951
2007,1,REG,LV,DET,1411.5143,1424.7725,42.2,0.5416,0,1400.6832,1435.6036
2007,1,REG,LAC,CHI,1572.758,1558.643,42.2,0.5803,1,1581.1512,1550.2498
2007,1,REG,SEA,TB,1534.119,1469.519,42.2,0.649,1,1541.1383,1462.4997
2007,1,REG,DAL,NYG,1504.7422,1500.9058,42.2,0.5659,1,1513.4249,1492.2231
2007,1,REG,CIN,BAL,1514.9673,1549.3474,42.2,0.5113,1,1524.7423,1539.5724
2007,1,REG,SF,ARI,1462.728,1450.0275,42.2,0.5784,1,1471.1609,1441.5946
2007,2,REG,CAR,HOU,1533.3816,1463.574,42.2,0.6558,0,1520.265,1476.6906
2007,2,REG,CLE,CIN,1434.9353,1524.7423,42.2,0.4319,1,1446.297,1513.3806
2007,2,REG,JAX,ATL,1507.2164,1481.5871,42.2,0.5964,1,1515.2885,1473.515
2007,2,REG,NYG,GB,1492.2231,1504.5571,42.2,0.5429,0,1481.3656,1515.4146
2007,2,REG,PIT,BUF,1560.9043,1477.4365,42.2,0.6734,1,1567.4372,1470.9036
2007,2,REG,LA,SF,1483.3355,1471.1609,42.2,0.5776,0,1471.7831,1482.7133
2007,2,REG,TB,NO,1462.4997,1496.6977,42.2,0.5115,1,1472.2694,1486.928
2007,2,REG,TEN,IND,1506.6811,1613.482,42.2,0.4081,0,1498.5193,1621.6438
2007,2,REG,ARI,SEA,1441.5946,1541.1383,42.2,0.4182,1,1453.2303,1529.5026
2007,2,REG,DET,MIN,1435.6036,1487.9773,42.2,0.4854,1,1445.8963,1477.6846
2007,2,REG,MIA,DAL,1479.9951,1513.4249,42.2,0.5126,0,1469.7427,1523.6773
2007,2,REG,BAL,NYJ,1539.5724,1499.156,42.2,0.6167,1,1547.2383,1491.4901
2007,2,REG,CHI,KC,1550.2498,1513.6992,42.2,0.6114,1,1558.0212,1505.9278
2007,2,REG,DEN,LV,1552.9332,1400.6832,42.2,0.7539,1,1557.8559,1395.7605
2007,2,REG,NE,LAC,1598.2938,1581.1512,42.2,0.5846,1,1606.6022,1572.8428
2007,2,REG,PHI,WAS,1519.2723,1484.3432,42.2,0.6092,0,1507.0881,1496.5274
2007,3,REG,BAL,ARI,1547.2383,1453.2303,42.2,0.6866,1,1553.5071,1446.9615
2007,3,REG,GB,LAC,1515.4146,1572.8428,42.2,0.4781,1,1525.8526,1562.4048
2007,3,REG,HOU,IND,1476.6906,1621.6438,42.2,0.3563,0,1469.5648,1628.7696
2007,3,REG,KC,MIN,1505.9278,1477.6846,42.2,0.6,1,1513.9276,1469.6848
2007,3,REG,NE,BUF,1606.6022,1470.9036,42.2,0.7358,1,1611.8869,1465.6189
2007,3,REG,NYJ,MIA,1491.4901,1469.7427,42.2,0.591,1,1499.6701,1461.5627
2007,3,REG,PHI,DET,1507.0881,1445.8963,42.2,0.6446,1,1514.1971,1438.7873
2007,3,REG,PIT,SF,1567.4372,1482.7133,42.2,0.6749,1,1573.9383,1476.2122
2007,3,REG,TB,LA,1472.2694,1471.7831,42.2,0.5611,1,1481.0469,1463.0056
2007,3,REG,DEN,JAX,1557.8559,1515.2885,42.2,0.6196,0,1545.4634,1527.681
2007,3,REG,LV,CLE,1395.7605,1446.297,42.2,0.488,1,1406.0004,1436.0571
2007,3,REG,SEA,CIN,1529.5026,1513.3806,42.2,0.5832,1,1537.8395,1505.0437
2007,3,REG,ATL,CAR,1473.515,1520.265,42.2,0.4935,0,1463.646,1530.134
2007,3,REG,WAS,NYG,1496.5274,1481.3656,42.2,0.5818,0,1484.8912,1493.0018
2007,3,REG,CHI,DAL,1558.0212,1523.6773,42.2,0.6084,0,1545.8531,1535.8454
2007,3,REG,NO,TEN,1486.928,1498.5193,42.2,0.5439,0,1476.0493,1509.398
2007,4,REG,ATL,HOU,1463.646,1469.5648,42.2,0.552,1,1472.6055,1460.6053
2007,4,REG,BUF,NYJ,1465.6189,1499.6701,42.2,0.5117,1,1475.3844,1489.9046
2007,4,REG,CLE,BAL,1436.0571,1553.5071,42.2,0.3934,1,1448.1897,1541.3745
2007,4,REG,DAL,LA,1535.8454,1463.0056,42.2,0.6598,1,1542.6502,1456.2008
2007,4,REG,DET,CHI,1438.7873,1545.8531,42.2,0.4077,1,1450.6329,1534.0075
2007,4,REG,MIA,LV,1461.5627,1406.0004,42.2,0.6371,0,1448.8209,1418.7422
2007,4,REG,MIN,GB,1469.6848,1525.8526,42.2,0.4799,0,1460.0866,1535.4508
2007,4,REG,CAR,TB,1530.134,1481.0469,42.2,0.6284,0,1517.5654,1493.6155
2007,4,REG,SF,SEA,1476.2122,1537.8395,42.2,0.4721,0,1466.7708,1547.2809
2007,4,REG,ARI,PIT,1446.9615,1573.9383,42.2,0.3804,1,1459.3543,1561.5455
2007,4,REG,IND,DEN,1628.7696,1545.4634,42.2,0.6732,1,1635.3066,1538.9264
2007,4,REG,LAC,KC,1562.4048,1513.9276,42.2,0.6276,0,1549.8526,1526.4798
2007,4,REG,NYG,PHI,1493.0018,1514.1971,42.2,0.5302,1,1502.398,1504.8009
2007,4,REG,CIN,NE,1505.0437,1611.8869,42.2,0.408,0,1496.8831,1620.0475
2007,5,REG,HOU,MIA,1460.6053,1448.8209,42.2,0.5771,1,1469.0639,1440.3623
2007,5,REG,KC,JAX,1526.4798,1527.681,42.2,0.5587,0,1515.3052,1538.8556
2007,5,REG,NE,CLE,1620.0475,1448.1897,42.2,0.7742,1,1624.5634,1443.6738
2007,5,REG,NO,CAR,1476.0493,1517.5654,42.2,0.501,0,1466.0296,1527.5851
2007,5,REG,NYG,NYJ,1502.398,1489.9046,42.2,0.5781,1,1510.8367,1481.4659
2007,5,REG,PIT,SEA,1561.5455,1547.2809,42.2,0.5806,1,1569.9345,1538.8919
2007,5,REG,LA,ARI,1456.2008,1459.3543,42.2,0.556,0,1445.0817,1470.4734
2007,5,REG,TEN,ATL,1509.398,1472.6055,42.2,0.6118,1,1517.1628,1464.8407
2007,5,REG,WAS,DET,1484.8912,1450.6329,42.2,0.6083,1,1492.7254,1442.7987
2007,5,REG,IND,TB,1635.3066,1493.6155,42.2,0.7424,1,1640.4583,1488.4638
2007,5,REG,DEN,LAC,1538.9264,1549.8526,42.2,0.5449,0,1528.0287,1560.7503
2007,5,REG,SF,BAL,1466.7708,1541.3745,42.2,0.4535,0,1457.7008,1550.4445
2007,5,REG,GB,CHI,1535.4508,1534.0075,42.2,0.5625,0,1524.2012,1545.2571
2007,5,REG,BUF,DAL,1475.3844,1542.6502,42.2,0.464,0,1466.1046,1551.93
2007,6,REG,BAL,LA,1550.4445,1445.0817,42.2,0.7004,1,1556.4355,1439.0907
2007,6,REG,CHI,MIN,1545.2571,1460.0866,42.2,0.6755,0,1531.7469,1473.5968
2007,6,REG,CLE,MIA,1443.6738,1440.3623,42.2,0.5651,1,1452.3713,1431.6648
2007,6,REG,GB,WAS,1524.2012,1492.7254,42.2,0.6045,1,1532.1119,1484.8147
2007,6,REG,JAX,HOU,1538.8556,1469.0639,42.2,0.6558,1,1545.7394,1462.1801
2007,6,REG,KC,CIN,1515.3052,1496.8831,42.2,0.5864,1,1523.5778,1488.6105
2007,6,REG,NYJ,PHI,1481.4659,1504.8009,42.2,0.5271,0,1470.9235,1515.3433
2007,6,REG,TB,TEN,1488.4638,1517.1628,42.2,0.5194,1,1498.0754,1507.5512
2007,6,REG,ARI,CAR,1470.4734,1527.5851,42.2,0.4786,0,1460.9023,1537.1562
2007,6,REG,DAL,NE,1551.93,1624.5634,42.2,0.4563,0,1542.8037,1633.6897
2007,6,REG,LAC,LV,1560.7503,1418.7422,42.2,0.7428,1,1565.895,1413.5975
2007,6,REG,SEA,NO,1538.8919,1466.0296,42.2,0.6598,0,1525.6961,1479.2254
2007,6,REG,ATL,NYG,1464.8407,1510.8367,42.2,0.4945,0,1454.95,1520.7274
2007,7,REG,BUF,BAL,1466.1046,1556.4355,42.2,0.4312,1,1477.4811,1545.059
2007,7,REG,DET,TB,1442.7987,1498.0754,42.2,0.4812,1,1453.1749,1487.6992
2007,7,REG,HOU,TEN,1462.1801,1507.5512,42.2,0.4954,0,1452.2714,1517.4599
2007,7,REG,MIA,NE,1431.6648,1633.6897,42.2,0.285,0,1425.9657,1639.3888
2007,7,REG,NO,ATL,1479.2254,1454.95,42.2,0.5945,1,1487.3351,1446.8403
2007,7,REG,NYG,SF,1520.7274,1457.7008,42.2,0.647,1,1527.7881,1450.6401
2007,7,REG,WAS,ARI,1484.8147,1460.9023,42.2,0.594,1,1492.9345,1452.7825
2007,7,REG,CIN,NYJ,1488.6105,1470.9235,42.2,0.5853,1,1496.9037,1462.6303
2007,7,REG,LV,KC,1413.5975,1523.5778,42.2,0.4037,0,1405.524,1531.6513
2007,7,REG,DAL,MIN,1542.8037,1473.5968,42.2,0.655,1,1549.7027,1466.6978
2007,7,REG,PHI,CHI,1515.3433,1531.7469,42.2,0.5371,0,1504.6022,1542.488
2007,7,REG,SEA,LA,1525.6961,1439.0907,42.2,0.6773,1,1532.1498,1432.637
2007,7,REG,DEN,PIT,1528.0287,1569.9345,42.2,0.5004,1,1538.0202,1559.943
2007,7,REG,JAX,IND,1545.7394,1640.4583,42.2,0.425,0,1537.2396,1648.9581
2007,8,REG,CAR,IND,1537.1562,1648.9581,42.2,0.4012,0,1529.1331,1656.9812
2007,8,REG,CHI,DET,1542.488,1453.1749,42.2,0.6807,0,1528.8737,1466.7892
2007,8,REG,CIN,PIT,1496.9037,1559.943,42.2,0.47,0,1487.5028,1569.3439
2007,8,REG,MIA,NYG,1425.9657,1527.7881,42.2,0.415,0,1417.6651,1536.0887
2007,8,REG,MIN,PHI,1466.6978,1504.6022,42.2,0.5062,0,1456.5742,1514.7258
2007,8,REG,LA,CLE,1432.637,1452.3713,42.2,0.5323,0,1421.9913,1463.017
2007,8,REG,TEN,LV,1517.4599,1405.524,42.2,0.7083,1,1523.2933,1399.6906
2007,8,REG,NYJ,BUF,1462.6303,1477.4811,42.2,0.5393,0,1451.8447,1488.2667
2007,8,REG,LAC,HOU,1565.895,1452.2714,42.2,0.7103,1,1571.6884,1446.478
2007,8,REG,TB,JAX,1487.6992,1537.2396,42.2,0.4894,0,1477.9104,1547.0284
2007,8,REG,NE,WAS,1639.3888,1492.9345,42.2,0.7476,1,1644.4363,1487.887
2007,8,REG,SF,NO,1450.6401,1487.3351,42.2,0.5079,0,1440.4817,1497.4935
2007,8,REG,DEN,GB,1538.0202,1532.1119,42.2,0.5688,0,1526.6443,1543.4878
2007,9,REG,ATL,SF,1446.8403,1440.4817,42.2,0.5694,1,1455.4517,1431.8703
2007,9,REG,BUF,CIN,1488.2667,1487.5028,42.2,0.5615,1,1497.0364,1478.7331
2007,9,REG,DET,DEN,1466.7892,1526.6443,42.2,0.4746,1,1477.2969,1516.1366
2007,9,REG,KC,GB,1531.6513,1543.4878,42.2,0.5436,0,1520.7796,1554.3595
2007,9,REG,MIN,LAC,1456.5742,1571.6884,42.2,0.3966,1,1468.6426,1559.62
2007,9,REG,NO,JAX,1497.4935,1547.0284,42.2,0.4894,1,1507.7046,1536.8173
2007,9,REG,NYJ,WAS,1451.8447,1487.887,42.2,0.5089,0,1441.6675,1498.0642
2007,9,REG,TB,ARI,1477.9104,1452.7825,42.2,0.5957,1,1485.9964,1444.6965
2007,9,REG,TEN,CAR,1523.2933,1529.1331,42.2,0.5521,1,1532.2506,1520.1758
2007,9,REG,CLE,SEA,1463.017,1532.1498,42.2,0.4613,1,1473.7906,1521.3762
2007,9,REG,IND,NE,1656.9812,1644.4363,42.2,0.5781,0,1645.4184,1655.9991
2007,9,REG,LV,HOU,1399.6906,1446.478,42.2,0.4934,0,1389.8226,1456.346
2007,9,REG,PHI,DAL,1514.7258,1549.7027,42.2,0.5104,0,1504.5179,1559.9106
2007,9,REG,PIT,BAL,1569.3439,1545.059,42.2,0.5945,1,1577.4533,1536.9496
2007,10,REG,CAR,ATL,1520.1758,1455.4517,42.2,0.6492,0,1507.1919,1468.4356
2007,10,REG,GB,MIN,1554.3595,1468.6426,42.2,0.6762,1,1560.8356,1462.1665
2007,10,REG,KC,DEN,1520.7796,1516.1366,42.2,0.567,0,1509.4395,1527.4767
2007,10,REG,MIA,BUF,1417.6651,1497.0364,42.2,0.4467,0,1408.7309,1505.9706
2007,10,REG,NO,LA,1507.7046,1421.9913,42.2,0.6762,0,1494.1808,1435.5151
2007,10,REG,PIT,CLE,1577.4533,1473.7906,42.2,0.6984,1,1583.4855,1467.7584
2007,10,REG,TEN,JAX,1532.2506,1536.8173,42.2,0.5539,0,1521.1716,1547.8963
2007,10,REG,WAS,PHI,1498.0642,1504.5179,42.2,0.5513,0,1487.039,1515.5431
2007,10,REG,BAL,CIN,1536.9496,1478.7331,42.2,0.6406,0,1524.1373,1491.5454
2007,10,REG,ARI,DET,1444.6965,1477.2969,42.2,0.5138,1,1454.4203,1467.5731
2007,10,REG,NYG,DAL,1536.0887,1559.9106,42.2,0.5264,0,1525.5602,1570.4391
2007,10,REG,LV,CHI,1389.8226,1528.8737,42.2,0.3641,0,1382.5402,1536.1561
2007,10,REG,LAC,IND,1559.62,1645.4184,42.2,0.4376,1,1570.8683,1634.1701
2007,10,REG,SEA,SF,1521.3762,1431.8703,42.2,0.681,1,1527.7571,1425.4894
2007,11,REG,ATL,TB,1468.4356,1485.9964,42.2,0.5354,0,1457.7276,1496.7044
2007,11,REG,BAL,CLE,1524.1373,1467.7584,42.2,0.6382,0,1511.3737,1480.522
2007,11,REG,CIN,ARI,1491.5454,1454.4203,42.2,0.6122,0,1479.3011,1466.6646
2007,11,REG,DET,NYG,1467.5731,1525.5602,42.2,0.4773,0,1458.0272,1535.1061
2007,11,REG,GB,CAR,1560.8356,1507.1919,42.2,0.6345,1,1568.1449,1499.8826
2007,11,REG,HOU,NO,1456.346,1494.1808,42.2,0.5063,1,1466.2204,1484.3064
2007,11,REG,IND,KC,1634.1701,1509.4395,42.2,0.7233,1,1639.7039,1503.9057
2007,11,REG,JAX,LAC,1547.8963,1570.8683,42.2,0.5276,1,1557.3434,1561.4212
2007,11,REG,MIN,LV,1462.1665,1382.5402,42.2,0.6685,1,1468.797,1375.9097
2007,11,REG,PHI,MIA,1515.5431,1408.7309,42.2,0.7022,1,1521.4992,1402.7748
2007,11,REG,NYJ,PIT,1441.6675,1583.4855,42.2,0.3604,1,1454.4587,1570.6943
2007,11,REG,DAL,WAS,1570.4391,1487.039,42.2,0.6733,1,1576.9737,1480.5044
2007,11,REG,SEA,CHI,1527.7571,1536.1561,42.2,0.5485,1,1536.7873,1527.1259
2007,11,REG,SF,LA,1425.4894,1435.5151,42.2,0.5462,0,1414.566,1446.4385
2007,11,REG,BUF,NE,1505.9706,1655.9991,42.2,0.3496,0,1498.9782,1662.9915
2007,11,REG,DEN,TEN,1527.4767,1521.1716,42.2,0.5694,1,1536.0896,1512.5587
2007,12,REG,DET,GB,1458.0272,1568.1449,42.2,0.4035,0,1449.9575,1576.2146
2007,12,REG,DAL,NYJ,1576.9737,1454.4587,42.2,0.7207,1,1582.5587,1448.8737
2007,12,REG,ATL,IND,1457.7276,1639.7039,42.2,0.309,0,1451.5468,1645.8847
2007,12,REG,CAR,NO,1499.8826,1484.3064,42.2,0.5824,0,1488.2348,1495.9542
2007,12,REG,CIN,TEN,1479.3011,1512.5587,42.2,0.5129,1,1489.0438,1502.816
2007,12,REG,CLE,HOU,1480.522,1466.2204,42.2,0.5806,1,1488.9099,1457.8325
2007,12,REG,JAX,BUF,1557.3434,1498.9782,42.2,0.6408,1,1564.5271,1491.7945
2007,12,REG,KC,LV,1503.9057,1375.9097,42.2,0.7271,0,1489.3646,1390.4508
2007,12,REG,NYG,MIN,1535.1061,1468.797,42.2,0.6513,0,1522.0807,1481.8224
2007,12,REG,LA,SEA,1446.4385,1536.7873,42.2,0.4311,0,1437.8155,1545.4103
2007,12,REG,TB,WAS,1496.7044,1480.5044,42.2,0.5833,1,1505.0392,1472.1696
2007,12,REG,ARI,SF,1466.6646,1414.566,42.2,0.6325,0,1454.0152,1427.2154
2007,12,REG,CHI,DEN,1527.1259,1536.0896,42.2,0.5477,1,1536.1722,1527.0433
2007,12,REG,LAC,BAL,1561.4212,1511.3737,42.2,0.6297,1,1568.8268,1503.9681
2007,12,REG,NE,PHI,1662.9915,1521.4992,42.2,0.7422,1,1668.1476,1516.3431
2007,12,REG,PIT,MIA,1570.6943,1402.7748,42.2,0.7702,1,1575.2899,1398.1792
2007,13,REG,DAL,GB,1582.5587,1576.2146,42.2,0.5694,1,1591.1705,1567.6028
2007,13,REG,CAR,SF,1488.2348,1427.2154,42.2,0.6443,1,1495.3483,1420.1019
2007,13,REG,IND,JAX,1645.8847,1564.5271,42.2,0.6707,1,1652.4711,1557.9407
2007,13,REG,KC,LAC,1489.3646,1568.8268,42.2,0.4466,0,1480.433,1577.7584
2007,13,REG,MIA,NYJ,1398.1792,1448.8737,42.2,0.4878,0,1388.4236,1458.6293
2007,13,REG,MIN,DET,1481.8224,1449.9575,42.2,0.605,1,1489.7224,1442.0575
2007,13,REG,PHI,SEA,1516.3431,1545.4103,42.2,0.5189,0,1505.9653,1555.7881
2007,13,REG,LA,ATL,1437.8155,1451.5468,42.2,0.5409,1,1446.9979,1442.3644
2007,13,REG,TEN,HOU,1502.816,1457.8325,42.2,0.6229,1,1510.358,1450.2905
2007,13,REG,WAS,BUF,1472.1696,1491.7945,42.2,0.5324,0,1461.5207,1502.4434
2007,13,REG,ARI,CLE,1454.0152,1488.9099,42.2,0.5105,1,1463.805,1479.1201
2007,13,REG,LV,DEN,1390.4508,1527.0433,42.2,0.3674,1,1403.1027,1514.3914
2007,13,REG,CHI,NYG,1536.1722,1522.0807,42.2,0.5803,0,1524.566,1533.6869
2007,13,REG,NO,TB,1495.9542,1505.0392,42.2,0.5475,0,1485.0039,1515.9895
2007,13,REG,PIT,CIN,1575.2899,1489.0438,42.2,0.6769,1,1581.7526,1482.5811
2007,13,REG,BAL,NE,1503.9681,1668.1476,42.2,0.3313,0,1497.3415,1674.7742
2007,14,REG,WAS,CHI,1461.5207,1524.566,42.2,0.47,1,1472.12,1513.9667
2007,14,REG,BUF,MIA,1502.4434,1388.4236,42.2,0.7108,1,1508.2274,1382.6396
2007,14,REG,CIN,LA,1482.5811,1446.9979,42.2,0.6101,1,1490.379,1439.2
2007,14,REG,DET,DAL,1442.0575,1591.1705,42.2,0.3508,0,1435.0411,1598.1869
2007,14,REG,GB,LV,1567.6028,1403.1027,42.2,0.7667,1,1572.2685,1398.437
2007,14,REG,HOU,TB,1450.2905,1515.9895,42.2,0.4662,1,1460.9658,1505.3142
2007,14,REG,JAX,CAR,1557.9407,1495.3483,42.2,0.6464,1,1565.0128,1488.2762
2007,14,REG,PHI,NYG,1505.9653,1533.6869,42.2,0.5208,0,1495.5488,1544.1034
2007,14,REG,TEN,LAC,1510.358,1577.7584,42.2,0.4638,0,1501.0821,1587.0343
2007,14,REG,SEA,ARI,1555.7881,1463.805,42.2,0.684,1,1562.1072,1457.4859
2007,14,REG,SF,MIN,1420.1019,1489.7224,42.2,0.4606,0,1410.8895,1498.9348
2007,14,REG,DEN,KC,1514.3914,1480.433,42.2,0.6079,1,1522.2338,1472.5906
2007,14,REG,NE,PIT,1674.7742,1581.7526,42.2,0.6853,1,1681.0675,1575.4593
2007,14,REG,NYJ,CLE,1458.6293,1479.1201,42.2,0.5312,0,1448.0053,1489.7441
2007,14,REG,BAL,IND,1497.3415,1652.4711,42.2,0.343,0,1490.482,1659.3306
2007,14,REG,ATL,NO,1442.3644,1485.0039,42.2,0.4994,0,1432.377,1494.9913
2007,15,REG,HOU,DEN,1460.9658,1522.2338,42.2,0.4726,1,1471.5141,1511.6855
2007,15,REG,SF,CIN,1410.8895,1490.379,42.2,0.4465,1,1421.9587,1479.3098
2007,15,REG,CAR,SEA,1488.2762,1562.1072,42.2,0.4546,1,1499.1841,1551.1993
2007,15,REG,CLE,BUF,1489.7441,1508.2274,42.2,0.5341,1,1499.0625,1498.909
2007,15,REG,KC,TEN,1472.5906,1501.0821,42.2,0.5197,0,1462.1962,1511.4765
2007,15,REG,MIA,BAL,1382.6396,1490.482,42.2,0.4066,1,1394.5068,1478.6148
2007,15,REG,NE,NYJ,1681.0675,1448.0053,42.2,0.8298,1,1684.4706,1444.6022
2007,15,REG,NO,ARI,1494.9913,1457.4859,42.2,0.6127,1,1502.7366,1449.7406
2007,15,REG,PIT,JAX,1575.4593,1565.0128,42.2,0.5752,0,1563.9555,1576.5166
2007,15,REG,LA,GB,1439.2,1572.2685,42.2,0.3721,0,1431.7574,1579.7111
2007,15,REG,TB,ATL,1505.3142,1432.377,42.2,0.6599,1,1512.1165,1425.5747
2007,15,REG,LV,IND,1398.437,1659.3306,42.2,0.2212,0,1394.0137,1663.7539
2007,15,REG,DAL,PHI,1598.1869,1495.5488,42.2,0.6971,0,1584.2439,1509.4918
2007,15,REG,LAC,DET,1587.0343,1435.0411,42.2,0.7536,1,1591.9624,1430.113
2007,15,REG,NYG,WAS,1544.1034,1472.12,42.2,0.6587,0,1530.9304,1485.293
2007,15,REG,MIN,CHI,1498.9348,1513.9667,42.2,0.539,1,1508.1544,1504.7471
2007,16,REG,LA,PIT,1431.7574,1563.9555,42.2,0.3733,0,1424.2913,1571.4216
2007,16,REG,CAR,DAL,1499.1841,1584.2439,42.2,0.4386,0,1490.4115,1593.0165
2007,16,REG,BUF,NYG,1498.909,1530.9304,42.2,0.5146,0,1488.6161,1541.2233
2007,16,REG,CHI,GB,1504.7471,1579.7111,42.2,0.453,1,1515.6873,1568.7709
2007,16,REG,CIN,CLE,1479.3098,1499.0625,42.2,0.5323,1,1488.6646,1489.7077
2007,16,REG,DET,KC,1430.113,1462.1962,42.2,0.5146,1,1439.8219,1452.4873
2007,16,REG,IND,HOU,1663.7539,1471.5141,42.2,0.7941,1,1667.8728,1467.3952
2007,16,REG,JAX,LV,1576.5166,1394.0137,42.2,0.7847,1,1580.8218,1389.7085
2007,16,REG,NO,PHI,1502.7366,1509.4918,42.2,0.5508,0,1491.7199,1520.5085
2007,16,REG,ARI,ATL,1449.7406,1425.5747,42.2,0.5944,1,1457.8533,1417.462
2007,16,REG,SF,TB,1421.9587,1512.1165,42.2,0.4314,1,1433.3303,1500.7449
2007,16,REG,NE,MIA,1684.4706,1394.5068,42.2,0.8713,1,1687.0455,1391.9319
2007,16,REG,SEA,BAL,1551.1993,1478.6148,42.2,0.6594,1,1558.0107,1471.8034
2007,16,REG,TEN,NYJ,1511.4765,1444.6022,42.2,0.652,1,1518.4363,1437.6424
2007,16,REG,MIN,WAS,1508.1544,1485.293,42.2,0.5926,0,1496.3034,1497.144
2007,16,REG,LAC,DEN,1591.9624,1511.6855,42.2,0.6693,1,1598.5763,1505.0716
2007,17,REG,NYG,NE,1541.2233,1687.0455,42.2,0.3551,0,1534.1204,1694.1484
2007,17,REG,ATL,SEA,1417.462,1558.0107,42.2,0.3621,1,1430.2194,1545.2533
2007,17,REG,CHI,NO,1515.6873,1491.7199,42.2,0.5941,1,1523.8055,1483.6017
2007,17,REG,CLE,SF,1489.7077,1433.3303,42.2,0.6382,1,1496.9442,1426.0938
2007,17,REG,GB,DET,1568.7709,1439.8219,42.2,0.7281,1,1574.2081,1434.3847
2007,17,REG,HOU,JAX,1467.3952,1580.8218,42.2,0.3989,1,1479.417,1568.8
2007,17,REG,MIA,CIN,1391.9319,1488.6646,42.2,0.4222,0,1383.4887,1497.1078
2007,17,REG,PHI,BUF,1520.5085,1488.6161,42.2,0.605,1,1528.4077,1480.7169
2007,17,REG,TB,CAR,1500.7449,1490.4115,42.2,0.575,0,1489.2443,1501.9121
2007,17,REG,ARI,LA,1457.8533,1424.2913,42.2,0.6073,1,1465.7066,1416.438
2007,17,REG,BAL,PIT,1471.8034,1571.4216,42.2,0.4181,1,1483.4411,1559.7839
2007,17,REG,DEN,MIN,1505.0716,1496.3034,42.2,0.5728,1,1513.6151,1487.7599
2007,17,REG,NYJ,KC,1437.6424,1452.4873,42.2,0.5393,1,1446.8567,1443.273
2007,17,REG,LV,LAC,1389.7085,1598.5763,42.2,0.277,0,1384.1686,1604.1162
2007,17,REG,WAS,DAL,1497.144,1593.0165,42.2,0.4234,1,1508.6766,1581.4839
2007,17,REG,IND,TEN,1667.8728,1518.4363,42.2,0.7508,0,1652.8558,1533.4533
2007,18,WC,SEA,WAS,1545.2533,1508.6766,42.2,0.6115,1,1554.5781,1499.3518
2007,18,WC,PIT,JAX,1559.7839,1568.8,42.2,0.5476,0,1546.6412,1581.9427
2007,18,WC,TB,NYG,1489.2443,1534.1204,42.2,0.4961,0,1477.3367,1546.028
2007,18,WC,LAC,TEN,1604.1162,1533.4533,42.2,0.6569,1,1612.3496,1525.2199
2007,19,DIV,GB,SEA,1574.2081,1554.5781,42.2,0.5881,1,1584.0948,1544.6914
2007,19,DIV,NE,JAX,1694.1484,1581.9427,42.2,0.7086,1,1701.1408,1574.9503
2007,19,DIV,IND,LAC,1652.8558,1612.3496,42.2,0.6168,0,1638.052,1627.1534
2007,19,DIV,DAL,NYG,1581.4839,1546.028,42.2,0.6099,0,1566.8455,1560.6664
2007,20,CON,NE,LAC,1701.1408,1627.1534,42.2,0.6612,1,1709.271,1619.0232
2007,20,CON,GB,NYG,1584.0948,1560.6664,42.2,0.5933,0,1569.8547,1574.9065
2007,21,SB,NE,NYG,1709.271,1574.9065,0.0,0.6843,0,1692.8485,1591.329
2008,1,REG,NYG,WAS,1562.8404,1501.2157,42.2,0.6451,1,1569.938,1494.1181
2008,1,REG,ATL,DET,1454.897,1457.6877,42.2,0.5565,1,1463.7675,1448.8172
2008,1,REG,BAL,CIN,1490.5555,1499.7122,42.2,0.5474,1,1499.6073,1490.6604
2008,1,REG,BUF,SEA,1488.7303,1531.5932,42.2,0.499,1,1498.7494,1521.5741
2008,1,REG,MIA,NYJ,1423.5874,1466.044,42.2,0.4996,0,1413.5948,1476.0366
2008,1,REG,NE,KC,1630.8585,1463.6429,42.2,0.7695,1,1635.4685,1459.0329
2008,1,REG,NO,TB,1490.6631,1486.4656,42.2,0.5664,1,1499.3356,1477.7931
2008,1,REG,PHI,LA,1520.6832,1445.6635,42.2,0.6626,1,1527.4318,1438.9149
2008,1,REG,PIT,HOU,1532.8996,1487.8594,42.2,0.623,1,1540.4401,1480.3189
2008,1,REG,TEN,JAX,1518.5473,1551.8667,42.2,0.5128,1,1528.2918,1542.1222
2008,1,REG,CLE,DAL,1499.6026,1546.4365,42.2,0.4933,0,1489.736,1556.3031
2008,1,REG,LAC,CAR,1581.3955,1502.9311,42.2,0.667,0,1568.0557,1516.2709
2008,1,REG,SF,ARI,1452.1328,1478.6734,42.2,0.5225,0,1441.6824,1489.1238
2008,1,REG,IND,CHI,1594.1448,1517.5997,42.2,0.6645,0,1580.8542,1530.8903
2008,1,REG,GB,MIN,1548.4526,1493.4491,42.2,0.6363,1,1555.7256,1486.1761
2008,1,REG,LV,DEN,1424.043,1510.7721,42.2,0.4363,0,1415.3177,1519.4974
2008,2,REG,CAR,CHI,1516.2709,1530.8903,42.2,0.5396,1,1525.4787,1521.6825
2008,2,REG,CIN,TEN,1490.6604,1528.2918,42.2,0.5066,0,1480.5289,1538.4233
2008,2,REG,DET,GB,1448.8172,1555.7256,42.2,0.4079,0,1440.6584,1563.8844
2008,2,REG,JAX,BUF,1542.1222,1498.7494,42.2,0.6207,0,1529.7078,1511.1638
2008,2,REG,KC,LV,1459.0329,1415.3177,42.2,0.6212,0,1446.6093,1427.7413
2008,2,REG,MIN,IND,1486.1761,1580.8542,42.2,0.425,0,1477.6752,1589.3551
2008,2,REG,LA,NYG,1438.9149,1569.938,42.2,0.3749,0,1431.4172,1577.4357
2008,2,REG,WAS,NO,1494.1181,1499.3356,42.2,0.553,1,1503.0577,1490.396
2008,2,REG,SEA,SF,1521.5741,1441.6824,42.2,0.6688,0,1508.1979,1455.0586
2008,2,REG,TB,ATL,1477.7931,1463.7675,42.2,0.5802,1,1486.1888,1455.3718
2008,2,REG,ARI,MIA,1489.1238,1413.5948,42.2,0.6632,1,1495.8593,1406.8593
2008,2,REG,DEN,LAC,1519.4974,1568.0557,42.2,0.4909,1,1529.6804,1557.8727
2008,2,REG,NYJ,NE,1476.0366,1635.4685,42.2,0.3374,0,1469.2883,1642.2168
2008,2,REG,CLE,PIT,1489.736,1540.4401,42.2,0.4878,0,1479.9807,1550.1954
2008,2,REG,DAL,PHI,1556.3031,1527.4318,42.2,0.6009,1,1564.2856,1519.4493
2008,3,REG,ATL,KC,1455.3718,1446.6093,42.2,0.5728,1,1463.9154,1438.0657
2008,3,REG,BUF,LV,1511.1638,1427.7413,42.2,0.6733,1,1517.6978,1421.2073
2008,3,REG,CHI,TB,1521.6825,1486.1888,42.2,0.61,0,1509.4828,1498.3885
2008,3,REG,MIN,CAR,1477.6752,1525.4787,42.2,0.4919,1,1487.8365,1515.3174
2008,3,REG,NE,MIA,1642.2168,1406.8593,42.2,0.8317,0,1625.5827,1423.4934
2008,3,REG,NYG,CIN,1577.4357,1480.5289,42.2,0.6901,1,1583.6329,1474.3317
2008,3,REG,TEN,HOU,1538.4233,1480.3189,42.2,0.6405,1,1545.6139,1473.1283
2008,3,REG,WAS,ARI,1503.0577,1495.8593,42.2,0.5706,1,1511.6454,1487.2716
2008,3,REG,DEN,NO,1529.6804,1490.396,42.2,0.6152,1,1537.3772,1482.6992
2008,3,REG,SEA,LA,1508.1979,1431.4172,42.2,0.6648,1,1514.9012,1424.7139
2008,3,REG,SF,DET,1455.0586,1440.6584,42.2,0.5807,1,1463.4438,1432.2732
2008,3,REG,BAL,CLE,1499.6073,1479.9807,42.2,0.588,1,1507.8463,1471.7417
2008,3,REG,IND,JAX,1589.3551,1529.7078,42.2,0.6425,0,1576.5049,1542.558
2008,3,REG,PHI,PIT,1519.4493,1550.1954,42.2,0.5165,1,1529.1197,1540.525
2008,3,REG,GB,DAL,1563.8844,1564.2856,42.2,0.5599,0,1552.6871,1575.4829
2008,3,REG,LAC,NYJ,1557.8727,1469.2883,42.2,0.6798,1,1564.2767,1462.8843
2008,4,REG,CAR,ATL,1515.3174,1463.9154,42.2,0.6315,1,1522.6867,1456.5461
2008,4,REG,CIN,CLE,1474.3317,1471.7417,42.2,0.5641,0,1463.0496,1483.0238
2008,4,REG,JAX,HOU,1542.558,1473.1283,42.2,0.6553,1,1549.4512,1466.2351
2008,4,REG,KC,DEN,1438.0657,1537.3772,42.2,0.4185,1,1449.6949,1525.748
2008,4,REG,NO,SF,1482.6992,1463.4438,42.2,0.5875,1,1490.9486,1455.1944
2008,4,REG,NYJ,ARI,1462.8843,1487.2716,42.2,0.5256,1,1472.3721,1477.7838
2008,4,REG,TB,GB,1498.3885,1552.6871,42.2,0.4826,1,1508.7366,1542.339
2008,4,REG,TEN,MIN,1545.6139,1487.8365,42.2,0.64,1,1552.8132,1480.6372
2008,4,REG,LV,LAC,1421.2073,1564.2767,42.2,0.3588,0,1414.0316,1571.4524
2008,4,REG,LA,BUF,1424.7139,1517.6978,42.2,0.4274,0,1416.1653,1526.2464
2008,4,REG,DAL,WAS,1575.4829,1511.6454,42.2,0.648,0,1562.5223,1524.606
2008,4,REG,CHI,PHI,1509.4828,1529.1197,42.2,0.5324,1,1518.8343,1519.7682
2008,4,REG,PIT,BAL,1540.525,1507.8463,42.2,0.6061,1,1548.4026,1499.9687
2008,5,REG,BAL,TEN,1499.9687,1552.8132,42.2,0.4847,0,1490.275,1562.5069
2008,5,REG,CAR,KC,1522.6867,1449.6949,42.2,0.66,1,1529.4876,1442.894
2008,5,REG,DET,CHI,1432.2732,1518.8343,42.2,0.4365,0,1423.5431,1527.5644
2008,5,REG,GB,ATL,1542.339,1456.5461,42.2,0.6763,0,1528.8131,1470.072
2008,5,REG,HOU,IND,1466.2351,1576.5049,42.2,0.4033,0,1458.1696,1584.5704
2008,5,REG,MIA,LAC,1423.4934,1571.4524,42.2,0.3523,1,1436.4467,1558.4991
2008,5,REG,NYG,SEA,1583.6329,1514.9012,42.2,0.6544,1,1590.5443,1507.9898
2008,5,REG,PHI,WAS,1519.7682,1524.606,42.2,0.5536,0,1508.697,1535.6772
2008,5,REG,DEN,TB,1525.748,1508.7366,42.2,0.5844,1,1534.0601,1500.4245
2008,5,REG,ARI,BUF,1477.7838,1526.2464,42.2,0.491,1,1487.964,1516.0662
2008,5,REG,DAL,CIN,1562.5223,1463.0496,42.2,0.6933,1,1568.6566,1456.9153
2008,5,REG,SF,NE,1455.1944,1625.5827,42.2,0.3235,0,1448.7252,1632.0519
2008,5,REG,JAX,PIT,1549.4512,1548.4026,42.2,0.5619,0,1538.2128,1559.641
2008,5,REG,NO,MIN,1490.9486,1480.6372,42.2,0.575,0,1479.4486,1492.1372
2008,6,REG,ATL,CHI,1470.072,1527.5644,42.2,0.478,1,1480.5119,1517.1245
2008,6,REG,HOU,MIA,1458.1696,1436.4467,42.2,0.591,1,1466.3502,1428.2661
2008,6,REG,IND,BAL,1584.5704,1490.275,42.2,0.6869,1,1590.8321,1484.0133
2008,6,REG,MIN,DET,1492.1372,1423.5431,42.2,0.6543,1,1499.0522,1416.6281
2008,6,REG,NO,LV,1479.4486,1414.0316,42.2,0.6501,1,1486.4465,1407.0337
2008,6,REG,NYJ,CIN,1472.3721,1456.9153,42.2,0.5822,1,1480.7277,1448.5597
2008,6,REG,TB,CAR,1500.4245,1529.4876,42.2,0.5189,1,1510.0466,1519.8655
2008,6,REG,WAS,LA,1535.6772,1416.1653,42.2,0.7173,0,1521.3321,1430.5104
2008,6,REG,DEN,JAX,1534.0601,1538.2128,42.2,0.5545,0,1522.9694,1549.3035
2008,6,REG,ARI,DAL,1487.964,1568.6566,42.2,0.4448,1,1499.0674,1557.5532
2008,6,REG,SEA,GB,1507.9898,1528.8131,42.2,0.5307,0,1497.3753,1539.4276
2008,6,REG,SF,PHI,1448.7252,1508.697,42.2,0.4744,0,1439.2363,1518.1859
2008,6,REG,LAC,NE,1558.4991,1632.0519,42.2,0.455,1,1569.3991,1621.1519
2008,6,REG,CLE,NYG,1483.0238,1590.5443,42.2,0.4071,1,1494.882,1578.6861
2008,7,REG,BUF,LAC,1516.0662,1569.3991,42.2,0.484,1,1526.3865,1559.0788
2008,7,REG,CAR,NO,1519.8655,1486.4465,42.2,0.6071,1,1527.7227,1478.5893
2008,7,REG,CHI,MIN,1517.1245,1499.0522,42.2,0.5859,1,1525.4069,1490.7698
2008,7,REG,CIN,PIT,1448.5597,1559.641,42.2,0.4022,0,1440.5167,1567.684
2008,7,REG,KC,TEN,1442.894,1562.5069,42.2,0.3904,0,1435.086,1570.3149
2008,7,REG,MIA,BAL,1428.2661,1484.0133,42.2,0.4805,0,1418.6558,1493.6236
2008,7,REG,NYG,SF,1578.6861,1439.2363,42.2,0.7399,1,1583.8873,1434.0351
2008,7,REG,LA,DAL,1430.5104,1557.5532,42.2,0.3803,1,1442.905,1545.1586
2008,7,REG,HOU,DET,1466.3502,1416.6281,42.2,0.6293,1,1473.7645,1409.2138
2008,7,REG,GB,IND,1539.4276,1590.8321,42.2,0.4868,1,1549.6925,1580.5672
2008,7,REG,LV,NYJ,1407.0337,1480.7277,42.2,0.4548,1,1417.9377,1469.8237
2008,7,REG,WAS,CLE,1521.3321,1494.882,42.2,0.5975,1,1529.3815,1486.8326
2008,7,REG,TB,SEA,1510.0466,1497.3753,42.2,0.5783,1,1518.4803,1488.9416
2008,7,REG,NE,DEN,1621.1519,1522.9694,42.2,0.6917,1,1627.3178,1516.8035
2008,8,REG,BAL,LV,1493.6236,1417.9377,42.2,0.6634,1,1500.3551,1411.2062
2008,8,REG,CAR,ARI,1527.7227,1499.0674,42.2,0.6006,1,1535.7111,1491.079
2008,8,REG,DAL,TB,1545.1586,1518.4803,42.2,0.5978,1,1553.2017,1510.4372
2008,8,REG,DET,WAS,1409.2138,1529.3815,42.2,0.3896,0,1401.421,1537.1743
2008,8,REG,MIA,BUF,1418.6558,1526.3865,42.2,0.4068,1,1430.5199,1514.5224
2008,8,REG,NE,LA,1627.3178,1442.905,42.2,0.7866,1,1631.586,1438.6368
2008,8,REG,NO,LAC,1478.5893,1559.0788,42.2,0.4451,1,1489.6869,1547.9812
2008,8,REG,NYJ,KC,1469.8237,1435.086,42.2,0.6089,1,1477.6448,1427.2649
2008,8,REG,PHI,ATL,1518.1859,1480.5119,42.2,0.613,1,1525.9266,1472.7712
2008,8,REG,HOU,CIN,1473.7645,1440.5167,42.2,0.6069,1,1481.6264,1432.6548
2008,8,REG,JAX,CLE,1549.3035,1486.8326,42.2,0.6462,0,1536.3788,1499.7573
2008,8,REG,PIT,NYG,1567.684,1583.8873,42.2,0.5373,0,1556.9371,1594.6342
2008,8,REG,SF,SEA,1434.0351,1488.9416,42.2,0.4817,0,1424.4007,1498.576
2008,8,REG,TEN,IND,1570.3149,1580.5672,42.2,0.5458,1,1579.398,1571.4841
2008,9,REG,BUF,NYJ,1514.5224,1477.6448,42.2,0.6119,0,1502.2849,1489.8823
2008,9,REG,CHI,DET,1525.4069,1401.421,42.2,0.7224,1,1530.9579,1395.87
2008,9,REG,CIN,JAX,1432.6548,1536.3788,42.2,0.4124,1,1444.4073,1524.6263
2008,9,REG,CLE,BAL,1499.7573,1500.3551,42.2,0.5596,0,1488.5656,1511.5468
2008,9,REG,KC,TB,1427.2649,1510.4372,42.2,0.4413,0,1418.4387,1519.2634
2008,9,REG,MIN,HOU,1490.7698,1481.6264,42.2,0.5734,1,1499.3027,1473.0935
2008,9,REG,LA,ARI,1438.6368,1491.079,42.2,0.4853,0,1428.9315,1500.7843
2008,9,REG,TEN,GB,1579.398,1549.6925,42.2,0.602,1,1587.3574,1541.7331
2008,9,REG,DEN,MIA,1516.8035,1430.5199,42.2,0.6769,0,1503.2653,1444.0581
2008,9,REG,NYG,DAL,1594.6342,1553.2017,42.2,0.6181,1,1602.2725,1545.5634
2008,9,REG,LV,ATL,1411.2062,1472.7712,42.2,0.4722,0,1401.763,1482.2144
2008,9,REG,SEA,PHI,1498.576,1525.9266,42.2,0.5214,0,1488.1489,1536.3537
2008,9,REG,IND,NE,1571.4841,1631.586,42.2,0.4743,1,1581.9989,1621.0712
2008,9,REG,WAS,PIT,1537.1743,1556.9371,42.2,0.5322,0,1526.5294,1567.582
2008,10,REG,CLE,DEN,1488.5656,1503.2653,42.2,0.5395,0,1477.7757,1514.0552
2008,10,REG,ATL,NO,1482.2144,1489.6869,42.2,0.5498,1,1491.2182,1480.6831
2008,10,REG,CHI,TEN,1530.9579,1587.3574,42.2,0.4796,0,1521.3664,1596.9489
2008,10,REG,DET,JAX,1395.87,1524.6263,42.2,0.378,0,1388.311,1532.1853
2008,10,REG,HOU,BAL,1473.0935,1511.5468,42.2,0.5054,0,1462.9857,1521.6546
2008,10,REG,MIA,SEA,1444.0581,1488.1489,42.2,0.4973,1,1454.1125,1478.0945
2008,10,REG,MIN,GB,1499.3027,1541.7331,42.2,0.4997,1,1509.3093,1531.7265
2008,10,REG,NE,BUF,1621.0712,1502.2849,42.2,0.7164,1,1626.743,1496.6131
2008,10,REG,NYJ,LA,1489.8823,1428.9315,42.2,0.6442,1,1496.9976,1421.8162
2008,10,REG,LV,CAR,1401.763,1535.7111,42.2,0.3709,0,1394.344,1543.1301
2008,10,REG,PIT,IND,1567.582,1581.9989,42.2,0.5399,0,1556.784,1592.7969
2008,10,REG,LAC,KC,1547.9812,1418.4387,42.2,0.7288,1,1553.4049,1413.015
2008,10,REG,PHI,NYG,1536.3537,1602.2725,42.2,0.4659,0,1527.0353,1611.5909
2008,10,REG,ARI,SF,1500.7843,1424.4007,42.2,0.6643,1,1507.4978,1417.6872
2008,11,REG,NE,NYJ,1626.743,1496.9976,42.2,0.729,0,1612.162,1511.5786
2008,11,REG,ATL,DEN,1491.2182,1514.0552,42.2,0.5278,0,1480.6615,1524.6119
2008,11,REG,CAR,DET,1543.1301,1388.311,42.2,0.7566,1,1547.9981,1383.443
2008,11,REG,CIN,PHI,1444.4073,1527.0353,42.2,0.4421,0,1435.5657,1535.8769
2008,11,REG,GB,CHI,1531.7265,1521.3664,42.2,0.5751,1,1540.2251,1512.8678
2008,11,REG,IND,HOU,1592.7969,1462.9857,42.2,0.7291,1,1598.2144,1457.5682
2008,11,REG,KC,NO,1413.015,1480.6831,42.2,0.4634,0,1403.7467,1489.9514
2008,11,REG,MIA,LV,1454.1125,1394.344,42.2,0.6427,1,1461.2591,1387.1974
2008,11,REG,NYG,BAL,1611.5909,1521.6546,42.2,0.6815,1,1617.9611,1515.2844
2008,11,REG,TB,MIN,1519.2634,1509.3093,42.2,0.5745,1,1527.7735,1500.7992
2008,11,REG,SEA,ARI,1478.0945,1507.4978,42.2,0.5184,0,1467.7263,1517.866
2008,11,REG,SF,LA,1417.6872,1421.8162,42.2,0.5546,1,1426.5958,1412.9076
2008,11,REG,JAX,TEN,1532.1853,1596.9489,42.2,0.4676,0,1522.8338,1606.3004
2008,11,REG,PIT,LAC,1556.784,1553.4049,42.2,0.5652,1,1565.4796,1544.7093
2008,11,REG,WAS,DAL,1526.5294,1545.5634,42.2,0.5333,0,1515.8636,1556.2292
2008,11,REG,BUF,CLE,1496.6131,1477.7757,42.2,0.5869,0,1484.8742,1489.5146
2008,12,REG,PIT,CIN,1565.4796,1435.5657,42.2,0.7292,1,1570.8948,1430.1505
2008,12,REG,BAL,PHI,1515.2844,1535.8769,42.2,0.5311,1,1524.6633,1526.498
2008,12,REG,CLE,HOU,1489.5146,1457.5682,42.2,0.6051,0,1477.4123,1469.6705
2008,12,REG,DAL,SF,1556.2292,1426.5958,42.2,0.7289,1,1561.6508,1421.1742
2008,12,REG,DET,TB,1383.443,1527.7735,42.2,0.3571,0,1376.3007,1534.9158
2008,12,REG,JAX,MIN,1522.8338,1500.7992,42.2,0.5914,0,1511.0058,1512.6272
2008,12,REG,KC,BUF,1403.7467,1484.8742,42.2,0.4442,0,1394.8625,1493.7584
2008,12,REG,MIA,NE,1461.2591,1612.162,42.2,0.3485,0,1454.2896,1619.1315
2008,12,REG,LA,CHI,1412.9076,1512.8678,42.2,0.4176,0,1404.5549,1521.2205
2008,12,REG,TEN,NYJ,1606.3004,1511.5786,42.2,0.6874,0,1592.5516,1525.3274
2008,12,REG,DEN,LV,1524.6119,1387.1974,42.2,0.7377,0,1509.8583,1401.951
2008,12,REG,ARI,NYG,1517.866,1617.9611,42.2,0.4174,0,1509.5171,1626.31
2008,12,REG,ATL,CAR,1480.6615,1547.9981,42.2,0.4639,1,1491.3837,1537.2759
2008,12,REG,SEA,WAS,1467.7263,1515.8636,42.2,0.4915,0,1457.8972,1525.6927
2008,12,REG,LAC,IND,1544.7093,1598.2144,42.2,0.4837,0,1535.0346,1607.8891
2008,12,REG,NO,GB,1489.9514,1540.2251,42.2,0.4884,1,1500.1837,1529.9928
2008,13,REG,DET,TEN,1376.3007,1592.5516,42.2,0.2686,0,1370.9294,1597.9229
2008,13,REG,DAL,SEA,1561.6508,1457.8972,42.2,0.6985,1,1567.6808,1451.8672
2008,13,REG,PHI,ARI,1526.498,1509.5171,42.2,0.5844,1,1534.8109,1501.2042
2008,13,REG,BUF,SF,1493.7584,1421.1742,42.2,0.6594,0,1480.5698,1434.3628
2008,13,REG,CIN,BAL,1430.1505,1524.6633,42.2,0.4253,0,1421.6449,1533.1689
2008,13,REG,CLE,IND,1477.4123,1607.8891,42.2,0.3756,0,1469.8998,1615.4016
2008,13,REG,GB,CAR,1529.9928,1537.2759,42.2,0.5501,0,1518.9912,1548.2775
2008,13,REG,LA,MIA,1404.5549,1454.2896,42.2,0.4892,0,1394.7717,1464.0728
2008,13,REG,TB,NO,1534.9158,1500.1837,42.2,0.6089,1,1542.737,1492.3625
2008,13,REG,WAS,NYG,1525.6927,1626.31,42.2,0.4167,0,1517.3584,1634.6443
2008,13,REG,LAC,ATL,1535.0346,1491.3837,42.2,0.6211,0,1522.6127,1503.8056
2008,13,REG,NE,PIT,1619.1315,1570.8948,42.2,0.6273,0,1606.5858,1583.4405
2008,13,REG,NYJ,DEN,1525.3274,1509.8583,42.2,0.5822,0,1513.6826,1521.5031
2008,13,REG,LV,KC,1401.951,1394.8625,42.2,0.5705,0,1390.5418,1406.2717
2008,13,REG,MIN,CHI,1512.6272,1521.2205,42.2,0.5482,1,1521.6629,1512.1848
2008,13,REG,HOU,JAX,1469.6705,1511.0058,42.2,0.5012,1,1479.6456,1501.0307
2008,14,REG,LAC,LV,1522.6127,1390.5418,42.2,0.7317,1,1527.979,1385.1755
2008,14,REG,CHI,JAX,1512.1848,1501.0307,42.2,0.5762,1,1520.6611,1492.5544
2008,14,REG,DET,MIN,1370.9294,1521.6629,42.2,0.3487,0,1363.9554,1528.6369
2008,14,REG,GB,HOU,1518.9912,1479.6456,42.2,0.6152,0,1506.6863,1491.9505
2008,14,REG,IND,CIN,1615.4016,1421.6449,42.2,0.7955,1,1619.492,1417.5545
2008,14,REG,NO,ATL,1492.3625,1503.8056,42.2,0.5441,1,1501.4796,1494.6885
2008,14,REG,NYG,PHI,1634.6443,1534.8109,42.2,0.6937,0,1620.7697,1548.6855
2008,14,REG,TEN,CLE,1597.9229,1469.8998,42.2,0.7271,1,1603.3812,1464.4415
2008,14,REG,BUF,MIA,1480.5698,1464.0728,42.2,0.5837,0,1468.8963,1475.7463
2008,14,REG,DEN,KC,1521.5031,1406.2717,42.2,0.7122,1,1527.2585,1400.5163
2008,14,REG,SEA,NE,1451.8672,1606.5858,42.2,0.3435,0,1444.9971,1613.4559
2008,14,REG,SF,NYJ,1434.3628,1513.6826,42.2,0.4468,1,1445.4271,1502.6183
2008,14,REG,ARI,LA,1501.2042,1394.7717,42.2,0.7017,1,1507.1694,1388.8065
2008,14,REG,PIT,DAL,1583.4405,1567.6808,42.2,0.5826,1,1591.7876,1559.3337
2008,14,REG,BAL,WAS,1533.1689,1517.3584,42.2,0.5827,1,1541.5146,1509.0127
2008,14,REG,CAR,TB,1548.2775,1542.737,42.2,0.5683,1,1556.912,1534.1025
2008,15,REG,CHI,NO,1520.6611,1501.4796,42.2,0.5874,1,1528.9126,1493.2281
2008,15,REG,ATL,TB,1494.6885,1534.1025,42.2,0.504,1,1504.6083,1524.1827
2008,15,REG,CIN,WAS,1417.5545,1509.0127,42.2,0.4296,1,1428.9628,1497.6044
2008,15,REG,HOU,TEN,1491.9505,1603.3812,42.2,0.4017,1,1503.9172,1591.4145
2008,15,REG,IND,DET,1619.492,1363.9554,42.2,0.8473,1,1622.5451,1360.9023
2008,15,REG,JAX,GB,1492.5544,1506.6863,42.2,0.5403,1,1501.7483,1497.4924
2008,15,REG,KC,LAC,1400.5163,1527.979,42.2,0.3797,0,1392.9223,1535.573
2008,15,REG,MIA,SF,1475.7463,1445.4271,42.2,0.6029,1,1483.6888,1437.4846
2008,15,REG,NYJ,BUF,1502.6183,1468.8963,42.2,0.6076,1,1510.4672,1461.0474
2008,15,REG,LA,SEA,1388.8065,1444.9971,42.2,0.4799,0,1379.209,1454.5946
2008,15,REG,ARI,MIN,1507.1694,1528.6369,42.2,0.5298,0,1496.5734,1539.2329
2008,15,REG,BAL,PIT,1541.5146,1591.7876,42.2,0.4884,0,1531.7469,1601.5553
2008,15,REG,CAR,DEN,1556.912,1527.2585,42.2,0.602,1,1564.8729,1519.2976
2008,15,REG,LV,NE,1385.1755,1613.4559,42.2,0.2552,0,1380.0719,1618.5595
2008,15,REG,DAL,NYG,1559.3337,1620.7697,42.2,0.4723,1,1569.8868,1610.2166
2008,15,REG,PHI,CLE,1548.6855,1464.4415,42.2,0.6743,1,1555.1987,1457.9283
2008,16,REG,JAX,IND,1501.7483,1622.5451,42.2,0.3888,0,1493.9727,1630.3207
2008,16,REG,DAL,BAL,1569.8868,1531.7469,42.2,0.6136,0,1557.6148,1544.0189
2008,16,REG,CLE,CIN,1457.9283,1428.9628,42.2,0.601,0,1445.9082,1440.9829
2008,16,REG,DET,NO,1360.9023,1493.2281,42.2,0.3731,0,1353.4397,1500.6907
2008,16,REG,KC,MIA,1392.9223,1483.6888,42.2,0.4306,0,1384.3111,1492.3
2008,16,REG,NE,ARI,1618.5595,1496.5734,42.2,0.7201,1,1624.1568,1490.9761
2008,16,REG,LA,SF,1379.209,1437.4846,42.2,0.4769,0,1369.6714,1447.0222
2008,16,REG,TB,LAC,1524.1827,1535.573,42.2,0.5442,0,1513.2982,1546.4575
2008,16,REG,TEN,PIT,1591.4145,1601.5553,42.2,0.546,1,1600.4944,1592.4754
2008,16,REG,DEN,BUF,1519.2976,1461.0474,42.2,0.6407,0,1506.4844,1473.8606
2008,16,REG,LV,HOU,1380.0719,1503.9172,42.2,0.3846,1,1392.3795,1491.6096
2008,16,REG,SEA,NYJ,1454.5946,1510.4672,42.2,0.4803,1,1464.9879,1500.0739
2008,16,REG,MIN,ATL,1539.2329,1504.6083,42.2,0.6088,0,1527.0571,1516.7841
2008,16,REG,WAS,PHI,1497.6044,1555.1987,42.2,0.4779,1,1508.0472,1544.7559
2008,16,REG,NYG,CAR,1610.2166,1564.8729,42.2,0.6234,1,1617.7489,1557.3406
2008,16,REG,CHI,GB,1528.9126,1497.4924,42.2,0.6044,1,1536.8248,1489.5802
2008,17,REG,ATL,LA,1516.7841,1369.6714,42.2,0.7483,1,1521.8173,1364.6382
2008,17,REG,BUF,NE,1473.8606,1624.1568,42.2,0.3493,0,1466.8752,1631.1422
2008,17,REG,CIN,KC,1440.9829,1384.3111,42.2,0.6386,1,1448.2116,1377.0824
2008,17,REG,GB,DET,1489.5802,1353.4397,42.2,0.7363,1,1494.855,1348.1649
2008,17,REG,HOU,CHI,1491.6096,1536.8248,42.2,0.4957,1,1501.6964,1526.738
2008,17,REG,IND,TEN,1630.3207,1600.4944,42.2,0.6022,1,1638.2768,1592.5383
2008,17,REG,MIN,NYG,1527.0571,1617.7489,42.2,0.4307,1,1538.4438,1606.3622
2008,17,REG,NO,CAR,1500.6907,1557.3406,42.2,0.4792,0,1491.1064,1566.9249
2008,17,REG,PIT,CLE,1592.4754,1445.9082,42.2,0.7477,1,1597.5205,1440.8631
2008,17,REG,TB,LV,1513.2982,1392.3795,42.2,0.7189,0,1498.9203,1406.7574
2008,17,REG,ARI,SEA,1490.9761,1464.9879,42.2,0.5969,1,1499.0383,1456.9257
2008,17,REG,BAL,JAX,1544.0189,1493.9727,42.2,0.6297,1,1551.4245,1486.5671
2008,17,REG,NYJ,MIA,1500.0739,1492.3,42.2,0.5714,0,1488.6454,1503.7285
2008,17,REG,PHI,DAL,1544.7559,1557.6148,42.2,0.5421,1,1553.9134,1548.4573
2008,17,REG,SF,WAS,1447.0222,1508.0472,42.2,0.4729,1,1457.5635,1497.5059
2008,17,REG,LAC,DEN,1546.4575,1506.4844,42.2,0.6161,1,1554.1355,1498.8064
2008,18,WC,ARI,ATL,1499.0383,1521.8173,42.2,0.5279,1,1510.3682,1510.4874
2008,18,WC,LAC,IND,1554.1355,1638.2768,42.2,0.4399,1,1567.5771,1624.8352
2008,18,WC,MIA,BAL,1503.7285,1551.4245,42.2,0.4921,0,1491.9183,1563.2347
2008,18,WC,MIN,PHI,1538.4438,1553.9134,42.2,0.5384,0,1525.5224,1566.8348
2008,19,DIV,TEN,BAL,1592.5383,1563.2347,42.2,0.6015,0,1578.1029,1577.6701
2008,19,DIV,CAR,ARI,1566.9249,1510.3682,42.2,0.6384,0,1551.603,1525.6901
2008,19,DIV,NYG,PHI,1606.3622,1566.8348,42.2,0.6155,0,1591.5904,1581.6066
2008,19,DIV,PIT,LAC,1597.5205,1567.5771,42.2,0.6024,1,1607.064,1558.0336
2008,20,CON,ARI,PHI,1525.6901,1581.6066,42.2,0.4803,1,1538.1636,1569.1331
2008,20,CON,PIT,BAL,1607.064,1577.6701,42.2,0.6016,1,1616.6256,1568.1085
2008,21,SB,ARI,PIT,1538.1636,1616.6256,0.0,0.389,0,1528.8284,1625.9608
2009,1,REG,PIT,TEN,1586.0437,1553.9789,42.2,0.6053,1,1593.9382,1546.0844
2009,1,REG,ATL,MIA,1508.6766,1496.2353,42.2,0.578,1,1517.1167,1487.7952
2009,1,REG,BAL,KC,1547.2827,1419.2952,42.2,0.727,1,1552.7418,1413.8361
2009,1,REG,CAR,PHI,1536.224,1547.9692,42.2,0.5437,0,1525.3497,1558.8435
2009,1,REG,CIN,DEN,1466.9518,1500.8503,42.2,0.5119,0,1456.7129,1511.0892
2009,1,REG,CLE,MIN,1462.0283,1518.75,42.2,0.4791,0,1452.446,1528.3323
2009,1,REG,HOU,NYJ,1502.7866,1494.0424,42.2,0.5728,0,1491.3307,1505.4983
2009,1,REG,IND,JAX,1585.2896,1492.65,42.2,0.6849,1,1591.5924,1486.3472
2009,1,REG,NO,DET,1495.6913,1399.9205,42.2,0.6887,1,1501.9165,1393.6953
2009,1,REG,TB,DAL,1500.9266,1534.1164,42.2,0.513,0,1490.6673,1544.3757
2009,1,REG,ARI,SF,1520.965,1473.2175,42.2,0.6266,0,1508.4324,1485.7501
2009,1,REG,NYG,WAS,1563.0156,1499.979,42.2,0.647,1,1570.076,1492.9186
2009,1,REG,SEA,LA,1472.7902,1410.9576,42.2,0.6454,1,1479.8823,1403.8655
2009,1,REG,GB,CHI,1498.2028,1519.5645,42.2,0.53,1,1507.6037,1510.1636
2009,1,REG,NE,BUF,1589.5153,1479.4564,42.2,0.7061,1,1595.3935,1473.5782
2009,1,REG,LV,LAC,1439.1775,1540.5325,42.2,0.4157,0,1430.8639,1548.8461
2009,2,REG,ATL,CAR,1517.1167,1525.3497,42.2,0.5487,1,1526.1422,1516.3242
2009,2,REG,DET,MIN,1393.6953,1528.3323,42.2,0.37,0,1386.2948,1535.7328
2009,2,REG,GB,CIN,1507.6037,1456.7129,42.2,0.6309,0,1494.9867,1469.3299
2009,2,REG,JAX,ARI,1486.3472,1508.4324,42.2,0.5289,0,1475.7689,1519.0107
2009,2,REG,KC,LV,1413.8361,1430.8639,42.2,0.5362,0,1403.1129,1441.5871
2009,2,REG,NYJ,NE,1505.4983,1595.3935,42.2,0.4318,1,1516.8625,1584.0293
2009,2,REG,PHI,NO,1558.8435,1501.9165,42.2,0.6389,0,1546.0654,1514.6946
2009,2,REG,TEN,HOU,1546.0844,1491.3307,42.2,0.636,0,1533.3641,1504.051
2009,2,REG,WAS,LA,1492.9186,1403.8655,42.2,0.6804,1,1499.3108,1397.4733
2009,2,REG,BUF,TB,1473.5782,1490.6673,42.2,0.5361,1,1482.8567,1481.3888
2009,2,REG,SF,SEA,1485.7501,1479.8823,42.2,0.5687,1,1494.3754,1471.257
2009,2,REG,CHI,PIT,1510.1636,1593.9382,42.2,0.4405,1,1521.3545,1582.7473
2009,2,REG,DEN,CLE,1511.0892,1452.446,42.2,0.6412,1,1518.2656,1445.2696
2009,2,REG,LAC,BAL,1548.8461,1552.7418,42.2,0.5549,0,1537.7481,1563.8398
2009,2,REG,DAL,NYG,1544.3757,1570.076,42.2,0.5237,0,1533.9012,1580.5505
2009,2,REG,MIA,IND,1487.7952,1591.5924,42.2,0.4123,0,1479.5498,1599.8378
2009,3,REG,BAL,CLE,1563.8398,1445.2696,42.2,0.7162,1,1569.5167,1439.5927
2009,3,REG,DET,WAS,1386.2948,1499.3108,42.2,0.3995,1,1398.3053,1487.3003
2009,3,REG,HOU,JAX,1504.051,1475.7689,42.2,0.6001,0,1492.0497,1487.7702
2009,3,REG,MIN,SF,1535.7328,1494.3754,42.2,0.618,1,1543.3731,1486.7351
2009,3,REG,NE,ATL,1584.0293,1526.1422,42.2,0.6402,1,1591.2257,1518.9458
2009,3,REG,NYJ,TEN,1516.8625,1533.3641,42.2,0.5369,1,1526.1242,1524.1024
2009,3,REG,PHI,KC,1546.0654,1403.1129,42.2,0.7438,1,1551.1894,1397.9889
2009,3,REG,LA,GB,1397.4733,1494.9867,42.2,0.4211,0,1389.052,1503.408
2009,3,REG,TB,NYG,1481.3888,1580.5505,42.2,0.4188,0,1473.0138,1588.9255
2009,3,REG,BUF,NO,1482.8567,1514.6946,42.2,0.5149,0,1472.5585,1524.9928
2009,3,REG,SEA,CHI,1471.257,1521.3545,42.2,0.4886,0,1461.4843,1531.1272
2009,3,REG,CIN,PIT,1469.3299,1582.7473,42.2,0.3989,1,1481.3515,1570.7257
2009,3,REG,LV,DEN,1441.5871,1518.2656,42.2,0.4505,0,1432.5762,1527.2765
2009,3,REG,LAC,MIA,1537.7481,1479.5498,42.2,0.6406,1,1544.9362,1472.3617
2009,3,REG,ARI,IND,1519.0107,1599.8378,42.2,0.4446,0,1510.1179,1608.7306
2009,3,REG,DAL,CAR,1533.9012,1516.3242,42.2,0.5852,1,1542.1975,1508.0279
2009,4,REG,CHI,DET,1531.1272,1398.3053,42.2,0.7325,1,1536.4766,1392.9559
2009,4,REG,CLE,CIN,1439.5927,1481.3515,42.2,0.5006,0,1429.58,1491.3642
2009,4,REG,HOU,LV,1492.0497,1432.5762,42.2,0.6423,1,1499.2041,1425.4218
2009,4,REG,IND,SEA,1608.7306,1461.4843,42.2,0.7485,1,1613.7609,1456.454
2009,4,REG,JAX,TEN,1487.7702,1524.1024,42.2,0.5084,1,1497.6013,1514.2713
2009,4,REG,KC,NYG,1397.9889,1588.9255,42.2,0.2981,0,1392.0262,1594.8882
2009,4,REG,NE,BAL,1591.2257,1569.5167,42.2,0.5909,1,1599.4067,1561.3357
2009,4,REG,WAS,TB,1487.3003,1473.0138,42.2,0.5806,1,1495.6887,1464.6254
2009,4,REG,MIA,BUF,1472.3617,1472.5585,42.2,0.5602,1,1481.1586,1463.7616
2009,4,REG,NO,NYJ,1524.9928,1526.1242,42.2,0.5588,1,1533.8162,1517.3008
2009,4,REG,DEN,DAL,1527.2765,1542.1975,42.2,0.5392,1,1536.493,1532.981
2009,4,REG,SF,LA,1486.7351,1389.052,42.2,0.6911,1,1492.9132,1382.8739
2009,4,REG,PIT,LAC,1570.7257,1544.9362,42.2,0.5966,1,1578.7934,1536.8685
2009,4,REG,MIN,GB,1543.3731,1503.408,42.2,0.6161,1,1551.0513,1495.7298
2009,5,REG,BAL,CIN,1561.3357,1491.3642,42.2,0.656,0,1548.2148,1504.4851
2009,5,REG,BUF,CLE,1463.7616,1429.58,42.2,0.6082,0,1451.5979,1441.7437
2009,5,REG,CAR,WAS,1508.0279,1495.6887,42.2,0.5778,1,1516.4709,1487.2457
2009,5,REG,DET,PIT,1392.9559,1578.7934,42.2,0.3043,0,1386.8696,1584.8797
2009,5,REG,KC,DAL,1392.0262,1532.981,42.2,0.3616,0,1384.7944,1540.2128
2009,5,REG,NYG,LV,1594.8882,1425.4218,42.2,0.7718,1,1599.4524,1420.8576
2009,5,REG,PHI,TB,1551.1894,1464.6254,42.2,0.6773,1,1557.6441,1458.1707
2009,5,REG,LA,MIN,1382.8739,1551.0513,42.2,0.3263,0,1376.3489,1557.5763
2009,5,REG,SF,ATL,1492.9132,1518.9458,42.2,0.5232,0,1482.4482,1529.4108
2009,5,REG,ARI,HOU,1510.1179,1499.2041,42.2,0.5758,1,1518.601,1490.721
2009,5,REG,DEN,NE,1536.493,1599.4067,42.2,0.4702,1,1547.0885,1588.8112
2009,5,REG,SEA,JAX,1456.454,1497.6013,42.2,0.5015,1,1466.4237,1487.6316
2009,5,REG,TEN,IND,1514.2713,1613.7609,42.2,0.4183,0,1505.9054,1622.1268
2009,5,REG,MIA,NYJ,1481.1586,1517.3008,42.2,0.5087,1,1490.9843,1507.4751
2009,6,REG,CIN,HOU,1504.4851,1490.721,42.2,0.5798,0,1492.8881,1502.318
2009,6,REG,GB,DET,1495.7298,1386.8696,42.2,0.7047,1,1501.6367,1380.9627
2009,6,REG,JAX,LA,1487.6316,1376.3489,42.2,0.7076,1,1493.4806,1370.4999
2009,6,REG,MIN,BAL,1557.5763,1548.2148,42.2,0.5737,1,1566.103,1539.6881
2009,6,REG,NO,NYG,1533.8162,1599.4524,42.2,0.4663,1,1544.4897,1588.7789
2009,6,REG,PIT,CLE,1584.8797,1441.7437,42.2,0.744,1,1589.9996,1436.6238
2009,6,REG,TB,CAR,1458.1707,1516.4709,42.2,0.4768,0,1448.6338,1526.0078
2009,6,REG,WAS,KC,1487.2457,1384.7944,42.2,0.6969,0,1473.3073,1398.7328
2009,6,REG,LV,PHI,1420.8576,1557.6441,42.2,0.3671,1,1433.5147,1544.987
2009,6,REG,SEA,ARI,1466.4237,1518.601,42.2,0.4856,0,1456.7108,1528.3139
2009,6,REG,NE,TEN,1588.8112,1505.9054,42.2,0.6726,1,1595.3583,1499.3583
2009,6,REG,NYJ,BUF,1507.4751,1451.5979,42.2,0.6375,0,1494.7249,1464.3481
2009,6,REG,ATL,CHI,1529.4108,1536.4766,42.2,0.5504,1,1538.403,1527.4844
2009,6,REG,LAC,DEN,1536.8685,1547.0885,42.2,0.5459,0,1525.9506,1558.0064
2009,7,REG,CLE,GB,1436.6238,1501.6367,42.2,0.4672,0,1427.2795,1510.981
2009,7,REG,HOU,SF,1502.318,1482.4482,42.2,0.5884,1,1510.5503,1474.2159
2009,7,REG,KC,LAC,1398.7328,1525.9506,42.2,0.38,0,1391.1321,1533.5513
2009,7,REG,PIT,MIN,1589.9996,1566.103,42.2,0.594,1,1598.1198,1557.9828
2009,7,REG,LA,IND,1370.4999,1622.1268,42.2,0.2305,0,1365.8901,1626.7366
2009,7,REG,TB,NE,1448.6338,1595.3583,42.2,0.354,0,1441.5547,1602.4374
2009,7,REG,CAR,BUF,1526.0078,1464.3481,42.2,0.6452,0,1513.1044,1477.2515
2009,7,REG,LV,NYJ,1433.5147,1494.7249,42.2,0.4727,0,1424.0613,1504.1783
2009,7,REG,CIN,CHI,1492.8881,1527.4844,42.2,0.5109,1,1502.6693,1517.7032
2009,7,REG,DAL,ATL,1540.2128,1538.403,42.2,0.563,1,1548.9528,1529.663
2009,7,REG,MIA,NO,1490.9843,1544.4897,42.2,0.4837,0,1481.3096,1554.1644
2009,7,REG,NYG,ARI,1588.7789,1528.3139,42.2,0.6436,0,1575.9071,1541.1857
2009,7,REG,WAS,PHI,1473.3073,1544.987,42.2,0.4577,0,1464.1538,1554.1405
2009,8,REG,BAL,DEN,1539.6881,1558.0064,42.2,0.5343,1,1549.0018,1548.6927
2009,8,REG,BUF,HOU,1477.2515,1510.5503,42.2,0.5128,0,1466.9954,1520.8064
2009,8,REG,CHI,CLE,1517.7032,1427.2795,42.2,0.6821,1,1524.0612,1420.9215
2009,8,REG,DAL,SEA,1548.9528,1456.7108,42.2,0.6844,1,1555.2655,1450.3981
2009,8,REG,DET,LA,1380.9627,1365.8901,42.2,0.5817,0,1369.329,1377.5238
2009,8,REG,IND,SF,1626.7366,1474.2159,42.2,0.7542,1,1631.6535,1469.299
2009,8,REG,NYJ,MIA,1504.1783,1481.3096,42.2,0.5926,0,1492.3271,1493.1608
2009,8,REG,PHI,NYG,1554.1405,1575.9071,42.2,0.5294,1,1563.5531,1566.4945
2009,8,REG,LAC,LV,1533.5513,1424.0613,42.2,0.7054,1,1539.4431,1418.1695
2009,8,REG,TEN,JAX,1499.3583,1493.4806,42.2,0.5688,1,1507.9833,1484.8556
2009,8,REG,ARI,CAR,1541.1857,1513.1044,42.2,0.5998,0,1529.19,1525.1001
2009,8,REG,GB,MIN,1510.981,1557.9828,42.2,0.4931,0,1501.1192,1567.8446
2009,8,REG,NO,ATL,1554.1644,1529.663,42.2,0.5948,1,1562.2678,1521.5596
2009,9,REG,ATL,WAS,1521.5596,1464.1538,42.2,0.6395,1,1528.7688,1456.9446
2009,9,REG,CHI,ARI,1524.0612,1529.19,42.2,0.5531,0,1512.9982,1540.253
2009,9,REG,CIN,BAL,1502.6693,1549.0018,42.2,0.4941,1,1512.7882,1538.8829
2009,9,REG,IND,HOU,1631.6535,1520.8064,42.2,0.707,1,1637.5129,1514.947
2009,9,REG,JAX,KC,1484.8556,1391.1321,42.2,0.6862,1,1491.1315,1384.8562
2009,9,REG,NE,MIA,1602.4374,1493.1608,42.2,0.7052,1,1608.3343,1487.2639
2009,9,REG,TB,GB,1441.5547,1501.1192,42.2,0.475,1,1452.0541,1490.6198
2009,9,REG,NO,CAR,1562.2678,1525.1001,42.2,0.6123,1,1570.0223,1517.3456
2009,9,REG,SEA,DET,1450.3981,1369.329,42.2,0.6703,1,1456.9919,1362.7352
2009,9,REG,NYG,LAC,1566.4945,1539.4431,42.2,0.5984,0,1554.5273,1551.4103
2009,9,REG,SF,TEN,1469.299,1507.9833,42.2,0.5051,0,1459.1978,1518.0845
2009,9,REG,PHI,DAL,1563.5531,1555.2655,42.2,0.5722,0,1552.1101,1566.7085
2009,9,REG,DEN,PIT,1548.6927,1598.1198,42.2,0.4896,0,1538.9007,1607.9118
2009,10,REG,SF,CHI,1459.1978,1512.9982,42.2,0.4833,1,1469.5316,1502.6644
2009,10,REG,CAR,ATL,1517.3456,1528.7688,42.2,0.5442,1,1526.4621,1519.6523
2009,10,REG,MIA,TB,1487.2639,1452.0541,42.2,0.6096,1,1495.072,1444.246
2009,10,REG,MIN,DET,1567.8446,1362.7352,42.2,0.8059,1,1571.7265,1358.8533
2009,10,REG,NYJ,JAX,1492.3271,1491.1315,42.2,0.5621,0,1481.0845,1502.3741
2009,10,REG,PIT,CIN,1607.9118,1512.7882,42.2,0.6879,0,1594.153,1526.547
2009,10,REG,LA,NO,1377.5238,1570.0223,42.2,0.2963,0,1371.5987,1575.9474
2009,10,REG,TEN,BUF,1518.0845,1466.9954,42.2,0.6311,1,1525.4621,1459.6178
2009,10,REG,WAS,DEN,1456.9446,1538.9007,42.2,0.443,1,1468.0839,1527.7614
2009,10,REG,LV,KC,1418.1695,1384.8562,42.2,0.607,0,1406.0296,1396.9961
2009,10,REG,ARI,SEA,1540.253,1456.9919,42.2,0.6731,1,1546.7911,1450.4538
2009,10,REG,GB,DAL,1490.6198,1566.7085,42.2,0.4514,1,1501.5921,1555.7362
2009,10,REG,LAC,PHI,1551.4103,1552.1101,42.2,0.5594,1,1560.2215,1543.2989
2009,10,REG,IND,NE,1637.5129,1608.3343,42.2,0.6013,1,1645.4869,1600.3603
2009,10,REG,CLE,BAL,1420.9215,1538.8829,42.2,0.3927,0,1413.0682,1546.7362
2009,11,REG,CAR,MIA,1526.4621,1495.072,42.2,0.6043,0,1514.3751,1507.159
2009,11,REG,BAL,IND,1546.7362,1645.4869,42.2,0.4193,0,1538.3496,1653.8735
2009,11,REG,DAL,WAS,1555.7362,1468.0839,42.2,0.6786,1,1562.1636,1461.6565
2009,11,REG,DET,CLE,1358.8533,1413.0682,42.2,0.4827,1,1369.199,1402.7225
2009,11,REG,GB,SF,1501.5921,1469.5316,42.2,0.6053,1,1509.4867,1461.637
2009,11,REG,JAX,BUF,1502.3741,1459.6178,42.2,0.6199,1,1509.9765,1452.0154
2009,11,REG,KC,PIT,1396.9961,1594.153,42.2,0.2907,1,1411.1822,1579.9669
2009,11,REG,MIN,SEA,1571.7265,1450.4538,42.2,0.7193,1,1577.3404,1444.8399
2009,11,REG,NYG,ATL,1554.5273,1519.6523,42.2,0.6091,1,1562.3446,1511.835
2009,11,REG,TB,NO,1444.246,1575.9474,42.2,0.374,0,1436.7665,1583.4269
2009,11,REG,LA,ARI,1371.5987,1546.7911,42.2,0.3174,0,1365.2499,1553.1399
2009,11,REG,DEN,LAC,1527.7614,1560.2215,42.2,0.514,0,1517.4811,1570.5018
2009,11,REG,NE,NYJ,1600.3603,1481.0845,42.2,0.717,1,1606.0207,1475.4241
2009,11,REG,LV,CIN,1406.0296,1526.547,42.2,0.3892,1,1418.2463,1514.3303
2009,11,REG,CHI,PHI,1502.6644,1543.2989,42.2,0.5023,0,1492.6193,1553.344
2009,11,REG,HOU,TEN,1514.947,1525.4621,42.2,0.5455,0,1504.0376,1536.3715
2009,12,REG,DET,GB,1369.199,1509.4867,42.2,0.3625,0,1361.9495,1516.7362
2009,12,REG,DAL,LV,1562.1636,1418.2463,42.2,0.7449,1,1567.2664,1413.1435
2009,12,REG,DEN,NYG,1517.4811,1562.3446,42.2,0.4962,1,1527.5578,1552.2679
2009,12,REG,ATL,TB,1511.835,1436.7665,42.2,0.6626,1,1518.5823,1430.0192
2009,12,REG,BUF,MIA,1452.0154,1507.159,42.2,0.4814,1,1462.3878,1496.7866
2009,12,REG,CIN,CLE,1514.3303,1402.7225,42.2,0.7079,1,1520.1715,1396.8813
2009,12,REG,HOU,IND,1504.0376,1653.8735,42.2,0.3499,0,1497.0402,1660.8709
2009,12,REG,NYJ,CAR,1475.4241,1514.3751,42.2,0.5047,1,1485.3306,1504.4686
2009,12,REG,PHI,WAS,1553.344,1461.6565,42.2,0.6837,1,1559.6705,1455.33
2009,12,REG,LA,SEA,1365.2499,1444.8399,42.2,0.4464,0,1356.3219,1453.7679
2009,12,REG,LAC,KC,1570.5018,1411.1822,42.2,0.7613,1,1575.275,1406.409
2009,12,REG,SF,JAX,1461.637,1509.9765,42.2,0.4912,1,1471.8137,1499.7998
2009,12,REG,MIN,CHI,1577.3404,1492.6193,42.2,0.6749,1,1583.8416,1486.1181
2009,12,REG,TEN,ARI,1536.3715,1553.1399,42.2,0.5365,1,1545.6408,1543.8706
2009,12,REG,BAL,PIT,1538.3496,1579.9669,42.2,0.5008,1,1548.3328,1569.9837
2009,12,REG,NO,NE,1583.4269,1606.0207,42.2,0.5282,1,1592.8632,1596.5844
2009,13,REG,BUF,NYJ,1462.3878,1485.3306,42.2,0.5277,0,1451.8341,1495.8843
2009,13,REG,ATL,PHI,1518.5823,1559.6705,42.2,0.5016,0,1508.5503,1569.7025
2009,13,REG,CAR,TB,1504.4686,1430.0192,42.2,0.6618,1,1511.2319,1423.2559
2009,13,REG,CHI,LA,1486.1181,1356.3219,42.2,0.7291,1,1491.536,1350.904
2009,13,REG,CIN,DET,1520.1715,1361.9495,42.2,0.7602,1,1524.9677,1357.1533
2009,13,REG,IND,TEN,1660.8709,1545.6408,42.2,0.7122,1,1666.6263,1539.8854
2009,13,REG,JAX,HOU,1499.7998,1497.0402,42.2,0.5643,1,1508.5129,1488.3271
2009,13,REG,KC,DEN,1406.409,1527.5578,42.2,0.3883,0,1398.643,1535.3238
2009,13,REG,MIA,NE,1496.7866,1596.5844,42.2,0.4179,1,1508.4294,1584.9416
2009,13,REG,PIT,LV,1569.9837,1413.1435,42.2,0.7587,0,1554.809,1428.3182
2009,13,REG,WAS,NO,1455.33,1592.8632,42.2,0.3661,0,1448.0071,1600.1861
2009,13,REG,CLE,LAC,1396.8813,1575.275,42.2,0.3135,0,1390.6121,1581.5442
2009,13,REG,NYG,DAL,1552.2679,1567.2664,42.2,0.5391,1,1561.4866,1558.0477
2009,13,REG,SEA,SF,1453.7679,1471.8137,42.2,0.5347,1,1463.0738,1462.5078
2009,13,REG,ARI,MIN,1543.8706,1583.8416,42.2,0.5032,1,1553.8064,1573.9058
2009,13,REG,GB,BAL,1516.7362,1548.3328,42.2,0.5153,1,1526.4311,1538.6379
2009,14,REG,CLE,PIT,1390.6121,1554.809,42.2,0.3313,1,1403.9859,1541.4352
2009,14,REG,ATL,NO,1508.5503,1600.1861,42.2,0.4293,0,1499.9637,1608.7727
2009,14,REG,BAL,DET,1538.6379,1357.1533,42.2,0.7837,1,1542.963,1352.8282
2009,14,REG,CHI,GB,1491.536,1526.4311,42.2,0.5105,0,1481.3258,1536.6413
2009,14,REG,HOU,SEA,1488.3271,1463.0738,42.2,0.5959,1,1496.4097,1454.9912
2009,14,REG,IND,DEN,1666.6263,1535.3238,42.2,0.7308,1,1672.01,1529.9401
2009,14,REG,JAX,MIA,1508.5129,1508.4294,42.2,0.5606,0,1497.3019,1519.6404
2009,14,REG,KC,BUF,1398.643,1451.8341,42.2,0.4842,0,1388.9592,1461.5179
2009,14,REG,MIN,CIN,1573.9058,1524.9677,42.2,0.6282,1,1581.3412,1517.5323
2009,14,REG,NE,CAR,1584.9416,1511.2319,42.2,0.6609,1,1591.7239,1504.4496
2009,14,REG,TB,NYJ,1423.2559,1495.8843,42.2,0.4563,0,1414.1295,1505.0107
2009,14,REG,LV,WAS,1428.3182,1448.0071,42.2,0.5324,0,1417.6712,1458.6541
2009,14,REG,TEN,LA,1539.8854,1350.904,42.2,0.791,1,1544.066,1346.7234
2009,14,REG,DAL,LAC,1558.0477,1581.5442,42.2,0.5269,0,1547.5099,1592.082
2009,14,REG,NYG,PHI,1561.4866,1569.7025,42.2,0.5488,0,1550.5116,1580.6775
2009,14,REG,SF,ARI,1462.5078,1553.8064,42.2,0.4298,1,1473.9116,1542.4026
2009,15,REG,JAX,IND,1497.3019,1672.01,42.2,0.318,0,1490.941,1678.3709
2009,15,REG,NO,DAL,1608.7727,1547.5099,42.2,0.6446,0,1595.8798,1560.4028
2009,15,REG,BUF,NE,1461.5179,1591.7239,42.2,0.376,0,1453.9981,1599.2437
2009,15,REG,DET,ARI,1352.8282,1542.4026,42.2,0.2998,0,1346.8326,1548.3982
2009,15,REG,KC,CLE,1388.9592,1403.9859,42.2,0.539,0,1378.1787,1414.7664
2009,15,REG,NYJ,ATL,1505.0107,1499.9637,42.2,0.5676,0,1493.6591,1511.3153
2009,15,REG,LA,HOU,1346.7234,1496.4097,42.2,0.3501,0,1339.722,1503.4111
2009,15,REG,TEN,MIA,1544.066,1519.6404,42.2,0.5947,1,1552.1715,1511.5349
2009,15,REG,DEN,LV,1529.9401,1417.6712,42.2,0.7087,0,1515.7656,1431.8457
2009,15,REG,LAC,CIN,1592.082,1517.5323,42.2,0.662,1,1598.8427,1510.7716
2009,15,REG,BAL,CHI,1542.963,1481.3258,42.2,0.6451,1,1550.0602,1474.2286
2009,15,REG,PHI,SF,1580.6775,1473.9116,42.2,0.7021,1,1586.6347,1467.9544
2009,15,REG,PIT,GB,1541.4352,1536.6413,42.2,0.5672,1,1550.0908,1527.9857
2009,15,REG,SEA,TB,1454.9912,1414.1295,42.2,0.6173,0,1442.645,1426.4757
2009,15,REG,CAR,MIN,1504.4496,1581.3412,42.2,0.4502,1,1515.4448,1570.346
2009,15,REG,WAS,NYG,1458.6541,1550.5116,42.2,0.429,0,1450.0737,1559.092
2009,16,REG,TEN,LAC,1552.1715,1598.8427,42.2,0.4936,0,1542.3002,1608.714
2009,16,REG,ATL,BUF,1511.3153,1453.9981,42.2,0.6394,1,1518.5268,1446.7866
2009,16,REG,CIN,KC,1510.7716,1378.1787,42.2,0.7323,1,1516.1261,1372.8242
2009,16,REG,CLE,LV,1414.7664,1431.8457,42.2,0.5361,1,1424.0446,1422.5675
2009,16,REG,GB,SEA,1527.9857,1442.645,42.2,0.6757,1,1534.4712,1436.1595
2009,16,REG,MIA,HOU,1511.5349,1503.4111,42.2,0.5719,0,1500.0965,1514.8495
2009,16,REG,NE,JAX,1599.2437,1490.941,42.2,0.704,1,1605.1639,1485.0208
2009,16,REG,NO,TB,1595.8798,1426.4757,42.2,0.7717,0,1580.4453,1441.9102
2009,16,REG,NYG,CAR,1559.092,1515.4448,42.2,0.6211,0,1546.6702,1527.8666
2009,16,REG,PIT,BAL,1550.0908,1550.0602,42.2,0.5605,1,1558.8813,1541.2697
2009,16,REG,ARI,LA,1548.3982,1339.722,42.2,0.8091,1,1552.2162,1335.904
2009,16,REG,SF,DET,1467.9544,1346.8326,42.2,0.7191,1,1473.5718,1341.2152
2009,16,REG,IND,NYJ,1678.3709,1493.6591,42.2,0.7869,0,1662.6333,1509.3967
2009,16,REG,PHI,DEN,1586.6347,1515.7656,42.2,0.6572,1,1593.4905,1508.9098
2009,16,REG,WAS,DAL,1450.0737,1560.4028,42.2,0.4032,0,1442.0099,1568.4666
2009,16,REG,CHI,MIN,1474.2286,1570.346,42.2,0.423,1,1485.7681,1558.8065
2009,17,REG,BUF,IND,1446.7866,1662.6333,42.2,0.269,1,1461.4062,1648.0137
2009,17,REG,CAR,NO,1527.8666,1580.4453,42.2,0.4851,1,1538.1652,1570.1467
2009,17,REG,CLE,JAX,1424.0446,1485.0208,42.2,0.473,1,1434.5845,1474.4809
2009,17,REG,DET,CHI,1341.2152,1485.7681,42.2,0.3568,0,1334.0788,1492.9045
2009,17,REG,HOU,NE,1514.8495,1605.1639,42.2,0.4312,1,1526.2256,1593.7878
2009,17,REG,MIA,PIT,1500.0965,1558.8813,42.2,0.4762,0,1490.5735,1568.4043
2009,17,REG,MIN,NYG,1558.8065,1546.6702,42.2,0.5776,1,1567.2552,1538.2215
2009,17,REG,LA,SF,1335.904,1473.5718,42.2,0.366,0,1328.5847,1480.8911
2009,17,REG,TB,ATL,1441.9102,1518.5268,42.2,0.4506,0,1432.8976,1527.5394
2009,17,REG,ARI,GB,1552.2162,1534.4712,42.2,0.5854,0,1540.5078,1546.1796
2009,17,REG,DAL,PHI,1568.4666,1593.4905,42.2,0.5247,1,1577.9726,1583.9845
2009,17,REG,DEN,KC,1508.9098,1372.8242,42.2,0.7362,0,1494.1859,1387.5481
2009,17,REG,LV,BAL,1422.5675,1541.2697,42.2,0.3916,0,1414.7345,1549.1027
2009,17,REG,LAC,WAS,1608.714,1442.0099,42.2,0.769,1,1613.3344,1437.3895
2009,17,REG,SEA,TEN,1436.1595,1542.3002,42.2,0.409,0,1427.9794,1550.4803
2009,17,REG,NYJ,CIN,1509.3967,1516.1261,42.2,0.5509,1,1518.3793,1507.1435
2009,18,WC,CIN,NYJ,1507.1435,1518.3793,42.2,0.5444,0,1494.0769,1531.4459
2009,18,WC,DAL,PHI,1577.9726,1583.9845,42.2,0.5519,1,1588.7272,1573.2299
2009,18,WC,NE,BAL,1593.7878,1549.1027,42.2,0.6225,0,1578.8479,1564.0426
2009,18,WC,ARI,GB,1540.5078,1546.1796,42.2,0.5524,1,1551.2508,1535.4366
2009,19,DIV,NO,ARI,1570.1467,1551.2508,42.2,0.587,1,1580.058,1541.3395
2009,19,DIV,IND,BAL,1648.0137,1564.0426,42.2,0.674,1,1655.8379,1556.2184
2009,19,DIV,MIN,DAL,1567.2552,1588.7272,42.2,0.5298,1,1578.5401,1577.4423
2009,19,DIV,LAC,NYJ,1613.3344,1531.4459,42.2,0.6714,0,1597.2219,1547.5584
2009,20,CON,IND,NYJ,1655.8379,1547.5584,42.2,0.704,1,1662.9428,1540.4535
2009,20,CON,NO,MIN,1580.058,1578.5401,42.2,0.5626,1,1590.556,1568.0421
2009,21,SB,IND,NO,1662.9428,1590.556,0.0,0.6027,0,1648.4782,1605.0206
2010,1,REG,NO,MIN,1572.0138,1547.2382,42.2,0.5952,1,1580.1096,1539.1424
2010,1,REG,BUF,MIA,1475.7922,1495.3342,42.2,0.5326,0,1465.141,1505.9854
2010,1,REG,CHI,DET,1496.896,1390.4828,42.2,0.7017,1,1502.8617,1384.5171
2010,1,REG,HOU,IND,1519.2212,1601.1304,42.2,0.4431,1,1530.3592,1589.9924
2010,1,REG,JAX,DEN,1484.5522,1497.7546,42.2,0.5416,1,1493.7195,1488.5873
2010,1,REG,NE,CIN,1554.4781,1497.6815,42.2,0.6387,1,1561.7034,1490.4562
2010,1,REG,NYG,CAR,1527.2584,1527.2207,42.2,0.5605,1,1536.0487,1518.4304
2010,1,REG,PIT,ATL,1547.4809,1520.1014,42.2,0.5988,1,1555.5046,1512.0777
2010,1,REG,TB,CLE,1456.6914,1457.8216,42.2,0.5588,1,1465.5148,1448.9982
2010,1,REG,TEN,LV,1535.4718,1444.5221,42.2,0.6828,1,1541.8167,1438.1772
2010,1,REG,PHI,GB,1550.714,1525.3925,42.2,0.596,0,1538.7947,1537.3118
2010,1,REG,SEA,SF,1453.3962,1488.847,42.2,0.5097,1,1463.202,1479.0412
2010,1,REG,LA,ARI,1386.8017,1529.3475,42.2,0.3595,0,1379.6122,1536.537
2010,1,REG,WAS,DAL,1459.701,1553.5363,42.2,0.4262,1,1471.1763,1542.061
2010,1,REG,NYJ,BAL,1528.7538,1539.3163,42.2,0.5454,0,1517.8457,1550.2244
2010,1,REG,KC,LAC,1426.3072,1566.7887,42.2,0.3622,1,1439.0629,1554.033
2010,2,REG,ATL,ARI,1512.0777,1536.537,42.2,0.5255,1,1521.5675,1527.0472
2010,2,REG,CAR,TB,1518.4304,1465.5148,42.2,0.6336,0,1505.7592,1478.186
2010,2,REG,CIN,BAL,1490.4562,1550.2244,42.2,0.4747,1,1500.9614,1539.7192
2010,2,REG,CLE,KC,1448.9982,1439.0629,42.2,0.5745,0,1437.5088,1450.5523
2010,2,REG,DAL,CHI,1542.061,1502.8617,42.2,0.615,0,1529.7601,1515.1626
2010,2,REG,DET,PHI,1384.5171,1538.7947,42.2,0.3441,0,1377.6355,1545.6763
2010,2,REG,GB,BUF,1537.3118,1465.141,42.2,0.6589,1,1544.1339,1458.3189
2010,2,REG,MIN,MIA,1539.1424,1505.9854,42.2,0.6068,0,1527.0068,1518.121
2010,2,REG,TEN,PIT,1541.8167,1555.5046,42.2,0.5409,0,1530.9979,1566.3234
2010,2,REG,DEN,SEA,1488.5873,1463.202,42.2,0.5961,1,1496.6662,1455.1231
2010,2,REG,LV,LA,1438.1772,1379.6122,42.2,0.6411,1,1445.3556,1372.4338
2010,2,REG,NYJ,NE,1517.8457,1561.7034,42.2,0.4976,1,1527.8934,1551.6557
2010,2,REG,LAC,JAX,1554.033,1493.7195,42.2,0.6434,1,1561.1652,1486.5873
2010,2,REG,WAS,HOU,1471.1763,1530.3592,42.2,0.4756,0,1461.6647,1539.8708
2010,2,REG,IND,NYG,1589.9924,1536.0487,42.2,0.6349,1,1597.2937,1528.7474
2010,2,REG,SF,NO,1479.0412,1580.1096,42.2,0.4161,0,1470.7195,1588.4313
2010,3,REG,BAL,CLE,1539.7192,1437.5088,42.2,0.6966,1,1545.7866,1431.4414
2010,3,REG,CAR,CIN,1505.7592,1500.9614,42.2,0.5672,0,1494.4147,1512.3059
2010,3,REG,HOU,DAL,1539.8708,1529.7601,42.2,0.5747,0,1528.3765,1541.2544
2010,3,REG,KC,SF,1450.5523,1470.7195,42.2,0.5317,1,1459.919,1461.3528
2010,3,REG,MIN,DET,1527.0068,1377.6355,42.2,0.7508,1,1531.9912,1372.6511
2010,3,REG,NE,BUF,1551.6557,1458.3189,42.2,0.6857,1,1557.9412,1452.0334
2010,3,REG,NO,ATL,1588.4313,1521.5675,42.2,0.652,0,1575.3914,1534.6074
2010,3,REG,NYG,TEN,1528.7474,1530.9979,42.2,0.5572,0,1517.6026,1542.1427
2010,3,REG,TB,PIT,1478.186,1566.3234,42.2,0.4343,0,1469.5005,1575.0089
2010,3,REG,JAX,PHI,1486.5873,1545.6763,42.2,0.4757,0,1477.073,1555.1906
2010,3,REG,LA,WAS,1372.4338,1461.6647,42.2,0.4327,1,1383.7793,1450.3192
2010,3,REG,ARI,LV,1527.0472,1445.3556,42.2,0.6711,1,1533.6251,1438.7777
2010,3,REG,DEN,IND,1496.6662,1597.2937,42.2,0.4167,0,1488.3322,1605.6277
2010,3,REG,SEA,LAC,1455.1231,1561.1652,42.2,0.4091,1,1466.9402,1549.3481
2010,3,REG,MIA,NYJ,1518.121,1527.8934,42.2,0.5465,0,1507.1904,1538.824
2010,3,REG,CHI,GB,1515.1626,1544.1339,42.2,0.519,1,1524.782,1534.5145
2010,4,REG,ATL,SF,1534.6074,1461.3528,42.2,0.6603,1,1541.4015,1454.5587
2010,4,REG,BUF,NYJ,1452.0334,1538.824,42.2,0.4362,0,1443.3098,1547.5476
2010,4,REG,CLE,CIN,1431.4414,1512.3059,42.2,0.4446,1,1442.5497,1501.1976
2010,4,REG,GB,DET,1534.5145,1372.6511,42.2,0.764,1,1539.2347,1367.9309
2010,4,REG,NO,CAR,1575.3914,1494.4147,42.2,0.6702,1,1581.9875,1487.8186
2010,4,REG,PIT,BAL,1575.0089,1545.7866,42.2,0.6014,0,1562.9817,1557.8138
2010,4,REG,LA,SEA,1383.7793,1466.9402,42.2,0.4413,1,1394.9528,1455.7667
2010,4,REG,TEN,DEN,1542.1427,1488.3322,42.2,0.6348,0,1529.4476,1501.0273
2010,4,REG,JAX,IND,1477.073,1605.6277,42.2,0.3782,1,1489.5085,1593.1922
2010,4,REG,LV,HOU,1438.7777,1528.3765,42.2,0.4322,0,1430.1335,1537.0207
2010,4,REG,PHI,WAS,1555.1906,1450.3192,42.2,0.6999,0,1541.1935,1464.3163
2010,4,REG,LAC,ARI,1549.3481,1533.6251,42.2,0.5826,1,1557.6962,1525.277
2010,4,REG,NYG,CHI,1517.6026,1524.782,42.2,0.5502,1,1526.598,1515.7866
2010,4,REG,MIA,NE,1507.1904,1557.9412,42.2,0.4877,0,1497.4365,1567.6951
2010,5,REG,BAL,DEN,1557.8138,1501.0273,42.2,0.6387,1,1565.0394,1493.8017
2010,5,REG,BUF,JAX,1443.3098,1489.5085,42.2,0.4942,0,1433.4249,1499.3934
2010,5,REG,CAR,CHI,1487.8186,1515.7866,42.2,0.5205,0,1477.4092,1526.196
2010,5,REG,CIN,TB,1501.1976,1469.5005,42.2,0.6048,0,1489.1022,1481.5959
2010,5,REG,CLE,ATL,1442.5497,1541.4015,42.2,0.4192,0,1434.166,1549.7852
2010,5,REG,DET,LA,1367.9309,1394.9528,42.2,0.5218,1,1377.4943,1385.3894
2010,5,REG,HOU,NYG,1537.0207,1526.598,42.2,0.5752,0,1525.5176,1538.1011
2010,5,REG,IND,KC,1593.1922,1459.919,42.2,0.733,1,1598.5314,1454.5798
2010,5,REG,WAS,GB,1464.3163,1539.2347,42.2,0.4531,1,1475.2552,1528.2958
2010,5,REG,ARI,NO,1525.277,1581.9875,42.2,0.4791,1,1535.6944,1571.5701
2010,5,REG,DAL,TEN,1541.2544,1529.4476,42.2,0.5771,0,1529.7124,1540.9896
2010,5,REG,LV,LAC,1430.1335,1557.6962,42.2,0.3796,1,1442.5422,1545.2875
2010,5,REG,SF,PHI,1454.5587,1541.1935,42.2,0.4364,0,1445.8307,1549.9215
2010,5,REG,NYJ,MIN,1547.5476,1531.9912,42.2,0.5824,1,1555.9004,1523.6384
2010,6,REG,CHI,SEA,1526.196,1455.7667,42.2,0.6566,0,1513.0632,1468.8995
2010,6,REG,GB,MIA,1528.2958,1497.4365,42.2,0.6036,0,1516.2234,1509.5089
2010,6,REG,HOU,KC,1525.5176,1454.5798,42.2,0.6573,1,1532.3717,1447.7257
2010,6,REG,NE,BAL,1567.6951,1565.0394,42.2,0.5642,1,1576.4112,1556.3233
2010,6,REG,NYG,DET,1538.1011,1377.4943,42.2,0.7627,1,1542.8474,1372.748
2010,6,REG,PHI,ATL,1549.9215,1549.7852,42.2,0.5606,1,1558.709,1540.9977
2010,6,REG,PIT,CLE,1562.9817,1434.166,42.2,0.728,1,1568.4219,1428.7258
2010,6,REG,LA,LAC,1385.3894,1545.2875,42.2,0.3368,1,1398.6531,1532.0238
2010,6,REG,TB,NO,1481.5959,1571.5701,42.2,0.4317,0,1472.9624,1580.2036
2010,6,REG,DEN,NYJ,1493.8017,1555.9004,42.2,0.4714,0,1484.3738,1565.3283
2010,6,REG,SF,LV,1445.8307,1442.5422,42.2,0.5651,1,1454.5289,1433.844
2010,6,REG,MIN,DAL,1523.6384,1529.7124,42.2,0.5518,1,1532.6023,1520.7485
2010,6,REG,WAS,IND,1475.2552,1598.5314,42.2,0.3854,0,1467.5473,1606.2393
2010,6,REG,JAX,TEN,1499.3934,1540.9896,42.2,0.5009,0,1489.376,1551.007
2010,7,REG,ATL,CIN,1540.9977,1489.1022,42.2,0.6322,1,1548.3537,1481.7462
2010,7,REG,BAL,BUF,1556.3233,1433.4249,42.2,0.7212,1,1561.8995,1427.8487
2010,7,REG,CAR,SF,1477.4092,1454.5289,42.2,0.5926,1,1485.5576,1446.3805
2010,7,REG,CHI,WAS,1513.0632,1467.5473,42.2,0.6236,0,1500.5908,1480.0197
2010,7,REG,KC,JAX,1447.7257,1489.376,42.2,0.5008,1,1457.7099,1479.3918
2010,7,REG,MIA,PIT,1509.5089,1568.4219,42.2,0.476,0,1499.9896,1577.9412
2010,7,REG,NO,CLE,1580.2036,1428.7258,42.2,0.753,0,1565.1428,1443.7866
2010,7,REG,TB,LA,1472.9624,1398.6531,42.2,0.6617,1,1479.7293,1391.8862
2010,7,REG,TEN,PHI,1551.007,1558.709,42.2,0.5495,1,1560.0173,1549.6987
2010,7,REG,SEA,ARI,1468.8995,1535.6944,42.2,0.4647,1,1479.6062,1524.9877
2010,7,REG,DEN,LV,1484.3738,1433.844,42.2,0.6304,0,1471.7664,1446.4514
2010,7,REG,LAC,NE,1532.0238,1576.4112,42.2,0.4969,0,1522.0868,1586.3482
2010,7,REG,GB,MIN,1516.2234,1532.6023,42.2,0.5371,1,1525.4816,1523.3441
2010,7,REG,DAL,NYG,1520.7485,1542.8474,42.2,0.5289,0,1510.1706,1553.4253
2010,8,REG,CIN,MIA,1481.7462,1499.9896,42.2,0.5344,0,1471.0578,1510.678
2010,8,REG,DAL,JAX,1510.1706,1479.3918,42.2,0.6035,0,1498.1005,1491.4619
2010,8,REG,DET,WAS,1372.748,1480.0197,42.2,0.4074,1,1384.5993,1468.1684
2010,8,REG,KC,BUF,1457.7099,1427.8487,42.2,0.6022,1,1465.6651,1419.8935
2010,8,REG,NYJ,GB,1565.3283,1525.4816,42.2,0.6159,0,1553.0097,1537.8002
2010,8,REG,SF,DEN,1446.3805,1471.7664,42.2,0.5242,1,1455.8969,1462.25
2010,8,REG,LA,CAR,1391.8862,1485.5576,42.2,0.4265,1,1403.3569,1474.0869
2010,8,REG,LAC,TEN,1522.0868,1560.0173,42.2,0.5061,1,1531.9639,1550.1402
2010,8,REG,ARI,TB,1524.9877,1479.7293,42.2,0.6233,0,1512.5223,1492.1947
2010,8,REG,NE,MIN,1586.3482,1523.3441,42.2,0.6469,1,1593.4095,1516.2828
2010,8,REG,LV,SEA,1446.4514,1479.6062,42.2,0.513,1,1456.1911,1469.8665
2010,8,REG,NO,PIT,1565.1428,1577.9412,42.2,0.5422,1,1574.2986,1568.7854
2010,8,REG,IND,HOU,1606.2393,1532.3717,42.2,0.6611,1,1613.0176,1525.5934
2010,9,REG,ATL,TB,1548.3537,1492.1947,42.2,0.6379,1,1555.596,1484.9524
2010,9,REG,BAL,MIA,1561.8995,1510.678,42.2,0.6313,1,1569.2736,1503.3039
2010,9,REG,BUF,CHI,1419.8935,1500.5908,42.2,0.4448,0,1410.997,1509.4873
2010,9,REG,CAR,NO,1474.0869,1574.2986,42.2,0.4173,0,1465.7413,1582.6442
2010,9,REG,CLE,NE,1443.7866,1593.4095,42.2,0.3502,1,1456.7836,1580.4125
2010,9,REG,DET,NYJ,1384.5993,1553.0097,42.2,0.326,0,1378.0801,1559.5289
2010,9,REG,HOU,LAC,1525.5934,1531.9639,42.2,0.5514,0,1514.5658,1542.9915
2010,9,REG,MIN,ARI,1516.2828,1512.5223,42.2,0.5658,1,1524.9676,1503.8375
2010,9,REG,SEA,NYG,1469.8665,1553.4253,42.2,0.4408,0,1461.0513,1562.2405
2010,9,REG,LV,KC,1456.1911,1465.6651,42.2,0.547,1,1465.2519,1456.6043
2010,9,REG,PHI,IND,1549.6987,1613.0176,42.2,0.4696,1,1560.3058,1602.4105
2010,9,REG,GB,DAL,1537.8002,1498.1005,42.2,0.6157,1,1545.4856,1490.4151
2010,9,REG,CIN,PIT,1471.0578,1568.7854,42.2,0.4208,0,1462.6425,1577.2007
2010,10,REG,ATL,BAL,1555.596,1569.2736,42.2,0.541,1,1564.7769,1560.0927
2010,10,REG,BUF,DET,1410.997,1378.0801,42.2,0.6064,1,1418.868,1370.2091
2010,10,REG,CHI,MIN,1509.4873,1524.9676,42.2,0.5384,1,1518.7198,1515.7351
2010,10,REG,CLE,NYJ,1456.7836,1559.5289,42.2,0.4137,0,1448.5088,1567.8037
2010,10,REG,IND,CIN,1602.4105,1462.6425,42.2,0.7403,1,1607.6046,1457.4484
2010,10,REG,JAX,HOU,1491.4619,1514.5658,42.2,0.5275,1,1500.9128,1505.1149
2010,10,REG,MIA,TEN,1503.3039,1550.1402,42.2,0.4933,1,1513.4373,1540.0068
2010,10,REG,TB,CAR,1484.9524,1465.7413,42.2,0.5875,1,1493.203,1457.4907
2010,10,REG,DEN,KC,1462.25,1456.6043,42.2,0.5684,1,1470.8815,1447.9728
2010,10,REG,ARI,SEA,1503.8375,1461.0513,42.2,0.6199,0,1491.439,1473.4498
2010,10,REG,NYG,DAL,1562.2405,1490.4151,42.2,0.6584,0,1549.0716,1503.584
2010,10,REG,SF,LA,1455.8969,1403.3569,42.2,0.6331,1,1463.2357,1396.0181
2010,10,REG,PIT,NE,1577.2007,1580.4125,42.2,0.5559,0,1566.0832,1591.53
2010,10,REG,WAS,PHI,1468.1684,1560.3058,42.2,0.4286,0,1459.5959,1568.8783
2010,11,REG,MIA,CHI,1513.4373,1518.7198,42.2,0.5529,0,1502.3787,1529.7784
2010,11,REG,CAR,BAL,1457.4907,1560.0927,42.2,0.4139,0,1449.2119,1568.3715
2010,11,REG,CIN,BUF,1457.4484,1418.868,42.2,0.6142,0,1445.1644,1431.152
2010,11,REG,DAL,DET,1503.584,1370.2091,42.2,0.7332,1,1508.9209,1364.8722
2010,11,REG,JAX,CLE,1500.9128,1448.5088,42.2,0.6329,1,1508.2552,1441.1664
2010,11,REG,KC,ARI,1447.9728,1491.439,42.2,0.4982,1,1458.0092,1481.4026
2010,11,REG,MIN,GB,1515.7351,1545.4856,42.2,0.5179,0,1505.3769,1555.8438
2010,11,REG,NYJ,HOU,1567.8037,1505.1149,42.2,0.6465,1,1574.8732,1498.0454
2010,11,REG,PIT,LV,1566.0832,1465.2519,42.2,0.6949,1,1572.1842,1459.1509
2010,11,REG,TEN,WAS,1540.0068,1459.5959,42.2,0.6695,0,1526.6173,1472.9854
2010,11,REG,NO,SEA,1582.6442,1473.4498,42.2,0.7051,1,1588.5431,1467.5509
2010,11,REG,SF,TB,1463.2357,1493.203,42.2,0.5176,0,1452.8838,1503.5549
2010,11,REG,LA,ATL,1396.0181,1564.7769,42.2,0.3255,0,1389.5078,1571.2872
2010,11,REG,NE,IND,1591.53,1607.6046,42.2,0.5375,1,1600.7795,1598.3551
2010,11,REG,PHI,NYG,1568.8783,1549.0716,42.2,0.5883,1,1577.1123,1540.8376
2010,11,REG,LAC,DEN,1542.9915,1470.8815,42.2,0.6588,1,1549.8152,1464.0578
2010,12,REG,DET,NE,1364.8722,1600.7795,42.2,0.2469,0,1359.9337,1605.718
2010,12,REG,DAL,NO,1508.9209,1588.5431,42.2,0.4464,0,1499.9939,1597.4701
2010,12,REG,NYJ,CIN,1574.8732,1445.1644,42.2,0.729,1,1580.2931,1439.7445
2010,12,REG,ATL,GB,1571.2872,1555.8438,42.2,0.5822,1,1579.6431,1547.4879
2010,12,REG,BUF,PIT,1431.152,1572.1842,42.2,0.3615,0,1423.9223,1579.4139
2010,12,REG,CLE,CAR,1441.1664,1449.2119,42.2,0.549,1,1450.1865,1440.1918
2010,12,REG,HOU,TEN,1498.0454,1526.6173,42.2,0.5196,1,1507.6534,1517.0093
2010,12,REG,NYG,JAX,1540.8376,1508.2552,42.2,0.606,1,1548.7178,1500.375
2010,12,REG,WAS,MIN,1472.9854,1505.3769,42.2,0.5141,0,1462.7032,1515.6591
2010,12,REG,LV,MIA,1459.1509,1502.3787,42.2,0.4985,0,1449.1805,1512.3491
2010,12,REG,SEA,KC,1467.5509,1458.0092,42.2,0.5739,0,1456.0726,1469.4875
2010,12,REG,BAL,TB,1568.3715,1503.5549,42.2,0.6493,1,1575.3852,1496.5412
2010,12,REG,CHI,PHI,1529.7784,1577.1123,42.2,0.4926,1,1539.9262,1566.9645
2010,12,REG,DEN,LA,1464.0578,1389.5078,42.2,0.662,0,1450.8185,1402.7471
2010,12,REG,IND,LAC,1598.3551,1549.8152,42.2,0.6277,0,1585.8012,1562.3691
2010,12,REG,ARI,SF,1481.4026,1452.8838,42.2,0.6004,0,1469.3948,1464.8916
2010,13,REG,PHI,HOU,1566.9645,1507.6534,42.2,0.6421,1,1574.1232,1500.4947
2010,13,REG,CIN,NO,1439.7445,1597.4701,42.2,0.3396,0,1432.9522,1604.2624
2010,13,REG,DET,CHI,1359.9337,1539.9262,42.2,0.3115,0,1353.704,1546.1559
2010,13,REG,GB,SF,1547.4879,1464.8916,42.2,0.6723,1,1554.0429,1458.3366
2010,13,REG,KC,DEN,1469.4875,1450.8185,42.2,0.5867,1,1477.7533,1442.5527
2010,13,REG,MIA,CLE,1512.3491,1450.1865,42.2,0.6458,0,1499.4325,1463.1031
2010,13,REG,MIN,BUF,1515.6591,1423.9223,42.2,0.6837,1,1521.9843,1417.5971
2010,13,REG,NYG,WAS,1548.7178,1462.7032,42.2,0.6766,1,1555.1864,1456.2346
2010,13,REG,TEN,JAX,1517.0093,1500.375,42.2,0.5839,0,1505.3319,1512.0524
2010,13,REG,LAC,LV,1562.3691,1449.1805,42.2,0.7098,0,1548.1728,1463.3768
2010,13,REG,ARI,LA,1469.3948,1402.7471,42.2,0.6517,0,1456.3605,1415.7814
2010,13,REG,IND,DAL,1585.8012,1499.9939,42.2,0.6763,0,1572.275,1513.5201
2010,13,REG,SEA,CAR,1456.0726,1440.1918,42.2,0.5828,1,1464.4163,1431.8481
2010,13,REG,TB,ATL,1496.5412,1579.6431,42.2,0.4414,0,1487.713,1588.4713
2010,13,REG,BAL,PIT,1575.3852,1579.4139,42.2,0.5547,0,1564.2909,1590.5082
2010,13,REG,NE,NYJ,1605.718,1580.2931,42.2,0.5961,1,1613.7958,1572.2153
2010,14,REG,TEN,IND,1505.3319,1572.275,42.2,0.4645,0,1496.0429,1581.564
2010,14,REG,BUF,CLE,1417.5971,1463.1031,42.2,0.4952,1,1427.6923,1453.0079
2010,14,REG,CAR,ATL,1431.8481,1588.4713,42.2,0.341,0,1425.0273,1595.2921
2010,14,REG,DET,GB,1353.704,1554.0429,42.2,0.2869,1,1367.9653,1539.7816
2010,14,REG,JAX,LV,1512.0524,1463.3768,42.2,0.6279,1,1519.4948,1455.9344
2010,14,REG,PIT,CIN,1590.5082,1432.9522,42.2,0.7595,1,1595.3184,1428.142
2010,14,REG,WAS,TB,1456.2346,1487.713,42.2,0.5154,0,1445.9261,1498.0215
2010,14,REG,NO,LA,1604.2624,1415.7814,42.2,0.7905,1,1608.4525,1411.5913
2010,14,REG,SF,SEA,1458.3366,1464.4163,42.2,0.5518,1,1467.3007,1455.4522
2010,14,REG,ARI,DEN,1456.3605,1442.5527,42.2,0.5799,1,1464.7623,1434.1509
2010,14,REG,CHI,NE,1546.1559,1613.7958,42.2,0.4635,0,1536.8868,1623.0649
2010,14,REG,NYJ,MIA,1572.2153,1499.4325,42.2,0.6597,0,1559.0216,1512.6262
2010,14,REG,LAC,KC,1548.1728,1477.7533,42.2,0.6566,1,1555.0403,1470.8858
2010,14,REG,DAL,PHI,1513.5201,1574.1232,42.2,0.4735,0,1504.0493,1583.594
2010,14,REG,MIN,NYG,1521.9843,1555.1864,42.2,0.5129,0,1511.7254,1565.4453
2010,14,REG,HOU,BAL,1500.4947,1564.2909,42.2,0.469,0,1491.1155,1573.6701
2010,15,REG,LAC,SF,1555.0403,1467.3007,42.2,0.6787,1,1561.4655,1460.8755
2010,15,REG,BAL,NO,1573.6701,1608.4525,42.2,0.5107,1,1583.4566,1598.666
2010,15,REG,CAR,ARI,1425.0273,1464.7623,42.2,0.5035,1,1434.9564,1454.8332
2010,15,REG,CIN,CLE,1428.142,1453.0079,42.2,0.5249,1,1437.6435,1443.5064
2010,15,REG,DAL,WAS,1504.0493,1445.9261,42.2,0.6405,1,1511.2394,1438.736
2010,15,REG,IND,JAX,1581.564,1519.4948,42.2,0.6457,1,1588.6499,1512.4089
2010,15,REG,MIA,BUF,1512.6262,1427.6923,42.2,0.6752,0,1499.122,1441.1965
2010,15,REG,NYG,PHI,1565.4453,1583.594,42.2,0.5346,0,1554.7542,1594.2851
2010,15,REG,LA,KC,1411.5913,1470.8858,42.2,0.4754,0,1402.0829,1480.3942
2010,15,REG,TB,DET,1498.0215,1367.9653,42.2,0.7294,0,1483.4335,1382.5533
2010,15,REG,TEN,HOU,1496.0429,1491.1155,42.2,0.5674,1,1504.6947,1482.4637
2010,15,REG,SEA,ATL,1455.4522,1595.2921,42.2,0.3631,0,1448.1908,1602.5535
2010,15,REG,LV,DEN,1455.9344,1434.1509,42.2,0.5911,1,1464.1133,1425.972
2010,15,REG,PIT,NYJ,1595.3184,1559.0216,42.2,0.6111,0,1583.0968,1571.2432
2010,15,REG,NE,GB,1623.0649,1539.7816,42.2,0.6731,1,1629.6025,1533.244
2010,15,REG,MIN,CHI,1511.7254,1536.8868,42.2,0.5245,0,1501.2354,1547.3768
2010,16,REG,PIT,CAR,1583.0968,1434.9564,42.2,0.7495,1,1588.1078,1429.9454
2010,16,REG,ARI,DAL,1454.8332,1511.2394,42.2,0.4796,1,1465.2419,1500.8307
2010,16,REG,BUF,NE,1441.1965,1629.6025,42.2,0.3012,0,1435.1727,1635.6263
2010,16,REG,CHI,NYJ,1547.3768,1571.2432,42.2,0.5264,1,1556.8496,1561.7704
2010,16,REG,CLE,BAL,1443.5064,1583.4566,42.2,0.3629,0,1436.2479,1590.7151
2010,16,REG,JAX,WAS,1512.4089,1438.736,42.2,0.6608,0,1499.1922,1451.9527
2010,16,REG,KC,TEN,1480.3942,1504.6947,42.2,0.5257,1,1489.8795,1495.2094
2010,16,REG,MIA,DET,1499.122,1382.5533,42.2,0.7138,0,1484.8459,1396.8294
2010,16,REG,LA,SF,1402.0829,1460.8755,42.2,0.4761,1,1412.5601,1450.3983
2010,16,REG,CIN,LAC,1437.6435,1561.4655,42.2,0.3847,1,1449.9505,1549.1585
2010,16,REG,DEN,HOU,1425.972,1482.4637,42.2,0.4794,1,1436.3831,1472.0526
2010,16,REG,LV,IND,1464.1133,1588.6499,42.2,0.3837,0,1456.4397,1596.3235
2010,16,REG,GB,NYG,1533.244,1554.7542,42.2,0.5297,1,1542.6492,1545.349
2010,16,REG,TB,SEA,1483.4335,1448.1908,42.2,0.6096,1,1491.2407,1440.3836
2010,16,REG,ATL,NO,1602.5535,1598.666,42.2,0.5659,0,1591.2347,1609.9848
2010,16,REG,PHI,MIN,1594.2851,1501.2354,42.2,0.6854,0,1580.5777,1514.9428
2010,17,REG,ATL,CAR,1591.2347,1429.9454,42.2,0.7634,1,1595.9668,1425.2133
2010,17,REG,BAL,CIN,1590.7151,1449.9505,42.2,0.7414,1,1595.8872,1444.7784
2010,17,REG,CLE,PIT,1436.2479,1588.1078,42.2,0.3472,0,1429.3034,1595.0523
2010,17,REG,DET,MIN,1396.8294,1514.9428,42.2,0.3925,1,1408.9802,1502.792
2010,17,REG,KC,LV,1489.8795,1456.4397,42.2,0.6072,0,1477.7362,1468.583
2010,17,REG,NE,MIA,1635.6263,1484.8459,42.2,0.7523,1,1640.5804,1479.8918
2010,17,REG,NO,TB,1609.9848,1491.2407,42.2,0.7164,0,1595.6576,1505.5679
2010,17,REG,NYJ,BUF,1561.7704,1435.1727,42.2,0.7255,1,1567.2613,1429.6818
2010,17,REG,DEN,LAC,1436.3831,1549.1585,42.2,0.3998,0,1428.3869,1557.1547
2010,17,REG,GB,CHI,1542.6492,1556.8496,42.2,0.5402,1,1551.845,1547.6538
2010,17,REG,HOU,JAX,1472.0526,1499.1922,42.2,0.5217,1,1481.6194,1489.6254
2010,17,REG,IND,TEN,1596.3235,1495.2094,42.2,0.6953,1,1602.4176,1489.1153
2010,17,REG,PHI,DAL,1580.5777,1500.8307,42.2,0.6686,0,1567.2052,1514.2032
2010,17,REG,SF,ARI,1450.3983,1465.2419,42.2,0.5393,1,1459.6125,1456.0277
2010,17,REG,WAS,NYG,1451.9527,1545.349,42.2,0.4269,0,1443.4157,1553.886
2010,17,REG,SEA,LA,1440.3836,1412.5601,42.2,0.5994,1,1448.395,1404.5487
2010,18,WC,SEA,NO,1448.395,1595.6576,42.2,0.3532,1,1463.917,1580.1356
2010,18,WC,IND,NYJ,1602.4176,1567.2613,42.2,0.6095,0,1587.7891,1581.8898
2010,18,WC,KC,BAL,1477.7362,1595.8872,42.2,0.3924,0,1468.3185,1605.3049
2010,18,WC,PHI,GB,1567.2052,1551.845,42.2,0.5821,0,1553.2351,1565.8151
2010,19,DIV,PIT,BAL,1595.0523,1605.3049,42.2,0.5458,1,1605.952,1594.4052
2010,19,DIV,ATL,GB,1595.9668,1565.8151,42.2,0.6026,0,1581.5034,1580.2785
2010,19,DIV,CHI,SEA,1547.6538,1463.917,42.2,0.6737,1,1555.4851,1456.0857
2010,19,DIV,NE,NYJ,1640.5804,1581.8898,42.2,0.6412,0,1625.1905,1597.2797
2010,20,CON,CHI,GB,1555.4851,1580.2785,42.2,0.525,0,1542.8844,1592.8792
2010,20,CON,PIT,NYJ,1605.952,1597.2797,42.2,0.5727,1,1616.2074,1587.0243
2010,21,SB,GB,PIT,1592.8792,1616.2074,0.0,0.4665,1,1605.6837,1603.4029
2011,1,REG,GB,NO,1572.4581,1555.3409,42.2,0.5845,1,1580.7672,1547.0318
2011,1,REG,BAL,PIT,1564.9015,1570.9299,42.2,0.5519,1,1573.8641,1561.9673
2011,1,REG,CHI,ATL,1530.3825,1556.2573,42.2,0.5235,1,1539.913,1546.7268
2011,1,REG,CLE,CIN,1454.2833,1464.6515,42.2,0.5457,0,1443.3697,1475.5651
2011,1,REG,HOU,IND,1489.335,1560.4687,42.2,0.4585,1,1500.1659,1549.6378
2011,1,REG,JAX,TEN,1494.699,1494.3573,42.2,0.5609,1,1503.4806,1485.5757
2011,1,REG,KC,BUF,1480.4234,1454.5368,42.2,0.5967,0,1468.4884,1466.4718
2011,1,REG,LA,PHI,1437.6976,1537.3175,42.2,0.4181,0,1429.3354,1545.6797
2011,1,REG,TB,DET,1505.3805,1440.6667,42.2,0.6492,0,1492.3969,1453.6503
2011,1,REG,ARI,CAR,1472.1886,1451.5429,42.2,0.5895,1,1480.3992,1443.3323
2011,1,REG,LAC,MIN,1539.9436,1503.5206,42.2,0.6113,1,1547.7185,1495.7457
2011,1,REG,SF,SEA,1474.5904,1472.2274,42.2,0.5638,1,1483.3148,1463.503
2011,1,REG,WAS,NYG,1463.7385,1537.7536,42.2,0.4543,1,1474.6517,1526.8404
2011,1,REG,NYJ,DAL,1559.9563,1511.1661,42.2,0.628,1,1567.3957,1503.7267
2011,1,REG,MIA,NE,1488.1775,1585.5276,42.2,0.4213,0,1479.7516,1593.9535
2011,1,REG,DEN,LV,1453.6692,1480.6006,42.2,0.522,0,1443.23,1491.0398
2011,2,REG,BUF,LV,1466.4718,1491.0398,42.2,0.5254,1,1475.9647,1481.5469
2011,2,REG,CAR,GB,1443.3323,1580.7672,42.2,0.3663,0,1436.0067,1588.0928
2011,2,REG,DET,KC,1453.6503,1468.4884,42.2,0.5393,1,1462.8644,1459.2743
2011,2,REG,IND,CLE,1549.6378,1443.3697,42.2,0.7015,0,1535.607,1457.4005
2011,2,REG,MIN,TB,1495.7457,1492.3969,42.2,0.5652,0,1484.4422,1503.7004
2011,2,REG,NO,CHI,1547.0318,1539.913,42.2,0.5705,1,1555.6217,1531.3231
2011,2,REG,NYJ,JAX,1567.3957,1503.4806,42.2,0.6481,1,1574.433,1496.4433
2011,2,REG,PIT,SEA,1561.9673,1463.503,42.2,0.6921,1,1568.1263,1457.344
2011,2,REG,TEN,BAL,1485.5757,1573.8641,42.2,0.4341,1,1496.8945,1562.5453
2011,2,REG,WAS,ARI,1474.6517,1480.3992,42.2,0.5523,1,1483.6063,1471.4446
2011,2,REG,SF,DAL,1483.3148,1503.7267,42.2,0.5313,0,1472.6885,1514.353
2011,2,REG,DEN,CIN,1443.23,1475.5651,42.2,0.5142,1,1452.9461,1465.849
2011,2,REG,MIA,HOU,1479.7516,1500.1659,42.2,0.5313,0,1469.1254,1510.7921
2011,2,REG,NE,LAC,1593.9535,1547.7185,42.2,0.6246,1,1601.4617,1540.2103
2011,2,REG,ATL,PHI,1546.7268,1545.6797,42.2,0.5619,1,1555.4884,1536.9181
2011,2,REG,NYG,LA,1526.8404,1429.3354,42.2,0.6909,1,1533.0229,1423.1529
2011,3,REG,BUF,NE,1475.9647,1601.4617,42.2,0.3824,1,1488.3173,1589.1091
2011,3,REG,CAR,JAX,1436.0067,1496.4433,42.2,0.4738,1,1446.5311,1485.9189
2011,3,REG,CIN,SF,1465.849,1472.6885,42.2,0.5507,0,1454.8347,1483.7028
2011,3,REG,CLE,MIA,1457.4005,1469.1254,42.2,0.5437,1,1466.5256,1460.0003
2011,3,REG,MIN,DET,1484.4422,1462.8644,42.2,0.5908,0,1472.6269,1474.6797
2011,3,REG,NO,HOU,1555.6217,1510.7921,42.2,0.6227,1,1563.1679,1503.2459
2011,3,REG,PHI,NYG,1536.9181,1533.0229,42.2,0.5659,0,1525.5991,1544.3419
2011,3,REG,TEN,DEN,1496.8945,1452.9461,42.2,0.6215,1,1504.4645,1445.3761
2011,3,REG,LV,NYJ,1481.5469,1574.433,42.2,0.4276,1,1492.9955,1562.9844
2011,3,REG,LAC,KC,1540.2103,1459.2743,42.2,0.6701,1,1546.8075,1452.6771
2011,3,REG,LA,BAL,1423.1529,1562.5453,42.2,0.3637,0,1415.8796,1569.8186
2011,3,REG,CHI,GB,1531.3231,1588.0928,42.2,0.479,0,1521.7422,1597.6737
2011,3,REG,SEA,ARI,1457.344,1471.4446,42.2,0.5404,1,1466.537,1462.2516
2011,3,REG,TB,ATL,1503.7004,1555.4884,42.2,0.4862,1,1513.9763,1545.2125
2011,3,REG,IND,PIT,1535.607,1568.1263,42.2,0.5139,0,1525.3284,1578.4049
2011,3,REG,DAL,WAS,1514.353,1483.6063,42.2,0.6035,1,1522.2837,1475.6756
2011,4,REG,CHI,CAR,1521.7422,1446.5311,42.2,0.6628,1,1528.4859,1439.7874
2011,4,REG,CIN,BUF,1454.8347,1488.3173,42.2,0.5125,1,1464.5838,1478.5682
2011,4,REG,CLE,TEN,1466.5256,1504.4645,42.2,0.5061,0,1456.403,1514.5871
2011,4,REG,DAL,DET,1522.2837,1474.6797,42.2,0.6264,0,1509.755,1487.2084
2011,4,REG,HOU,PIT,1503.2459,1578.4049,42.2,0.4527,1,1514.1917,1567.4591
2011,4,REG,JAX,NO,1485.9189,1563.1679,42.2,0.4497,0,1476.9243,1572.1625
2011,4,REG,KC,MIN,1452.6771,1472.6269,42.2,0.532,1,1462.0376,1463.2664
2011,4,REG,PHI,SF,1525.5991,1483.7028,42.2,0.6187,0,1513.2248,1496.0771
2011,4,REG,LA,WAS,1415.8796,1475.6756,42.2,0.4747,0,1406.3856,1485.1696
2011,4,REG,ARI,NYG,1462.2516,1544.3419,42.2,0.4428,0,1453.3947,1553.1988
2011,4,REG,SEA,ATL,1466.537,1545.2125,42.2,0.4477,0,1457.583,1554.1665
2011,4,REG,GB,DEN,1597.6737,1445.3761,42.2,0.7539,1,1602.5953,1440.4545
2011,4,REG,LV,NE,1492.9955,1589.1091,42.2,0.423,0,1484.5349,1597.5697
2011,4,REG,LAC,MIA,1546.8075,1460.0003,42.2,0.6776,1,1553.2561,1453.5517
2011,4,REG,BAL,NYJ,1569.8186,1562.9844,42.2,0.5701,1,1578.4166,1554.3864
2011,4,REG,TB,IND,1513.9763,1525.3284,42.2,0.5443,1,1523.0908,1516.2139
2011,5,REG,BUF,PHI,1478.5682,1513.2248,42.2,0.5109,1,1488.3511,1503.4419
2011,5,REG,CAR,NO,1439.7874,1572.1625,42.2,0.3731,0,1432.3261,1579.6238
2011,5,REG,HOU,LV,1514.1917,1484.5349,42.2,0.602,0,1502.1525,1496.5741
2011,5,REG,IND,KC,1516.2139,1462.0376,42.2,0.6352,0,1503.509,1474.7425
2011,5,REG,JAX,CIN,1476.9243,1464.5838,42.2,0.5779,0,1465.3673,1476.1408
2011,5,REG,MIN,ARI,1463.2664,1453.3947,42.2,0.5744,1,1471.7788,1444.8823
2011,5,REG,NYG,SEA,1553.1988,1457.583,42.2,0.6885,0,1539.4279,1471.3539
2011,5,REG,PIT,TEN,1567.4591,1514.5871,42.2,0.6335,1,1574.789,1507.2572
2011,5,REG,SF,TB,1496.0771,1523.0908,42.2,0.5218,1,1505.6403,1513.5276
2011,5,REG,DEN,LAC,1440.4545,1553.2561,42.2,0.3998,0,1432.4591,1561.2515
2011,5,REG,NE,NYJ,1597.5697,1554.3864,42.2,0.6205,1,1605.1605,1546.7956
2011,5,REG,ATL,GB,1554.1665,1602.5953,42.2,0.491,0,1544.3458,1612.416
2011,5,REG,DET,CHI,1487.2084,1528.4859,42.2,0.5013,1,1497.1818,1518.5125
2011,6,REG,ATL,CAR,1544.3458,1432.3261,42.2,0.7084,1,1550.1772,1426.4947
2011,6,REG,CIN,IND,1476.1408,1503.509,42.2,0.5213,1,1485.7142,1493.9356
2011,6,REG,DET,SF,1497.1818,1505.6403,42.2,0.5484,0,1486.2137,1516.6084
2011,6,REG,GB,LA,1612.416,1406.3856,42.2,0.8067,1,1616.2813,1402.5203
2011,6,REG,NYG,BUF,1539.4279,1488.3511,42.2,0.6311,1,1546.8059,1480.9731
2011,6,REG,PIT,JAX,1574.789,1465.3673,42.2,0.7053,1,1580.6824,1459.4739
2011,6,REG,WAS,PHI,1485.1696,1503.4419,42.2,0.5344,0,1474.482,1514.1295
2011,6,REG,BAL,HOU,1578.4166,1502.1525,42.2,0.6642,1,1585.1332,1495.4359
2011,6,REG,LV,CLE,1496.5741,1456.403,42.2,0.6164,1,1504.2467,1448.7304
2011,6,REG,NE,DAL,1605.1605,1509.755,42.2,0.6883,1,1611.3948,1503.5207
2011,6,REG,TB,NO,1513.5276,1579.6238,42.2,0.4657,1,1524.2143,1568.9371
2011,6,REG,CHI,MIN,1518.5125,1471.7788,42.2,0.6253,1,1526.0073,1464.284
2011,6,REG,NYJ,MIA,1546.7956,1453.5517,42.2,0.6856,1,1553.0834,1447.2639
2011,7,REG,CAR,WAS,1426.4947,1474.482,42.2,0.4917,1,1436.6613,1464.3154
2011,7,REG,CLE,SEA,1448.7304,1471.3539,42.2,0.5281,1,1458.1675,1461.9168
2011,7,REG,DET,ATL,1486.2137,1550.1772,42.2,0.4687,0,1476.8393,1559.5516
2011,7,REG,MIA,DEN,1447.2639,1432.4591,42.2,0.5813,0,1435.6377,1444.0853
2011,7,REG,NYJ,LAC,1553.0834,1561.2515,42.2,0.5488,1,1562.107,1552.2279
2011,7,REG,TB,CHI,1524.2143,1526.0073,42.2,0.5579,0,1513.0565,1537.1651
2011,7,REG,TEN,HOU,1507.2572,1495.4359,42.2,0.5771,0,1495.7148,1506.9783
2011,7,REG,ARI,PIT,1444.8823,1580.6824,42.2,0.3685,0,1437.513,1588.0517
2011,7,REG,LV,KC,1504.2467,1474.7425,42.2,0.6018,0,1492.2117,1486.7775
2011,7,REG,DAL,LA,1503.5207,1402.5203,42.2,0.6952,1,1509.6176,1396.4234
2011,7,REG,MIN,GB,1464.284,1616.2813,42.2,0.347,0,1457.3431,1623.2222
2011,7,REG,NO,IND,1568.9371,1493.9356,42.2,0.6625,1,1575.6862,1487.1865
2011,7,REG,JAX,BAL,1459.4739,1585.1332,42.2,0.3822,1,1471.8309,1572.7762
2011,8,REG,BAL,ARI,1572.7762,1437.513,42.2,0.7353,1,1578.0707,1432.2185
2011,8,REG,CAR,MIN,1436.6613,1457.3431,42.2,0.5309,0,1426.0427,1467.9617
2011,8,REG,HOU,JAX,1506.9783,1471.8309,42.2,0.6095,1,1514.7881,1464.0211
2011,8,REG,NYG,MIA,1546.8059,1435.6377,42.2,0.7074,1,1552.6576,1429.786
2011,8,REG,LA,NO,1396.4234,1575.6862,42.2,0.3124,1,1410.1757,1561.9339
2011,8,REG,TEN,IND,1495.7148,1487.1865,42.2,0.5725,1,1504.265,1478.6363
2011,8,REG,BUF,WAS,1480.9731,1464.3154,42.2,0.5839,1,1489.2951,1455.9934
2011,8,REG,DEN,DET,1444.0853,1476.8393,42.2,0.5136,0,1433.8135,1487.1111
2011,8,REG,PIT,NE,1588.0517,1611.3948,42.2,0.5271,1,1597.5095,1601.937
2011,8,REG,SEA,CIN,1461.9168,1485.7142,42.2,0.5265,0,1451.3876,1496.2434
2011,8,REG,SF,CLE,1516.6084,1458.1675,42.2,0.6409,1,1523.7901,1450.9858
2011,8,REG,PHI,DAL,1514.1295,1509.6176,42.2,0.5668,1,1522.7931,1500.954
2011,8,REG,KC,LAC,1486.7775,1552.2279,42.2,0.4666,1,1497.4457,1541.5597
2011,9,REG,BUF,NYJ,1489.2951,1562.107,42.2,0.4561,0,1480.1739,1571.2282
2011,9,REG,DAL,SEA,1500.954,1451.3876,42.2,0.6291,1,1508.3725,1443.9691
2011,9,REG,HOU,CLE,1514.7881,1450.9858,42.2,0.648,1,1521.8284,1443.9455
2011,9,REG,IND,ATL,1478.6363,1559.5516,42.2,0.4445,0,1469.746,1568.4419
2011,9,REG,KC,MIA,1497.4457,1429.786,42.2,0.653,0,1484.385,1442.8467
2011,9,REG,NO,TB,1561.9339,1513.0565,42.2,0.6281,1,1569.3709,1505.6195
2011,9,REG,WAS,SF,1455.9934,1523.7901,42.2,0.4632,0,1446.7288,1533.0547
2011,9,REG,LV,DEN,1492.2117,1433.8135,42.2,0.6409,0,1479.3945,1446.6307
2011,9,REG,TEN,CIN,1504.265,1496.2434,42.2,0.5718,0,1492.8295,1507.6789
2011,9,REG,ARI,LA,1432.2185,1410.1757,42.2,0.5914,1,1440.3902,1402.004
2011,9,REG,NE,NYG,1601.937,1552.6576,42.2,0.6287,0,1589.3632,1565.2314
2011,9,REG,LAC,GB,1541.5597,1623.2222,42.2,0.4435,0,1532.6907,1632.0912
2011,9,REG,PIT,BAL,1597.5095,1578.0707,42.2,0.5878,0,1585.7538,1589.8264
2011,9,REG,PHI,CHI,1522.7931,1537.1651,42.2,0.54,0,1511.9939,1547.9643
2011,10,REG,LAC,LV,1532.6907,1479.3945,42.2,0.6341,0,1520.0093,1492.0759
2011,10,REG,ATL,NO,1568.4419,1569.3709,42.2,0.5591,0,1557.2596,1580.5532
2011,10,REG,CAR,TEN,1426.0427,1492.8295,42.2,0.4647,0,1416.7492,1502.123
2011,10,REG,CIN,PIT,1507.6789,1585.7538,42.2,0.4486,0,1498.7078,1594.7249
2011,10,REG,CLE,LA,1443.9455,1402.004,42.2,0.6188,0,1431.57,1414.3795
2011,10,REG,DAL,BUF,1508.3725,1480.1739,42.2,0.5999,1,1516.3735,1472.1729
2011,10,REG,IND,JAX,1469.746,1464.0211,42.2,0.5685,0,1458.3753,1475.3918
2011,10,REG,KC,DEN,1484.385,1446.6307,42.2,0.6131,0,1472.1235,1458.8922
2011,10,REG,MIA,WAS,1442.8467,1446.7288,42.2,0.5549,1,1451.7483,1437.8272
2011,10,REG,PHI,ARI,1511.9939,1440.3902,42.2,0.6582,0,1498.8307,1453.5534
2011,10,REG,TB,HOU,1505.6195,1521.8284,42.2,0.5373,0,1494.8728,1532.5751
2011,10,REG,SEA,BAL,1443.9691,1589.8264,42.2,0.3551,1,1456.8671,1576.9284
2011,10,REG,CHI,DET,1547.9643,1487.1111,42.2,0.6441,1,1555.0822,1479.9932
2011,10,REG,SF,NYG,1533.0547,1565.2314,42.2,0.5144,1,1542.7663,1555.5198
2011,10,REG,NYJ,NE,1571.2282,1589.3632,42.2,0.5346,0,1560.5367,1600.0547
2011,10,REG,GB,MIN,1632.0912,1467.9617,42.2,0.7663,1,1636.7645,1463.2884
2011,11,REG,DEN,NYJ,1458.8922,1560.5367,42.2,0.4153,1,1470.5866,1548.8423
2011,11,REG,BAL,CIN,1576.9284,1498.7078,42.2,0.6667,1,1583.5948,1492.0414
2011,11,REG,CLE,JAX,1431.57,1475.3918,42.2,0.4977,1,1441.6167,1465.3451
2011,11,REG,DET,CAR,1479.9932,1416.7492,42.2,0.6473,1,1487.0481,1409.6943
2011,11,REG,GB,TB,1636.7645,1494.8728,42.2,0.7426,1,1641.9118,1489.7255
2011,11,REG,MIA,BUF,1451.7483,1472.1729,42.2,0.5313,1,1461.1224,1462.7988
2011,11,REG,MIN,LV,1463.2884,1492.0759,42.2,0.5193,0,1452.9025,1502.4618
2011,11,REG,WAS,DAL,1437.8272,1516.3735,42.2,0.4479,0,1428.8695,1525.3312
2011,11,REG,SF,ARI,1542.7663,1453.5534,42.2,0.6806,1,1549.1545,1447.1652
2011,11,REG,LA,SEA,1414.3795,1456.8671,42.2,0.4996,0,1404.3878,1466.8588
2011,11,REG,ATL,TEN,1557.2596,1502.123,42.2,0.6365,1,1564.5291,1494.8535
2011,11,REG,CHI,LAC,1555.0822,1520.0093,42.2,0.6094,1,1562.8941,1512.1974
2011,11,REG,NYG,PHI,1555.5198,1498.8307,42.2,0.6386,0,1542.748,1511.6025
2011,11,REG,NE,KC,1600.0547,1472.1235,42.2,0.727,1,1605.5151,1466.6631
2011,12,REG,DET,GB,1487.0481,1641.9118,42.2,0.3433,0,1480.1817,1648.7782
2011,12,REG,DAL,MIA,1525.3312,1461.1224,42.2,0.6485,1,1532.3608,1454.0928
2011,12,REG,BAL,SF,1583.5948,1549.1545,42.2,0.6085,1,1591.424,1541.3253
2011,12,REG,ATL,MIN,1564.5291,1452.9025,42.2,0.708,1,1570.3699,1447.0617
2011,12,REG,CIN,CLE,1492.0414,1441.6167,42.2,0.6302,1,1499.4369,1434.2212
2011,12,REG,IND,CAR,1458.3753,1409.6943,42.2,0.6279,0,1445.8176,1422.252
2011,12,REG,JAX,HOU,1465.3451,1532.5751,42.2,0.464,0,1456.0643,1541.8559
2011,12,REG,NYJ,BUF,1548.8423,1462.7988,42.2,0.6766,1,1555.3101,1456.331
2011,12,REG,LA,ARI,1404.3878,1447.1652,42.2,0.4992,0,1394.4044,1457.1486
2011,12,REG,TEN,TB,1494.8535,1489.7255,42.2,0.5677,1,1503.4997,1481.0793
2011,12,REG,LV,CHI,1502.4618,1562.8941,42.2,0.4738,1,1512.9861,1552.3698
2011,12,REG,SEA,WAS,1466.8588,1428.8695,42.2,0.6134,0,1454.5909,1441.1374
2011,12,REG,PHI,NE,1511.6025,1605.5151,42.2,0.4261,0,1503.08,1614.0376
2011,12,REG,LAC,DEN,1512.1974,1470.5866,42.2,0.6183,0,1499.8309,1482.9531
2011,12,REG,KC,PIT,1466.6631,1594.7249,42.2,0.3789,0,1459.0853,1602.3027
2011,12,REG,NO,NYG,1580.5532,1542.748,42.2,0.6131,1,1588.2903,1535.0109
2011,13,REG,SEA,PHI,1454.5909,1503.08,42.2,0.491,1,1464.7719,1492.899
2011,13,REG,BUF,TEN,1456.331,1503.4997,42.2,0.4928,0,1446.474,1513.3567
2011,13,REG,CHI,KC,1552.3698,1459.0853,42.2,0.6857,0,1538.6566,1472.7985
2011,13,REG,HOU,ATL,1541.8559,1570.3699,42.2,0.5197,1,1551.4622,1560.7636
2011,13,REG,MIA,LV,1454.0928,1512.9861,42.2,0.476,1,1464.5729,1502.506
2011,13,REG,MIN,DEN,1447.0617,1482.9531,42.2,0.5091,0,1436.8801,1493.1347
2011,13,REG,NE,IND,1614.0376,1445.8176,42.2,0.7705,1,1618.6271,1441.2281
2011,13,REG,PIT,CIN,1602.3027,1499.4369,42.2,0.6974,1,1608.3542,1493.3854
2011,13,REG,TB,CAR,1481.0793,1422.252,42.2,0.6414,0,1468.2508,1435.0805
2011,13,REG,WAS,NYJ,1441.1374,1555.3101,42.2,0.3979,0,1433.1798,1563.2677
2011,13,REG,CLE,BAL,1434.2212,1591.424,42.2,0.3403,0,1427.4154,1598.2298
2011,13,REG,ARI,DAL,1457.1486,1532.3608,42.2,0.4526,1,1468.0959,1521.4135
2011,13,REG,NYG,GB,1535.0109,1648.7782,42.2,0.3984,0,1527.0421,1656.747
2011,13,REG,SF,LA,1541.3253,1394.4044,42.2,0.7481,1,1546.3627,1389.367
2011,13,REG,NO,DET,1588.2903,1480.1817,42.2,0.7038,1,1594.2152,1474.2568
2011,13,REG,JAX,LAC,1456.0643,1499.8309,42.2,0.4977,0,1446.1094,1509.7858
2011,14,REG,PIT,CLE,1608.3542,1427.4154,42.2,0.7832,1,1612.6899,1423.0797
2011,14,REG,BAL,IND,1598.2298,1441.2281,42.2,0.7589,1,1603.0517,1436.4062
2011,14,REG,CAR,ATL,1435.0805,1560.7636,42.2,0.3821,0,1427.4381,1568.406
2011,14,REG,CIN,HOU,1493.3854,1551.4622,42.2,0.4772,0,1483.8421,1561.0055
2011,14,REG,DET,MIN,1474.2568,1436.8801,42.2,0.6126,1,1482.0056,1429.1313
2011,14,REG,JAX,TB,1446.1094,1468.2508,42.2,0.5288,1,1455.5327,1458.8275
2011,14,REG,MIA,PHI,1464.5729,1492.899,42.2,0.52,0,1454.1738,1503.2981
2011,14,REG,NYJ,KC,1563.2677,1472.7985,42.2,0.6822,1,1569.6245,1466.4417
2011,14,REG,TEN,NO,1513.3567,1594.2152,42.2,0.4446,0,1504.4648,1603.1071
2011,14,REG,WAS,NE,1433.1798,1618.6271,42.2,0.3048,0,1427.084,1624.7229
2011,14,REG,ARI,SF,1468.0959,1546.3627,42.2,0.4483,1,1479.1303,1535.3283
2011,14,REG,DEN,CHI,1493.1347,1538.6566,42.2,0.4952,1,1503.2303,1528.561
2011,14,REG,GB,LV,1656.747,1502.506,42.2,0.756,1,1661.6273,1497.6257
2011,14,REG,LAC,BUF,1509.7858,1446.474,42.2,0.6473,1,1516.839,1439.4208
2011,14,REG,DAL,NYG,1521.4135,1527.0421,42.2,0.5524,0,1510.3648,1538.0908
2011,14,REG,SEA,LA,1464.7719,1389.367,42.2,0.6631,1,1471.5106,1382.6283
2011,15,REG,ATL,JAX,1568.406,1455.5327,42.2,0.7094,1,1574.2172,1449.7215
2011,15,REG,TB,DAL,1458.8275,1510.3648,42.2,0.4866,0,1449.0962,1520.0961
2011,15,REG,BUF,MIA,1439.4208,1454.1738,42.2,0.5394,0,1428.6325,1464.9621
2011,15,REG,CHI,SEA,1528.561,1471.5106,42.2,0.6391,0,1515.7796,1484.292
2011,15,REG,HOU,CAR,1561.0055,1427.4381,42.2,0.7334,0,1546.3381,1442.1055
2011,15,REG,IND,TEN,1436.4062,1504.4648,42.2,0.4629,1,1447.1491,1493.7219
2011,15,REG,KC,GB,1466.4417,1661.6273,42.2,0.293,1,1480.5809,1647.4881
2011,15,REG,MIN,NO,1429.1313,1603.1071,42.2,0.319,0,1422.7521,1609.4863
2011,15,REG,NYG,WAS,1538.0908,1427.084,42.2,0.7072,0,1523.9464,1441.2284
2011,15,REG,LA,CIN,1382.6283,1483.8421,42.2,0.4159,0,1374.3107,1492.1597
2011,15,REG,LV,DET,1497.6257,1482.0056,42.2,0.5825,0,1485.9767,1493.6546
2011,15,REG,ARI,CLE,1479.1303,1423.0797,42.2,0.6377,1,1486.3755,1415.8345
2011,15,REG,DEN,NE,1503.2303,1624.7229,42.2,0.3878,0,1495.4737,1632.4795
2011,15,REG,PHI,NYJ,1503.2981,1569.6245,42.2,0.4653,1,1513.9914,1558.9312
2011,15,REG,LAC,BAL,1516.839,1603.0517,42.2,0.437,1,1528.0991,1591.7916
2011,15,REG,SF,PIT,1535.3283,1612.6899,42.2,0.4496,1,1546.3369,1601.6813
2011,16,REG,IND,HOU,1447.1491,1546.3381,42.2,0.4187,1,1458.7748,1534.7124
2011,16,REG,BAL,CLE,1591.7916,1415.8345,42.2,0.7783,1,1596.2255,1411.4006
2011,16,REG,BUF,DEN,1428.6325,1495.4737,42.2,0.4646,1,1439.3405,1484.7657
2011,16,REG,CAR,TB,1442.1055,1449.0962,42.2,0.5505,1,1451.0955,1440.1062
2011,16,REG,CIN,ARI,1492.1597,1486.3755,42.2,0.5686,1,1500.7873,1477.7479
2011,16,REG,KC,LV,1480.5809,1485.9767,42.2,0.5528,0,1469.5255,1497.0321
2011,16,REG,NE,MIA,1632.4795,1464.9621,42.2,0.7698,1,1637.0833,1460.3583
2011,16,REG,NYJ,NYG,1558.9312,1523.9464,42.2,0.6093,0,1546.7455,1536.1321
2011,16,REG,PIT,LA,1601.6813,1374.3107,42.2,0.8252,1,1605.1779,1370.8141
2011,16,REG,TEN,JAX,1493.7219,1449.7215,42.2,0.6216,1,1501.2905,1442.1529
2011,16,REG,WAS,MIN,1441.2284,1422.7521,42.2,0.5864,0,1429.4995,1434.481
2011,16,REG,DET,LAC,1493.6546,1528.0991,42.2,0.5112,1,1503.4314,1518.3223
2011,16,REG,DAL,PHI,1520.0961,1513.9914,42.2,0.5691,0,1508.7147,1525.3728
2011,16,REG,SEA,SF,1484.292,1546.3369,42.2,0.4715,0,1474.8626,1555.7663
2011,16,REG,GB,CHI,1647.4881,1515.7796,42.2,0.7313,1,1652.8626,1510.4051
2011,16,REG,NO,ATL,1609.4863,1574.2172,42.2,0.6097,1,1617.2928,1566.4107
2011,17,REG,GB,DET,1652.8626,1503.4314,42.2,0.7508,1,1657.8457,1498.4483
2011,17,REG,HOU,TEN,1534.7124,1501.2905,42.2,0.6071,0,1522.5696,1513.4333
2011,17,REG,JAX,IND,1442.1529,1458.7748,42.2,0.5367,1,1451.418,1449.5097
2011,17,REG,MIA,NYJ,1460.3583,1546.7455,42.2,0.4368,1,1471.6233,1535.4805
2011,17,REG,MIN,CHI,1434.481,1510.4051,42.2,0.4516,0,1425.4486,1519.4375
2011,17,REG,NE,BUF,1637.0833,1439.3405,42.2,0.7992,1,1641.0996,1435.3242
2011,17,REG,NO,CAR,1617.2928,1451.0955,42.2,0.7685,1,1621.9236,1446.4647
2011,17,REG,PHI,WAS,1525.3728,1429.4995,42.2,0.6889,1,1531.5955,1423.2768
2011,17,REG,LA,SF,1370.8141,1555.7663,42.2,0.3054,0,1364.7062,1561.8742
2011,17,REG,ARI,SEA,1477.7479,1474.8626,42.2,0.5645,1,1486.4575,1466.153
2011,17,REG,ATL,TB,1566.4107,1440.1062,42.2,0.7251,1,1571.9084,1434.6085
2011,17,REG,CIN,BAL,1500.7873,1596.2255,42.2,0.424,0,1492.3077,1604.7051
2011,17,REG,CLE,PIT,1411.4006,1605.1779,42.2,0.2947,0,1405.5061,1611.0724
2011,17,REG,DEN,KC,1484.7657,1469.5255,42.2,0.5819,0,1473.1273,1481.1639
2011,17,REG,LV,LAC,1497.0321,1518.3223,42.2,0.5301,0,1486.431,1528.9234
2011,17,REG,NYG,DAL,1536.1321,1508.7147,42.2,0.5989,1,1544.1547,1500.6921
2011,18,WC,HOU,CIN,1522.5696,1492.3077,42.2,0.6028,1,1532.1025,1482.7748
2011,18,WC,NO,DET,1621.9236,1498.4483,42.2,0.7219,1,1628.599,1491.7729
2011,18,WC,NYG,ATL,1544.1547,1571.9084,42.2,0.5208,1,1555.656,1560.4071
2011,18,WC,DEN,PIT,1473.1273,1611.0724,42.2,0.3656,1,1488.353,1595.8467
2011,19,DIV,SF,NO,1561.8742,1628.599,42.2,0.4648,1,1574.7199,1615.7533
2011,19,DIV,NE,DEN,1641.0996,1488.353,42.2,0.7544,1,1646.9941,1482.4585
2011,19,DIV,BAL,HOU,1604.7051,1532.1025,42.2,0.6595,1,1612.8782,1523.9294
2011,19,DIV,GB,NYG,1657.8457,1555.656,42.2,0.6966,0,1641.1272,1572.3745
2011,20,CON,NE,BAL,1646.9941,1612.8782,42.2,0.6081,1,1656.3998,1603.4725
2011,20,CON,SF,NYG,1574.7199,1572.3745,42.2,0.5638,0,1561.1897,1585.9047
2011,21,SB,NE,NYG,1656.3998,1585.9047,0.0,0.6001,0,1641.9979,1600.3066
2012,1,REG,NYG,DAL,1568.8554,1502.1137,42.2,0.6518,0,1555.8187,1515.1504
2012,1,REG,CHI,IND,1514.6731,1467.8215,42.2,0.6254,1,1522.1647,1460.3299
2012,1,REG,CLE,PHI,1438.3391,1522.819,42.2,0.4395,0,1429.55,1531.6081
2012,1,REG,DET,LA,1496.1378,1411.0032,42.2,0.6755,1,1502.6285,1404.5125
2012,1,REG,HOU,MIA,1517.6827,1482.6376,42.2,0.6094,1,1525.4953,1474.825
2012,1,REG,KC,ATL,1489.0298,1542.1228,42.2,0.4843,0,1479.3432,1551.8094
2012,1,REG,MIN,JAX,1451.7006,1469.1001,42.2,0.5356,1,1460.988,1459.8127
2012,1,REG,NO,WAS,1579.2047,1450.2455,42.2,0.7282,0,1564.6416,1464.8086
2012,1,REG,NYJ,BUF,1525.4219,1458.3172,42.2,0.6523,1,1532.3757,1451.3634
2012,1,REG,TEN,NE,1510.6503,1596.7886,42.2,0.4371,0,1501.9082,1605.5307
2012,1,REG,ARI,SEA,1492.5765,1478.9725,42.2,0.5796,1,1500.984,1470.565
2012,1,REG,GB,SF,1596.2052,1542.6471,42.2,0.6344,0,1583.5168,1555.3355
2012,1,REG,TB,CAR,1457.8377,1465.7813,42.2,0.5491,1,1466.8549,1456.7641
2012,1,REG,DEN,PIT,1489.8972,1565.8673,42.2,0.4516,1,1500.8661,1554.8984
2012,1,REG,BAL,CIN,1570.9766,1490.1091,42.2,0.6701,1,1577.5755,1483.5102
2012,1,REG,LV,LAC,1492.5588,1521.0287,42.2,0.5197,0,1482.1638,1531.4237
2012,2,REG,GB,CHI,1583.5168,1522.1647,42.2,0.6448,1,1590.6216,1515.0599
2012,2,REG,BUF,KC,1451.3634,1479.3432,42.2,0.5205,1,1460.9543,1469.7523
2012,2,REG,CAR,NO,1456.7641,1564.6416,42.2,0.4066,1,1468.6323,1552.7734
2012,2,REG,CIN,CLE,1483.5102,1429.55,42.2,0.635,1,1490.8111,1422.2491
2012,2,REG,IND,MIN,1460.3299,1460.988,42.2,0.5595,1,1469.1399,1452.178
2012,2,REG,JAX,HOU,1459.8127,1525.4953,42.2,0.4663,0,1450.4876,1534.8204
2012,2,REG,MIA,LV,1474.825,1482.1638,42.2,0.55,1,1483.825,1473.1638
2012,2,REG,NE,ARI,1605.5307,1500.984,42.2,0.6995,0,1591.5414,1514.9733
2012,2,REG,NYG,TB,1555.8187,1466.8549,42.2,0.6803,1,1562.2132,1460.4604
2012,2,REG,PHI,BAL,1531.6081,1577.5755,42.2,0.4946,1,1541.7165,1567.4671
2012,2,REG,SEA,DAL,1470.565,1515.1504,42.2,0.4966,1,1480.6337,1505.0817
2012,2,REG,LA,WAS,1404.5125,1464.8086,42.2,0.474,1,1415.0329,1454.2882
2012,2,REG,PIT,NYJ,1554.8984,1532.3757,42.2,0.5921,1,1563.0568,1524.2173
2012,2,REG,LAC,TEN,1531.4237,1501.9082,42.2,0.6018,1,1539.3884,1493.9435
2012,2,REG,SF,DET,1555.3355,1502.6285,42.2,0.6333,1,1562.6698,1495.2942
2012,2,REG,ATL,DEN,1551.8094,1500.8661,42.2,0.6309,1,1559.191,1493.4845
2012,3,REG,CAR,NYG,1468.6323,1562.2132,42.2,0.4266,0,1460.1005,1570.745
2012,3,REG,CHI,LA,1515.0599,1415.0329,42.2,0.694,1,1521.1806,1408.9122
2012,3,REG,CLE,BUF,1422.2491,1460.9543,42.2,0.505,0,1412.1485,1471.0549
2012,3,REG,DAL,TB,1505.0817,1460.4604,42.2,0.6224,1,1512.6335,1452.9086
2012,3,REG,IND,JAX,1469.1399,1450.4876,42.2,0.5867,0,1457.4061,1462.2214
2012,3,REG,MIA,NYJ,1483.825,1524.2173,42.2,0.5026,0,1473.773,1534.2693
2012,3,REG,MIN,SF,1452.178,1562.6698,42.2,0.403,1,1464.1187,1550.7291
2012,3,REG,NO,KC,1552.7734,1469.7523,42.2,0.6728,0,1539.3176,1483.2081
2012,3,REG,TEN,DET,1493.9435,1495.2942,42.2,0.5585,1,1502.7732,1486.4645
2012,3,REG,WAS,CIN,1454.2882,1490.8111,42.2,0.5082,0,1444.1248,1500.9745
2012,3,REG,ARI,PHI,1514.9733,1541.7165,42.2,0.5222,1,1524.5287,1532.1611
2012,3,REG,LAC,ATL,1539.3884,1559.191,42.2,0.5322,0,1528.7446,1569.8348
2012,3,REG,DEN,HOU,1493.4845,1534.8204,42.2,0.5012,0,1483.4596,1544.8453
2012,3,REG,LV,PIT,1473.1638,1563.0568,42.2,0.4318,1,1484.528,1551.6926
2012,3,REG,BAL,NE,1567.4671,1591.5414,42.2,0.5261,1,1576.9459,1582.0626
2012,3,REG,SEA,GB,1480.6337,1590.6216,42.2,0.4037,1,1492.5604,1578.6949
2012,4,REG,BAL,CLE,1576.9459,1412.1485,42.2,0.767,1,1581.6055,1407.4889
2012,4,REG,ATL,CAR,1569.8348,1460.1005,42.2,0.7057,1,1575.7207,1454.2146
2012,4,REG,BUF,NE,1471.0549,1582.0626,42.2,0.4023,0,1463.0099,1590.1076
2012,4,REG,DET,MIN,1486.4645,1464.1187,42.2,0.5918,0,1474.6278,1475.9554
2012,4,REG,HOU,TEN,1544.8453,1502.7732,42.2,0.619,1,1552.4662,1495.1523
2012,4,REG,KC,LAC,1483.2081,1528.7446,42.2,0.4952,0,1473.3041,1538.6486
2012,4,REG,NYJ,SF,1534.2693,1550.7291,42.2,0.537,0,1523.5298,1561.4686
2012,4,REG,LA,SEA,1408.9122,1492.5604,42.2,0.4406,1,1420.0995,1481.3731
2012,4,REG,ARI,MIA,1524.5287,1473.773,42.2,0.6307,1,1531.9153,1466.3864
2012,4,REG,DEN,LV,1483.4596,1484.528,42.2,0.5589,1,1492.2812,1475.7064
2012,4,REG,JAX,CIN,1462.2214,1500.9745,42.2,0.505,0,1452.1222,1511.0737
2012,4,REG,GB,NO,1578.6949,1539.3176,42.2,0.6153,1,1586.3891,1531.6234
2012,4,REG,TB,WAS,1452.9086,1444.1248,42.2,0.5728,0,1441.4516,1455.5818
2012,4,REG,PHI,NYG,1532.1611,1570.745,42.2,0.5052,1,1542.057,1560.8491
2012,4,REG,DAL,CHI,1512.6335,1521.1806,42.2,0.5483,0,1501.6679,1532.1462
2012,5,REG,LA,ARI,1420.0995,1531.9153,42.2,0.4011,1,1432.0768,1519.938
2012,5,REG,CIN,MIA,1511.0737,1466.3864,42.2,0.6225,0,1498.6237,1478.8364
2012,5,REG,IND,GB,1457.4061,1586.3891,42.2,0.3776,1,1469.8532,1573.942
2012,5,REG,KC,BAL,1473.3041,1581.6055,42.2,0.406,0,1465.184,1589.7256
2012,5,REG,NYG,CLE,1560.8491,1407.4889,42.2,0.7551,1,1565.7481,1402.5899
2012,5,REG,PIT,PHI,1551.6926,1542.057,42.2,0.574,1,1560.2116,1533.538
2012,5,REG,WAS,ATL,1455.5818,1575.7207,42.2,0.3897,0,1447.7882,1583.5143
2012,5,REG,CAR,SEA,1454.2146,1481.3731,42.2,0.5216,0,1443.7819,1491.8058
2012,5,REG,JAX,CHI,1452.1222,1532.1462,42.2,0.4458,0,1443.2066,1541.0618
2012,5,REG,MIN,TEN,1475.9554,1495.1523,42.2,0.5331,1,1485.2943,1485.8134
2012,5,REG,NE,DEN,1590.1076,1492.2812,42.2,0.6913,1,1596.2822,1486.1066
2012,5,REG,SF,BUF,1561.4686,1463.0099,42.2,0.692,1,1567.6277,1456.8508
2012,5,REG,NO,LAC,1531.6234,1538.6486,42.2,0.5504,1,1540.6144,1529.6576
2012,5,REG,NYJ,HOU,1523.5298,1552.4662,42.2,0.5191,0,1513.1482,1562.8478
2012,6,REG,TEN,PIT,1485.8134,1560.2116,42.2,0.4538,1,1496.7375,1549.2875
2012,6,REG,ATL,LV,1583.5143,1475.7064,42.2,0.7034,1,1589.4464,1469.7743
2012,6,REG,BAL,DAL,1589.7256,1501.6679,42.2,0.6791,1,1596.1428,1495.2507
2012,6,REG,CLE,CIN,1402.5899,1498.6237,42.2,0.4231,1,1414.1271,1487.0865
2012,6,REG,MIA,LA,1478.8364,1432.0768,42.2,0.6253,1,1486.3305,1424.5827
2012,6,REG,NYJ,IND,1513.1482,1469.8532,42.2,0.6206,1,1520.736,1462.2654
2012,6,REG,PHI,DET,1533.538,1474.6278,42.2,0.6415,0,1520.7073,1487.4585
2012,6,REG,TB,KC,1441.4516,1465.184,42.2,0.5266,1,1450.9206,1455.715
2012,6,REG,ARI,BUF,1519.938,1456.8508,42.2,0.647,0,1506.9971,1469.7917
2012,6,REG,SEA,NE,1491.8058,1596.2822,42.2,0.4113,1,1503.5793,1584.5087
2012,6,REG,SF,NYG,1567.6277,1565.7481,42.2,0.5631,0,1556.3658,1577.01
2012,6,REG,WAS,MIN,1447.7882,1485.2943,42.2,0.5068,1,1457.6531,1475.4294
2012,6,REG,HOU,GB,1562.8478,1573.942,42.2,0.5446,0,1551.9549,1584.8349
2012,6,REG,LAC,DEN,1529.6576,1486.1066,42.2,0.621,0,1517.2384,1498.5258
2012,7,REG,SF,SEA,1556.3658,1503.5793,42.2,0.6334,1,1563.698,1496.2471
2012,7,REG,BUF,TEN,1469.7917,1496.7375,42.2,0.5219,0,1459.3529,1507.1763
2012,7,REG,CAR,DAL,1443.7819,1495.2507,42.2,0.4867,0,1434.0486,1504.984
2012,7,REG,HOU,BAL,1551.9549,1596.1428,42.2,0.4971,1,1562.0121,1586.0856
2012,7,REG,IND,CLE,1462.2654,1414.1271,42.2,0.6272,1,1469.7223,1406.6702
2012,7,REG,MIN,ARI,1475.4294,1506.9971,42.2,0.5153,1,1485.1235,1497.303
2012,7,REG,NYG,WAS,1577.01,1457.6531,42.2,0.7171,1,1582.6685,1451.9946
2012,7,REG,LA,GB,1424.5827,1584.8349,42.2,0.3364,0,1417.8555,1591.5621
2012,7,REG,TB,NO,1450.9206,1540.6144,42.2,0.4321,0,1442.2791,1549.2559
2012,7,REG,NE,NYJ,1584.5087,1520.736,42.2,0.6479,1,1591.5498,1513.6949
2012,7,REG,LV,JAX,1469.7743,1443.2066,42.2,0.5977,1,1477.8205,1435.1604
2012,7,REG,CIN,PIT,1487.0865,1549.2875,42.2,0.4712,0,1477.6615,1558.7125
2012,7,REG,CHI,DET,1541.0618,1487.4585,42.2,0.6345,1,1548.3722,1480.1481
2012,8,REG,MIN,TB,1485.1235,1442.2791,42.2,0.62,0,1472.7235,1454.6791
2012,8,REG,CHI,CAR,1548.3722,1434.0486,42.2,0.7112,1,1554.149,1428.2718
2012,8,REG,CLE,LAC,1406.6702,1517.2384,42.2,0.4029,1,1418.613,1505.2956
2012,8,REG,DET,SEA,1480.1481,1496.2471,42.2,0.5375,1,1489.3983,1486.9969
2012,8,REG,GB,JAX,1591.5621,1435.1604,42.2,0.7583,1,1596.3966,1430.3259
2012,8,REG,NYJ,MIA,1513.6949,1486.3305,42.2,0.5988,0,1501.719,1498.3064
2012,8,REG,PHI,ATL,1520.7073,1589.4464,42.2,0.4619,0,1511.4697,1598.684
2012,8,REG,PIT,WAS,1558.7125,1451.9946,42.2,0.7021,1,1564.6708,1446.0363
2012,8,REG,LA,NE,1417.8555,1591.5498,42.2,0.3193,0,1411.4693,1597.936
2012,8,REG,TEN,IND,1507.1763,1469.7223,42.2,0.6127,0,1494.923,1481.9756
2012,8,REG,KC,LV,1455.715,1477.8205,42.2,0.5289,0,1445.1373,1488.3982
2012,8,REG,DAL,NYG,1504.984,1582.6685,42.2,0.4491,0,1496.0018,1591.6507
2012,8,REG,DEN,NO,1498.5258,1549.2559,42.2,0.4877,1,1508.7713,1539.0104
2012,8,REG,ARI,SF,1497.303,1563.698,42.2,0.4652,0,1487.9983,1573.0027
2012,9,REG,LAC,KC,1505.2956,1445.1373,42.2,0.6432,1,1512.4319,1438.001
2012,9,REG,CIN,DEN,1477.6615,1508.7713,42.2,0.516,0,1467.3424,1519.0904
2012,9,REG,CLE,BAL,1418.613,1586.0856,42.2,0.3271,0,1412.0701,1592.6285
2012,9,REG,GB,ARI,1596.3966,1487.9983,42.2,0.7041,1,1602.3145,1482.0804
2012,9,REG,HOU,BUF,1562.0121,1459.3529,42.2,0.6972,1,1568.0686,1453.2964
2012,9,REG,IND,MIA,1481.9756,1498.3064,42.2,0.5372,1,1491.2324,1489.0496
2012,9,REG,JAX,DET,1430.3259,1489.3983,42.2,0.4757,0,1420.8111,1498.9131
2012,9,REG,TEN,CHI,1494.923,1554.149,42.2,0.4755,0,1485.4127,1563.6593
2012,9,REG,WAS,CAR,1446.0363,1428.2718,42.2,0.5854,0,1434.3273,1439.9808
2012,9,REG,LV,TB,1488.3982,1454.6791,42.2,0.6076,0,1476.2472,1466.8301
2012,9,REG,SEA,MIN,1486.9969,1472.7235,42.2,0.5806,1,1495.3856,1464.3348
2012,9,REG,NYG,PIT,1591.6507,1564.6708,42.2,0.5983,0,1579.6854,1576.6361
2012,9,REG,ATL,DAL,1598.684,1496.0018,42.2,0.6972,1,1604.74,1489.9458
2012,9,REG,NO,PHI,1539.0104,1511.4697,42.2,0.599,1,1547.0296,1503.4505
2012,10,REG,JAX,IND,1420.8111,1491.2324,42.2,0.4595,0,1411.6216,1500.4219
2012,10,REG,BAL,LV,1592.6285,1476.2472,42.2,0.7136,1,1598.3568,1470.5189
2012,10,REG,CAR,DEN,1439.9808,1519.0904,42.2,0.4471,0,1431.0392,1528.032
2012,10,REG,CIN,NYG,1467.3424,1579.6854,42.2,0.4004,1,1479.3343,1567.6935
2012,10,REG,MIA,TEN,1489.0496,1485.4127,42.2,0.5656,0,1477.7379,1496.7244
2012,10,REG,MIN,DET,1464.3348,1498.9131,42.2,0.511,1,1474.1155,1489.1324
2012,10,REG,NE,BUF,1597.936,1453.2964,42.2,0.7456,1,1603.023,1448.2094
2012,10,REG,NO,ATL,1547.0296,1604.74,42.2,0.4777,1,1557.4757,1594.2939
2012,10,REG,TB,LAC,1466.8301,1512.4319,42.2,0.4951,1,1476.928,1502.334
2012,10,REG,SEA,NYJ,1495.3856,1501.719,42.2,0.5514,1,1504.3569,1492.7477
2012,10,REG,PHI,DAL,1503.4505,1489.9458,42.2,0.5795,0,1491.8608,1501.5355
2012,10,REG,SF,LA,1573.0027,1411.4693,42.2,0.7636,0,1557.7297,1426.7423
2012,10,REG,CHI,HOU,1563.6593,1568.0686,42.2,0.5542,0,1552.5759,1579.152
2012,10,REG,PIT,KC,1576.6361,1438.001,42.2,0.739,1,1581.8554,1432.7817
2012,11,REG,BUF,MIA,1448.2094,1477.7379,42.2,0.5182,1,1457.8448,1468.1025
2012,11,REG,ATL,ARI,1594.2939,1482.0804,42.2,0.7087,1,1600.1207,1476.2536
2012,11,REG,CAR,TB,1431.0392,1476.928,42.2,0.4947,0,1421.1454,1486.8218
2012,11,REG,DAL,CLE,1501.5355,1412.0701,42.2,0.6809,1,1507.9174,1405.6882
2012,11,REG,DET,GB,1489.1324,1602.3145,42.2,0.3992,0,1481.1475,1610.2994
2012,11,REG,HOU,JAX,1579.152,1411.6216,42.2,0.7698,1,1583.7556,1407.018
2012,11,REG,KC,CIN,1432.7817,1479.3343,42.2,0.4937,0,1422.907,1489.209
2012,11,REG,LA,NYJ,1426.7423,1492.7477,42.2,0.4658,0,1417.4264,1502.0636
2012,11,REG,WAS,PHI,1434.3273,1491.8608,42.2,0.4779,1,1444.7683,1481.4198
2012,11,REG,LV,NO,1470.5189,1557.4757,42.2,0.4359,0,1461.8,1566.1946
2012,11,REG,DEN,LAC,1528.032,1502.334,42.2,0.5965,1,1536.1022,1494.2638
2012,11,REG,NE,IND,1603.023,1500.4219,42.2,0.6971,1,1609.0809,1494.364
2012,11,REG,PIT,BAL,1581.8554,1598.3568,42.2,0.5369,0,1571.1171,1609.0951
2012,11,REG,SF,CHI,1557.7297,1552.5759,42.2,0.5677,1,1566.3751,1543.9305
2012,12,REG,DET,HOU,1481.1475,1583.7556,42.2,0.4139,0,1472.8689,1592.0342
2012,12,REG,DAL,WAS,1507.9174,1444.7683,42.2,0.6471,0,1494.9748,1457.7109
2012,12,REG,NYJ,NE,1502.0636,1609.0809,42.2,0.4078,0,1493.9078,1617.2367
2012,12,REG,CHI,MIN,1543.9305,1474.1155,42.2,0.6558,1,1550.8137,1467.2323
2012,12,REG,CIN,LV,1489.209,1461.8,42.2,0.5989,1,1497.2319,1453.7771
2012,12,REG,CLE,PIT,1405.6882,1571.1171,42.2,0.3297,1,1419.0934,1557.7119
2012,12,REG,IND,BUF,1494.364,1457.8448,42.2,0.6114,1,1502.1363,1450.0725
2012,12,REG,JAX,TEN,1407.018,1496.7244,42.2,0.4321,1,1418.3769,1485.3655
2012,12,REG,KC,DEN,1422.907,1536.1022,42.2,0.3992,0,1414.9224,1544.0868
2012,12,REG,MIA,SEA,1468.1025,1504.3569,42.2,0.5086,1,1477.9314,1494.528
2012,12,REG,TB,ATL,1486.8218,1600.1207,42.2,0.3991,0,1478.8401,1608.1024
2012,12,REG,LAC,BAL,1494.2638,1609.0951,42.2,0.397,0,1486.3244,1617.0345
2012,12,REG,ARI,LA,1476.2536,1417.4264,42.2,0.6414,0,1463.4251,1430.2549
2012,12,REG,NO,SF,1566.1946,1566.3751,42.2,0.5602,0,1554.991,1577.5787
2012,12,REG,NYG,GB,1567.6935,1610.2994,42.2,0.4994,1,1577.7052,1600.2877
2012,12,REG,PHI,CAR,1481.4198,1421.1454,42.2,0.6433,0,1468.553,1434.0122
2012,13,REG,ATL,NO,1608.1024,1554.991,42.2,0.6338,1,1615.4259,1547.6675
2012,13,REG,BUF,JAX,1450.0725,1418.3769,42.2,0.6048,1,1457.9771,1410.4723
2012,13,REG,CHI,SEA,1550.8137,1494.528,42.2,0.6381,0,1538.0526,1507.2891
2012,13,REG,DET,IND,1472.8689,1502.1363,42.2,0.5186,0,1462.4968,1512.5084
2012,13,REG,GB,MIN,1600.2877,1467.2323,42.2,0.7328,1,1605.6318,1461.8882
2012,13,REG,KC,CAR,1414.9224,1434.0122,42.2,0.5332,1,1424.2582,1424.6764
2012,13,REG,MIA,NE,1477.9314,1617.2367,42.2,0.3638,0,1470.6557,1624.5124
2012,13,REG,NYJ,ARI,1493.9078,1463.4251,42.2,0.6031,1,1501.8458,1455.4871
2012,13,REG,LA,SF,1430.2549,1577.5787,42.2,0.3532,1,1443.1915,1564.6421
2012,13,REG,TEN,HOU,1485.3655,1592.0342,42.2,0.4083,0,1477.2001,1600.1996
2012,13,REG,DEN,TB,1544.0868,1478.8401,42.2,0.6499,1,1551.0892,1471.8377
2012,13,REG,BAL,PIT,1617.0345,1557.7119,42.2,0.6421,0,1604.1929,1570.5535
2012,13,REG,LV,CLE,1453.7771,1419.0934,42.2,0.6089,0,1441.5996,1431.2709
2012,13,REG,LAC,CIN,1486.3244,1497.2319,42.2,0.5449,0,1475.4262,1508.1301
2012,13,REG,DAL,PHI,1494.9748,1468.553,42.2,0.5975,1,1503.025,1460.5028
2012,13,REG,WAS,NYG,1457.7109,1577.7052,42.2,0.3899,1,1469.9133,1565.5028
2012,14,REG,LV,DEN,1441.5996,1551.0892,42.2,0.4044,0,1433.5125,1559.1763
2012,14,REG,BUF,LA,1457.9771,1443.1915,42.2,0.5813,0,1446.3515,1454.8171
2012,14,REG,CAR,ATL,1424.6764,1615.4259,42.2,0.2984,1,1438.7092,1601.3931
2012,14,REG,CIN,DAL,1508.1301,1503.025,42.2,0.5677,0,1496.7769,1514.3782
2012,14,REG,CLE,KC,1431.2709,1424.2582,42.2,0.5704,1,1439.8638,1415.6653
2012,14,REG,IND,TEN,1512.5084,1477.2001,42.2,0.6097,1,1520.3138,1469.3947
2012,14,REG,JAX,NYJ,1410.4723,1501.8458,42.2,0.4297,0,1401.8783,1510.4398
2012,14,REG,MIN,CHI,1461.8882,1538.0526,42.2,0.4513,1,1472.8627,1527.0781
2012,14,REG,PIT,LAC,1570.5535,1475.4262,42.2,0.6879,0,1556.7946,1489.1851
2012,14,REG,TB,PHI,1471.8377,1460.5028,42.2,0.5764,0,1460.3089,1472.0316
2012,14,REG,WAS,BAL,1469.9133,1604.1929,42.2,0.3705,1,1482.5032,1591.603
2012,14,REG,SF,MIA,1564.6421,1470.6557,42.2,0.6865,1,1570.9115,1464.3863
2012,14,REG,NYG,NO,1565.5028,1547.6675,42.2,0.5855,1,1573.7918,1539.3785
2012,14,REG,SEA,ARI,1507.2891,1455.4871,42.2,0.6321,1,1514.6476,1448.1286
2012,14,REG,GB,DET,1605.6318,1462.4968,42.2,0.744,1,1610.7518,1457.3768
2012,14,REG,NE,HOU,1624.5124,1600.1996,42.2,0.5946,1,1632.6211,1592.0909
2012,15,REG,PHI,CIN,1472.0316,1496.7769,42.2,0.5251,0,1461.5296,1507.2789
2012,15,REG,ATL,NYG,1601.3931,1573.7918,42.2,0.5991,1,1609.4107,1565.7742
2012,15,REG,BAL,DEN,1591.603,1559.1763,42.2,0.6058,0,1579.4875,1571.2918
2012,15,REG,CHI,GB,1527.0781,1610.7518,42.2,0.4406,0,1518.2662,1619.5637
2012,15,REG,CLE,WAS,1439.8638,1482.5032,42.2,0.4994,0,1429.8764,1492.4906
2012,15,REG,HOU,IND,1592.0909,1520.3138,42.2,0.6584,1,1598.9232,1513.4815
2012,15,REG,MIA,JAX,1464.3863,1401.8783,42.2,0.6463,1,1471.4606,1394.804
2012,15,REG,NO,TB,1539.3785,1460.3089,42.2,0.6678,1,1546.0232,1453.6642
2012,15,REG,LA,MIN,1454.8171,1472.8627,42.2,0.5347,0,1444.123,1483.5568
2012,15,REG,ARI,DET,1448.1286,1457.3768,42.2,0.5473,1,1457.183,1448.3224
2012,15,REG,BUF,SEA,1446.3515,1514.6476,42.2,0.4625,0,1437.1012,1523.8979
2012,15,REG,LAC,CAR,1489.1851,1438.7092,42.2,0.6303,0,1476.5792,1451.3151
2012,15,REG,DAL,PIT,1514.3782,1556.7946,42.2,0.4997,1,1524.3844,1546.7884
2012,15,REG,LV,KC,1433.5125,1415.6653,42.2,0.5856,1,1441.8012,1407.3766
2012,15,REG,NE,SF,1632.6211,1570.9115,42.2,0.6452,0,1619.7164,1583.8162
2012,15,REG,TEN,NYJ,1469.3947,1510.4398,42.2,0.5017,1,1479.3615,1500.473
2012,16,REG,DET,ATL,1448.3224,1609.4107,42.2,0.3353,0,1441.6167,1616.1164
2012,16,REG,CAR,LV,1451.3151,1441.8012,42.2,0.5739,1,1459.8375,1433.2788
2012,16,REG,DAL,NO,1524.3844,1546.0232,42.2,0.5296,0,1513.7933,1556.6143
2012,16,REG,GB,TEN,1619.5637,1479.3615,42.2,0.7408,1,1624.7482,1474.177
2012,16,REG,HOU,MIN,1598.9232,1483.5568,42.2,0.7124,0,1584.6754,1497.8046
2012,16,REG,JAX,NE,1394.804,1619.7164,42.2,0.2589,0,1389.6263,1624.8941
2012,16,REG,KC,IND,1407.3766,1513.4815,42.2,0.4091,0,1399.1955,1521.6626
2012,16,REG,MIA,BUF,1471.4606,1437.1012,42.2,0.6084,1,1479.292,1429.2698
2012,16,REG,NYJ,LAC,1500.473,1476.5792,42.2,0.594,0,1488.5933,1488.4589
2012,16,REG,PHI,WAS,1461.5296,1492.4906,42.2,0.5162,0,1451.2062,1502.814
2012,16,REG,PIT,CIN,1546.7884,1507.2789,42.2,0.6155,0,1534.479,1519.5883
2012,16,REG,TB,LA,1453.6642,1444.123,42.2,0.5739,0,1442.1859,1455.6013
2012,16,REG,DEN,CLE,1571.2918,1429.8764,42.2,0.7421,1,1576.4496,1424.7186
2012,16,REG,ARI,CHI,1457.183,1518.2662,42.2,0.4729,0,1447.726,1527.7232
2012,16,REG,BAL,NYG,1579.4875,1565.7742,42.2,0.5798,1,1587.8919,1557.3698
2012,16,REG,SEA,SF,1523.8979,1583.8162,42.2,0.4745,1,1534.4074,1573.3067
2012,17,REG,ATL,TB,1616.1164,1442.1859,42.2,0.7763,0,1600.5907,1457.7116
2012,17,REG,BUF,NYJ,1429.2698,1488.5933,42.2,0.4754,1,1439.7623,1478.1008
2012,17,REG,CIN,BAL,1519.5883,1587.8919,42.2,0.4625,1,1530.3382,1577.142
2012,17,REG,DET,CHI,1441.6167,1527.7232,42.2,0.4371,0,1432.8737,1536.4662
2012,17,REG,IND,HOU,1521.6626,1584.6754,42.2,0.4701,1,1532.2609,1574.0771
2012,17,REG,NO,CAR,1556.6143,1459.8375,42.2,0.69,0,1542.8147,1473.6371
2012,17,REG,NYG,PHI,1557.3698,1451.2062,42.2,0.7014,1,1563.3415,1445.2345
2012,17,REG,PIT,CLE,1534.479,1424.7186,42.2,0.7057,1,1540.3643,1418.8333
2012,17,REG,TEN,JAX,1474.177,1389.6263,42.2,0.6747,1,1480.6825,1383.1208
2012,17,REG,DEN,KC,1576.4496,1399.1955,42.2,0.7796,1,1580.8578,1394.7873
2012,17,REG,MIN,GB,1497.8046,1624.7482,42.2,0.3804,1,1510.1965,1612.3563
2012,17,REG,NE,MIA,1624.8941,1479.292,42.2,0.7467,1,1629.9601,1474.226
2012,17,REG,LAC,LV,1488.4589,1433.2788,42.2,0.6366,1,1495.7272,1426.0105
2012,17,REG,SEA,LA,1534.4074,1455.6013,42.2,0.6674,1,1541.0589,1448.9498
2012,17,REG,SF,ARI,1573.3067,1447.726,42.2,0.7243,1,1578.821,1442.2117
2012,17,REG,WAS,DAL,1502.814,1513.7933,42.2,0.5448,1,1511.9178,1504.6895
2012,18,WC,HOU,CIN,1574.0771,1530.3382,42.2,0.6212,1,1583.168,1521.2473
2012,18,WC,GB,MIN,1612.3563,1510.1965,42.2,0.6966,1,1619.6387,1502.9141
2012,18,WC,BAL,IND,1577.142,1532.2609,42.2,0.6228,1,1586.1958,1523.2071
2012,18,WC,WAS,SEA,1511.9178,1541.0589,42.2,0.5188,0,1499.467,1553.5097
2012,19,DIV,DEN,BAL,1580.8578,1586.1958,42.2,0.5529,0,1567.5894,1599.4642
2012,19,DIV,SF,GB,1578.821,1619.6387,42.2,0.502,1,1590.7733,1607.6864
2012,19,DIV,ATL,SEA,1600.5907,1553.5097,42.2,0.6257,1,1609.5732,1544.5272
2012,19,DIV,NE,HOU,1629.9601,1583.168,42.2,0.6253,1,1638.9519,1574.1762
2012,20,CON,ATL,SF,1609.5732,1590.7733,42.2,0.5869,0,1595.4877,1604.8588
2012,20,CON,NE,BAL,1638.9519,1599.4642,42.2,0.6154,0,1624.1814,1614.2347
2012,21,SB,SF,BAL,1604.8588,1614.2347,0.0,0.4865,0,1593.1826,1625.9109
2013,1,REG,DEN,BAL,1546.9349,1586.0103,42.2,0.5045,1,1556.845,1576.1002
2013,1,REG,BUF,NE,1461.2907,1584.8515,42.2,0.385,0,1453.5906,1592.5516
2013,1,REG,CAR,SEA,1483.9869,1531.4832,42.2,0.4924,0,1474.1393,1541.3308
2013,1,REG,CHI,CIN,1526.0824,1515.8857,42.2,0.5748,1,1534.5856,1507.3825
2013,1,REG,CLE,MIA,1447.2683,1484.3814,42.2,0.5073,0,1437.1219,1494.5278
2013,1,REG,DET,MIN,1456.6754,1503.6024,42.2,0.4932,1,1466.8114,1493.4664
2013,1,REG,IND,LV,1517.1988,1452.077,42.2,0.6497,1,1524.2045,1445.0713
2013,1,REG,JAX,KC,1423.3409,1431.1575,42.2,0.5493,0,1412.3545,1442.1439
2013,1,REG,NO,ATL,1530.3358,1565.6268,42.2,0.5099,1,1540.137,1555.8256
2013,1,REG,NYJ,TB,1486.9775,1473.3168,42.2,0.5797,1,1495.3834,1464.9109
2013,1,REG,PIT,TEN,1528.6941,1488.7073,42.2,0.6161,0,1516.3717,1501.0297
2013,1,REG,SF,GB,1564.0823,1573.7999,42.2,0.5466,1,1573.1501,1564.7321
2013,1,REG,LA,ARI,1467.4464,1462.9318,42.2,0.5668,1,1476.1099,1454.2683
2013,1,REG,DAL,NYG,1504.792,1544.0888,42.2,0.5042,1,1514.7084,1534.1724
2013,1,REG,WAS,PHI,1501.2929,1464.9571,42.2,0.6111,0,1489.0702,1477.1798
2013,1,REG,LAC,HOU,1498.7872,1551.3481,42.2,0.4851,0,1489.0853,1561.05
2013,2,REG,NE,NYJ,1592.5516,1495.3834,42.2,0.6905,1,1598.7424,1489.1926
2013,2,REG,ATL,LA,1555.8256,1476.1099,42.2,0.6686,1,1562.4539,1469.4816
2013,2,REG,BAL,CLE,1576.1002,1437.1219,42.2,0.7394,1,1581.3118,1431.9103
2013,2,REG,BUF,CAR,1453.5906,1474.1393,42.2,0.5311,1,1462.9682,1464.7617
2013,2,REG,CHI,MIN,1534.5856,1493.4664,42.2,0.6177,1,1542.2324,1485.8196
2013,2,REG,GB,WAS,1564.7321,1489.0702,42.2,0.6634,1,1571.4642,1482.3381
2013,2,REG,HOU,TEN,1561.05,1501.0297,42.2,0.643,1,1568.1899,1493.8898
2013,2,REG,IND,MIA,1524.2045,1494.5278,42.2,0.602,0,1512.1647,1506.5676
2013,2,REG,KC,DAL,1442.1439,1514.7084,42.2,0.4564,1,1453.0156,1503.8367
2013,2,REG,PHI,LAC,1477.1798,1489.0853,42.2,0.5435,0,1466.3101,1499.955
2013,2,REG,ARI,DET,1454.2683,1466.8114,42.2,0.5426,1,1463.4168,1457.6629
2013,2,REG,TB,NO,1464.9109,1540.137,42.2,0.4526,0,1455.8586,1549.1893
2013,2,REG,NYG,DEN,1534.1724,1556.845,42.2,0.5281,0,1523.6109,1567.4065
2013,2,REG,LV,JAX,1445.0713,1412.3545,42.2,0.6062,1,1452.9478,1404.478
2013,2,REG,SEA,SF,1541.3308,1573.1501,42.2,0.5149,1,1551.0321,1563.4488
2013,2,REG,CIN,PIT,1507.3825,1516.3717,42.2,0.5476,1,1516.4295,1507.3247
2013,3,REG,PHI,KC,1466.3101,1453.0156,42.2,0.5792,0,1454.7263,1464.5994
2013,3,REG,BAL,HOU,1581.3118,1568.1899,42.2,0.5789,1,1589.7328,1559.7689
2013,3,REG,CAR,NYG,1464.7617,1523.6109,42.2,0.4761,1,1475.2405,1513.1321
2013,3,REG,CIN,GB,1516.4295,1571.4642,42.2,0.4815,1,1526.7987,1561.095
2013,3,REG,DAL,LA,1503.8367,1469.4816,42.2,0.6084,1,1511.6682,1461.6501
2013,3,REG,MIN,CLE,1485.8196,1431.9103,42.2,0.6349,0,1473.1218,1444.6081
2013,3,REG,NE,TB,1598.7424,1455.8586,42.2,0.7437,1,1603.8679,1450.7331
2013,3,REG,NO,ARI,1549.1893,1463.4168,42.2,0.6763,1,1555.664,1456.9421
2013,3,REG,TEN,LAC,1493.8898,1499.955,42.2,0.5518,1,1502.8535,1490.9913
2013,3,REG,WAS,DET,1482.3381,1457.6629,42.2,0.5951,0,1470.4367,1469.5643
2013,3,REG,MIA,ATL,1506.5676,1562.4539,42.2,0.4803,1,1516.9613,1552.0602
2013,3,REG,NYJ,BUF,1489.1926,1462.9682,42.2,0.5972,1,1497.2483,1454.9125
2013,3,REG,SEA,JAX,1551.0321,1404.478,42.2,0.7477,1,1556.0774,1399.4327
2013,3,REG,SF,IND,1563.4488,1512.1647,42.2,0.6314,0,1550.8212,1524.7923
2013,3,REG,PIT,CHI,1507.3247,1542.2324,42.2,0.5105,0,1497.1148,1552.4423
2013,3,REG,DEN,LV,1567.4065,1452.9478,42.2,0.7113,1,1573.1801,1447.1742
2013,4,REG,LA,SF,1461.6501,1550.8212,42.2,0.4328,0,1452.9939,1559.4774
2013,4,REG,BUF,BAL,1454.9125,1589.7328,42.2,0.3698,1,1467.5169,1577.1284
2013,4,REG,CLE,CIN,1444.6081,1526.7987,42.2,0.4427,1,1455.7541,1515.6527
2013,4,REG,DET,CHI,1469.5643,1552.4423,42.2,0.4417,1,1480.7298,1541.2768
2013,4,REG,HOU,SEA,1559.7689,1556.0774,42.2,0.5657,0,1548.4557,1567.3906
2013,4,REG,JAX,IND,1399.4327,1524.7923,42.2,0.3826,0,1391.7815,1532.4435
2013,4,REG,KC,NYG,1464.5994,1513.1321,42.2,0.4909,1,1474.7816,1502.9499
2013,4,REG,MIN,PIT,1473.1218,1497.1148,42.2,0.5262,1,1482.5982,1487.6384
2013,4,REG,TB,ARI,1450.7331,1456.9421,42.2,0.5516,0,1439.7009,1467.9743
2013,4,REG,TEN,NYJ,1502.8535,1497.2483,42.2,0.5684,1,1511.4862,1488.6156
2013,4,REG,DEN,PHI,1573.1801,1454.7263,42.2,0.716,1,1578.8597,1449.0467
2013,4,REG,LV,WAS,1447.1742,1470.4367,42.2,0.5272,0,1436.6297,1480.9812
2013,4,REG,LAC,DAL,1490.9913,1511.6682,42.2,0.5309,1,1500.3726,1502.2869
2013,4,REG,ATL,NE,1552.0602,1603.8679,42.2,0.4862,0,1542.3367,1613.5914
2013,4,REG,NO,MIA,1555.664,1516.9613,42.2,0.6144,1,1563.3766,1509.2487
2013,5,REG,CLE,BUF,1455.7541,1467.5169,42.2,0.5437,1,1464.8803,1458.3907
2013,5,REG,CHI,NO,1541.2768,1563.3766,42.2,0.5289,0,1530.6989,1573.9545
2013,5,REG,CIN,NE,1515.6527,1613.5914,42.2,0.4205,1,1527.2434,1602.0007
2013,5,REG,GB,DET,1561.095,1480.7298,42.2,0.6694,1,1567.7067,1474.1181
2013,5,REG,IND,SEA,1532.4435,1567.3906,42.2,0.5104,1,1542.2348,1557.5993
2013,5,REG,MIA,BAL,1509.2487,1577.1284,42.2,0.4631,0,1499.9865,1586.3906
2013,5,REG,NYG,PHI,1502.9499,1449.0467,42.2,0.6349,0,1490.2523,1461.7443
2013,5,REG,LA,JAX,1452.9939,1391.7815,42.2,0.6446,1,1460.1023,1384.6731
2013,5,REG,TEN,KC,1511.4862,1474.7816,42.2,0.6116,0,1499.2534,1487.0144
2013,5,REG,ARI,CAR,1467.9743,1475.2405,42.2,0.5501,1,1476.9722,1466.2426
2013,5,REG,DAL,DEN,1502.2869,1578.8597,42.2,0.4507,0,1493.273,1587.8736
2013,5,REG,SF,HOU,1559.4774,1548.4557,42.2,0.576,1,1567.9574,1539.9757
2013,5,REG,LV,LAC,1436.6297,1500.3726,42.2,0.469,1,1447.249,1489.7533
2013,5,REG,ATL,NYJ,1542.3367,1488.6156,42.2,0.6346,0,1529.6439,1501.3084
2013,6,REG,CHI,NYG,1530.6989,1490.2523,42.2,0.6167,1,1538.364,1482.5872
2013,6,REG,BAL,GB,1586.3906,1567.7067,42.2,0.5867,0,1574.6559,1579.4414
2013,6,REG,BUF,CIN,1458.3907,1527.2434,42.2,0.4617,0,1449.1563,1536.4778
2013,6,REG,CLE,DET,1464.8803,1474.1181,42.2,0.5473,0,1453.9344,1485.064
2013,6,REG,HOU,LA,1539.9757,1460.1023,42.2,0.6688,0,1526.5999,1473.4781
2013,6,REG,KC,LV,1487.0144,1447.249,42.2,0.6158,1,1494.6981,1439.5653
2013,6,REG,MIN,CAR,1482.5982,1466.2426,42.2,0.5835,0,1470.9286,1477.9122
2013,6,REG,NYJ,PIT,1501.3084,1487.6384,42.2,0.5797,0,1489.7141,1499.2327
2013,6,REG,TB,PHI,1439.7009,1461.7443,42.2,0.529,0,1429.1214,1472.3238
2013,6,REG,DEN,JAX,1587.8736,1384.6731,42.2,0.8042,1,1591.79,1380.7567
2013,6,REG,SEA,TEN,1557.5993,1499.2534,42.2,0.6408,1,1564.7835,1492.0692
2013,6,REG,NE,NO,1602.0007,1573.9545,42.2,0.5997,1,1610.006,1565.9492
2013,6,REG,SF,ARI,1567.9574,1476.9722,42.2,0.6828,1,1574.3014,1470.6282
2013,6,REG,DAL,WAS,1493.273,1480.9812,42.2,0.5778,1,1501.7173,1472.5369
2013,6,REG,LAC,IND,1489.7533,1542.2348,42.2,0.4852,1,1500.0491,1531.939
2013,7,REG,ARI,SEA,1470.6282,1564.7835,42.2,0.4258,0,1462.1125,1573.2992
2013,7,REG,ATL,TB,1529.6439,1429.1214,42.2,0.6946,1,1535.7525,1423.0128
2013,7,REG,CAR,LA,1477.9122,1473.4781,42.2,0.5667,1,1486.578,1464.8123
2013,7,REG,DET,CIN,1485.064,1536.4778,42.2,0.4867,0,1475.3291,1546.2127
2013,7,REG,JAX,LAC,1380.7567,1500.0491,42.2,0.3908,0,1372.9399,1507.8659
2013,7,REG,MIA,BUF,1499.9865,1449.1563,42.2,0.6308,0,1487.3711,1461.7717
2013,7,REG,NYJ,NE,1489.7141,1610.006,42.2,0.3895,1,1501.9247,1597.7954
2013,7,REG,PHI,DAL,1472.3238,1501.7173,42.2,0.5184,0,1461.9554,1512.0857
2013,7,REG,WAS,CHI,1472.5369,1538.364,42.2,0.4661,1,1483.2159,1527.685
2013,7,REG,TEN,SF,1492.0692,1574.3014,42.2,0.4426,0,1483.2163,1583.1543
2013,7,REG,GB,CLE,1579.4414,1453.9344,42.2,0.7242,1,1584.9574,1448.4184
2013,7,REG,KC,HOU,1494.6981,1526.5999,42.2,0.5148,1,1504.4018,1516.8962
2013,7,REG,PIT,BAL,1499.2327,1574.6559,42.2,0.4523,1,1510.186,1563.7026
2013,7,REG,IND,DEN,1531.939,1591.79,42.2,0.4746,1,1542.4466,1581.2824
2013,7,REG,NYG,MIN,1482.5872,1470.9286,42.2,0.5769,1,1491.0493,1462.4665
2013,8,REG,TB,CAR,1423.0128,1486.578,42.2,0.4693,0,1413.627,1495.9638
2013,8,REG,DET,DAL,1475.3291,1512.0857,42.2,0.5078,1,1485.1724,1502.2424
2013,8,REG,JAX,SF,1372.9399,1583.1543,42.2,0.2754,0,1367.431,1588.6632
2013,8,REG,KC,CLE,1504.4018,1448.4184,42.2,0.6377,1,1511.6488,1441.1714
2013,8,REG,NE,MIA,1597.7954,1487.3711,42.2,0.7065,1,1603.6649,1481.5016
2013,8,REG,NO,BUF,1565.9492,1461.7717,42.2,0.699,1,1571.9689,1455.752
2013,8,REG,PHI,NYG,1461.9554,1491.0493,42.2,0.5189,0,1451.5784,1501.4263
2013,8,REG,CIN,NYJ,1546.2127,1501.9247,42.2,0.622,1,1553.7736,1494.3638
2013,8,REG,LV,PIT,1439.5653,1510.186,42.2,0.4592,1,1450.3815,1499.3698
2013,8,REG,ARI,ATL,1462.1125,1535.7525,42.2,0.4549,1,1473.015,1524.85
2013,8,REG,DEN,WAS,1581.2824,1483.2159,42.2,0.6916,1,1587.4511,1477.0472
2013,8,REG,MIN,GB,1462.4665,1584.9574,42.2,0.3865,0,1454.7372,1592.6867
2013,8,REG,LA,SEA,1464.8123,1573.2992,42.2,0.4057,0,1456.6974,1581.4141
2013,9,REG,MIA,CIN,1481.5016,1553.7736,42.2,0.4568,1,1492.365,1542.9102
2013,9,REG,BUF,KC,1455.752,1511.6488,42.2,0.4803,0,1446.146,1521.2548
2013,9,REG,CAR,ATL,1495.9638,1524.85,42.2,0.5192,1,1505.5808,1515.233
2013,9,REG,DAL,MIN,1502.2424,1454.7372,42.2,0.6263,1,1509.7164,1447.2632
2013,9,REG,NYJ,NO,1494.3638,1571.9689,42.2,0.4492,1,1505.3793,1560.9534
2013,9,REG,LA,TEN,1456.6974,1483.2163,42.2,0.5226,0,1446.2464,1493.6673
2013,9,REG,WAS,LAC,1477.0472,1507.8659,42.2,0.5164,1,1486.7197,1498.1934
2013,9,REG,LV,PHI,1450.3815,1451.5784,42.2,0.5587,0,1439.2068,1462.7531
2013,9,REG,SEA,TB,1581.4141,1413.627,42.2,0.7701,1,1586.0124,1409.0287
2013,9,REG,CLE,BAL,1441.1714,1563.7026,42.2,0.3864,1,1453.4432,1551.4308
2013,9,REG,NE,PIT,1603.6649,1499.3698,42.2,0.6992,1,1609.6817,1493.353
2013,9,REG,HOU,IND,1516.8962,1542.4466,42.2,0.5239,0,1506.4174,1552.9254
2013,9,REG,GB,CHI,1592.6867,1527.685,42.2,0.6496,0,1579.6955,1540.6762
2013,10,REG,MIN,WAS,1447.2632,1486.7197,42.2,0.5039,1,1457.1842,1476.7987
2013,10,REG,ATL,SEA,1515.233,1586.0124,42.2,0.459,0,1506.0537,1595.1917
2013,10,REG,BAL,CIN,1551.4308,1542.9102,42.2,0.5725,1,1559.9812,1534.3598
2013,10,REG,CHI,DET,1540.6762,1485.1724,42.2,0.637,0,1527.9359,1497.9127
2013,10,REG,GB,PHI,1579.6955,1462.7531,42.2,0.7142,0,1565.4106,1477.038
2013,10,REG,IND,LA,1552.9254,1446.2464,42.2,0.702,0,1538.8847,1460.2871
2013,10,REG,NYG,LV,1501.4263,1439.2068,42.2,0.6459,1,1508.5082,1432.1249
2013,10,REG,PIT,BUF,1493.353,1446.146,42.2,0.6259,1,1500.835,1438.664
2013,10,REG,TEN,JAX,1493.6673,1367.431,42.2,0.725,0,1479.1665,1381.9318
2013,10,REG,SF,CAR,1588.6632,1505.5808,42.2,0.6729,0,1575.2058,1519.0382
2013,10,REG,ARI,HOU,1473.015,1506.4174,42.2,0.5127,1,1482.7618,1496.6706
2013,10,REG,LAC,DEN,1498.1934,1587.4511,42.2,0.4327,0,1489.5396,1596.1049
2013,10,REG,NO,DAL,1560.9534,1509.7164,42.2,0.6313,1,1568.3271,1502.3427
2013,10,REG,TB,MIA,1409.0287,1492.365,42.2,0.4411,1,1420.2072,1481.1865
2013,11,REG,TEN,IND,1479.1665,1538.8847,42.2,0.4748,0,1469.6703,1548.3809
2013,11,REG,BUF,NYJ,1438.664,1505.3793,42.2,0.4648,1,1449.3684,1494.6749
2013,11,REG,CHI,BAL,1527.9359,1559.9812,42.2,0.5146,1,1537.6437,1550.2734
2013,11,REG,CIN,CLE,1534.3598,1453.4432,42.2,0.6701,1,1540.9575,1446.8455
2013,11,REG,HOU,LV,1496.6706,1432.1249,42.2,0.649,0,1483.6914,1445.1041
2013,11,REG,JAX,ARI,1381.9318,1482.7618,42.2,0.4164,0,1373.6035,1491.0901
2013,11,REG,PHI,WAS,1477.038,1476.7987,42.2,0.5608,1,1485.8225,1468.0142
2013,11,REG,PIT,DET,1500.835,1497.9127,42.2,0.5646,1,1509.5435,1489.2042
2013,11,REG,TB,ATL,1420.2072,1506.0537,42.2,0.4375,1,1431.4569,1494.804
2013,11,REG,MIA,LAC,1481.1865,1489.5396,42.2,0.5486,1,1490.2154,1480.5107
2013,11,REG,NO,SF,1568.3271,1575.2058,42.2,0.5507,1,1577.314,1566.2189
2013,11,REG,NYG,GB,1508.5082,1565.4106,42.2,0.4789,1,1518.9311,1554.9877
2013,11,REG,SEA,MIN,1595.1917,1457.1842,42.2,0.7383,1,1600.4249,1451.951
2013,11,REG,DEN,KC,1596.1049,1521.2548,42.2,0.6624,1,1602.8579,1514.5018
2013,11,REG,CAR,NE,1519.0382,1609.6817,42.2,0.4307,1,1530.4236,1598.2963
2013,12,REG,ATL,NO,1494.804,1577.314,42.2,0.4422,0,1485.959,1586.159
2013,12,REG,BAL,NYJ,1550.2734,1494.6749,42.2,0.6371,1,1557.5306,1487.4177
2013,12,REG,CLE,PIT,1446.8455,1509.5435,42.2,0.4705,0,1437.4348,1518.9542
2013,12,REG,DET,TB,1489.2042,1431.4569,42.2,0.64,0,1476.4043,1444.2568
2013,12,REG,GB,MIN,1554.9877,1451.951,42.2,0.6976,0,1541.035,1465.9037
2013,12,REG,HOU,JAX,1483.6914,1373.6035,42.2,0.7061,0,1469.5689,1387.726
2013,12,REG,KC,LAC,1514.5018,1480.5107,42.2,0.6079,0,1502.3433,1492.6692
2013,12,REG,MIA,CAR,1490.2154,1530.4236,42.2,0.5029,0,1480.1581,1540.4809
2013,12,REG,LA,CHI,1460.2871,1537.6437,42.2,0.4496,1,1471.2955,1526.6353
2013,12,REG,ARI,IND,1491.0901,1548.3809,42.2,0.4783,1,1501.5242,1537.9468
2013,12,REG,LV,TEN,1445.1041,1469.6703,42.2,0.5254,0,1434.597,1480.1774
2013,12,REG,NYG,DAL,1518.9311,1502.3427,42.2,0.5838,0,1507.255,1514.0188
2013,12,REG,NE,DEN,1598.2963,1602.8579,42.2,0.554,1,1607.2172,1593.937
2013,12,REG,WAS,SF,1468.0142,1566.2189,42.2,0.4201,0,1459.6123,1574.6208
2013,13,REG,DET,GB,1476.4043,1541.035,42.2,0.4678,1,1487.049,1530.3903
2013,13,REG,DAL,LV,1514.0188,1434.597,42.2,0.6682,1,1520.6546,1427.9612
2013,13,REG,BAL,PIT,1557.5306,1518.9542,42.2,0.6142,1,1565.2467,1511.2381
2013,13,REG,CAR,TB,1540.4809,1444.2568,42.2,0.6893,1,1546.695,1438.0427
2013,13,REG,CLE,JAX,1437.4348,1387.726,42.2,0.6293,0,1424.8495,1400.3113
2013,13,REG,HOU,NE,1469.5689,1607.2172,42.2,0.366,0,1462.249,1614.5371
2013,13,REG,IND,TEN,1537.9468,1480.1774,42.2,0.64,1,1545.1463,1472.9779
2013,13,REG,MIN,CHI,1465.9037,1526.6353,42.2,0.4734,1,1476.4366,1516.1024
2013,13,REG,NYJ,MIA,1487.4177,1480.1581,42.2,0.5707,0,1476.0037,1491.5721
2013,13,REG,PHI,ARI,1485.8225,1501.5242,42.2,0.5381,1,1495.0613,1492.2854
2013,13,REG,BUF,ATL,1449.3684,1485.959,42.2,0.5081,0,1439.207,1496.1204
2013,13,REG,SF,LA,1574.6208,1471.2955,42.2,0.698,1,1580.6611,1465.2552
2013,13,REG,KC,DEN,1502.3433,1593.937,42.2,0.4294,0,1493.7555,1602.5248
2013,13,REG,LAC,CIN,1492.6692,1540.9575,42.2,0.4912,0,1482.8444,1550.7823
2013,13,REG,WAS,NYG,1459.6123,1507.255,42.2,0.4922,0,1449.7689,1517.0984
2013,13,REG,SEA,NO,1600.4249,1586.159,42.2,0.5806,1,1608.8138,1577.7701
2013,14,REG,JAX,HOU,1400.3113,1462.249,42.2,0.4716,1,1410.8788,1451.6815
2013,14,REG,BAL,MIN,1565.2467,1476.4366,42.2,0.6801,1,1571.645,1470.0383
2013,14,REG,CIN,IND,1550.7823,1545.1463,42.2,0.5684,1,1559.4141,1536.5145
2013,14,REG,GB,ATL,1530.3903,1496.1204,42.2,0.6083,1,1538.2242,1488.2865
2013,14,REG,NE,CLE,1614.5371,1424.8495,42.2,0.7916,1,1618.7043,1420.6823
2013,14,REG,NYJ,LV,1476.0037,1427.9612,42.2,0.627,1,1483.4632,1420.5017
2013,14,REG,PHI,DET,1495.0613,1487.049,42.2,0.5718,1,1503.6261,1478.4842
2013,14,REG,PIT,MIA,1511.2381,1491.5721,42.2,0.5881,0,1499.476,1503.3342
2013,14,REG,TB,BUF,1438.0427,1439.207,42.2,0.5588,1,1446.8671,1430.3826
2013,14,REG,WAS,KC,1449.7689,1493.7555,42.2,0.4974,0,1439.8203,1503.7041
2013,14,REG,DEN,TEN,1602.5248,1472.9779,42.2,0.7288,1,1607.9484,1467.5543
2013,14,REG,ARI,LA,1492.2854,1465.2552,42.2,0.5983,1,1500.3188,1457.2218
2013,14,REG,LAC,NYG,1482.8444,1517.0984,42.2,0.5114,1,1492.6157,1507.3271
2013,14,REG,SF,SEA,1580.6611,1608.8138,42.2,0.5202,1,1590.257,1599.2179
2013,14,REG,NO,CAR,1577.7701,1546.695,42.2,0.6039,1,1585.6918,1538.7733
2013,14,REG,CHI,DAL,1516.1024,1520.6546,42.2,0.554,1,1525.023,1511.734
2013,15,REG,DEN,LAC,1607.9484,1492.6157,42.2,0.7124,0,1593.7014,1506.8627
2013,15,REG,ATL,WAS,1488.2865,1439.8203,42.2,0.6276,1,1495.7346,1432.3722
2013,15,REG,CLE,CHI,1420.6823,1525.023,42.2,0.4115,0,1412.452,1533.2533
2013,15,REG,IND,HOU,1536.5145,1451.6815,42.2,0.6751,1,1543.0129,1445.1831
2013,15,REG,JAX,BUF,1410.8788,1430.3826,42.2,0.5326,0,1400.2265,1441.0349
2013,15,REG,MIA,NE,1503.3342,1618.7043,42.2,0.3962,1,1515.4096,1606.6289
2013,15,REG,MIN,PHI,1470.0383,1503.6261,42.2,0.5124,1,1479.7905,1493.8739
2013,15,REG,NYG,SEA,1507.3271,1599.2179,42.2,0.429,0,1498.7476,1607.7974
2013,15,REG,TB,SF,1446.8671,1590.257,42.2,0.3584,0,1439.6999,1597.4242
2013,15,REG,CAR,NYJ,1538.7733,1483.4632,42.2,0.6368,1,1546.0382,1476.1983
2013,15,REG,LV,KC,1420.5017,1503.7041,42.2,0.4413,0,1411.6764,1512.5294
2013,15,REG,DAL,GB,1511.734,1538.2242,42.2,0.5226,0,1501.2821,1548.6761
2013,15,REG,LA,NO,1457.2218,1585.6918,42.2,0.3783,1,1469.655,1573.2586
2013,15,REG,TEN,ARI,1467.5543,1500.3188,42.2,0.5136,0,1457.2828,1510.5903
2013,15,REG,PIT,CIN,1499.476,1559.4141,42.2,0.4745,1,1509.9861,1548.904
2013,15,REG,DET,BAL,1478.4842,1571.645,42.2,0.4272,0,1469.9405,1580.1887
2013,16,REG,BUF,MIA,1441.0349,1515.4096,42.2,0.4538,1,1451.9583,1504.4862
2013,16,REG,CAR,NO,1546.0382,1573.2586,42.2,0.5215,1,1555.6073,1563.6895
2013,16,REG,CIN,MIN,1548.904,1479.7905,42.2,0.6549,1,1555.8054,1472.8891
2013,16,REG,HOU,DEN,1445.1831,1593.7014,42.2,0.3516,0,1438.1511,1600.7334
2013,16,REG,JAX,TEN,1400.2265,1457.2828,42.2,0.4786,0,1390.6538,1466.8555
2013,16,REG,KC,IND,1512.5294,1543.0129,42.2,0.5169,0,1502.1923,1553.35
2013,16,REG,NYJ,CLE,1476.1983,1412.452,42.2,0.6479,1,1483.2401,1405.4102
2013,16,REG,LA,TB,1469.655,1439.6999,42.2,0.6024,1,1477.6076,1431.7473
2013,16,REG,WAS,DAL,1432.3722,1501.2821,42.2,0.4616,0,1423.1395,1510.5148
2013,16,REG,DET,NYG,1469.9405,1498.7476,42.2,0.5193,0,1459.5552,1509.1329
2013,16,REG,SEA,ARI,1607.7974,1510.5903,42.2,0.6905,0,1593.9873,1524.4004
2013,16,REG,BAL,NE,1580.1887,1606.6289,42.2,0.5227,0,1569.7354,1617.0822
2013,16,REG,GB,PIT,1548.6761,1509.9861,42.2,0.6144,0,1536.3891,1522.2731
2013,16,REG,LAC,LV,1506.8627,1411.6764,42.2,0.688,1,1513.1024,1405.4367
2013,16,REG,PHI,CHI,1493.8739,1533.2533,42.2,0.5041,1,1503.7927,1523.3345
2013,16,REG,SF,ATL,1597.4242,1495.7346,42.2,0.696,1,1603.5043,1489.6545
2013,17,REG,ATL,CAR,1489.6545,1555.6073,42.2,0.4659,0,1480.3371,1564.9247
2013,17,REG,CIN,BAL,1555.8054,1569.7354,42.2,0.5406,1,1564.9935,1560.5473
2013,17,REG,IND,JAX,1553.35,1390.6538,42.2,0.7649,1,1558.0529,1385.9509
2013,17,REG,MIA,NYJ,1504.4862,1483.2401,42.2,0.5903,0,1492.6801,1495.0462
2013,17,REG,MIN,DET,1472.8891,1459.5552,42.2,0.5792,1,1481.3042,1451.1401
2013,17,REG,NYG,WAS,1509.1329,1423.1395,42.2,0.6765,1,1515.602,1416.6704
2013,17,REG,PIT,CLE,1522.2731,1405.4102,42.2,0.7142,1,1527.99,1399.6933
2013,17,REG,TEN,HOU,1466.8555,1438.1511,42.2,0.6006,1,1474.8426,1430.164
2013,17,REG,ARI,SF,1524.4004,1603.5043,42.2,0.4471,0,1515.4586,1612.4461
2013,17,REG,CHI,GB,1523.3345,1536.3891,42.2,0.5418,0,1512.4976,1547.226
2013,17,REG,NE,BUF,1617.0822,1451.9583,42.2,0.7674,1,1621.735,1447.3055
2013,17,REG,NO,TB,1563.6895,1431.7473,42.2,0.7315,1,1569.0587,1426.3781
2013,17,REG,LV,DEN,1405.4367,1600.7334,42.2,0.2929,0,1399.5785,1606.5916
2013,17,REG,LAC,KC,1513.1024,1502.1923,42.2,0.5758,1,1521.5856,1493.7091
2013,17,REG,SEA,LA,1593.9873,1477.6076,42.2,0.7136,1,1599.7156,1471.8793
2013,17,REG,DAL,PHI,1510.5148,1503.7927,42.2,0.5699,0,1499.1159,1515.1916
2013,18,WC,IND,KC,1558.0529,1493.7091,42.2,0.6487,1,1566.4842,1485.2778
2013,18,WC,PHI,NO,1515.1916,1569.0587,42.2,0.4832,0,1503.5944,1580.6559
2013,18,WC,CIN,LAC,1564.9935,1521.5856,42.2,0.6208,0,1550.0951,1536.484
2013,18,WC,GB,SF,1547.226,1612.4461,42.2,0.4669,0,1536.0199,1623.6522
2013,19,DIV,SEA,NO,1599.7156,1580.6559,42.2,0.5873,1,1609.6214,1570.7501
2013,19,DIV,NE,IND,1621.735,1566.4842,42.2,0.6367,1,1630.4547,1557.7645
2013,19,DIV,CAR,SF,1564.9247,1623.6522,42.2,0.4762,0,1553.4951,1635.0818
2013,19,DIV,DEN,LAC,1606.5916,1536.484,42.2,0.6562,1,1614.8423,1528.2333
2013,20,CON,DEN,NE,1614.8423,1630.4547,42.2,0.5382,1,1625.9258,1619.3712
2013,20,CON,SEA,SF,1609.6214,1635.0818,42.2,0.5241,1,1621.0437,1623.6595
2013,21,SB,DEN,SEA,1625.9258,1621.0437,0.0,0.507,0,1613.7572,1633.2123
2014,1,REG,SEA,GB,1590.9022,1525.7833,42.2,0.6497,1,1597.9079,1518.7776
2014,1,REG,ATL,NO,1488.4759,1549.0526,42.2,0.4736,1,1499.0043,1538.5242
2014,1,REG,BAL,CIN,1542.2167,1535.2137,42.2,0.5703,0,1530.8099,1546.6205
2014,1,REG,CHI,BUF,1510.0234,1466.3447,42.2,0.6211,0,1497.6008,1478.7673
2014,1,REG,HOU,WAS,1454.8599,1445.8192,42.2,0.5732,1,1463.3957,1437.2834
2014,1,REG,KC,TEN,1491.7861,1484.7945,42.2,0.5703,0,1480.3796,1496.201
2014,1,REG,MIA,NE,1496.7457,1581.6287,42.2,0.4389,1,1507.9681,1570.4063
2014,1,REG,NYJ,LV,1498.331,1434.3676,42.2,0.6482,1,1505.367,1427.3316
2014,1,REG,PHI,JAX,1504.0582,1425.2371,42.2,0.6674,1,1510.7093,1418.586
2014,1,REG,PIT,CLE,1520.4033,1434.4445,42.2,0.6765,1,1526.8733,1427.9745
2014,1,REG,LA,MIN,1482.8091,1489.1238,42.2,0.5515,0,1471.7799,1500.153
2014,1,REG,DAL,SF,1501.0577,1584.5019,42.2,0.4409,0,1492.2393,1593.3203
2014,1,REG,TB,CAR,1452.3233,1537.4917,42.2,0.4385,0,1443.5538,1546.2612
2014,1,REG,DEN,IND,1577.8673,1540.3522,42.2,0.6127,1,1585.6123,1532.6072
2014,1,REG,DET,NYG,1468.9139,1512.1033,42.2,0.4986,1,1478.9424,1502.0748
2014,1,REG,ARI,LAC,1512.0073,1520.5663,42.2,0.5483,1,1521.042,1511.5316
2014,2,REG,BAL,PIT,1530.8099,1526.8733,42.2,0.566,1,1539.4897,1518.1935
2014,2,REG,BUF,MIA,1478.7673,1507.9681,42.2,0.5187,1,1488.3933,1498.3421
2014,2,REG,CAR,DET,1546.2612,1478.9424,42.2,0.6526,1,1553.2094,1471.9942
2014,2,REG,CIN,ATL,1546.6205,1499.0043,42.2,0.6265,1,1554.0915,1491.5333
2014,2,REG,CLE,NO,1427.9745,1538.5242,42.2,0.4029,1,1439.9168,1526.5819
2014,2,REG,MIN,NE,1500.153,1570.4063,42.2,0.4597,0,1490.9587,1579.6006
2014,2,REG,NYG,ARI,1502.0748,1521.042,42.2,0.5334,0,1491.4071,1531.7097
2014,2,REG,TEN,DAL,1496.201,1492.2393,42.2,0.566,0,1484.8801,1503.5602
2014,2,REG,WAS,JAX,1437.2834,1418.586,42.2,0.5868,1,1445.5484,1410.321
2014,2,REG,LAC,SEA,1511.5316,1597.9079,42.2,0.4368,1,1522.7963,1586.6432
2014,2,REG,TB,LA,1443.5538,1471.7799,42.2,0.5201,0,1433.1518,1482.1819
2014,2,REG,DEN,KC,1585.6123,1480.3796,42.2,0.7003,1,1591.6065,1474.3854
2014,2,REG,GB,NYJ,1518.7776,1505.367,42.2,0.5794,1,1527.1905,1496.9541
2014,2,REG,LV,HOU,1427.3316,1463.3957,42.2,0.5088,0,1417.155,1473.5723
2014,2,REG,SF,CHI,1593.3203,1497.6008,42.2,0.6887,0,1579.5468,1511.3743
2014,2,REG,IND,PHI,1532.6072,1510.7093,42.2,0.5912,0,1520.783,1522.5335
2014,3,REG,ATL,TB,1491.5333,1433.1518,42.2,0.6408,1,1498.7166,1425.9685
2014,3,REG,BUF,LAC,1488.3933,1522.7963,42.2,0.5112,0,1478.1689,1533.0207
2014,3,REG,CIN,TEN,1554.0915,1484.8801,42.2,0.6551,1,1560.9904,1477.9812
2014,3,REG,CLE,BAL,1439.9168,1539.4897,42.2,0.4182,0,1431.5533,1547.8532
2014,3,REG,DET,GB,1471.9942,1527.1905,42.2,0.4813,1,1482.3681,1516.8166
2014,3,REG,JAX,IND,1410.321,1520.783,42.2,0.403,0,1402.2608,1528.8432
2014,3,REG,NE,LV,1579.6006,1417.155,42.2,0.7646,1,1584.3087,1412.4469
2014,3,REG,NO,MIN,1526.5819,1490.9587,42.2,0.6102,1,1534.3787,1483.1619
2014,3,REG,NYG,HOU,1491.4071,1473.5723,42.2,0.5855,1,1499.6962,1465.2832
2014,3,REG,PHI,WAS,1522.5335,1445.5484,42.2,0.6651,1,1529.2316,1438.8503
2014,3,REG,LA,DAL,1482.1819,1503.5602,42.2,0.5299,0,1471.5833,1514.1588
2014,3,REG,ARI,SF,1531.7097,1579.5468,42.2,0.4919,1,1541.8719,1569.3846
2014,3,REG,MIA,KC,1498.3421,1474.3854,42.2,0.5941,0,1486.4606,1486.2669
2014,3,REG,SEA,DEN,1586.6432,1591.6065,42.2,0.5534,1,1595.5755,1582.6742
2014,3,REG,CAR,PIT,1553.2094,1518.1935,42.2,0.6093,0,1541.0228,1530.3801
2014,3,REG,NYJ,CHI,1496.9541,1511.3743,42.2,0.5399,0,1486.1562,1522.1722
2014,4,REG,WAS,NYG,1438.8503,1499.6962,42.2,0.4732,0,1429.3865,1509.16
2014,4,REG,BAL,CAR,1547.8532,1541.0228,42.2,0.5701,1,1556.4513,1532.4247
2014,4,REG,CHI,GB,1522.1722,1516.8166,42.2,0.568,0,1510.8119,1528.1769
2014,4,REG,HOU,BUF,1465.2832,1478.1689,42.2,0.5421,1,1474.4415,1469.0106
2014,4,REG,IND,TEN,1528.8432,1477.9812,42.2,0.6308,1,1536.2269,1470.5975
2014,4,REG,NYJ,DET,1486.1562,1482.3681,42.2,0.5658,0,1474.8402,1493.6841
2014,4,REG,LV,MIA,1412.4469,1486.4606,42.2,0.4543,0,1403.36,1495.5475
2014,4,REG,PIT,TB,1530.3801,1425.9685,42.2,0.6993,0,1516.3941,1439.9545
2014,4,REG,LAC,JAX,1533.0207,1402.2608,42.2,0.7302,1,1538.4167,1396.8648
2014,4,REG,MIN,ATL,1483.1619,1498.7166,42.2,0.5383,1,1492.3965,1489.482
2014,4,REG,SF,PHI,1569.3846,1529.2316,42.2,0.6163,1,1577.0577,1521.5585
2014,4,REG,DAL,NO,1514.1588,1534.3787,42.2,0.5316,1,1523.527,1525.0105
2014,4,REG,KC,NE,1486.2669,1584.3087,42.2,0.4203,1,1497.8605,1572.7151
2014,5,REG,GB,MIN,1528.1769,1492.3965,42.2,0.6104,1,1535.9694,1484.604
2014,5,REG,CAR,CHI,1532.4247,1510.8119,42.2,0.5908,1,1540.6084,1502.6282
2014,5,REG,DAL,HOU,1523.527,1474.4415,42.2,0.6284,1,1530.9584,1467.0101
2014,5,REG,DET,BUF,1493.6841,1469.0106,42.2,0.5951,0,1481.7827,1480.912
2014,5,REG,IND,BAL,1536.2269,1556.4513,42.2,0.5316,1,1545.5952,1547.083
2014,5,REG,JAX,PIT,1396.8648,1516.3941,42.2,0.3905,0,1389.0545,1524.2044
2014,5,REG,NO,TB,1525.0105,1439.9545,42.2,0.6754,1,1531.5032,1433.4618
2014,5,REG,NYG,ATL,1509.16,1489.482,42.2,0.5881,1,1517.3976,1481.2444
2014,5,REG,PHI,LA,1521.5585,1471.5833,42.2,0.6296,1,1528.966,1464.1758
2014,5,REG,TEN,CLE,1470.5975,1431.5533,42.2,0.6148,0,1458.3008,1443.85
2014,5,REG,DEN,ARI,1582.6742,1541.8719,42.2,0.6172,1,1590.3296,1534.2165
2014,5,REG,LAC,NYJ,1538.4167,1474.8402,42.2,0.6477,1,1545.4629,1467.794
2014,5,REG,SF,KC,1577.0577,1497.8605,42.2,0.6679,1,1583.6992,1491.219
2014,5,REG,NE,CIN,1572.7151,1560.9904,42.2,0.577,1,1581.1754,1552.5301
2014,5,REG,WAS,SEA,1429.3865,1595.5755,42.2,0.3288,0,1422.811,1602.151
2014,6,REG,HOU,IND,1467.0101,1545.5952,42.2,0.4478,0,1458.0535,1554.5518
2014,6,REG,BUF,NE,1480.912,1581.1754,42.2,0.4172,0,1472.5678,1589.5196
2014,6,REG,CIN,CAR,1552.5301,1540.6084,42.2,0.5773,0,1540.9848,1552.1537
2014,6,REG,CLE,PIT,1443.85,1524.2044,42.2,0.4453,1,1454.9438,1513.1106
2014,6,REG,MIA,GB,1495.5475,1535.9694,42.2,0.5026,0,1485.4963,1546.0206
2014,6,REG,MIN,DET,1484.604,1481.7827,42.2,0.5644,0,1473.3154,1493.0713
2014,6,REG,NYJ,DEN,1467.794,1590.3296,42.2,0.3864,0,1460.0659,1598.0577
2014,6,REG,TB,BAL,1433.4618,1547.083,42.2,0.3986,0,1425.489,1555.0558
2014,6,REG,TEN,JAX,1458.3008,1389.0545,42.2,0.6551,1,1465.1988,1382.1565
2014,6,REG,LV,LAC,1403.36,1545.4629,42.2,0.3601,0,1396.1587,1552.6642
2014,6,REG,ARI,WAS,1534.2165,1422.811,42.2,0.7077,1,1540.0626,1416.9649
2014,6,REG,ATL,CHI,1481.2444,1502.6282,42.2,0.5299,0,1470.646,1513.2266
2014,6,REG,SEA,DAL,1602.151,1530.9584,42.2,0.6576,0,1588.9984,1544.111
2014,6,REG,PHI,NYG,1528.966,1517.3976,42.2,0.5768,1,1537.4307,1508.9329
2014,6,REG,LA,SF,1464.1758,1583.6992,42.2,0.3905,0,1456.3653,1591.5097
2014,7,REG,NE,NYJ,1589.5196,1460.0659,42.2,0.7287,1,1594.9453,1454.6402
2014,7,REG,BAL,ATL,1555.0558,1470.646,42.2,0.6745,1,1561.5649,1464.1369
2014,7,REG,BUF,MIN,1472.5678,1473.3154,42.2,0.5594,1,1481.3803,1464.5029
2014,7,REG,CHI,MIA,1513.2266,1485.4963,42.2,0.5993,0,1501.2406,1497.4823
2014,7,REG,DET,NO,1493.0713,1531.5032,42.2,0.5054,1,1502.9628,1521.6117
2014,7,REG,GB,CAR,1546.0206,1552.1537,42.2,0.5517,1,1554.9862,1543.1881
2014,7,REG,IND,CIN,1554.5518,1540.9848,42.2,0.5796,1,1562.9603,1532.5763
2014,7,REG,JAX,CLE,1382.1565,1454.9438,42.2,0.4561,1,1393.0346,1444.0657
2014,7,REG,LA,SEA,1456.3653,1588.9984,42.2,0.3727,1,1468.9109,1576.4528
2014,7,REG,WAS,TEN,1416.9649,1465.1988,42.2,0.4913,1,1427.1386,1455.0251
2014,7,REG,LAC,KC,1552.6642,1491.219,42.2,0.6449,0,1539.7665,1504.1167
2014,7,REG,DAL,NYG,1544.111,1508.9329,42.2,0.6096,1,1551.92,1501.1239
2014,7,REG,LV,ARI,1396.1587,1540.0626,42.2,0.3577,0,1389.0051,1547.2162
2014,7,REG,DEN,SF,1598.0577,1591.5097,42.2,0.5697,1,1606.6638,1582.9036
2014,7,REG,PIT,HOU,1513.1106,1458.0535,42.2,0.6364,1,1520.3822,1450.7819
2014,8,REG,DEN,LAC,1606.6638,1539.7665,42.2,0.652,1,1613.623,1532.8073
2014,8,REG,ATL,DET,1464.1369,1502.9628,42.2,0.5049,0,1454.0398,1513.0599
2014,8,REG,CAR,SEA,1543.1881,1576.4528,42.2,0.5129,0,1532.931,1586.7099
2014,8,REG,CIN,BAL,1532.5763,1561.5649,42.2,0.519,1,1542.1962,1551.945
2014,8,REG,JAX,MIA,1393.0346,1497.4823,42.2,0.4114,0,1384.8073,1505.7096
2014,8,REG,KC,LA,1504.1167,1468.9109,42.2,0.6096,1,1511.9249,1461.1027
2014,8,REG,NE,CHI,1594.9453,1501.2406,42.2,0.6862,1,1601.2217,1494.9642
2014,8,REG,NYJ,BUF,1454.6402,1481.3803,42.2,0.5222,0,1444.1955,1491.825
2014,8,REG,TB,MIN,1425.489,1464.5029,42.2,0.5046,0,1415.3973,1474.5946
2014,8,REG,TEN,HOU,1455.0251,1450.7819,42.2,0.5664,0,1443.6963,1462.1107
2014,8,REG,ARI,PHI,1547.2162,1537.4307,42.2,0.5743,1,1555.731,1528.9159
2014,8,REG,CLE,LV,1444.0657,1389.0051,42.2,0.6364,1,1451.3372,1381.7336
2014,8,REG,PIT,IND,1520.3822,1562.9603,42.2,0.4995,1,1530.3931,1552.9494
2014,8,REG,NO,GB,1521.6117,1554.9862,42.2,0.5127,1,1531.3577,1545.2402
2014,8,REG,DAL,WAS,1551.92,1427.1386,42.2,0.7234,0,1537.4527,1441.6059
2014,9,REG,CAR,NO,1532.931,1531.3577,42.2,0.5627,0,1521.6777,1542.611
2014,9,REG,CIN,JAX,1542.1962,1384.8073,42.2,0.7593,1,1547.0099,1379.9936
2014,9,REG,CLE,TB,1451.3372,1415.3973,42.2,0.6106,1,1459.1253,1407.6092
2014,9,REG,DAL,ARI,1537.4527,1555.731,42.2,0.5344,0,1526.7653,1566.4184
2014,9,REG,HOU,PHI,1462.1107,1528.9159,42.2,0.4646,0,1452.8177,1538.2089
2014,9,REG,KC,NYJ,1511.9249,1444.1955,42.2,0.6531,1,1518.8624,1437.258
2014,9,REG,MIA,LAC,1505.7096,1532.8073,42.2,0.5217,1,1515.2752,1523.2417
2014,9,REG,MIN,WAS,1474.5946,1441.6059,42.2,0.6065,1,1482.4637,1433.7368
2014,9,REG,SF,LA,1582.9036,1461.1027,42.2,0.7199,0,1568.5052,1475.5011
2014,9,REG,NE,DEN,1601.2217,1613.623,42.2,0.5428,1,1610.3661,1604.4786
2014,9,REG,SEA,LV,1586.7099,1381.7336,42.2,0.8058,1,1590.5942,1377.8493
2014,9,REG,PIT,BAL,1530.3931,1551.945,42.2,0.5297,1,1539.7995,1542.5386
2014,9,REG,NYG,IND,1501.1239,1552.9494,42.2,0.4862,0,1491.4009,1562.6724
2014,10,REG,CIN,CLE,1547.0099,1459.1253,42.2,0.6789,0,1533.4314,1472.7038
2014,10,REG,BAL,TEN,1542.5386,1443.6963,42.2,0.6925,1,1548.6883,1437.5466
2014,10,REG,BUF,KC,1491.825,1518.8624,42.2,0.5218,0,1481.3889,1529.2985
2014,10,REG,DET,MIA,1513.0599,1515.2752,42.2,0.5573,1,1521.9141,1506.421
2014,10,REG,JAX,DAL,1379.9936,1526.7653,42.2,0.3539,0,1372.9157,1533.8432
2014,10,REG,NO,SF,1542.611,1568.5052,42.2,0.5234,0,1532.142,1578.9742
2014,10,REG,NYJ,PIT,1437.258,1539.7995,42.2,0.414,1,1448.9775,1528.08
2014,10,REG,TB,ATL,1407.6092,1454.0398,42.2,0.4939,0,1397.731,1463.918
2014,10,REG,LV,DEN,1377.8493,1604.4786,42.2,0.257,0,1372.7095,1609.6184
2014,10,REG,ARI,LA,1566.4184,1475.5011,42.2,0.6827,1,1572.7641,1469.1554
2014,10,REG,SEA,NYG,1590.5942,1491.4009,42.2,0.6929,1,1596.7353,1485.2598
2014,10,REG,GB,CHI,1545.2402,1494.9642,42.2,0.63,1,1552.6397,1487.5647
2014,10,REG,PHI,CAR,1538.2089,1521.6777,42.2,0.5837,1,1546.5344,1513.3522
2014,11,REG,MIA,BUF,1506.421,1481.3889,42.2,0.5956,1,1514.5097,1473.3002
2014,11,REG,CAR,ATL,1513.3522,1463.918,42.2,0.6289,0,1500.7743,1476.4959
2014,11,REG,CHI,MIN,1487.5647,1482.4637,42.2,0.5677,1,1496.2116,1473.8168
2014,11,REG,CLE,HOU,1472.7038,1452.8177,42.2,0.5884,0,1460.9356,1464.5859
2014,11,REG,KC,SEA,1529.2985,1596.7353,42.2,0.4637,1,1540.0236,1586.0102
2014,11,REG,NO,CIN,1532.142,1533.4314,42.2,0.5586,0,1520.9699,1544.6035
2014,11,REG,NYG,SF,1485.2598,1578.9742,42.2,0.4264,0,1476.7317,1587.5023
2014,11,REG,LA,DEN,1469.1554,1609.6184,42.2,0.3622,1,1481.9106,1596.8632
2014,11,REG,WAS,TB,1433.7368,1397.731,42.2,0.6107,0,1421.5231,1409.9447
2014,11,REG,LAC,LV,1523.2417,1372.7095,42.2,0.752,1,1528.2011,1367.7501
2014,11,REG,ARI,DET,1572.7641,1521.9141,42.2,0.6308,1,1580.1482,1514.53
2014,11,REG,GB,PHI,1552.6397,1546.5344,42.2,0.5691,1,1561.2583,1537.9158
2014,11,REG,IND,NE,1562.6724,1610.3661,42.2,0.4921,0,1552.8305,1620.208
2014,11,REG,TEN,PIT,1437.5466,1528.08,42.2,0.4309,0,1428.9288,1536.6978
2014,12,REG,LV,KC,1367.7501,1540.0236,42.2,0.3211,1,1381.3283,1526.4454
2014,12,REG,ATL,CLE,1476.4959,1460.9356,42.2,0.5824,0,1464.8486,1472.5829
2014,12,REG,CHI,TB,1496.2116,1409.9447,42.2,0.6769,1,1502.6738,1403.4825
2014,12,REG,HOU,CIN,1464.5859,1544.6035,42.2,0.4458,0,1455.6701,1553.5193
2014,12,REG,IND,JAX,1552.8305,1372.9157,42.2,0.7822,1,1557.1863,1368.5599
2014,12,REG,MIN,GB,1473.8168,1561.2583,42.2,0.4353,0,1465.1116,1569.9635
2014,12,REG,NE,DET,1620.208,1514.53,42.2,0.7008,1,1626.1914,1508.5466
2014,12,REG,PHI,TEN,1537.9158,1428.9288,42.2,0.7048,1,1543.8196,1423.025
2014,12,REG,LAC,LA,1528.2011,1481.9106,42.2,0.6247,1,1535.7078,1474.4039
2014,12,REG,SEA,ARI,1586.0102,1580.1482,42.2,0.5687,1,1594.6356,1571.5228
2014,12,REG,DEN,MIA,1596.8632,1514.5097,42.2,0.6719,1,1603.4243,1507.9486
2014,12,REG,SF,WAS,1587.5023,1421.5231,42.2,0.7682,1,1592.1376,1416.8878
2014,12,REG,NYG,DAL,1476.7317,1533.8432,42.2,0.4786,0,1467.1606,1543.4143
2014,12,REG,BUF,NYJ,1473.3002,1448.9775,42.2,0.5946,1,1481.4086,1440.8691
2014,12,REG,NO,BAL,1520.9699,1548.6883,42.2,0.5208,0,1510.5533,1559.1049
2014,13,REG,DET,CHI,1508.5466,1502.6738,42.2,0.5687,1,1517.1717,1494.0487
2014,13,REG,DAL,PHI,1543.4143,1543.8196,42.2,0.5599,0,1532.2171,1555.0168
2014,13,REG,SF,SEA,1592.1376,1594.6356,42.2,0.5569,0,1580.9998,1605.7734
2014,13,REG,BAL,LAC,1559.1049,1535.7078,42.2,0.5933,0,1547.239,1547.5737
2014,13,REG,BUF,CLE,1481.4086,1472.5829,42.2,0.5729,1,1489.9504,1464.0411
2014,13,REG,HOU,TEN,1455.6701,1423.025,42.2,0.6061,1,1463.5486,1415.1465
2014,13,REG,IND,WAS,1557.1863,1416.8878,42.2,0.7409,1,1562.3687,1411.7054
2014,13,REG,JAX,NYG,1368.5599,1467.1606,42.2,0.4195,1,1380.1691,1455.5514
2014,13,REG,MIN,CAR,1465.1116,1500.7743,42.2,0.5094,1,1474.9235,1490.9624
2014,13,REG,PIT,NO,1536.6978,1510.5533,42.2,0.5971,0,1524.7557,1522.4954
2014,13,REG,LA,LV,1474.4039,1381.3283,42.2,0.6854,1,1480.6959,1375.0363
2014,13,REG,TB,CIN,1403.4825,1553.5193,42.2,0.3496,0,1396.4903,1560.5115
2014,13,REG,ATL,ARI,1464.8486,1571.5228,42.2,0.4083,1,1476.6833,1559.6881
2014,13,REG,GB,NE,1569.9635,1626.1914,42.2,0.4798,1,1580.367,1615.7879
2014,13,REG,KC,DEN,1526.4454,1603.4243,42.2,0.4501,0,1517.4431,1612.4266
2014,13,REG,NYJ,MIA,1440.8691,1507.9486,42.2,0.4643,0,1431.584,1517.2337
2014,14,REG,CHI,DAL,1494.0487,1532.2171,42.2,0.5058,0,1483.9327,1542.3331
2014,14,REG,CIN,PIT,1560.5115,1524.7557,42.2,0.6103,0,1548.3047,1536.9625
2014,14,REG,CLE,IND,1464.0411,1562.3687,42.2,0.4199,0,1455.6427,1570.7671
2014,14,REG,DET,TB,1517.1717,1396.4903,42.2,0.7186,1,1522.7993,1390.8627
2014,14,REG,JAX,HOU,1380.1691,1463.5486,42.2,0.441,0,1371.3488,1472.3689
2014,14,REG,MIA,BAL,1517.2337,1547.239,42.2,0.5175,0,1506.8829,1557.5898
2014,14,REG,MIN,NYJ,1474.9235,1431.584,42.2,0.6207,1,1482.51,1423.9975
2014,14,REG,NO,CAR,1522.4954,1490.9624,42.2,0.6045,0,1510.4045,1503.0533
2014,14,REG,TEN,NYG,1415.1465,1455.5514,42.2,0.5026,0,1405.0948,1465.6031
2014,14,REG,WAS,LA,1411.7054,1480.6959,42.2,0.4615,0,1402.475,1489.9263
2014,14,REG,ARI,KC,1559.6881,1517.4431,42.2,0.6192,1,1567.3043,1509.8269
2014,14,REG,DEN,BUF,1612.4266,1489.9504,42.2,0.7207,1,1618.0125,1484.3645
2014,14,REG,LV,SF,1375.0363,1580.9998,42.2,0.2804,1,1389.4292,1566.6069
2014,14,REG,PHI,SEA,1555.0168,1605.7734,42.2,0.4877,0,1545.263,1615.5272
2014,14,REG,LAC,NE,1547.5737,1615.7879,42.2,0.4626,0,1538.3211,1625.0405
2014,14,REG,GB,ATL,1580.367,1476.6833,42.2,0.6984,1,1586.3986,1470.6517
2014,15,REG,LA,ARI,1489.9263,1567.3043,42.2,0.4495,0,1480.9354,1576.2952
2014,15,REG,ATL,PIT,1470.6517,1536.9625,42.2,0.4654,0,1461.3446,1546.2696
2014,15,REG,BAL,JAX,1557.5898,1371.3488,42.2,0.7884,1,1561.8228,1367.1158
2014,15,REG,BUF,GB,1484.3645,1586.3986,42.2,0.4147,1,1496.0698,1574.6933
2014,15,REG,CAR,TB,1503.0533,1390.8627,42.2,0.7086,1,1508.8807,1385.0353
2014,15,REG,CLE,CIN,1455.6427,1548.3047,42.2,0.4279,0,1447.085,1556.8624
2014,15,REG,IND,HOU,1570.7671,1472.3689,42.2,0.692,1,1576.9277,1466.2083
2014,15,REG,KC,LV,1509.8269,1389.4292,42.2,0.7183,1,1515.4611,1383.795
2014,15,REG,NE,MIA,1625.0405,1506.8829,42.2,0.7157,1,1630.7271,1501.1963
2014,15,REG,NYG,WAS,1465.6031,1402.475,42.2,0.6471,1,1472.6611,1395.417
2014,15,REG,LAC,DEN,1538.3211,1618.0125,42.2,0.4463,0,1529.396,1626.9376
2014,15,REG,TEN,NYJ,1405.0948,1423.9975,42.2,0.5335,0,1394.4253,1434.667
2014,15,REG,DET,MIN,1522.7993,1482.51,42.2,0.6165,1,1530.4687,1474.8406
2014,15,REG,SEA,SF,1615.5272,1566.6069,42.2,0.6282,1,1622.9631,1559.171
2014,15,REG,PHI,DAL,1545.263,1542.3331,42.2,0.5646,0,1533.9713,1553.6248
2014,15,REG,CHI,NO,1483.9327,1510.4045,42.2,0.5226,0,1473.4803,1520.8569
2014,16,REG,JAX,TEN,1367.1158,1394.4253,42.2,0.5214,1,1376.6875,1384.8536
2014,16,REG,WAS,PHI,1395.417,1533.9713,42.2,0.3648,1,1408.1213,1521.267
2014,16,REG,SF,LAC,1559.171,1529.396,42.2,0.6021,0,1547.1285,1541.4385
2014,16,REG,CAR,CLE,1508.8807,1447.085,42.2,0.6453,1,1515.9738,1439.9919
2014,16,REG,CHI,DET,1473.4803,1530.4687,42.2,0.4787,0,1463.9057,1540.0433
2014,16,REG,HOU,BAL,1466.2083,1561.8228,42.2,0.4237,1,1477.7337,1550.2974
2014,16,REG,MIA,MIN,1501.1963,1474.8406,42.2,0.5974,1,1509.2483,1466.7886
2014,16,REG,NO,ATL,1520.8569,1461.3446,42.2,0.6423,0,1508.0102,1474.1913
2014,16,REG,NYJ,NE,1434.667,1630.7271,42.2,0.292,0,1428.827,1636.5671
2014,16,REG,PIT,KC,1546.2696,1515.4611,42.2,0.6035,1,1554.1986,1507.5321
2014,16,REG,TB,GB,1385.0353,1574.6933,42.2,0.2997,0,1379.0418,1580.6868
2014,16,REG,LA,NYG,1480.9354,1472.6611,42.2,0.5721,0,1469.4928,1484.1037
2014,16,REG,DAL,IND,1553.6248,1576.9277,42.2,0.5272,1,1563.0814,1567.4711
2014,16,REG,LV,BUF,1383.795,1496.0698,42.2,0.4005,1,1395.785,1484.0798
2014,16,REG,ARI,SEA,1576.2952,1622.9631,42.2,0.4936,0,1566.4238,1632.8345
2014,16,REG,CIN,DEN,1556.8624,1626.9376,42.2,0.46,1,1567.663,1616.137
2014,17,REG,BAL,CLE,1550.2974,1439.9919,42.2,0.7064,1,1556.1697,1434.1196
2014,17,REG,HOU,JAX,1477.7337,1376.6875,42.2,0.6952,1,1483.8295,1370.5917
2014,17,REG,KC,LAC,1507.5321,1541.4385,42.2,0.5119,1,1517.2934,1531.6772
2014,17,REG,MIA,NYJ,1509.2483,1428.827,42.2,0.6695,0,1495.8586,1442.2167
2014,17,REG,MIN,CHI,1466.7886,1463.9057,42.2,0.5645,1,1475.4982,1455.1961
2014,17,REG,NE,BUF,1636.5671,1484.0798,42.2,0.7541,0,1621.4847,1499.1622
2014,17,REG,NYG,PHI,1484.1037,1521.267,42.2,0.5072,0,1473.9587,1531.412
2014,17,REG,TB,NO,1379.0418,1508.0102,42.2,0.3777,0,1371.4885,1515.5635
2014,17,REG,TEN,IND,1384.8536,1567.4711,42.2,0.3083,0,1378.6886,1573.6361
2014,17,REG,WAS,DAL,1408.1213,1563.0814,42.2,0.3432,0,1401.2574,1569.9453
2014,17,REG,ATL,CAR,1474.1913,1515.9738,42.2,0.5006,0,1464.1793,1525.9858
2014,17,REG,DEN,LV,1616.137,1395.785,42.2,0.8193,1,1619.7517,1392.1703
2014,17,REG,GB,DET,1580.6868,1540.0433,42.2,0.617,1,1588.3466,1532.3835
2014,17,REG,SEA,LA,1632.8345,1469.4928,42.2,0.7655,1,1637.5241,1464.8032
2014,17,REG,SF,ARI,1547.1285,1566.4238,42.2,0.5329,1,1556.4702,1557.0821
2014,17,REG,PIT,CIN,1554.1986,1567.663,42.2,0.5413,1,1563.3734,1558.4882
2014,18,WC,CAR,ARI,1525.9858,1557.0821,42.2,0.516,1,1537.6024,1545.4655
2014,18,WC,PIT,BAL,1563.3734,1556.1697,42.2,0.5706,0,1549.6785,1569.8646
2014,18,WC,IND,CIN,1573.6361,1558.4882,42.2,0.5818,1,1583.6732,1548.4511
2014,18,WC,DAL,DET,1569.9453,1532.3835,42.2,0.6128,1,1579.2378,1523.091
2014,19,DIV,NE,BAL,1621.4847,1569.8646,42.2,0.6318,1,1630.3208,1561.0285
2014,19,DIV,SEA,CAR,1637.5241,1537.6024,42.2,0.6938,1,1644.872,1530.2545
2014,19,DIV,GB,DAL,1588.3466,1579.2378,42.2,0.5733,1,1598.5872,1568.9972
2014,19,DIV,DEN,IND,1619.7517,1583.6732,42.2,0.6108,0,1605.0929,1598.332
2014,20,CON,SEA,GB,1644.872,1598.5872,42.2,0.6247,1,1653.8802,1589.579
2014,20,CON,NE,IND,1630.3208,1598.332,42.2,0.6052,1,1639.7967,1588.8561
2014,21,SB,SEA,NE,1653.8802,1639.7967,0.0,0.5203,0,1641.394,1652.2829
2015,1,REG,NE,PIT,1603.6795,1534.9346,42.2,0.6544,1,1610.5905,1528.0236
2015,1,REG,BUF,IND,1501.0887,1561.1836,42.2,0.4743,1,1511.6033,1550.669
2015,1,REG,CHI,GB,1471.6314,1561.6679,42.2,0.4316,0,1462.9996,1570.2997
2015,1,REG,HOU,KC,1490.8158,1513.2366,42.2,0.5284,0,1480.2471,1523.8053
2015,1,REG,JAX,CAR,1414.9464,1521.9205,42.2,0.4078,0,1406.7894,1530.0775
2015,1,REG,NYJ,CLE,1462.9352,1457.5101,42.2,0.5681,1,1471.573,1448.8723
2015,1,REG,LA,SEA,1478.0681,1596.384,42.2,0.3922,1,1490.2245,1584.2276
2015,1,REG,WAS,MIA,1435.4925,1498.8753,42.2,0.4696,0,1426.1014,1508.2664
2015,1,REG,ARI,NO,1532.1119,1512.0775,42.2,0.5886,1,1540.3396,1503.8498
2015,1,REG,LAC,DET,1522.8737,1517.121,42.2,0.5686,1,1531.5022,1508.4925
2015,1,REG,DEN,BAL,1572.0622,1542.5391,42.2,0.6018,1,1580.0267,1534.5746
2015,1,REG,LV,CIN,1429.4041,1534.1122,42.2,0.411,0,1421.1841,1542.3322
2015,1,REG,TB,TEN,1415.5473,1420.3714,42.2,0.5536,0,1404.4757,1431.443
2015,1,REG,DAL,NYG,1547.8781,1484.2023,42.2,0.6478,1,1554.9217,1477.1587
2015,1,REG,ATL,PHI,1477.6501,1522.696,42.2,0.4959,1,1487.732,1512.6141
2015,1,REG,SF,MIN,1539.485,1485.2338,42.2,0.6353,1,1546.7781,1477.9407
2015,2,REG,KC,DEN,1523.8053,1580.0267,42.2,0.4798,0,1514.2086,1589.6234
2015,2,REG,BUF,NE,1511.6033,1610.5905,42.2,0.419,0,1503.2234,1618.9704
2015,2,REG,CAR,HOU,1530.0775,1480.2471,42.2,0.6294,1,1537.4889,1472.8357
2015,2,REG,CHI,ARI,1462.9996,1540.3396,42.2,0.4496,0,1454.0076,1549.3316
2015,2,REG,CIN,LAC,1542.3322,1531.5022,42.2,0.5757,1,1550.8176,1523.0168
2015,2,REG,CLE,TEN,1448.8723,1431.443,42.2,0.585,1,1457.1727,1423.1426
2015,2,REG,MIN,DET,1477.9407,1508.4925,42.2,0.5168,1,1487.6056,1498.8276
2015,2,REG,NO,TB,1503.8498,1404.4757,42.2,0.6932,0,1489.9865,1418.339
2015,2,REG,NYG,ATL,1477.1587,1487.732,42.2,0.5454,0,1466.2509,1498.6398
2015,2,REG,PIT,SF,1528.0236,1546.7781,42.2,0.5337,1,1537.3498,1537.4519
2015,2,REG,WAS,LA,1426.1014,1490.2245,42.2,0.4685,1,1436.7316,1479.5943
2015,2,REG,JAX,MIA,1406.7894,1508.2664,42.2,0.4155,1,1418.4792,1496.5766
2015,2,REG,LV,BAL,1421.1841,1534.5746,42.2,0.399,1,1433.2049,1522.5538
2015,2,REG,PHI,DAL,1512.6141,1554.9217,42.2,0.4998,0,1502.6172,1564.9186
2015,2,REG,GB,SEA,1570.2997,1584.2276,42.2,0.5406,1,1579.4878,1575.0395
2015,2,REG,IND,NYJ,1550.669,1471.573,42.2,0.6678,0,1537.3131,1484.9289
2015,3,REG,NYG,WAS,1466.2509,1436.7316,42.2,0.6018,1,1474.2155,1428.767
2015,3,REG,BAL,CIN,1522.5538,1550.8176,42.2,0.52,0,1512.1529,1561.2185
2015,3,REG,CAR,NO,1537.4889,1489.9865,42.2,0.6263,1,1544.9629,1482.5125
2015,3,REG,CLE,LV,1457.1727,1433.2049,42.2,0.5941,0,1445.2909,1445.0867
2015,3,REG,DAL,ATL,1564.9186,1498.6398,42.2,0.6512,0,1551.894,1511.6644
2015,3,REG,HOU,TB,1472.8357,1418.339,42.2,0.6357,1,1480.1222,1411.0525
2015,3,REG,MIN,LAC,1487.6056,1523.0168,42.2,0.5098,1,1497.4102,1513.2122
2015,3,REG,NE,JAX,1618.9704,1418.4792,42.2,0.8017,1,1622.9361,1414.5135
2015,3,REG,NYJ,PHI,1484.9289,1502.6172,42.2,0.5352,0,1474.2246,1513.3215
2015,3,REG,LA,PIT,1479.5943,1537.3498,42.2,0.4776,0,1470.0417,1546.9024
2015,3,REG,TEN,IND,1423.1426,1537.3131,42.2,0.3979,0,1415.1849,1545.2708
2015,3,REG,ARI,SF,1549.3316,1537.4519,42.2,0.5772,1,1557.7875,1528.996
2015,3,REG,MIA,BUF,1496.5766,1503.2234,42.2,0.551,0,1485.5569,1514.2431
2015,3,REG,SEA,CHI,1575.0395,1454.0076,42.2,0.719,1,1580.659,1448.3881
2015,3,REG,DET,DEN,1498.8276,1589.6234,42.2,0.4305,0,1490.2172,1598.2338
2015,3,REG,GB,KC,1579.4878,1514.2086,42.2,0.6499,1,1586.4893,1507.2071
2015,4,REG,PIT,BAL,1546.9024,1512.1529,42.2,0.609,0,1534.7231,1524.3322
2015,4,REG,MIA,NYJ,1485.5569,1474.2246,42.2,0.5764,0,1474.0282,1485.7533
2015,4,REG,ATL,HOU,1511.6644,1480.1222,42.2,0.6046,1,1519.5732,1472.2134
2015,4,REG,BUF,NYG,1514.2431,1474.2155,42.2,0.6162,0,1501.9196,1486.539
2015,4,REG,CHI,LV,1448.3881,1445.0867,42.2,0.5651,1,1457.0859,1436.3889
2015,4,REG,CIN,KC,1561.2185,1507.2071,42.2,0.635,1,1568.518,1499.9076
2015,4,REG,IND,JAX,1545.2708,1414.5135,42.2,0.7302,1,1550.6669,1409.1174
2015,4,REG,TB,CAR,1411.0525,1544.9629,42.2,0.371,0,1403.6325,1552.3829
2015,4,REG,WAS,PHI,1428.767,1513.3215,42.2,0.4393,1,1439.9801,1502.1084
2015,4,REG,LAC,CLE,1513.2122,1445.2909,42.2,0.6534,1,1520.1447,1438.3584
2015,4,REG,ARI,LA,1557.7875,1470.0417,42.2,0.6787,0,1544.2125,1483.6167
2015,4,REG,DEN,MIN,1598.2338,1497.4102,42.2,0.6949,1,1604.335,1491.309
2015,4,REG,SF,GB,1528.996,1586.4893,42.2,0.478,0,1519.4359,1596.0494
2015,4,REG,NO,DAL,1482.5125,1551.894,42.2,0.461,1,1493.2933,1541.1132
2015,4,REG,SEA,DET,1580.659,1490.2172,42.2,0.6821,1,1587.0165,1483.8597
2015,5,REG,HOU,IND,1472.2134,1550.6669,42.2,0.448,0,1463.2531,1559.6272
2015,5,REG,ATL,WAS,1519.5732,1439.9801,42.2,0.6684,1,1526.2046,1433.3487
2015,5,REG,BAL,CLE,1524.3322,1438.3584,42.2,0.6765,0,1510.8018,1451.8888
2015,5,REG,CIN,SEA,1568.518,1587.0165,42.2,0.5341,1,1577.8369,1577.6976
2015,5,REG,GB,LA,1596.0494,1483.6167,42.2,0.7089,1,1601.871,1477.7951
2015,5,REG,KC,CHI,1499.9076,1457.0859,42.2,0.62,0,1487.5082,1469.4853
2015,5,REG,PHI,NO,1502.1084,1493.2933,42.2,0.5729,1,1510.6505,1484.7512
2015,5,REG,TB,JAX,1403.6325,1409.1174,42.2,0.5526,1,1412.5797,1400.1702
2015,5,REG,TEN,BUF,1415.1849,1501.9196,42.2,0.4363,0,1406.4597,1510.6448
2015,5,REG,DET,ARI,1483.8597,1544.2125,42.2,0.4739,0,1474.3817,1553.6905
2015,5,REG,DAL,NE,1541.1132,1622.9361,42.2,0.4432,0,1532.2487,1631.8006
2015,5,REG,LV,DEN,1436.3889,1604.335,42.2,0.3265,0,1429.858,1610.8659
2015,5,REG,NYG,SF,1486.539,1519.4359,42.2,0.5134,1,1496.2713,1509.7036
2015,5,REG,LAC,PIT,1520.1447,1534.7231,42.2,0.5397,0,1509.3514,1545.5164
2015,6,REG,NO,ATL,1484.7512,1526.2046,42.2,0.5011,1,1494.7297,1516.2261
2015,6,REG,BUF,CIN,1510.6448,1577.8369,42.2,0.4641,0,1501.3629,1587.1188
2015,6,REG,CLE,DEN,1451.8888,1610.8659,42.2,0.338,0,1445.1288,1617.6259
2015,6,REG,DET,CHI,1474.3817,1469.4853,42.2,0.5674,1,1483.0344,1460.8326
2015,6,REG,JAX,HOU,1400.1702,1463.2531,42.2,0.47,0,1390.7705,1472.6528
2015,6,REG,MIN,KC,1491.309,1487.5082,42.2,0.5658,1,1499.9927,1478.8245
2015,6,REG,NYJ,WAS,1485.7533,1433.3487,42.2,0.6329,1,1493.0957,1426.0063
2015,6,REG,PIT,ARI,1545.5164,1553.6905,42.2,0.5488,1,1554.5402,1544.6667
2015,6,REG,TEN,MIA,1406.4597,1474.0282,42.2,0.4636,0,1397.1886,1483.2993
2015,6,REG,SEA,CAR,1577.6976,1552.3829,42.2,0.596,0,1565.7785,1564.302
2015,6,REG,GB,LAC,1601.871,1509.3514,42.2,0.6847,1,1608.1768,1503.0456
2015,6,REG,SF,BAL,1509.7036,1510.8018,42.2,0.5589,1,1518.5261,1501.9793
2015,6,REG,IND,NE,1559.6272,1631.8006,42.2,0.457,0,1550.4878,1640.94
2015,6,REG,PHI,NYG,1510.6505,1496.2713,42.2,0.5807,1,1519.0363,1487.8855
2015,7,REG,SF,SEA,1518.5261,1565.7785,42.2,0.4927,0,1508.6715,1575.6331
2015,7,REG,JAX,BUF,1390.7705,1501.3629,42.2,0.4028,1,1402.714,1489.4194
2015,7,REG,DET,MIN,1483.0344,1499.9927,42.2,0.5363,0,1472.3092,1510.7179
2015,7,REG,IND,NO,1550.4878,1494.7297,42.2,0.6374,0,1537.7407,1507.4768
2015,7,REG,KC,PIT,1478.8245,1554.5402,42.2,0.4519,1,1489.7862,1543.5785
2015,7,REG,MIA,HOU,1483.2993,1472.6528,42.2,0.5755,1,1491.7899,1464.1622
2015,7,REG,NE,NYJ,1640.94,1493.0957,42.2,0.7491,1,1645.9574,1488.0783
2015,7,REG,LA,CLE,1477.7951,1445.1288,42.2,0.6061,1,1485.673,1437.2509
2015,7,REG,TEN,ATL,1397.1886,1516.2261,42.2,0.3912,0,1389.3648,1524.0499
2015,7,REG,WAS,TB,1426.0063,1412.5797,42.2,0.5794,1,1434.4188,1404.1672
2015,7,REG,LAC,LV,1503.0456,1429.858,42.2,0.6602,0,1489.8414,1443.0622
2015,7,REG,NYG,DAL,1487.8855,1532.2487,42.2,0.4969,1,1497.9478,1522.1864
2015,7,REG,CAR,PHI,1564.302,1519.0363,42.2,0.6233,1,1571.8364,1511.5019
2015,7,REG,ARI,BAL,1544.6667,1501.9793,42.2,0.6198,1,1552.2709,1494.3751
2015,8,REG,NE,MIA,1645.9574,1491.7899,42.2,0.7559,1,1650.8392,1486.9081
2015,8,REG,KC,DET,1489.7862,1472.3092,42.2,0.585,1,1498.0853,1464.0101
2015,8,REG,ATL,TB,1524.0499,1404.1672,42.2,0.7177,0,1509.6961,1418.521
2015,8,REG,BAL,LAC,1494.3751,1489.8414,42.2,0.5669,1,1503.0381,1481.1784
2015,8,REG,CHI,MIN,1460.8326,1510.7179,42.2,0.4889,0,1451.0538,1520.4967
2015,8,REG,CLE,ARI,1437.2509,1552.2709,42.2,0.3967,0,1429.3167,1560.2051
2015,8,REG,HOU,TEN,1464.1622,1389.3648,42.2,0.6623,1,1470.9165,1382.6105
2015,8,REG,NO,NYG,1507.4768,1497.9478,42.2,0.5739,1,1515.9988,1489.4258
2015,8,REG,PIT,CIN,1543.5785,1587.1188,42.2,0.4981,0,1533.6171,1597.0802
2015,8,REG,LA,SF,1485.673,1508.6715,42.2,0.5276,1,1495.1209,1499.2236
2015,8,REG,LV,NYJ,1443.0622,1488.0783,42.2,0.4959,1,1453.1433,1477.9972
2015,8,REG,DAL,SEA,1522.1864,1575.6331,42.2,0.4838,0,1512.51,1585.3095
2015,8,REG,DEN,GB,1617.6259,1608.1768,42.2,0.5738,1,1626.1502,1599.6525
2015,8,REG,CAR,IND,1571.8364,1537.7407,42.2,0.6081,1,1579.6751,1529.902
2015,9,REG,CIN,CLE,1597.0802,1429.3167,42.2,0.7701,1,1601.679,1424.7179
2015,9,REG,BUF,MIA,1489.4194,1486.9081,42.2,0.564,1,1498.1396,1478.1879
2015,9,REG,CAR,GB,1579.6751,1599.6525,42.2,0.5319,1,1589.0364,1590.2912
2015,9,REG,MIN,LA,1520.4967,1495.1209,42.2,0.596,1,1528.5759,1487.0417
2015,9,REG,NE,WAS,1650.8392,1434.4188,42.2,0.8159,1,1654.5214,1430.7366
2015,9,REG,NO,TEN,1515.9988,1382.6105,42.2,0.7332,0,1501.3354,1397.2739
2015,9,REG,NYJ,JAX,1477.9972,1402.714,42.2,0.6629,1,1484.739,1395.9722
2015,9,REG,PIT,LV,1533.6171,1453.1433,42.2,0.6696,1,1540.226,1446.5344
2015,9,REG,SF,ATL,1499.2236,1509.6961,42.2,0.5455,1,1508.3129,1500.6068
2015,9,REG,TB,NYG,1418.521,1489.4258,42.2,0.4588,0,1409.3453,1498.6015
2015,9,REG,IND,DEN,1529.902,1626.1502,42.2,0.4228,1,1541.4452,1614.607
2015,9,REG,DAL,PHI,1512.51,1511.5019,42.2,0.5619,0,1501.2727,1522.7392
2015,9,REG,LAC,CHI,1481.1784,1451.0538,42.2,0.6026,0,1469.1263,1463.1059
2015,10,REG,NYJ,BUF,1484.739,1498.1396,42.2,0.5414,0,1473.912,1508.9666
2015,10,REG,BAL,JAX,1503.0381,1395.9722,42.2,0.7025,0,1488.988,1410.0223
2015,10,REG,GB,DET,1590.2912,1464.0101,42.2,0.7251,0,1575.7894,1478.5119
2015,10,REG,PHI,MIA,1522.7392,1478.1879,42.2,0.6223,0,1510.2929,1490.6342
2015,10,REG,PIT,CLE,1540.226,1424.7179,42.2,0.7126,1,1545.9748,1418.9691
2015,10,REG,LA,CHI,1487.0417,1463.1059,42.2,0.594,0,1475.1608,1474.9868
2015,10,REG,TB,DAL,1409.3453,1501.2727,42.2,0.4289,1,1420.7669,1489.8511
2015,10,REG,TEN,CAR,1397.2739,1589.0364,42.2,0.2971,0,1391.3311,1594.9792
2015,10,REG,WAS,NO,1430.7366,1501.3354,42.2,0.4592,1,1441.5522,1490.5198
2015,10,REG,LV,MIN,1446.5344,1528.5759,42.2,0.4429,0,1437.6761,1537.4342
2015,10,REG,DEN,KC,1614.607,1498.0853,42.2,0.7138,0,1600.332,1512.3603
2015,10,REG,NYG,NE,1498.6015,1654.5214,42.2,0.3419,0,1491.7625,1661.3604
2015,10,REG,SEA,ARI,1585.3095,1560.2051,42.2,0.5957,0,1573.3962,1572.1184
2015,10,REG,CIN,HOU,1601.679,1470.9165,42.2,0.7302,0,1587.0749,1485.5206
2015,11,REG,JAX,TEN,1410.0223,1391.3311,42.2,0.5867,1,1418.2874,1383.066
2015,11,REG,ATL,IND,1500.6068,1541.4452,42.2,0.502,0,1490.5676,1551.4844
2015,11,REG,BAL,LA,1488.988,1475.1608,42.2,0.5799,1,1497.3892,1466.7596
2015,11,REG,CAR,WAS,1594.9792,1441.5522,42.2,0.7551,1,1599.8768,1436.6546
2015,11,REG,CHI,DEN,1474.9868,1600.332,42.2,0.3826,0,1467.3352,1607.9836
2015,11,REG,DET,LV,1478.5119,1437.6761,42.2,0.6173,1,1486.1664,1430.0216
2015,11,REG,HOU,NYJ,1485.5206,1473.912,42.2,0.5768,1,1493.9841,1465.4485
2015,11,REG,MIA,DAL,1490.6342,1489.8511,42.2,0.5615,0,1479.4033,1501.082
2015,11,REG,PHI,TB,1510.2929,1420.7669,42.2,0.681,0,1496.6733,1434.3865
2015,11,REG,LAC,KC,1469.1263,1512.3603,42.2,0.4985,0,1459.1561,1522.3305
2015,11,REG,MIN,GB,1537.4342,1575.7894,42.2,0.5055,0,1527.3235,1585.9001
2015,11,REG,SEA,SF,1573.3962,1508.3129,42.2,0.6497,1,1580.4029,1501.3062
2015,11,REG,ARI,CIN,1572.1184,1587.0749,42.2,0.5391,1,1581.3359,1577.8574
2015,11,REG,NE,BUF,1661.3604,1508.9666,42.2,0.754,1,1666.28,1504.047
2015,12,REG,DET,PHI,1486.1664,1496.6733,42.2,0.5455,1,1495.2567,1487.583
2015,12,REG,DAL,CAR,1501.082,1599.8768,42.2,0.4193,0,1492.6967,1608.2621
2015,12,REG,GB,CHI,1585.9001,1467.3352,42.2,0.7161,0,1571.5771,1481.6582
2015,12,REG,ATL,MIN,1490.5676,1527.3235,42.2,0.5078,0,1480.4109,1537.4802
2015,12,REG,CIN,LA,1577.8574,1466.7596,42.2,0.7073,1,1583.7108,1460.9062
2015,12,REG,HOU,NO,1493.9841,1490.5198,42.2,0.5653,1,1502.6773,1481.8266
2015,12,REG,IND,TB,1551.4844,1434.3865,42.2,0.7144,1,1557.1958,1428.6751
2015,12,REG,JAX,LAC,1418.2874,1459.1561,42.2,0.5019,0,1408.2491,1469.1944
2015,12,REG,KC,BUF,1522.3305,1504.047,42.2,0.5862,1,1530.607,1495.7705
2015,12,REG,NYJ,MIA,1465.4485,1479.4033,42.2,0.5406,1,1474.6373,1470.2145
2015,12,REG,TEN,LV,1383.066,1430.0216,42.2,0.4932,0,1373.2029,1439.8847
2015,12,REG,WAS,NYG,1436.6546,1491.7625,42.2,0.4814,1,1447.0259,1481.3912
2015,12,REG,SF,ARI,1501.3062,1581.3359,42.2,0.4458,0,1492.3907,1590.2514
2015,12,REG,SEA,PIT,1580.4029,1545.9748,42.2,0.6085,1,1588.2324,1538.1453
2015,12,REG,DEN,NE,1607.9836,1666.28,42.2,0.4769,1,1618.4466,1655.817
2015,12,REG,CLE,BAL,1418.9691,1497.3892,42.2,0.4481,0,1410.0078,1506.3505
2015,13,REG,DET,GB,1495.2567,1571.5771,42.2,0.4511,0,1486.2356,1580.5982
2015,13,REG,BUF,HOU,1495.7705,1502.6773,42.2,0.5506,1,1504.7582,1493.6896
2015,13,REG,CHI,SF,1481.6582,1492.3907,42.2,0.5452,0,1470.755,1503.2939
2015,13,REG,CLE,CIN,1410.0078,1583.7108,42.2,0.3193,0,1403.6218,1590.0968
2015,13,REG,MIA,BAL,1470.2145,1506.3505,42.2,0.5087,1,1480.04,1496.525
2015,13,REG,MIN,SEA,1537.4802,1588.2324,42.2,0.4877,0,1527.7263,1597.9863
2015,13,REG,NYG,NYJ,1481.3912,1474.6373,42.2,0.57,0,1469.9914,1486.0371
2015,13,REG,LA,ARI,1460.9062,1590.2514,42.2,0.3772,0,1453.3631,1597.7945
2015,13,REG,TB,ATL,1428.6751,1480.4109,42.2,0.4863,1,1438.9495,1470.1365
2015,13,REG,TEN,JAX,1373.2029,1408.2491,42.2,0.5103,1,1382.997,1398.455
2015,13,REG,LV,KC,1439.8847,1530.607,42.2,0.4306,0,1431.2723,1539.2194
2015,13,REG,LAC,DEN,1469.1944,1618.4466,42.2,0.3506,0,1462.1817,1625.4593
2015,13,REG,NE,PHI,1655.817,1487.583,42.2,0.7705,0,1640.4062,1502.9938
2015,13,REG,NO,CAR,1481.8266,1608.2621,42.2,0.3811,0,1474.2047,1615.884
2015,13,REG,PIT,IND,1538.1453,1557.1958,42.2,0.5333,1,1547.48,1547.8611
2015,13,REG,WAS,DAL,1447.0259,1492.6967,42.2,0.495,0,1437.1258,1502.5968
2015,14,REG,ARI,MIN,1597.7945,1527.7263,42.2,0.6562,1,1604.6711,1520.8497
2015,14,REG,BAL,SEA,1496.525,1597.9863,42.2,0.4155,0,1488.2143,1606.297
2015,14,REG,CAR,ATL,1615.884,1470.1365,42.2,0.7469,1,1620.9469,1465.0736
2015,14,REG,CHI,WAS,1470.755,1437.1258,42.2,0.6074,0,1458.6065,1449.2743
2015,14,REG,CIN,PIT,1590.0968,1547.48,42.2,0.6197,0,1577.7029,1559.8739
2015,14,REG,CLE,SF,1403.6218,1503.2939,42.2,0.418,1,1415.2611,1491.6546
2015,14,REG,JAX,IND,1398.455,1547.8611,42.2,0.3504,1,1411.4463,1534.8698
2015,14,REG,KC,LAC,1539.2194,1462.1817,42.2,0.6652,1,1545.9161,1455.485
2015,14,REG,NYJ,TEN,1486.0371,1382.997,42.2,0.6976,1,1492.0844,1376.9497
2015,14,REG,PHI,BUF,1502.9938,1504.7582,42.2,0.5579,1,1511.8352,1495.9168
2015,14,REG,LA,DET,1453.3631,1486.2356,42.2,0.5134,1,1463.0947,1476.504
2015,14,REG,TB,NO,1438.9495,1474.2047,42.2,0.51,0,1428.7496,1484.4046
2015,14,REG,DEN,LV,1625.4593,1431.2723,42.2,0.7959,0,1609.5417,1447.1899
2015,14,REG,GB,DAL,1580.5982,1502.5968,42.2,0.6664,1,1587.2703,1495.9247
2015,14,REG,HOU,NE,1493.6896,1640.4062,42.2,0.354,0,1486.6103,1647.4855
2015,14,REG,MIA,NYG,1480.04,1469.9914,42.2,0.5746,0,1468.5474,1481.484
2015,15,REG,LA,TB,1463.0947,1428.7496,42.2,0.6084,1,1470.9265,1420.9178
2015,15,REG,DAL,NYJ,1495.9247,1492.0844,42.2,0.5659,0,1484.6073,1503.4018
2015,15,REG,BAL,KC,1488.2143,1545.9161,42.2,0.4777,0,1478.6602,1555.4702
2015,15,REG,IND,HOU,1534.8698,1486.6103,42.2,0.6273,0,1522.3234,1499.1567
2015,15,REG,JAX,ATL,1411.4463,1465.0736,42.2,0.4836,0,1401.7751,1474.7448
2015,15,REG,MIN,CHI,1520.8497,1458.6065,42.2,0.6459,1,1527.931,1451.5252
2015,15,REG,NE,TEN,1647.4855,1376.9497,42.2,0.8582,1,1650.3219,1374.1133
2015,15,REG,NYG,CAR,1481.484,1620.9469,42.2,0.3636,0,1474.2125,1628.2184
2015,15,REG,WAS,BUF,1449.2743,1495.9168,42.2,0.4936,1,1459.4022,1485.7889
2015,15,REG,LV,GB,1447.1899,1587.2703,42.2,0.3628,0,1439.9349,1594.5253
2015,15,REG,SEA,CLE,1606.297,1415.2611,42.2,0.7929,1,1610.4386,1411.1195
2015,15,REG,PIT,DEN,1559.8739,1609.5417,42.2,0.4893,1,1570.0888,1599.3268
2015,15,REG,LAC,MIA,1455.485,1468.5474,42.2,0.5418,1,1464.6483,1459.3841
2015,15,REG,SF,CIN,1491.6546,1577.7029,42.2,0.4372,0,1482.91,1586.4475
2015,15,REG,PHI,ARI,1511.8352,1604.6711,42.2,0.4276,0,1503.2824,1613.2239
2015,15,REG,NO,DET,1484.4046,1476.504,42.2,0.5716,0,1472.9725,1487.9361
2015,16,REG,LV,LAC,1439.9349,1464.6483,42.2,0.5251,1,1449.432,1455.1512
2015,16,REG,PHI,WAS,1503.2824,1459.4022,42.2,0.6214,0,1490.8543,1471.8303
2015,16,REG,ATL,CAR,1474.7448,1628.2184,42.2,0.3451,1,1487.8423,1615.1209
2015,16,REG,BAL,PIT,1478.6602,1570.0888,42.2,0.4296,1,1490.0677,1558.6813
2015,16,REG,BUF,DAL,1485.7889,1484.6073,42.2,0.5621,1,1494.5467,1475.8495
2015,16,REG,DET,SF,1487.9361,1482.91,42.2,0.5675,1,1496.5851,1474.261
2015,16,REG,KC,CLE,1555.4702,1411.1195,42.2,0.7453,1,1560.5635,1406.0262
2015,16,REG,MIA,IND,1459.3841,1522.3234,42.2,0.4702,0,1449.9803,1531.7272
2015,16,REG,NYJ,NE,1503.4018,1650.3219,42.2,0.3537,1,1516.3278,1637.3959
2015,16,REG,TB,CHI,1420.9178,1451.5252,42.2,0.5167,0,1410.5843,1461.8587
2015,16,REG,TEN,HOU,1374.1133,1499.1567,42.2,0.383,0,1366.4535,1506.8165
2015,16,REG,NO,JAX,1472.9725,1401.7751,42.2,0.6576,1,1479.8198,1394.9278
2015,16,REG,ARI,GB,1613.2239,1594.5253,42.2,0.5868,1,1621.4888,1586.2604
2015,16,REG,SEA,LA,1610.4386,1470.9265,42.2,0.74,0,1595.6384,1485.7267
2015,16,REG,MIN,NYG,1527.931,1474.2125,42.2,0.6346,1,1535.2383,1466.9052
2015,16,REG,DEN,CIN,1599.3268,1586.4475,42.2,0.5786,1,1607.7546,1578.0197
2015,17,REG,ATL,NO,1487.8423,1479.8198,42.2,0.5718,0,1476.4068,1491.2553
2015,17,REG,BUF,NYJ,1494.5467,1516.3278,42.2,0.5294,1,1503.9597,1506.9148
2015,17,REG,CHI,DET,1461.8587,1496.5851,42.2,0.5108,0,1451.6436,1506.8002
2015,17,REG,CIN,BAL,1578.0197,1490.0677,42.2,0.679,1,1584.4395,1483.6479
2015,17,REG,CLE,PIT,1406.0262,1558.6813,42.2,0.3462,0,1399.1024,1565.6051
2015,17,REG,DAL,WAS,1475.8495,1471.8303,42.2,0.5661,0,1464.527,1483.1528
2015,17,REG,HOU,JAX,1506.8165,1394.9278,42.2,0.7083,1,1512.6511,1389.0932
2015,17,REG,IND,TEN,1531.7272,1366.4535,42.2,0.7675,1,1536.377,1361.8037
2015,17,REG,MIA,NE,1449.9803,1637.3959,42.2,0.3024,1,1463.9324,1623.4438
2015,17,REG,NYG,PHI,1466.9052,1490.8543,42.2,0.5262,0,1456.3804,1501.3791
2015,17,REG,ARI,SEA,1621.4888,1595.6384,42.2,0.5967,0,1609.5548,1607.5724
2015,17,REG,CAR,TB,1615.1209,1410.5843,42.2,0.8054,1,1619.0131,1406.6921
2015,17,REG,DEN,LAC,1607.7546,1455.1512,42.2,0.7542,1,1612.6697,1450.2361
2015,17,REG,KC,LV,1560.5635,1449.432,42.2,0.7074,1,1566.4161,1443.5794
2015,17,REG,SF,LA,1474.261,1485.7267,42.2,0.5441,1,1483.3787,1476.609
2015,17,REG,GB,MIN,1586.2604,1535.2383,42.2,0.631,0,1573.6398,1547.8589
2015,18,WC,HOU,KC,1512.6511,1566.4161,42.2,0.4834,0,1501.0504,1578.0168
2015,18,WC,CIN,PIT,1584.4395,1565.6051,42.2,0.5869,0,1570.3529,1579.6917
2015,18,WC,MIN,SEA,1547.8589,1607.5724,42.2,0.4748,0,1536.4633,1618.968
2015,18,WC,WAS,GB,1483.1528,1573.6398,42.2,0.431,0,1472.8099,1583.9827
2015,19,DIV,NE,KC,1623.4438,1578.0168,42.2,0.6235,1,1632.4799,1568.9807
2015,19,DIV,ARI,GB,1609.5548,1583.9827,42.2,0.5963,1,1619.2433,1574.2942
2015,19,DIV,CAR,SEA,1619.0131,1618.968,42.2,0.5605,1,1629.5612,1608.4199
2015,19,DIV,DEN,PIT,1612.6697,1579.6917,42.2,0.6065,1,1622.1129,1570.2485
2015,20,CON,DEN,NE,1622.1129,1632.4799,42.2,0.5457,1,1633.0165,1621.5763
2015,20,CON,CAR,ARI,1629.5612,1619.2433,42.2,0.575,1,1639.761,1609.0435
2015,21,SB,DEN,CAR,1633.0165,1639.761,0.0,0.4903,1,1645.2494,1627.5281
2016,1,REG,DEN,CAR,1598.9671,1587.0938,42.2,0.5772,1,1607.4232,1578.6377
2016,1,REG,ATL,TB,1485.8426,1439.1337,42.2,0.6252,0,1473.338,1451.6383
2016,1,REG,BAL,BUF,1490.6941,1504.303,42.2,0.5411,1,1499.873,1495.1241
2016,1,REG,HOU,CHI,1502.3538,1469.2512,42.2,0.6067,1,1510.2197,1461.3853
2016,1,REG,JAX,GB,1427.3424,1551.4271,42.2,0.3843,0,1419.6565,1559.113
2016,1,REG,KC,LAC,1547.8671,1468.3082,42.2,0.6684,1,1554.4994,1461.6759
2016,1,REG,NO,LV,1495.7911,1463.8482,42.2,0.6051,0,1483.6889,1475.9504
2016,1,REG,NYJ,CIN,1506.2829,1548.7864,42.2,0.4996,0,1496.2916,1558.7777
2016,1,REG,PHI,CLE,1502.574,1434.0486,42.2,0.6542,1,1509.4908,1427.1318
2016,1,REG,TEN,MIN,1409.0585,1526.0804,42.2,0.394,0,1401.1794,1533.9595
2016,1,REG,SEA,MIA,1574.2913,1477.4847,42.2,0.69,1,1580.491,1471.285
2016,1,REG,DAL,NYG,1477.8831,1472.4249,42.2,0.5682,0,1466.5199,1483.7881
2016,1,REG,IND,DET,1526.0226,1506.2061,42.2,0.5883,0,1514.2563,1517.9724
2016,1,REG,ARI,NE,1574.7091,1583.1061,42.2,0.5485,0,1563.7392,1594.076
2016,1,REG,WAS,PIT,1483.4326,1548.7165,42.2,0.4668,0,1474.096,1558.0531
2016,1,REG,SF,LA,1490.5137,1485.978,42.2,0.5669,1,1499.1766,1477.3151
2016,2,REG,BUF,NYJ,1495.1241,1496.2916,42.2,0.5588,0,1483.9486,1507.4671
2016,2,REG,ARI,TB,1563.7392,1451.6383,42.2,0.7085,1,1569.5687,1445.8088
2016,2,REG,CAR,SF,1578.6377,1499.1766,42.2,0.6683,1,1585.2724,1492.5419
2016,2,REG,CLE,BAL,1427.1318,1499.873,42.2,0.4562,0,1418.0086,1508.9962
2016,2,REG,DET,TEN,1517.9724,1401.1794,42.2,0.7141,0,1503.691,1415.4608
2016,2,REG,HOU,KC,1510.2197,1554.4994,42.2,0.497,1,1520.2796,1544.4395
2016,2,REG,NE,MIA,1594.076,1471.285,42.2,0.7211,1,1599.6546,1465.7064
2016,2,REG,NYG,NO,1483.7881,1483.6889,42.2,0.5606,1,1492.5766,1474.9004
2016,2,REG,PIT,CIN,1558.0531,1558.7777,42.2,0.5594,1,1566.865,1549.9658
2016,2,REG,WAS,DAL,1474.096,1466.5199,42.2,0.5711,0,1462.6731,1477.9428
2016,2,REG,LA,SEA,1477.3151,1580.491,42.2,0.4131,1,1489.0523,1568.7538
2016,2,REG,DEN,IND,1607.4232,1514.2563,42.2,0.6855,1,1613.7129,1507.9666
2016,2,REG,LV,ATL,1475.9504,1473.338,42.2,0.5641,0,1464.6677,1484.6207
2016,2,REG,LAC,JAX,1461.6759,1419.6565,42.2,0.6189,1,1469.2983,1412.0341
2016,2,REG,MIN,GB,1533.9595,1559.113,42.2,0.5245,1,1543.4693,1549.6032
2016,2,REG,CHI,PHI,1461.3853,1509.4908,42.2,0.4915,0,1451.5553,1519.3208
2016,3,REG,NE,HOU,1599.6546,1520.2796,42.2,0.6682,1,1606.2915,1513.6427
2016,3,REG,BUF,ARI,1483.9486,1569.5687,42.2,0.4378,1,1495.1919,1558.3254
2016,3,REG,CAR,MIN,1585.2724,1543.4693,42.2,0.6186,0,1572.9006,1555.8411
2016,3,REG,CIN,DEN,1549.9658,1613.7129,42.2,0.469,0,1540.5852,1623.0935
2016,3,REG,GB,DET,1549.6032,1503.691,42.2,0.6242,1,1557.1201,1496.1741
2016,3,REG,JAX,BAL,1412.0341,1508.9962,42.2,0.4218,0,1403.5974,1517.4329
2016,3,REG,MIA,CLE,1465.7064,1418.0086,42.2,0.6266,1,1473.1752,1410.5398
2016,3,REG,NYG,WAS,1492.5766,1462.6731,42.2,0.6023,0,1480.5306,1474.7191
2016,3,REG,TEN,LV,1415.4608,1464.6677,42.2,0.4899,0,1405.6624,1474.4661
2016,3,REG,SEA,SF,1568.7538,1492.5419,42.2,0.6641,1,1575.4717,1485.824
2016,3,REG,TB,LA,1445.8088,1489.0523,42.2,0.4985,0,1435.8388,1499.0223
2016,3,REG,IND,LAC,1507.9666,1469.2983,42.2,0.6143,1,1515.6802,1461.5847
2016,3,REG,KC,NYJ,1544.4395,1507.4671,42.2,0.612,1,1552.1994,1499.7072
2016,3,REG,PHI,PIT,1519.3208,1566.865,42.2,0.4923,1,1529.4746,1556.7112
2016,3,REG,DAL,CHI,1477.9428,1451.5553,42.2,0.5974,1,1485.9939,1443.5042
2016,3,REG,NO,ATL,1474.9004,1484.6207,42.2,0.5466,0,1463.9683,1495.5528
2016,4,REG,CIN,MIA,1540.5852,1473.1752,42.2,0.6527,1,1547.531,1466.2294
2016,4,REG,JAX,IND,1403.5974,1515.6802,42.2,0.4008,1,1415.5821,1503.6955
2016,4,REG,ATL,CAR,1495.5528,1572.9006,42.2,0.4496,1,1506.561,1561.8924
2016,4,REG,BAL,LV,1517.4329,1474.4661,42.2,0.6202,0,1505.0295,1486.8695
2016,4,REG,CHI,DET,1443.5042,1496.1741,42.2,0.4849,1,1453.8055,1485.8728
2016,4,REG,HOU,TEN,1513.6427,1405.6624,42.2,0.7036,1,1519.5707,1399.7344
2016,4,REG,NE,BUF,1606.2915,1495.1919,42.2,0.7073,0,1592.1449,1509.3385
2016,4,REG,NYJ,SEA,1499.7072,1575.4717,42.2,0.4518,0,1490.6703,1584.5086
2016,4,REG,WAS,CLE,1474.7191,1410.5398,42.2,0.6485,1,1481.7495,1403.5094
2016,4,REG,TB,DEN,1435.8388,1623.0935,42.2,0.3026,0,1429.787,1629.1453
2016,4,REG,ARI,LA,1558.3254,1499.0223,42.2,0.6421,0,1545.4843,1511.8634
2016,4,REG,LAC,NO,1461.5847,1463.9683,42.2,0.5571,0,1450.4437,1475.1093
2016,4,REG,SF,DAL,1485.824,1485.9939,42.2,0.5602,0,1474.6201,1497.1978
2016,4,REG,PIT,KC,1556.7112,1552.1994,42.2,0.5668,1,1565.3748,1543.5358
2016,4,REG,MIN,NYG,1555.8411,1480.5306,42.2,0.6629,1,1562.5822,1473.7895
2016,5,REG,SF,ARI,1474.6201,1545.4843,42.2,0.4588,0,1465.4433,1554.6611
2016,5,REG,BAL,WAS,1505.0295,1481.7495,42.2,0.5931,0,1493.1668,1493.6122
2016,5,REG,CLE,NE,1403.5094,1592.1449,42.2,0.3009,0,1397.4911,1598.1632
2016,5,REG,DET,PHI,1485.8728,1529.4746,42.2,0.498,1,1495.9131,1519.4343
2016,5,REG,IND,CHI,1503.6955,1453.8055,42.2,0.6295,1,1511.1053,1446.3957
2016,5,REG,MIA,TEN,1466.2294,1399.7344,42.2,0.6515,0,1453.1991,1412.7647
2016,5,REG,MIN,HOU,1562.5822,1519.5707,42.2,0.6202,1,1570.1776,1511.9753
2016,5,REG,PIT,NYJ,1565.3748,1490.6703,42.2,0.6622,1,1572.1315,1483.9136
2016,5,REG,DEN,ATL,1629.1453,1506.561,42.2,0.7208,0,1614.7287,1520.9776
2016,5,REG,DAL,CIN,1497.1978,1547.531,42.2,0.4883,1,1507.4318,1537.297
2016,5,REG,LA,BUF,1511.8634,1509.3385,42.2,0.564,0,1500.5832,1520.6187
2016,5,REG,LV,LAC,1486.8695,1450.4437,42.2,0.6113,1,1494.6443,1442.6689
2016,5,REG,GB,NYG,1557.1201,1473.7895,42.2,0.6732,1,1563.6565,1467.2531
2016,5,REG,CAR,TB,1561.8924,1429.787,42.2,0.7317,0,1547.2579,1444.4215
2016,6,REG,LAC,DEN,1442.6689,1614.7287,42.2,0.3214,1,1456.2417,1601.1559
2016,6,REG,BUF,SF,1520.6187,1465.4433,42.2,0.6366,1,1527.8872,1458.1748
2016,6,REG,CHI,JAX,1446.3957,1415.5821,42.2,0.6036,0,1434.3246,1427.6532
2016,6,REG,DET,LA,1495.9131,1500.5832,42.2,0.5538,1,1504.8371,1491.6592
2016,6,REG,MIA,PIT,1453.1991,1572.1315,42.2,0.3913,1,1465.3724,1559.9582
2016,6,REG,NE,CIN,1598.1632,1537.297,42.2,0.6441,1,1605.2808,1530.1794
2016,6,REG,NO,CAR,1475.1093,1547.2579,42.2,0.457,1,1485.9692,1536.398
2016,6,REG,NYG,BAL,1467.2531,1493.1668,42.2,0.5234,1,1476.7847,1483.6352
2016,6,REG,TEN,CLE,1412.7647,1397.4911,42.2,0.582,1,1421.1254,1389.1304
2016,6,REG,WAS,PHI,1493.6122,1519.4343,42.2,0.5236,1,1503.1412,1509.9053
2016,6,REG,LV,KC,1494.6443,1543.5358,42.2,0.4904,0,1484.8369,1553.3432
2016,6,REG,GB,DAL,1563.6565,1507.4318,42.2,0.638,0,1550.897,1520.1913
2016,6,REG,SEA,ATL,1584.5086,1520.9776,42.2,0.6476,1,1591.556,1513.9302
2016,6,REG,HOU,IND,1511.9753,1511.1053,42.2,0.5617,1,1520.742,1502.3386
2016,6,REG,ARI,NYJ,1554.6611,1483.9136,42.2,0.6571,1,1561.5201,1477.0546
2016,7,REG,GB,CHI,1550.897,1434.3246,42.2,0.7138,1,1556.6208,1428.6008
2016,7,REG,LA,NYG,1491.6592,1476.7847,42.2,0.5814,0,1480.0311,1488.4128
2016,7,REG,CIN,CLE,1530.1794,1389.1304,42.2,0.7417,1,1535.3452,1383.9646
2016,7,REG,DET,WAS,1504.8371,1503.1412,42.2,0.5628,1,1513.5804,1494.3979
2016,7,REG,JAX,LV,1427.6532,1484.8369,42.2,0.4785,0,1418.0842,1494.4059
2016,7,REG,KC,NO,1553.3432,1485.9692,42.2,0.6527,1,1560.29,1479.0224
2016,7,REG,MIA,BUF,1465.3724,1527.8872,42.2,0.4708,1,1475.9564,1517.3032
2016,7,REG,NYJ,BAL,1477.0546,1483.6352,42.2,0.5511,1,1486.033,1474.6568
2016,7,REG,PHI,MIN,1509.9053,1570.1776,42.2,0.474,1,1520.425,1559.6579
2016,7,REG,TEN,IND,1421.1254,1502.3386,42.2,0.4441,0,1412.2436,1511.2204
2016,7,REG,ATL,LAC,1513.9302,1456.2417,42.2,0.6399,0,1501.1319,1469.04
2016,7,REG,SF,TB,1458.1748,1444.4215,42.2,0.5798,0,1446.5781,1456.0182
2016,7,REG,PIT,NE,1559.9582,1605.2808,42.2,0.4955,0,1550.0481,1615.1909
2016,7,REG,ARI,SEA,1561.5201,1591.556,42.2,0.5175,0,1551.1701,1601.906
2016,7,REG,DEN,HOU,1601.1559,1520.742,42.2,0.6695,1,1607.7664,1514.1315
2016,8,REG,TEN,JAX,1412.2436,1418.0842,42.2,0.5521,1,1421.2009,1409.1269
2016,8,REG,CIN,WAS,1535.3452,1494.3979,42.2,0.6174,0,1522.9967,1506.7464
2016,8,REG,BUF,NE,1517.3032,1615.1909,42.2,0.4205,0,1508.8924,1623.6017
2016,8,REG,CAR,ARI,1536.398,1551.1701,42.2,0.5394,1,1545.6102,1541.9579
2016,8,REG,CLE,NYJ,1383.9646,1486.033,42.2,0.4147,0,1375.6709,1494.3267
2016,8,REG,HOU,DET,1514.1315,1513.5804,42.2,0.5612,1,1522.9072,1504.8047
2016,8,REG,IND,KC,1511.2204,1560.29,42.2,0.4901,0,1501.4181,1570.0923
2016,8,REG,NO,SEA,1479.0224,1601.906,42.2,0.3859,1,1491.3038,1589.6246
2016,8,REG,TB,LV,1456.0182,1494.4059,42.2,0.5055,0,1445.9085,1504.5156
2016,8,REG,DEN,LAC,1607.7664,1469.04,42.2,0.7391,1,1612.9836,1463.8228
2016,8,REG,ATL,GB,1501.1319,1556.6208,42.2,0.4809,1,1511.5142,1546.2385
2016,8,REG,DAL,PHI,1520.1913,1520.425,42.2,0.5601,1,1528.9893,1511.627
2016,8,REG,CHI,MIN,1428.6008,1559.6579,42.2,0.3748,1,1441.104,1547.1547
2016,9,REG,TB,ATL,1445.9085,1511.5142,42.2,0.4664,0,1436.5812,1520.8415
2016,9,REG,BAL,PIT,1474.6568,1550.0481,42.2,0.4524,1,1485.6092,1539.0957
2016,9,REG,CLE,DAL,1375.6709,1528.9893,42.2,0.3453,0,1368.7644,1535.8958
2016,9,REG,KC,JAX,1570.0923,1409.1269,42.2,0.7631,1,1574.8312,1404.388
2016,9,REG,MIA,NYJ,1475.9564,1494.3267,42.2,0.5342,1,1485.2716,1485.0115
2016,9,REG,MIN,DET,1547.1547,1504.8047,42.2,0.6193,0,1534.7681,1517.1913
2016,9,REG,NYG,PHI,1488.4128,1511.627,42.2,0.5273,1,1497.8669,1502.1729
2016,9,REG,LA,CAR,1480.0311,1545.6102,42.2,0.4664,0,1470.703,1554.9383
2016,9,REG,SF,NO,1446.5781,1491.3038,42.2,0.4964,0,1436.6508,1501.2311
2016,9,REG,GB,IND,1546.2385,1501.4181,42.2,0.6227,0,1533.7849,1513.8717
2016,9,REG,LAC,TEN,1463.8228,1421.2009,42.2,0.6197,1,1471.4288,1413.5949
2016,9,REG,LV,DEN,1504.5156,1612.9836,42.2,0.4058,1,1516.4001,1601.0991
2016,9,REG,SEA,BUF,1589.6246,1508.8924,42.2,0.6699,1,1596.2269,1502.2901
2016,10,REG,BAL,CLE,1485.6092,1368.7644,42.2,0.7141,1,1491.3266,1363.047
2016,10,REG,CAR,KC,1554.9383,1574.8312,42.2,0.5321,0,1544.2971,1585.4724
2016,10,REG,JAX,HOU,1404.388,1522.9072,42.2,0.3919,0,1396.55,1530.7452
2016,10,REG,NO,DEN,1501.2311,1601.0991,42.2,0.4178,0,1492.8758,1609.4544
2016,10,REG,NYJ,LA,1485.0115,1470.703,42.2,0.5806,0,1473.3992,1482.3153
2016,10,REG,PHI,ATL,1502.1729,1520.8415,42.2,0.5338,1,1511.4966,1511.5178
2016,10,REG,TB,CHI,1436.5812,1441.104,42.2,0.554,1,1445.501,1432.1842
2016,10,REG,TEN,GB,1413.5949,1533.7849,42.2,0.3896,1,1425.8027,1521.5771
2016,10,REG,WAS,MIN,1506.7464,1534.7681,42.2,0.5204,1,1516.3385,1525.176
2016,10,REG,LAC,MIA,1471.4288,1485.2716,42.2,0.5407,0,1460.6144,1496.086
2016,10,REG,ARI,SF,1541.9579,1436.6508,42.2,0.7004,1,1547.9503,1430.6584
2016,10,REG,PIT,DAL,1539.0957,1535.8958,42.2,0.565,0,1527.7964,1547.1951
2016,10,REG,NE,SEA,1623.6017,1596.2269,42.2,0.5988,0,1611.6255,1608.2031
2016,10,REG,NYG,CIN,1497.8669,1522.9967,42.2,0.5245,1,1507.376,1513.4876
2016,11,REG,CAR,NO,1544.2971,1492.8758,42.2,0.6316,1,1551.6658,1485.5071
2016,11,REG,CIN,BUF,1513.4876,1502.2901,42.2,0.5762,0,1501.9627,1513.815
2016,11,REG,CLE,PIT,1363.047,1527.7964,42.2,0.3306,0,1356.4349,1534.4085
2016,11,REG,DAL,BAL,1547.1951,1491.3266,42.2,0.6375,1,1554.4451,1484.0766
2016,11,REG,DET,JAX,1517.1913,1396.55,42.2,0.7186,1,1522.8199,1390.9214
2016,11,REG,IND,TEN,1513.8717,1425.8027,42.2,0.6792,1,1520.2886,1419.3858
2016,11,REG,KC,TB,1585.4724,1445.501,42.2,0.7405,0,1570.662,1460.3114
2016,11,REG,MIN,ARI,1525.176,1547.9503,42.2,0.5279,1,1534.6175,1538.5088
2016,11,REG,NYG,CHI,1507.376,1432.1842,42.2,0.6628,1,1514.1202,1425.44
2016,11,REG,LA,MIA,1482.3153,1496.086,42.2,0.5408,0,1471.4989,1506.9024
2016,11,REG,SEA,PHI,1608.2031,1511.4966,42.2,0.6899,1,1614.4053,1505.2944
2016,11,REG,SF,NE,1430.6584,1611.6255,42.2,0.3103,0,1424.4528,1617.8311
2016,11,REG,WAS,GB,1516.3385,1521.5771,42.2,0.553,1,1525.2787,1512.6369
2016,11,REG,LV,HOU,1516.4001,1530.7452,42.2,0.54,1,1525.6001,1521.5452
2016,12,REG,DET,MIN,1522.8199,1534.6175,42.2,0.5436,1,1531.9471,1525.4903
2016,12,REG,DAL,WAS,1554.4451,1525.2787,42.2,0.6013,1,1562.4194,1517.3044
2016,12,REG,IND,PIT,1520.2886,1534.4085,42.2,0.5403,0,1509.4821,1545.215
2016,12,REG,ATL,ARI,1511.5178,1538.5088,42.2,0.5219,1,1521.0803,1528.9463
2016,12,REG,BAL,CIN,1484.0766,1501.9627,42.2,0.5349,1,1493.3779,1492.6614
2016,12,REG,BUF,JAX,1513.815,1390.9214,42.2,0.7212,1,1519.3913,1385.3451
2016,12,REG,CHI,TEN,1425.44,1419.3858,42.2,0.569,0,1414.06,1430.7658
2016,12,REG,CLE,NYG,1356.4349,1514.1202,42.2,0.3397,0,1349.6416,1520.9135
2016,12,REG,HOU,LAC,1521.5452,1460.6144,42.2,0.6442,0,1508.6611,1473.4985
2016,12,REG,MIA,SF,1506.9024,1424.4528,42.2,0.6721,1,1513.4611,1417.8941
2016,12,REG,NO,LA,1485.5071,1471.4989,42.2,0.5802,1,1493.9033,1463.1027
2016,12,REG,TB,SEA,1460.3114,1614.4053,42.2,0.3443,1,1473.4251,1601.2916
2016,12,REG,NYJ,NE,1473.3992,1617.8311,42.2,0.357,0,1466.2596,1624.9707
2016,12,REG,LV,CAR,1525.6001,1551.6658,42.2,0.5232,1,1535.1361,1542.1298
2016,12,REG,DEN,KC,1609.4544,1570.662,42.2,0.6145,0,1597.1646,1582.9518
2016,12,REG,PHI,GB,1505.2944,1512.6369,42.2,0.55,0,1494.2945,1523.6368
2016,13,REG,MIN,DAL,1525.4903,1562.4194,42.2,0.5076,0,1515.3386,1572.5711
2016,13,REG,ATL,KC,1521.0803,1582.9518,42.2,0.4717,0,1511.6459,1592.3862
2016,13,REG,BAL,MIA,1493.3779,1513.4611,42.2,0.5318,1,1502.7422,1504.0968
2016,13,REG,CHI,SF,1414.06,1417.8941,42.2,0.555,1,1422.9602,1408.9939
2016,13,REG,CIN,PHI,1492.6614,1494.2945,42.2,0.5581,1,1501.4991,1485.4568
2016,13,REG,GB,HOU,1523.6368,1508.6611,42.2,0.5815,1,1532.0058,1500.2921
2016,13,REG,JAX,DEN,1385.3451,1597.1646,42.2,0.2736,0,1379.873,1602.6367
2016,13,REG,NE,LA,1624.9707,1463.1027,42.2,0.764,1,1629.6908,1458.3826
2016,13,REG,NO,DET,1493.9033,1531.9471,42.2,0.506,0,1483.7837,1542.0667
2016,13,REG,LV,BUF,1535.1361,1519.3913,42.2,0.5826,1,1543.4836,1511.0438
2016,13,REG,ARI,WAS,1528.9463,1517.3044,42.2,0.5769,1,1537.4089,1508.8418
2016,13,REG,PIT,NYG,1545.215,1520.9135,42.2,0.5946,1,1553.324,1512.8045
2016,13,REG,LAC,TB,1473.4985,1473.4251,42.2,0.5605,0,1462.2877,1484.6359
2016,13,REG,SEA,CAR,1601.2916,1542.1298,42.2,0.6419,1,1608.4542,1534.9672
2016,13,REG,NYJ,IND,1466.2596,1509.4821,42.2,0.4985,0,1456.289,1519.4527
2016,14,REG,KC,LV,1592.3862,1543.4836,42.2,0.6282,1,1599.8225,1536.0473
2016,14,REG,BUF,PIT,1511.0438,1553.324,42.2,0.4999,0,1501.0461,1563.3217
2016,14,REG,CAR,LAC,1534.9672,1462.2877,42.2,0.6596,1,1541.7762,1455.4787
2016,14,REG,CLE,CIN,1349.6416,1501.4991,42.2,0.3472,0,1342.697,1508.4437
2016,14,REG,DET,CHI,1542.0667,1422.9602,42.2,0.7168,1,1547.7311,1417.2958
2016,14,REG,IND,HOU,1519.4527,1500.2921,42.2,0.5874,0,1507.7047,1512.0401
2016,14,REG,JAX,MIN,1379.873,1515.3386,42.2,0.3689,0,1372.4947,1522.7169
2016,14,REG,MIA,ARI,1504.0968,1537.4089,42.2,0.5128,1,1513.841,1527.6647
2016,14,REG,PHI,WAS,1485.4568,1508.8418,42.2,0.5271,0,1474.9158,1519.3828
2016,14,REG,TEN,DEN,1430.7658,1602.6367,42.2,0.3216,1,1444.3339,1589.0686
2016,14,REG,SF,NYJ,1408.9939,1456.289,42.2,0.4927,0,1399.1405,1466.1424
2016,14,REG,GB,SEA,1532.0058,1608.4542,42.2,0.4509,1,1542.9884,1597.4716
2016,14,REG,LA,ATL,1458.3826,1511.6459,42.2,0.4841,0,1448.7009,1521.3276
2016,14,REG,TB,NO,1484.6359,1483.7837,42.2,0.5616,1,1493.4031,1475.0165
2016,14,REG,NYG,DAL,1512.8045,1572.5711,42.2,0.4747,1,1523.3097,1562.0659
2016,14,REG,NE,BAL,1629.6908,1502.7422,42.2,0.7259,1,1635.1737,1497.2593
2016,15,REG,SEA,LA,1597.4716,1448.7009,42.2,0.7501,1,1602.469,1443.7035
2016,15,REG,NYJ,MIA,1466.1424,1513.841,42.2,0.4921,0,1456.3006,1523.6828
2016,15,REG,BAL,PHI,1497.2593,1474.9158,42.2,0.5918,1,1505.4227,1466.7524
2016,15,REG,BUF,CLE,1501.0461,1342.697,42.2,0.7603,1,1505.8396,1337.9035
2016,15,REG,CHI,GB,1417.2958,1542.9884,42.2,0.3821,0,1409.6537,1550.6305
2016,15,REG,CIN,PIT,1508.4437,1563.3217,42.2,0.4818,0,1498.8084,1572.957
2016,15,REG,HOU,JAX,1512.0401,1372.4947,42.2,0.74,1,1517.2392,1367.2956
2016,15,REG,KC,TEN,1599.8225,1444.3339,42.2,0.7573,0,1584.6763,1459.4801
2016,15,REG,MIN,IND,1522.7169,1507.7047,42.2,0.5816,0,1511.0849,1519.3367
2016,15,REG,NYG,DET,1523.3097,1547.7311,42.2,0.5256,1,1532.7984,1538.2424
2016,15,REG,ARI,NO,1527.6647,1475.0165,42.2,0.6332,0,1515.0006,1487.6806
2016,15,REG,ATL,SF,1521.3276,1399.1405,42.2,0.7204,1,1526.9202,1393.5479
2016,15,REG,DEN,NE,1589.0686,1635.1737,42.2,0.4944,0,1579.181,1645.0613
2016,15,REG,LAC,LV,1455.4787,1536.0473,42.2,0.445,0,1446.5786,1544.9474
2016,15,REG,DAL,TB,1562.0659,1493.4031,42.2,0.6543,1,1568.9791,1486.4899
2016,15,REG,WAS,CAR,1519.3828,1541.7762,42.2,0.5285,0,1508.8133,1552.3457
2016,16,REG,PHI,NYG,1466.7524,1532.7984,42.2,0.4657,1,1477.4377,1522.1131
2016,16,REG,BUF,MIA,1505.8396,1523.6828,42.2,0.535,0,1495.1397,1534.3827
2016,16,REG,CAR,ATL,1552.3457,1526.9202,42.2,0.5961,0,1540.4235,1538.8424
2016,16,REG,CHI,WAS,1409.6537,1508.8133,42.2,0.4188,0,1401.2786,1517.1884
2016,16,REG,CLE,LAC,1337.9035,1446.5786,42.2,0.4055,1,1349.7938,1434.6883
2016,16,REG,GB,MIN,1550.6305,1511.0849,42.2,0.6155,1,1558.3201,1503.3953
2016,16,REG,JAX,TEN,1367.2956,1459.4801,42.2,0.4286,1,1378.7244,1448.0513
2016,16,REG,NE,NYJ,1645.0613,1456.3006,42.2,0.7908,1,1649.2461,1452.1158
2016,16,REG,LV,IND,1544.9474,1519.3367,42.2,0.5964,1,1553.0201,1511.264
2016,16,REG,LA,SF,1443.7035,1393.5479,42.2,0.6299,0,1431.1062,1406.1452
2016,16,REG,NO,TB,1487.6806,1486.4899,42.2,0.5621,1,1496.4382,1477.7323
2016,16,REG,SEA,ARI,1602.469,1515.0006,42.2,0.6784,0,1588.901,1528.5686
2016,16,REG,HOU,CIN,1517.2392,1498.8084,42.2,0.5864,1,1525.5116,1490.536
2016,16,REG,PIT,BAL,1572.957,1505.4227,42.2,0.6529,1,1579.8996,1498.4801
2016,16,REG,KC,DEN,1584.6763,1579.181,42.2,0.5682,1,1593.3121,1570.5452
2016,16,REG,DAL,DET,1568.9791,1538.2424,42.2,0.6034,1,1576.9101,1530.3114
2016,17,REG,CIN,BAL,1490.536,1498.4801,42.2,0.5491,1,1499.5532,1489.4629
2016,17,REG,IND,JAX,1511.264,1378.7244,42.2,0.7322,1,1516.6197,1373.3687
2016,17,REG,MIA,NE,1534.3827,1649.2461,42.2,0.3969,0,1526.4442,1657.1846
2016,17,REG,MIN,CHI,1503.3953,1401.2786,42.2,0.6965,1,1509.465,1395.2089
2016,17,REG,NYJ,BUF,1452.1158,1495.1397,42.2,0.4988,1,1462.1395,1485.116
2016,17,REG,PHI,DAL,1477.4377,1576.9101,42.2,0.4183,1,1489.0714,1565.2764
2016,17,REG,PIT,CLE,1579.8996,1349.7938,42.2,0.8274,1,1583.351,1346.3424
2016,17,REG,TB,CAR,1477.7323,1540.4235,42.2,0.4705,1,1488.3214,1529.8344
2016,17,REG,TEN,HOU,1448.0513,1525.5116,42.2,0.4494,1,1459.0627,1514.5002
2016,17,REG,ATL,NO,1538.8424,1496.4382,42.2,0.6194,1,1546.4543,1488.8263
2016,17,REG,DEN,LV,1570.5452,1553.0201,42.2,0.5851,1,1578.8429,1544.7224
2016,17,REG,LA,ARI,1431.1062,1528.5686,42.2,0.4211,0,1422.6835,1536.9913
2016,17,REG,LAC,KC,1434.6883,1593.3121,42.2,0.3385,0,1427.9192,1600.0812
2016,17,REG,SF,SEA,1406.1452,1588.901,42.2,0.3081,0,1399.9836,1595.0626
2016,17,REG,WAS,NYG,1517.1884,1522.1131,42.2,0.5534,0,1506.1196,1533.1819
2016,17,REG,DET,GB,1530.3114,1558.3201,42.2,0.5204,0,1519.9032,1568.7283
2016,18,WC,HOU,LV,1514.5002,1544.7224,42.2,0.5172,1,1526.0867,1533.1359
2016,18,WC,SEA,DET,1595.0626,1519.9032,42.2,0.6628,1,1603.1566,1511.8092
2016,18,WC,PIT,MIA,1583.351,1526.4442,42.2,0.6389,1,1592.0179,1517.7773
2016,18,WC,GB,NYG,1568.7283,1533.1819,42.2,0.6101,1,1578.087,1523.8232
2016,19,DIV,ATL,SEA,1546.4543,1603.1566,42.2,0.4791,1,1558.9549,1590.656
2016,19,DIV,NE,HOU,1657.1846,1526.0867,42.2,0.7306,1,1663.6506,1519.6207
2016,19,DIV,DAL,GB,1565.2764,1578.087,42.2,0.5422,0,1552.2637,1591.0997
2016,19,DIV,KC,PIT,1600.0812,1592.0179,42.2,0.5718,0,1586.3572,1605.7419
2016,20,CON,ATL,GB,1558.9549,1591.0997,42.2,0.5145,1,1570.6077,1579.4469
2016,20,CON,NE,PIT,1663.6506,1605.7419,42.2,0.6402,1,1672.2856,1597.1069
2016,21,SB,ATL,NE,1570.6077,1672.2856,0.0,0.3577,0,1562.0226,1680.8707
2017,1,REG,NE,KC,1622.8334,1559.5093,42.2,0.6474,0,1609.8862,1572.4565
2017,1,REG,BUF,NYJ,1491.6777,1476.2835,42.2,0.5821,1,1500.035,1467.9262
2017,1,REG,CHI,ATL,1431.44,1543.2051,42.2,0.4012,0,1423.4159,1551.2292
2017,1,REG,CIN,BAL,1501.3506,1494.5901,42.2,0.57,0,1489.9507,1505.99
2017,1,REG,CLE,PIT,1398.6994,1566.7116,42.2,0.3265,0,1392.1702,1573.2408
2017,1,REG,DET,ARI,1509.5622,1526.4342,42.2,0.5364,1,1518.8345,1517.1619
2017,1,REG,HOU,JAX,1514.7959,1416.807,42.2,0.6915,0,1500.9665,1430.6364
2017,1,REG,TEN,LV,1474.222,1523.8511,42.2,0.4893,0,1464.4358,1533.6373
2017,1,REG,WAS,PHI,1505.7501,1494.3278,42.2,0.5766,0,1494.2189,1505.859
2017,1,REG,LA,IND,1449.8479,1512.7852,42.2,0.4702,1,1460.4441,1502.189
2017,1,REG,GB,SEA,1554.8794,1562.3895,42.2,0.5498,1,1563.8842,1553.3847
2017,1,REG,SF,CAR,1434.639,1521.639,42.2,0.4359,0,1425.9213,1530.3567
2017,1,REG,DAL,NYG,1536.6667,1517.6115,42.2,0.5873,1,1544.9217,1509.3565
2017,1,REG,MIN,NO,1507.9916,1494.1636,42.2,0.5799,1,1516.3928,1485.7624
2017,1,REG,DEN,LAC,1554.4747,1453.3559,42.2,0.6953,1,1560.5687,1447.2619
2017,2,REG,CIN,HOU,1489.9507,1500.9665,42.2,0.5448,0,1479.0555,1511.8617
2017,2,REG,BAL,CLE,1505.99,1392.1702,42.2,0.7106,1,1511.7787,1386.3815
2017,2,REG,CAR,BUF,1530.3567,1500.035,42.2,0.6029,1,1538.2992,1492.0925
2017,2,REG,IND,ARI,1502.189,1517.1619,42.2,0.5391,0,1491.4069,1527.944
2017,2,REG,JAX,TEN,1430.6364,1464.4358,42.2,0.5121,0,1420.3947,1474.6775
2017,2,REG,KC,PHI,1572.4565,1505.859,42.2,0.6516,1,1579.4236,1498.8919
2017,2,REG,NO,NE,1485.7624,1609.8862,42.2,0.3842,0,1478.0776,1617.571
2017,2,REG,PIT,MIN,1573.2408,1516.3928,42.2,0.6388,1,1580.4648,1509.1688
2017,2,REG,TB,CHI,1493.8253,1423.4159,42.2,0.6566,1,1500.6931,1416.5481
2017,2,REG,LAC,MIA,1447.2619,1513.5608,42.2,0.4654,0,1437.9544,1522.8683
2017,2,REG,LV,NYJ,1533.6373,1467.9262,42.2,0.6505,1,1540.6275,1460.936
2017,2,REG,DEN,DAL,1560.5687,1544.9217,42.2,0.5825,1,1568.9189,1536.5715
2017,2,REG,LA,WAS,1460.4441,1494.2189,42.2,0.5121,0,1450.2017,1504.4613
2017,2,REG,SEA,SF,1553.3847,1425.9213,42.2,0.7264,1,1558.8558,1420.4502
2017,2,REG,ATL,GB,1551.2292,1563.8842,42.2,0.5424,1,1560.3809,1554.7325
2017,2,REG,NYG,DET,1509.3565,1518.8345,42.2,0.547,0,1498.4175,1529.7735
2017,3,REG,SF,LA,1420.4502,1450.2017,42.2,0.5179,0,1410.0921,1460.5598
2017,3,REG,BUF,DEN,1492.0925,1568.9189,42.2,0.4503,1,1503.0858,1557.9256
2017,3,REG,CAR,NO,1538.2992,1478.0776,42.2,0.6433,0,1525.4338,1490.943
2017,3,REG,CHI,PIT,1416.5481,1580.4648,42.2,0.3317,1,1429.9148,1567.0981
2017,3,REG,DET,ATL,1529.7735,1560.3809,42.2,0.5167,0,1519.44,1570.7144
2017,3,REG,IND,CLE,1491.4069,1386.3815,42.2,0.7,1,1497.4061,1380.3823
2017,3,REG,MIN,TB,1509.1688,1500.6931,42.2,0.5724,1,1517.7205,1492.1414
2017,3,REG,NE,HOU,1617.571,1511.8617,42.2,0.7009,1,1623.5536,1505.8791
2017,3,REG,NYJ,MIA,1460.936,1522.8683,42.2,0.4716,1,1471.5033,1512.301
2017,3,REG,PHI,NYG,1498.8919,1498.4175,42.2,0.5611,1,1507.6698,1489.6396
2017,3,REG,TEN,SEA,1474.6775,1558.8558,42.2,0.4399,1,1485.8799,1547.6534
2017,3,REG,GB,CIN,1554.7325,1479.0555,42.2,0.6634,1,1561.4642,1472.3238
2017,3,REG,LAC,KC,1437.9544,1579.4236,42.2,0.3609,0,1430.7363,1586.6417
2017,3,REG,WAS,LV,1504.4613,1540.6275,42.2,0.5087,1,1514.2877,1530.8011
2017,3,REG,JAX,BAL,1420.3947,1511.7787,42.2,0.4297,1,1431.8009,1500.3725
2017,3,REG,ARI,DAL,1527.944,1536.5715,42.2,0.5482,0,1516.9807,1547.5348
2017,4,REG,GB,CHI,1561.4642,1429.9148,42.2,0.7311,1,1566.8423,1424.5367
2017,4,REG,ATL,BUF,1570.7144,1503.0858,42.2,0.653,0,1557.6545,1516.1457
2017,4,REG,BAL,PIT,1500.3725,1567.0981,42.2,0.4648,0,1491.0772,1576.3934
2017,4,REG,CLE,CIN,1380.3823,1472.3238,42.2,0.4289,0,1371.8043,1480.9018
2017,4,REG,DAL,LA,1547.5348,1460.5598,42.2,0.6778,0,1533.9792,1474.1154
2017,4,REG,HOU,TEN,1505.8791,1485.8799,42.2,0.5886,1,1514.1077,1477.6513
2017,4,REG,MIN,DET,1517.7205,1519.44,42.2,0.558,0,1506.5606,1530.5999
2017,4,REG,NE,CAR,1623.5536,1525.4338,42.2,0.6916,0,1609.721,1539.2664
2017,4,REG,NYJ,JAX,1471.5033,1431.8009,42.2,0.6157,1,1479.1887,1424.1155
2017,4,REG,ARI,SF,1516.9807,1410.0921,42.2,0.7023,1,1522.9349,1404.1379
2017,4,REG,LAC,PHI,1430.7363,1507.6698,42.2,0.4502,0,1421.7327,1516.6734
2017,4,REG,TB,NYG,1492.1414,1489.6396,42.2,0.564,1,1500.8618,1480.9192
2017,4,REG,DEN,LV,1557.9256,1530.8011,42.2,0.5985,1,1565.9563,1522.7704
2017,4,REG,SEA,IND,1547.6534,1497.4061,42.2,0.63,1,1555.0536,1490.0059
2017,4,REG,MIA,NO,1512.301,1490.943,42.2,0.5905,0,1500.4918,1502.7522
2017,4,REG,KC,WAS,1586.6417,1514.2877,42.2,0.6591,1,1593.4591,1507.4703
2017,5,REG,TB,NE,1500.8618,1609.721,42.2,0.4052,0,1492.7572,1617.8256
2017,5,REG,CIN,BUF,1480.9018,1516.1457,42.2,0.51,1,1490.7016,1506.3459
2017,5,REG,CLE,NYJ,1371.8043,1479.1887,42.2,0.4073,0,1363.6588,1487.3342
2017,5,REG,DET,CAR,1530.5999,1539.2664,42.2,0.5481,0,1519.6377,1550.2286
2017,5,REG,IND,SF,1490.0059,1404.1379,42.2,0.6764,1,1496.4782,1397.6656
2017,5,REG,MIA,TEN,1500.4918,1477.6513,42.2,0.5925,1,1508.6413,1469.5018
2017,5,REG,NYG,LAC,1480.9192,1421.7327,42.2,0.6419,0,1468.0812,1434.5707
2017,5,REG,PHI,ARI,1516.6734,1522.9349,42.2,0.5515,1,1525.6427,1513.9656
2017,5,REG,PIT,JAX,1576.3934,1424.1155,42.2,0.7539,0,1561.3155,1439.1934
2017,5,REG,LA,SEA,1474.1154,1555.0536,42.2,0.4445,0,1465.2258,1563.9432
2017,5,REG,LV,BAL,1522.7704,1491.0772,42.2,0.6048,0,1510.6751,1503.1725
2017,5,REG,DAL,GB,1533.9792,1566.8423,42.2,0.5134,0,1523.7105,1577.111
2017,5,REG,HOU,KC,1514.1077,1593.4591,42.2,0.4467,0,1505.1729,1602.3939
2017,5,REG,CHI,MIN,1424.5367,1506.5606,42.2,0.4429,0,1415.6779,1515.4194
2017,6,REG,CAR,PHI,1550.2286,1525.6427,42.2,0.5949,0,1538.3297,1537.5416
2017,6,REG,ATL,MIA,1557.6545,1508.6413,42.2,0.6283,0,1545.0879,1521.2079
2017,6,REG,BAL,CHI,1503.1725,1415.6779,42.2,0.6784,0,1489.6038,1429.2466
2017,6,REG,HOU,CLE,1505.1729,1363.6588,42.2,0.7422,1,1510.3285,1358.5032
2017,6,REG,MIN,GB,1515.4194,1577.111,42.2,0.472,1,1525.9798,1566.5506
2017,6,REG,NO,DET,1502.7522,1519.6377,42.2,0.5364,1,1512.0249,1510.365
2017,6,REG,NYJ,NE,1487.3342,1617.8256,42.2,0.3756,0,1479.8221,1625.3377
2017,6,REG,WAS,SF,1507.4703,1397.6656,42.2,0.7058,1,1513.3546,1391.7813
2017,6,REG,ARI,TB,1513.9656,1492.7572,42.2,0.5903,1,1522.1606,1484.5622
2017,6,REG,JAX,LA,1439.1934,1465.2258,42.2,0.5233,0,1428.7284,1475.6908
2017,6,REG,KC,PIT,1602.3939,1561.3155,42.2,0.6176,0,1590.0418,1573.6676
2017,6,REG,LV,LAC,1510.6751,1434.5707,42.2,0.664,0,1497.3958,1447.85
2017,6,REG,DEN,NYG,1565.9563,1468.0812,42.2,0.6913,0,1552.1297,1481.9078
2017,6,REG,TEN,IND,1469.5018,1496.4782,42.2,0.5219,1,1479.0639,1486.9161
2017,7,REG,LV,KC,1497.3958,1590.0418,42.2,0.4279,1,1508.8376,1578.6
2017,7,REG,BUF,TB,1506.3459,1484.5622,42.2,0.5911,1,1514.5248,1476.3833
2017,7,REG,CHI,CAR,1429.2466,1538.3297,42.2,0.4049,1,1441.1482,1526.4281
2017,7,REG,CLE,TEN,1358.5032,1479.0639,42.2,0.3891,0,1350.7211,1486.846
2017,7,REG,GB,NO,1566.5506,1512.0249,42.2,0.6357,0,1553.8364,1524.7391
2017,7,REG,IND,JAX,1486.9161,1428.7284,42.2,0.6406,0,1474.1045,1441.54
2017,7,REG,LA,ARI,1475.6908,1522.1606,42.2,0.4939,1,1485.8137,1512.0377
2017,7,REG,MIA,NYJ,1521.2079,1479.8221,42.2,0.618,1,1528.8475,1472.1825
2017,7,REG,MIN,BAL,1525.9798,1489.6038,42.2,0.6112,1,1533.756,1481.8276
2017,7,REG,SF,DAL,1391.7813,1523.7105,42.2,0.3737,0,1384.308,1531.1838
2017,7,REG,LAC,DEN,1447.85,1552.1297,42.2,0.4116,1,1459.618,1540.3617
2017,7,REG,NYG,SEA,1481.9078,1563.9432,42.2,0.4429,0,1473.0494,1572.8016
2017,7,REG,PIT,CIN,1573.6676,1490.7016,42.2,0.6727,1,1580.2132,1484.156
2017,7,REG,NE,ATL,1625.3377,1545.0879,42.2,0.6693,1,1631.9523,1538.4733
2017,7,REG,PHI,WAS,1537.5416,1513.3546,42.2,0.5944,1,1545.6537,1505.2425
2017,8,REG,BAL,MIA,1481.8276,1528.8475,42.2,0.4931,1,1491.9663,1518.7088
2017,8,REG,BUF,LV,1514.5248,1508.8376,42.2,0.5685,1,1523.1552,1500.2072
2017,8,REG,CIN,IND,1484.156,1474.1045,42.2,0.5746,1,1492.6633,1465.5972
2017,8,REG,NE,LAC,1631.9523,1459.618,42.2,0.7747,1,1636.4586,1455.1117
2017,8,REG,NO,CHI,1524.7391,1441.1482,42.2,0.6735,1,1531.2689,1434.6184
2017,8,REG,NYJ,ATL,1472.1825,1538.4733,42.2,0.4654,0,1462.8748,1547.781
2017,8,REG,PHI,SF,1545.6537,1384.308,42.2,0.7635,1,1550.3846,1379.5771
2017,8,REG,TB,CAR,1476.3833,1526.4281,42.2,0.4887,0,1466.6091,1536.2023
2017,8,REG,SEA,HOU,1572.8016,1510.3285,42.2,0.6462,1,1579.8768,1503.2533
2017,8,REG,WAS,DAL,1505.2425,1531.1838,42.2,0.5234,0,1494.7749,1541.6514
2017,8,REG,DET,PIT,1510.365,1580.2132,42.2,0.4603,0,1501.1591,1589.4191
2017,8,REG,CLE,MIN,1350.7211,1533.756,42.2,0.3077,0,1344.5663,1539.9108
2017,8,REG,KC,DEN,1578.6,1540.3617,42.2,0.6137,1,1586.3253,1532.6364
2017,9,REG,NYJ,BUF,1462.8748,1523.1552,42.2,0.474,1,1473.3947,1512.6353
2017,9,REG,CAR,ATL,1536.2023,1547.781,42.2,0.544,1,1545.3232,1538.6601
2017,9,REG,HOU,IND,1503.2533,1465.5972,42.2,0.6129,0,1490.9945,1477.856
2017,9,REG,JAX,CIN,1441.54,1492.6633,42.2,0.4872,1,1451.7968,1482.4065
2017,9,REG,NO,TB,1531.2689,1466.6091,42.2,0.6491,1,1538.2867,1459.5913
2017,9,REG,NYG,LA,1473.0494,1485.8137,42.2,0.5423,0,1462.2042,1496.6589
2017,9,REG,PHI,DEN,1550.3846,1532.6364,42.2,0.5854,1,1558.6761,1524.3449
2017,9,REG,TEN,BAL,1486.846,1491.9663,42.2,0.5532,1,1495.7828,1483.0295
2017,9,REG,SEA,WAS,1579.8768,1494.7749,42.2,0.6754,0,1566.3684,1508.2833
2017,9,REG,SF,ARI,1379.5771,1512.0377,42.2,0.373,0,1372.1181,1519.4967
2017,9,REG,DAL,KC,1541.6514,1586.3253,42.2,0.4964,1,1551.7226,1576.2541
2017,9,REG,MIA,LV,1518.7088,1500.2072,42.2,0.5865,0,1506.9792,1511.9368
2017,9,REG,GB,DET,1553.8364,1501.1591,42.2,0.6332,0,1541.1715,1513.824
2017,10,REG,ARI,SEA,1519.4967,1566.3684,42.2,0.4933,0,1509.6312,1576.2339
2017,10,REG,BUF,NO,1512.6353,1538.2867,42.2,0.5238,0,1502.1594,1548.7626
2017,10,REG,CHI,GB,1434.6184,1541.1715,42.2,0.4084,0,1426.4497,1549.3402
2017,10,REG,DET,CLE,1513.824,1344.5663,42.2,0.7716,1,1518.3924,1339.9979
2017,10,REG,IND,PIT,1477.856,1589.4191,42.2,0.4015,0,1469.8263,1597.4488
2017,10,REG,JAX,LAC,1451.7968,1455.1117,42.2,0.5557,1,1460.6822,1446.2263
2017,10,REG,TB,NYJ,1459.5913,1473.3947,42.2,0.5408,1,1468.7758,1464.2102
2017,10,REG,TEN,CIN,1495.7828,1482.4065,42.2,0.5793,1,1504.1967,1473.9926
2017,10,REG,WAS,MIN,1508.2833,1539.9108,42.2,0.5152,0,1497.9791,1550.215
2017,10,REG,LA,HOU,1496.6589,1490.9945,42.2,0.5684,1,1505.2899,1482.3635
2017,10,REG,ATL,DAL,1538.6601,1551.7226,42.2,0.5418,1,1547.8234,1542.5593
2017,10,REG,SF,NYG,1372.1181,1462.2042,42.2,0.4315,1,1383.4877,1450.8346
2017,10,REG,DEN,NE,1524.3449,1636.4586,42.2,0.4007,0,1516.3305,1644.473
2017,10,REG,CAR,MIA,1545.3232,1506.9792,42.2,0.6139,1,1553.0456,1499.2568
2017,11,REG,PIT,TEN,1597.4488,1504.1967,42.2,0.6856,1,1603.7364,1497.9091
2017,11,REG,CHI,DET,1426.4497,1518.3924,42.2,0.4289,0,1417.8717,1526.9704
2017,11,REG,CLE,JAX,1339.9979,1460.6822,42.2,0.3889,0,1332.2192,1468.4609
2017,11,REG,GB,BAL,1549.3402,1483.0295,42.2,0.6513,0,1536.3147,1496.055
2017,11,REG,HOU,ARI,1482.3635,1509.6312,42.2,0.5215,1,1491.934,1500.0607
2017,11,REG,MIA,TB,1499.2568,1468.7758,42.2,0.6031,0,1487.1949,1480.8377
2017,11,REG,MIN,LA,1550.215,1505.2899,42.2,0.6228,1,1557.7586,1497.7463
2017,11,REG,NO,WAS,1548.7626,1497.9791,42.2,0.6307,1,1556.1484,1490.5933
2017,11,REG,NYG,KC,1450.8346,1576.2541,42.2,0.3825,1,1463.1851,1563.9036
2017,11,REG,LAC,BUF,1446.2263,1502.1594,42.2,0.4802,1,1456.6214,1491.7643
2017,11,REG,DEN,CIN,1516.3305,1473.9926,42.2,0.6193,0,1503.9442,1486.3789
2017,11,REG,LV,NE,1511.9368,1644.473,42.2,0.3728,0,1504.4798,1651.93
2017,11,REG,DAL,PHI,1542.5593,1558.6761,42.2,0.5375,0,1531.81,1569.4254
2017,11,REG,SEA,ATL,1576.2339,1547.8234,42.2,0.6002,0,1564.2291,1559.8282
2017,12,REG,DET,MIN,1526.9704,1557.7586,42.2,0.5164,0,1516.6421,1568.0869
2017,12,REG,DAL,LAC,1531.81,1456.6214,42.2,0.6628,0,1518.5542,1469.8772
2017,12,REG,WAS,NYG,1490.5933,1463.1851,42.2,0.5989,1,1498.6162,1455.1622
2017,12,REG,ATL,TB,1559.8282,1480.8377,42.2,0.6677,1,1566.475,1474.1909
2017,12,REG,CIN,CLE,1486.3789,1332.2192,42.2,0.7559,1,1491.2609,1327.3372
2017,12,REG,IND,TEN,1469.8263,1497.9091,42.2,0.5203,0,1459.4202,1508.3152
2017,12,REG,KC,BUF,1563.9036,1491.7643,42.2,0.6589,0,1550.7265,1504.9414
2017,12,REG,NE,MIA,1651.93,1487.1949,42.2,0.767,1,1656.5908,1482.5341
2017,12,REG,NYJ,CAR,1464.2102,1553.0456,42.2,0.4333,0,1455.5445,1561.7113
2017,12,REG,PHI,CHI,1569.4254,1417.8717,42.2,0.7531,1,1574.3629,1412.9342
2017,12,REG,SF,SEA,1383.4877,1564.2291,42.2,0.3106,0,1377.2765,1570.4403
2017,12,REG,ARI,JAX,1500.0607,1468.4609,42.2,0.6046,1,1507.968,1460.5536
2017,12,REG,LA,NO,1497.7463,1556.1484,42.2,0.4767,1,1508.2123,1545.6824
2017,12,REG,LV,DEN,1504.4798,1503.9442,42.2,0.5612,1,1513.2559,1495.1681
2017,12,REG,PIT,GB,1603.7364,1536.3147,42.2,0.6527,1,1610.6819,1529.3692
2017,12,REG,BAL,HOU,1496.055,1491.934,42.2,0.5663,1,1504.7296,1483.2594
2017,13,REG,DAL,WAS,1518.5542,1498.6162,42.2,0.5885,1,1526.7846,1490.3858
2017,13,REG,ATL,MIN,1566.475,1568.0869,42.2,0.5581,0,1555.3121,1579.2498
2017,13,REG,BAL,DET,1504.7296,1516.6421,42.2,0.5435,1,1513.8601,1507.5116
2017,13,REG,BUF,NE,1504.9414,1656.5908,42.2,0.3475,0,1497.9914,1663.5408
2017,13,REG,CHI,SF,1412.9342,1377.2765,42.2,0.6102,0,1400.73,1389.4807
2017,13,REG,GB,TB,1529.3692,1474.1909,42.2,0.6366,1,1536.6376,1466.9225
2017,13,REG,JAX,IND,1460.5536,1459.4202,42.2,0.562,1,1469.3128,1450.661
2017,13,REG,MIA,DEN,1482.5341,1495.1681,42.2,0.5424,1,1491.6852,1486.017
2017,13,REG,NYJ,KC,1455.5445,1550.7265,42.2,0.4243,1,1467.0577,1539.2133
2017,13,REG,TEN,HOU,1508.3152,1483.2594,42.2,0.5956,1,1516.4032,1475.1714
2017,13,REG,LAC,CLE,1469.8772,1327.3372,42.2,0.7433,1,1475.0102,1322.2042
2017,13,REG,ARI,LA,1507.968,1508.2123,42.2,0.5601,0,1496.7663,1519.414
2017,13,REG,NO,CAR,1545.6824,1561.7113,42.2,0.5376,1,1554.9306,1552.4631
2017,13,REG,LV,NYG,1513.2559,1455.1622,42.2,0.6405,1,1520.4468,1447.9713
2017,13,REG,SEA,PHI,1570.4403,1574.3629,42.2,0.5549,1,1579.343,1565.4602
2017,13,REG,CIN,PIT,1491.2609,1610.6819,42.2,0.3907,0,1483.4476,1618.4952
2017,14,REG,ATL,NO,1555.3121,1554.9306,42.2,0.561,1,1564.0926,1546.1501
2017,14,REG,BUF,IND,1497.9914,1450.661,42.2,0.6261,1,1505.4701,1443.1823
2017,14,REG,CAR,MIN,1552.4631,1579.2498,42.2,0.5222,1,1562.0198,1569.6931
2017,14,REG,CIN,CHI,1483.4476,1400.73,42.2,0.6724,0,1469.9995,1414.1781
2017,14,REG,CLE,GB,1322.2042,1536.6376,42.2,0.2706,0,1316.7917,1542.0501
2017,14,REG,HOU,SF,1475.1714,1389.4807,42.2,0.6762,0,1461.6481,1403.004
2017,14,REG,KC,LV,1539.2133,1520.4468,42.2,0.5868,1,1547.4763,1512.1838
2017,14,REG,NYG,DAL,1447.9713,1526.7846,42.2,0.4475,0,1439.0212,1535.7347
2017,14,REG,TB,DET,1466.9225,1507.5116,42.2,0.5023,0,1456.8761,1517.558
2017,14,REG,ARI,TEN,1496.7663,1516.4032,42.2,0.5324,1,1506.1178,1507.0517
2017,14,REG,DEN,NYJ,1486.017,1467.0577,42.2,0.5871,1,1494.2747,1458.8
2017,14,REG,LAC,WAS,1475.0102,1490.3858,42.2,0.5385,1,1484.2397,1481.1563
2017,14,REG,JAX,SEA,1469.3128,1579.343,42.2,0.4036,1,1481.2407,1567.4151
2017,14,REG,LA,PHI,1519.414,1565.4602,42.2,0.4945,0,1509.5247,1575.3495
2017,14,REG,PIT,BAL,1618.4952,1513.8601,42.2,0.6996,1,1624.5038,1507.8515
2017,14,REG,MIA,NE,1491.6852,1663.5408,42.2,0.3216,1,1505.2529,1649.9731
2017,15,REG,IND,DEN,1443.1823,1494.2747,42.2,0.4872,0,1433.4382,1504.0188
2017,15,REG,DET,CHI,1517.558,1414.1781,42.2,0.698,1,1523.597,1408.1391
2017,15,REG,KC,LAC,1547.4763,1484.2397,42.2,0.6472,1,1554.5314,1477.1846
2017,15,REG,BUF,MIA,1505.4701,1505.2529,42.2,0.5607,1,1514.2553,1496.4677
2017,15,REG,CAR,GB,1562.0198,1542.0501,42.2,0.5885,1,1570.2493,1533.8206
2017,15,REG,CLE,BAL,1316.7917,1507.8515,42.2,0.298,0,1310.832,1513.8112
2017,15,REG,JAX,HOU,1481.2407,1461.6481,42.2,0.588,1,1489.4807,1453.4081
2017,15,REG,MIN,CIN,1569.6931,1469.9995,42.2,0.6936,1,1575.8219,1463.8707
2017,15,REG,NO,NYJ,1546.1501,1458.8,42.2,0.6783,1,1552.5851,1452.365
2017,15,REG,NYG,PHI,1439.0212,1575.3495,42.2,0.3678,0,1431.666,1582.7047
2017,15,REG,WAS,ARI,1481.1563,1506.1178,42.2,0.5248,1,1490.6605,1496.6136
2017,15,REG,SEA,LA,1567.4151,1509.5247,42.2,0.6402,0,1554.6114,1522.3284
2017,15,REG,PIT,NE,1624.5038,1649.9731,42.2,0.5241,0,1614.0226,1660.4543
2017,15,REG,SF,TEN,1403.004,1507.0517,42.2,0.4119,1,1414.7656,1495.2901
2017,15,REG,LV,DAL,1512.1838,1535.7347,42.2,0.5268,0,1501.6476,1546.2709
2017,15,REG,TB,ATL,1456.8761,1564.0926,42.2,0.4075,0,1448.7259,1572.2428
2017,16,REG,BAL,IND,1513.8112,1433.4382,42.2,0.6694,1,1520.4227,1426.8267
2017,16,REG,GB,MIN,1533.8206,1575.8219,42.2,0.5003,0,1523.8149,1585.8276
2017,16,REG,CAR,TB,1570.2493,1448.7259,42.2,0.7196,1,1575.8573,1443.1179
2017,16,REG,CHI,CLE,1408.1391,1310.832,42.2,0.6906,1,1414.3265,1304.6446
2017,16,REG,CIN,DET,1463.8707,1523.597,42.2,0.4748,1,1474.3747,1513.093
2017,16,REG,KC,MIA,1554.5314,1496.4677,42.2,0.6404,1,1561.7231,1489.276
2017,16,REG,NE,BUF,1660.4543,1514.2553,42.2,0.7473,1,1665.5074,1509.2022
2017,16,REG,NO,ATL,1552.5851,1572.2428,42.2,0.5324,1,1561.9372,1562.8907
2017,16,REG,NYJ,LAC,1452.365,1477.1846,42.2,0.525,0,1441.8652,1487.6844
2017,16,REG,TEN,LA,1495.2901,1522.3284,42.2,0.5218,0,1484.854,1532.7645
2017,16,REG,WAS,DEN,1490.6605,1504.0188,42.2,0.5414,1,1499.8323,1494.847
2017,16,REG,SF,JAX,1414.7656,1489.4807,42.2,0.4533,1,1425.6987,1478.5476
2017,16,REG,ARI,NYG,1496.6136,1431.666,42.2,0.6495,1,1503.6238,1424.6558
2017,16,REG,DAL,SEA,1546.2709,1554.6114,42.2,0.5486,0,1535.2994,1565.5829
2017,16,REG,HOU,PIT,1453.4081,1614.0226,42.2,0.3359,0,1446.6902,1620.7405
2017,16,REG,PHI,LV,1582.7047,1501.6476,42.2,0.6703,1,1589.2988,1495.0535
2017,17,REG,DET,GB,1513.093,1523.8149,42.2,0.5452,1,1522.1895,1514.7184
2017,17,REG,IND,HOU,1426.8267,1446.6902,42.2,0.5321,1,1436.1847,1437.3322
2017,17,REG,MIN,CHI,1585.8276,1414.3265,42.2,0.7738,1,1590.3507,1409.8034
2017,17,REG,NE,NYJ,1665.5074,1441.8652,42.2,0.8221,1,1669.0664,1438.3062
2017,17,REG,NYG,WAS,1424.6558,1499.8323,42.2,0.4527,1,1435.6021,1488.886
2017,17,REG,PHI,DAL,1589.2988,1535.2994,42.2,0.635,0,1576.5986,1547.9996
2017,17,REG,PIT,CLE,1620.7405,1304.6446,42.2,0.8872,1,1622.9964,1302.3887
2017,17,REG,ATL,CAR,1562.8907,1575.8573,42.2,0.542,1,1572.0513,1566.6967
2017,17,REG,BAL,CIN,1520.4227,1474.3747,42.2,0.6243,0,1507.936,1486.8614
2017,17,REG,DEN,KC,1494.847,1561.7231,42.2,0.4645,0,1485.556,1571.0141
2017,17,REG,LA,SF,1532.7645,1425.6987,42.2,0.7025,0,1518.7145,1439.7487
2017,17,REG,LAC,LV,1487.6844,1495.0535,42.2,0.55,1,1496.6852,1486.0527
2017,17,REG,MIA,BUF,1489.276,1509.2022,42.2,0.532,0,1478.6358,1519.8424
2017,17,REG,SEA,ARI,1565.5829,1503.6238,42.2,0.6456,0,1552.6717,1516.535
2017,17,REG,TB,NO,1443.1179,1561.9372,42.2,0.3915,1,1455.2881,1549.767
2017,17,REG,TEN,JAX,1484.854,1478.5476,42.2,0.5694,1,1493.4669,1469.9347
2017,18,WC,KC,TEN,1571.0141,1493.4669,42.2,0.6658,0,1555.0345,1509.4465
2017,18,WC,LA,ATL,1518.7145,1572.0513,42.2,0.484,0,1507.099,1583.6668
2017,18,WC,JAX,BUF,1469.9347,1519.8424,42.2,0.4889,1,1482.2009,1507.5762
2017,18,WC,NO,CAR,1549.767,1566.6967,42.2,0.5363,1,1560.8957,1555.568
2017,19,DIV,PHI,ATL,1576.5986,1583.6668,42.2,0.5504,1,1587.3893,1572.8761
2017,19,DIV,NE,TEN,1669.0664,1509.4465,42.2,0.7617,1,1674.7867,1503.7262
2017,19,DIV,PIT,JAX,1622.9964,1482.2009,42.2,0.7414,0,1605.2021,1499.9952
2017,19,DIV,MIN,NO,1590.3507,1560.8957,42.2,0.6017,1,1599.9103,1551.3361
2017,20,CON,NE,JAX,1674.7867,1499.9952,42.2,0.7771,1,1680.1352,1494.6467
2017,20,CON,PHI,MIN,1587.3893,1599.9103,42.2,0.5426,1,1598.3667,1588.9329
2017,21,SB,NE,PHI,1680.1352,1598.3667,0.0,0.6155,0,1665.362,1613.1399
2018,1,REG,PHI,ATL,1577.4537,1550.477,42.2,0.5983,1,1585.4885,1542.4422
2018,1,REG,BAL,BUF,1506.9671,1506.7261,42.2,0.5608,1,1515.7516,1497.9416
2018,1,REG,CLE,PIT,1369.2504,1572.1354,42.2,0.2839,0,1363.5715,1577.8143
2018,1,REG,IND,CIN,1458.8937,1492.8471,42.2,0.5119,0,1448.6564,1503.0844
2018,1,REG,MIA,TEN,1487.336,1504.1466,42.2,0.5365,1,1496.6065,1494.8761
2018,1,REG,MIN,SF,1561.235,1461.2816,42.2,0.6939,1,1567.3575,1455.1591
2018,1,REG,NE,HOU,1612.4425,1459.6626,42.2,0.7544,1,1617.3538,1454.7513
2018,1,REG,NO,TB,1536.0452,1471.693,42.2,0.6487,0,1523.071,1484.6672
2018,1,REG,NYG,JAX,1458.5034,1498.0633,42.2,0.5038,0,1448.4274,1508.1393
2018,1,REG,LAC,KC,1499.4291,1538.5231,42.2,0.5045,0,1489.3397,1548.6125
2018,1,REG,ARI,WAS,1512.7284,1494.2036,42.2,0.5865,0,1500.9982,1505.9338
2018,1,REG,CAR,DAL,1538.8806,1533.8097,42.2,0.5676,1,1547.5284,1525.1619
2018,1,REG,DEN,SEA,1491.9725,1536.94,42.2,0.496,1,1502.0522,1526.8603
2018,1,REG,GB,CHI,1511.5113,1441.2183,42.2,0.6565,1,1518.3821,1434.3475
2018,1,REG,DET,NYJ,1516.517,1460.3152,42.2,0.6379,0,1503.7581,1473.0741
2018,1,REG,LV,LA,1492.3053,1506.4063,42.2,0.5403,0,1481.4983,1517.2133
2018,2,REG,CIN,BAL,1503.0844,1515.7516,42.2,0.5424,1,1512.2364,1506.5996
2018,2,REG,ATL,CAR,1542.4422,1547.5284,42.2,0.5532,1,1551.378,1538.5926
2018,2,REG,BUF,LAC,1497.9416,1489.3397,42.2,0.5726,0,1486.4897,1500.7916
2018,2,REG,GB,MIN,1518.3821,1567.3575,42.2,0.4903,0,1508.5771,1577.1625
2018,2,REG,NO,CLE,1523.071,1363.5715,42.2,0.7615,1,1527.8404,1358.8021
2018,2,REG,NYJ,MIA,1473.0741,1496.6065,42.2,0.5268,0,1462.5373,1507.1433
2018,2,REG,PIT,KC,1577.8143,1548.6125,42.2,0.6013,0,1565.7876,1560.6392
2018,2,REG,TB,PHI,1484.6672,1585.4885,42.2,0.4164,1,1496.3386,1573.8171
2018,2,REG,TEN,HOU,1494.8761,1454.7513,42.2,0.6163,1,1502.55,1447.0774
2018,2,REG,WAS,IND,1505.9338,1448.6564,42.2,0.6394,0,1493.1464,1461.4438
2018,2,REG,LA,ARI,1517.2133,1500.9982,42.2,0.5833,1,1525.5476,1492.6639
2018,2,REG,SF,DET,1455.1591,1503.7581,42.2,0.4908,1,1465.3433,1493.5739
2018,2,REG,DEN,LV,1502.0522,1481.4983,42.2,0.5893,1,1510.2654,1473.2851
2018,2,REG,JAX,NE,1508.1393,1617.3538,42.2,0.4047,1,1520.0446,1605.4485
2018,2,REG,DAL,NYG,1525.1619,1448.4274,42.2,0.6648,1,1531.8664,1441.7229
2018,2,REG,CHI,SEA,1434.3475,1526.8603,42.2,0.4281,1,1445.7856,1515.4222
2018,3,REG,CLE,NYJ,1358.8021,1462.5373,42.2,0.4124,1,1370.5549,1450.7845
2018,3,REG,ATL,NO,1551.378,1527.8404,42.2,0.5935,0,1539.5082,1539.7102
2018,3,REG,BAL,DEN,1506.5996,1510.2654,42.2,0.5552,1,1515.495,1501.37
2018,3,REG,CAR,CIN,1538.5926,1512.2364,42.2,0.5974,1,1546.6446,1504.1844
2018,3,REG,HOU,NYG,1447.0774,1441.7229,42.2,0.568,0,1435.7172,1453.0831
2018,3,REG,JAX,TEN,1520.0446,1502.55,42.2,0.5851,0,1508.3432,1514.2514
2018,3,REG,KC,SF,1560.6392,1465.3433,42.2,0.6882,1,1566.8762,1459.1063
2018,3,REG,MIA,LV,1507.1433,1473.2851,42.2,0.6077,1,1514.9885,1465.4399
2018,3,REG,MIN,BUF,1577.1625,1486.4897,42.2,0.6824,0,1563.5143,1500.1379
2018,3,REG,PHI,IND,1573.8171,1461.4438,42.2,0.7088,1,1579.6401,1455.6208
2018,3,REG,WAS,GB,1493.1464,1508.5771,42.2,0.5384,1,1502.3774,1499.3461
2018,3,REG,LA,LAC,1525.5476,1500.7916,42.2,0.5952,1,1533.644,1492.6952
2018,3,REG,ARI,CHI,1492.6639,1445.7856,42.2,0.6255,0,1480.1548,1458.2947
2018,3,REG,SEA,DAL,1515.4222,1531.8664,42.2,0.537,1,1524.6822,1522.6064
2018,3,REG,DET,NE,1493.5739,1605.4485,42.2,0.4011,1,1505.5528,1593.4696
2018,3,REG,TB,PIT,1496.3386,1565.7876,42.2,0.4609,0,1487.1213,1575.0049
2018,4,REG,LA,MIN,1533.644,1563.5143,42.2,0.5177,1,1543.2893,1553.869
2018,4,REG,ATL,CIN,1539.5082,1504.1844,42.2,0.6098,0,1527.3132,1516.3794
2018,4,REG,CHI,TB,1458.2947,1487.1213,42.2,0.5192,1,1467.91,1477.506
2018,4,REG,DAL,DET,1522.6064,1505.5528,42.2,0.5845,1,1530.9173,1497.2419
2018,4,REG,GB,BUF,1499.3461,1500.1379,42.2,0.5593,1,1508.1599,1491.3241
2018,4,REG,IND,HOU,1455.6208,1435.7172,42.2,0.5884,0,1443.8521,1447.4859
2018,4,REG,JAX,NYJ,1508.3432,1450.7845,42.2,0.6397,1,1515.5483,1443.5794
2018,4,REG,NE,MIA,1593.4696,1514.9885,42.2,0.667,1,1600.1294,1508.3287
2018,4,REG,TEN,PHI,1514.2514,1579.6401,42.2,0.4667,1,1524.9178,1568.9737
2018,4,REG,ARI,SEA,1480.1548,1524.6822,42.2,0.4967,0,1470.2218,1534.6152
2018,4,REG,LV,CLE,1465.4399,1370.5549,42.2,0.6876,1,1471.687,1364.3078
2018,4,REG,LAC,SF,1492.6952,1459.1063,42.2,0.6074,1,1500.5478,1451.2537
2018,4,REG,NYG,NO,1453.0831,1539.7102,42.2,0.4364,0,1444.3549,1548.4384
2018,4,REG,PIT,BAL,1575.0049,1515.495,42.2,0.6423,0,1562.1583,1528.3416
2018,4,REG,DEN,KC,1501.37,1566.8762,42.2,0.4665,0,1492.0398,1576.2064
2018,5,REG,NE,IND,1600.1294,1443.8521,42.2,0.7581,1,1604.9665,1439.015
2018,5,REG,BUF,TEN,1491.3241,1524.9178,42.2,0.5124,1,1501.0764,1515.1655
2018,5,REG,CAR,NYG,1546.6446,1444.3549,42.2,0.6967,1,1552.7101,1438.2894
2018,5,REG,CIN,MIA,1516.3794,1508.3287,42.2,0.5718,1,1524.9431,1499.765
2018,5,REG,CLE,BAL,1364.3078,1528.3416,42.2,0.3315,1,1377.6775,1514.9719
2018,5,REG,DET,GB,1497.2419,1508.1599,42.2,0.5449,1,1506.344,1499.0578
2018,5,REG,KC,JAX,1576.2064,1515.5483,42.2,0.6438,1,1583.3295,1508.4252
2018,5,REG,NYJ,DEN,1443.5794,1492.0398,42.2,0.491,1,1453.7596,1481.8596
2018,5,REG,PIT,ATL,1562.1583,1527.3132,42.2,0.6091,1,1569.9764,1519.4951
2018,5,REG,LAC,LV,1500.5478,1471.687,42.2,0.6009,1,1508.5306,1463.7042
2018,5,REG,PHI,MIN,1568.9737,1553.869,42.2,0.5817,0,1557.3391,1565.5036
2018,5,REG,SEA,LA,1534.6152,1543.2893,42.2,0.5481,0,1523.6532,1554.2513
2018,5,REG,SF,ARI,1451.2537,1470.2218,42.2,0.5334,0,1440.586,1480.8895
2018,5,REG,HOU,DAL,1447.4859,1530.9173,42.2,0.4409,1,1458.6671,1519.7361
2018,5,REG,NO,WAS,1548.4384,1502.3774,42.2,0.6244,1,1555.9513,1494.8645
2018,6,REG,NYG,PHI,1438.2894,1557.3391,42.2,0.3912,0,1430.4659,1565.1626
2018,6,REG,ATL,TB,1519.4951,1477.506,42.2,0.6188,1,1527.1183,1469.8828
2018,6,REG,CIN,PIT,1524.9431,1569.9764,42.2,0.4959,0,1515.0246,1579.8949
2018,6,REG,CLE,LAC,1377.6775,1508.5306,42.2,0.3751,0,1370.1752,1516.0329
2018,6,REG,HOU,BUF,1458.6671,1501.0764,42.2,0.4997,1,1468.6731,1491.0704
2018,6,REG,MIA,CHI,1499.765,1467.91,42.2,0.605,1,1507.6652,1460.0098
2018,6,REG,MIN,ARI,1565.5036,1480.8895,42.2,0.6748,1,1572.0075,1474.3856
2018,6,REG,NYJ,IND,1453.7596,1439.015,42.2,0.5812,1,1462.1351,1430.6395
2018,6,REG,LV,SEA,1463.7042,1523.6532,42.2,0.4745,0,1454.2146,1533.1428
2018,6,REG,WAS,CAR,1494.8645,1552.7101,42.2,0.4775,1,1505.3145,1542.2601
2018,6,REG,DEN,LA,1481.8596,1554.2513,42.2,0.4567,0,1472.7264,1563.3845
2018,6,REG,DAL,JAX,1519.7361,1508.4252,42.2,0.5764,1,1528.208,1499.9533
2018,6,REG,TEN,BAL,1515.1655,1514.9719,42.2,0.5607,0,1503.9513,1526.1861
2018,6,REG,NE,KC,1604.9665,1583.3295,42.2,0.5908,1,1613.1495,1575.1465
2018,6,REG,GB,SF,1499.0578,1440.586,42.2,0.641,1,1506.2387,1433.4051
2018,7,REG,ARI,DEN,1474.3856,1472.7264,42.2,0.5628,0,1463.1299,1483.9821
2018,7,REG,CHI,NE,1460.0098,1613.1495,42.2,0.3456,0,1453.0986,1620.0607
2018,7,REG,IND,BUF,1430.6395,1491.0704,42.2,0.4738,1,1441.1637,1480.5462
2018,7,REG,JAX,HOU,1499.9533,1468.6731,42.2,0.6042,0,1487.8693,1480.7571
2018,7,REG,MIA,DET,1507.6652,1506.344,42.2,0.5623,0,1496.4191,1517.5901
2018,7,REG,NYJ,MIN,1462.1351,1572.0075,42.2,0.4038,0,1454.0586,1580.084
2018,7,REG,PHI,CAR,1565.1626,1542.2601,42.2,0.5926,0,1553.3104,1554.1123
2018,7,REG,TB,CLE,1469.8828,1370.1752,42.2,0.6936,1,1476.0113,1364.0467
2018,7,REG,BAL,NO,1526.1861,1555.9513,42.2,0.5179,0,1515.8284,1566.309
2018,7,REG,SF,LA,1433.4051,1563.3845,42.2,0.3763,0,1425.8792,1570.9104
2018,7,REG,WAS,DAL,1505.3145,1528.208,42.2,0.5278,1,1514.7594,1518.7631
2018,7,REG,KC,CIN,1575.1465,1515.0246,42.2,0.6431,1,1582.2837,1507.8874
2018,7,REG,LAC,TEN,1516.0329,1503.9513,42.2,0.5775,1,1524.4831,1495.5011
2018,7,REG,ATL,NYG,1527.1183,1430.4659,42.2,0.6898,1,1533.3218,1424.2624
2018,8,REG,HOU,MIA,1480.7571,1496.4191,42.2,0.5381,1,1489.9948,1487.1814
2018,8,REG,CAR,BAL,1554.1123,1515.8284,42.2,0.6138,1,1561.8364,1508.1043
2018,8,REG,CHI,NYJ,1453.0986,1454.0586,42.2,0.5591,1,1461.9172,1445.24
2018,8,REG,CIN,TB,1507.8874,1476.0113,42.2,0.605,1,1515.787,1468.1117
2018,8,REG,DET,SEA,1517.5901,1533.1428,42.2,0.5383,0,1506.8246,1543.9083
2018,8,REG,KC,DEN,1582.2837,1483.9821,42.2,0.6919,1,1588.4467,1477.8191
2018,8,REG,NYG,WAS,1424.2624,1514.7594,42.2,0.4309,0,1415.6436,1523.3782
2018,8,REG,PIT,CLE,1579.8949,1364.0467,42.2,0.8154,1,1583.587,1360.3546
2018,8,REG,LV,IND,1454.2146,1441.1637,42.2,0.5788,0,1442.6376,1452.7407
2018,8,REG,ARI,SF,1463.1299,1425.8792,42.2,0.6124,1,1470.8822,1418.1269
2018,8,REG,LA,GB,1570.9104,1506.2387,42.2,0.6491,1,1577.9279,1499.2212
2018,8,REG,MIN,NO,1580.084,1566.309,42.2,0.5799,0,1568.4867,1577.9063
2018,8,REG,JAX,PHI,1487.8693,1553.3104,42.2,0.4666,0,1478.5372,1562.6425
2018,8,REG,BUF,NE,1480.5462,1620.0607,42.2,0.3635,0,1473.2761,1627.3308
2018,9,REG,SF,LV,1418.1269,1442.6376,42.2,0.5254,1,1427.6182,1433.1463
2018,9,REG,BAL,PIT,1508.1043,1583.587,42.2,0.4522,0,1499.0593,1592.632
2018,9,REG,BUF,CHI,1473.2761,1461.9172,42.2,0.5765,0,1461.7466,1473.4467
2018,9,REG,CAR,TB,1561.8364,1468.1117,42.2,0.6862,1,1568.1123,1461.8358
2018,9,REG,CLE,KC,1360.3546,1588.4467,42.2,0.2554,0,1355.2468,1593.5545
2018,9,REG,MIA,NYJ,1487.1814,1445.24,42.2,0.6188,1,1494.8059,1437.6155
2018,9,REG,MIN,DET,1568.4867,1506.8246,42.2,0.6452,1,1575.5833,1499.728
2018,9,REG,WAS,ATL,1523.3782,1533.3218,42.2,0.5463,0,1512.4524,1544.2476
2018,9,REG,DEN,HOU,1477.8191,1489.9948,42.2,0.5431,0,1466.9571,1500.8568
2018,9,REG,SEA,LAC,1543.9083,1524.4831,42.2,0.5878,0,1532.153,1536.2384
2018,9,REG,NO,LA,1577.9063,1577.9279,42.2,0.5604,1,1586.6982,1569.136
2018,9,REG,NE,GB,1627.3308,1499.2212,42.2,0.7272,1,1632.7871,1493.7649
2018,9,REG,DAL,TEN,1518.7631,1495.5011,42.2,0.5931,0,1506.9009,1507.3633
2018,10,REG,PIT,CAR,1592.632,1568.1123,42.2,0.5949,1,1600.7349,1560.0094
2018,10,REG,CHI,DET,1473.4467,1499.728,42.2,0.5229,1,1482.9888,1490.1859
2018,10,REG,CIN,NO,1515.787,1586.6982,42.2,0.4588,0,1506.6115,1595.8737
2018,10,REG,CLE,ATL,1355.2468,1544.2476,42.2,0.3005,1,1369.2374,1530.257
2018,10,REG,IND,JAX,1452.7407,1478.5372,42.2,0.5236,1,1462.2689,1469.009
2018,10,REG,KC,ARI,1593.5545,1470.8822,42.2,0.7209,1,1599.1359,1465.3008
2018,10,REG,NYJ,BUF,1437.6155,1461.7466,42.2,0.526,0,1427.0959,1472.2662
2018,10,REG,TB,WAS,1461.8358,1512.4524,42.2,0.4879,0,1452.078,1522.2102
2018,10,REG,TEN,NE,1507.3633,1632.7871,42.2,0.3825,1,1519.7139,1620.4365
2018,10,REG,LV,LAC,1433.1463,1536.2384,42.2,0.4133,0,1424.8812,1544.5035
2018,10,REG,GB,MIA,1493.7649,1494.8059,42.2,0.559,1,1502.5858,1485.985
2018,10,REG,LA,SEA,1569.136,1532.153,42.2,0.612,1,1576.8956,1524.3934
2018,10,REG,PHI,DAL,1562.6425,1506.9009,42.2,0.6373,0,1549.8959,1519.6475
2018,10,REG,SF,NYG,1427.6182,1415.6436,42.2,0.5773,0,1416.0714,1427.1904
2018,11,REG,SEA,GB,1524.3934,1502.5858,42.2,0.5911,1,1532.5717,1494.4075
2018,11,REG,ATL,DAL,1530.257,1519.6475,42.2,0.5754,0,1518.7486,1531.1559
2018,11,REG,BAL,CIN,1499.0593,1506.6115,42.2,0.5497,1,1508.0653,1497.6055
2018,11,REG,DET,CAR,1490.1859,1560.0094,42.2,0.4603,1,1500.9793,1549.216
2018,11,REG,IND,TEN,1462.2689,1519.7139,42.2,0.4781,1,1472.7074,1509.2754
2018,11,REG,JAX,PIT,1469.009,1600.7349,42.2,0.3739,0,1461.5302,1608.2137
2018,11,REG,NYG,TB,1427.1904,1452.078,42.2,0.5249,1,1436.6925,1442.5759
2018,11,REG,WAS,HOU,1522.2102,1500.8568,42.2,0.5905,0,1510.4011,1512.6659
2018,11,REG,ARI,LV,1465.3008,1424.8812,42.2,0.6167,0,1452.9666,1437.2154
2018,11,REG,LAC,DEN,1544.5035,1466.9571,42.2,0.6658,0,1531.1872,1480.2734
2018,11,REG,NO,PHI,1595.8737,1549.8959,42.2,0.6242,1,1603.3889,1542.3807
2018,11,REG,CHI,MIN,1482.9888,1575.5833,42.2,0.428,1,1494.4292,1564.1429
2018,11,REG,LA,KC,1576.8956,1599.1359,42.2,0.5287,1,1586.3217,1589.7098
2018,12,REG,DET,CHI,1500.9793,1494.4292,42.2,0.5697,0,1489.5853,1505.8232
2018,12,REG,DAL,WAS,1531.1559,1510.4011,42.2,0.5896,1,1539.3635,1502.1935
2018,12,REG,NO,ATL,1603.3889,1518.7486,42.2,0.6748,1,1609.8921,1512.2454
2018,12,REG,BAL,LV,1508.0653,1437.2154,42.2,0.6572,1,1514.9216,1430.3591
2018,12,REG,BUF,JAX,1472.2662,1461.5302,42.2,0.5756,1,1480.7543,1453.0421
2018,12,REG,CAR,SEA,1549.216,1532.5717,42.2,0.5839,0,1537.5383,1544.2494
2018,12,REG,CIN,CLE,1497.6055,1369.2374,42.2,0.7275,0,1483.0559,1383.787
2018,12,REG,NYJ,NE,1427.0959,1620.4365,42.2,0.2952,0,1421.191,1626.3414
2018,12,REG,PHI,NYG,1542.3807,1436.6925,42.2,0.7008,1,1548.3639,1430.7093
2018,12,REG,TB,SF,1442.5759,1416.0714,42.2,0.5976,1,1450.6238,1408.0235
2018,12,REG,LAC,ARI,1531.1872,1452.9666,42.2,0.6667,1,1537.8536,1446.3002
2018,12,REG,DEN,PIT,1480.2734,1608.2137,42.2,0.3791,1,1492.6923,1595.7948
2018,12,REG,IND,MIA,1472.7074,1485.985,42.2,0.5415,1,1481.8769,1476.8155
2018,12,REG,MIN,GB,1564.1429,1494.4075,42.2,0.6557,1,1571.0282,1487.5222
2018,12,REG,HOU,TEN,1512.6659,1509.2754,42.2,0.5652,1,1521.3612,1500.5801
2018,13,REG,DAL,NO,1539.3635,1609.8921,42.2,0.4593,1,1550.1771,1599.0785
2018,13,REG,ATL,BAL,1512.2454,1514.9216,42.2,0.5566,0,1501.1127,1526.0543
2018,13,REG,CIN,DEN,1483.0559,1492.6923,42.2,0.5467,0,1472.1214,1503.6268
2018,13,REG,DET,LA,1489.5853,1586.3217,42.2,0.4222,0,1481.1422,1594.7648
2018,13,REG,GB,ARI,1487.5222,1446.3002,42.2,0.6178,0,1475.1662,1458.6562
2018,13,REG,HOU,CLE,1521.3612,1383.787,42.2,0.7379,1,1526.604,1378.5442
2018,13,REG,JAX,IND,1453.0421,1481.8769,42.2,0.5192,1,1462.6576,1472.2614
2018,13,REG,MIA,BUF,1476.8155,1480.7543,42.2,0.5548,1,1485.7187,1471.8511
2018,13,REG,NYG,CHI,1430.7093,1505.8232,42.2,0.4528,1,1441.6538,1494.8787
2018,13,REG,TB,CAR,1450.6238,1537.5383,42.2,0.436,1,1461.9037,1526.2584
2018,13,REG,LV,KC,1430.3591,1589.7098,42.2,0.3375,0,1423.6087,1596.4602
2018,13,REG,TEN,NYJ,1500.5801,1421.191,42.2,0.6682,1,1507.2167,1414.5544
2018,13,REG,NE,MIN,1626.3414,1571.0282,42.2,0.6368,1,1633.6062,1563.7634
2018,13,REG,SEA,SF,1544.2494,1408.0235,42.2,0.7364,1,1549.5223,1402.7506
2018,13,REG,PIT,LAC,1595.7948,1537.8536,42.2,0.6403,0,1582.9898,1550.6586
2018,13,REG,PHI,WAS,1548.3639,1502.1935,42.2,0.6245,1,1555.8739,1494.6835
2018,14,REG,TEN,JAX,1507.2167,1462.6576,42.2,0.6223,1,1514.7702,1455.1041
2018,14,REG,BUF,NYJ,1471.8511,1414.5544,42.2,0.6394,0,1459.0632,1427.3423
2018,14,REG,CLE,CAR,1378.5442,1526.2584,42.2,0.3527,1,1391.4911,1513.3115
2018,14,REG,GB,ATL,1475.1662,1501.1127,42.2,0.5234,1,1484.6987,1491.5802
2018,14,REG,HOU,IND,1526.604,1472.2614,42.2,0.6355,0,1513.8947,1484.9707
2018,14,REG,KC,BAL,1596.4602,1526.0543,42.2,0.6566,1,1603.3281,1519.1864
2018,14,REG,MIA,NE,1485.7187,1633.6062,42.2,0.3524,1,1498.6702,1620.6547
2018,14,REG,TB,NO,1461.9037,1599.0785,42.2,0.3666,0,1454.5712,1606.411
2018,14,REG,WAS,NYG,1494.6835,1441.6538,42.2,0.6337,0,1482.0092,1454.3281
2018,14,REG,LAC,CIN,1550.6586,1472.1214,42.2,0.6671,1,1557.3169,1465.4631
2018,14,REG,SF,DEN,1402.7506,1503.6268,42.2,0.4164,1,1414.4236,1491.9538
2018,14,REG,ARI,DET,1458.6562,1481.1422,42.2,0.5283,0,1448.0894,1491.709
2018,14,REG,DAL,PHI,1550.1771,1555.8739,42.2,0.5523,1,1559.1303,1546.9207
2018,14,REG,LV,PIT,1423.6087,1582.9898,42.2,0.3375,1,1436.8591,1569.7394
2018,14,REG,CHI,LA,1494.8787,1594.7648,42.2,0.4177,1,1506.5239,1583.1196
2018,14,REG,SEA,MIN,1549.5223,1563.7634,42.2,0.5401,1,1558.7193,1554.5664
2018,15,REG,KC,LAC,1603.3281,1557.3169,42.2,0.6243,0,1590.8424,1569.8026
2018,15,REG,NYJ,HOU,1427.3423,1513.8947,42.2,0.4365,0,1418.612,1522.625
2018,15,REG,DEN,CLE,1491.9538,1391.4911,42.2,0.6945,0,1478.0638,1405.3811
2018,15,REG,ATL,ARI,1491.5802,1448.0894,42.2,0.6209,1,1499.1626,1440.507
2018,15,REG,BAL,TB,1519.1864,1454.5712,42.2,0.6491,1,1526.2053,1447.5523
2018,15,REG,BUF,DET,1459.0632,1491.709,42.2,0.5137,1,1468.7883,1481.9839
2018,15,REG,CHI,GB,1506.5239,1484.6987,42.2,0.5911,1,1514.7017,1476.5209
2018,15,REG,CIN,LV,1465.4631,1436.8591,42.2,0.6005,1,1473.4529,1428.8693
2018,15,REG,IND,DAL,1484.9707,1559.1303,42.2,0.4541,1,1495.888,1548.213
2018,15,REG,JAX,WAS,1455.1041,1482.0092,42.2,0.522,0,1444.6642,1492.4491
2018,15,REG,MIN,MIA,1554.5664,1498.6702,42.2,0.6375,1,1561.8157,1491.4209
2018,15,REG,NYG,TEN,1454.3281,1514.7702,42.2,0.4738,0,1444.8527,1524.2456
2018,15,REG,SF,SEA,1414.4236,1558.7193,42.2,0.3572,1,1427.2804,1545.8625
2018,15,REG,PIT,NE,1569.7394,1620.6547,42.2,0.4875,1,1579.9902,1610.4039
2018,15,REG,LA,PHI,1583.1196,1546.9207,42.2,0.6109,0,1570.9006,1559.1397
2018,15,REG,CAR,NO,1513.3115,1606.411,42.2,0.4273,0,1504.7661,1614.9564
2018,16,REG,TEN,WAS,1524.2456,1492.4491,42.2,0.6049,1,1532.1474,1484.5473
2018,16,REG,LAC,BAL,1569.8026,1526.2053,42.2,0.621,0,1557.3822,1538.6257
2018,16,REG,CAR,ATL,1504.7661,1499.1626,42.2,0.5684,0,1493.3988,1510.5299
2018,16,REG,CLE,CIN,1405.3811,1473.4529,42.2,0.4628,1,1416.1244,1462.7096
2018,16,REG,DAL,TB,1548.213,1447.5523,42.2,0.6947,1,1554.3182,1441.4471
2018,16,REG,DET,MIN,1481.9839,1561.8157,42.2,0.4461,0,1473.0628,1570.7368
2018,16,REG,IND,NYG,1495.888,1444.8527,42.2,0.631,1,1503.2671,1437.4736
2018,16,REG,MIA,JAX,1491.4209,1444.6642,42.2,0.6253,0,1478.915,1457.1701
2018,16,REG,NE,BUF,1610.4039,1468.7883,42.2,0.7423,1,1615.5572,1463.635
2018,16,REG,NYJ,GB,1418.612,1476.5209,42.2,0.4774,0,1409.0638,1486.0691
2018,16,REG,PHI,HOU,1559.1397,1522.625,42.2,0.6114,1,1566.9121,1514.8526
2018,16,REG,ARI,LA,1440.507,1570.9006,42.2,0.3757,0,1432.9923,1578.4153
2018,16,REG,SF,CHI,1427.2804,1514.7017,42.2,0.4353,0,1418.5747,1523.4074
2018,16,REG,NO,PIT,1614.9564,1579.9902,42.2,0.6093,1,1622.7712,1572.1754
2018,16,REG,SEA,KC,1545.8625,1590.8424,42.2,0.496,1,1555.9425,1580.7624
2018,16,REG,LV,DEN,1428.8693,1478.0638,42.2,0.4899,1,1439.0706,1467.8625
2018,17,REG,BUF,MIA,1463.635,1478.915,42.2,0.5387,1,1472.8617,1469.6883
2018,17,REG,GB,DET,1486.0691,1473.0628,42.2,0.5788,0,1474.4934,1484.6385
2018,17,REG,HOU,JAX,1514.8526,1457.1701,42.2,0.6399,1,1522.0544,1449.9683
2018,17,REG,NE,NYJ,1615.5572,1409.0638,42.2,0.8071,1,1619.4142,1405.2068
2018,17,REG,NO,CAR,1622.7712,1493.3988,42.2,0.7286,0,1608.1987,1507.9713
2018,17,REG,NYG,DAL,1437.4736,1554.3182,42.2,0.3942,0,1429.5896,1562.2022
2018,17,REG,TB,ATL,1441.4471,1510.5299,42.2,0.4614,0,1432.2193,1519.7577
2018,17,REG,BAL,CLE,1538.6257,1416.1244,42.2,0.7207,1,1544.2111,1410.539
2018,17,REG,DEN,LAC,1467.8625,1557.3822,42.2,0.4323,0,1459.2161,1566.0286
2018,17,REG,KC,LV,1580.7624,1439.0706,42.2,0.7424,1,1585.9141,1433.9189
2018,17,REG,LA,SF,1578.4153,1418.5747,42.2,0.7619,1,1583.1776,1413.8124
2018,17,REG,MIN,CHI,1570.7368,1523.4074,42.2,0.6261,0,1558.2155,1535.9287
2018,17,REG,PIT,CIN,1572.1754,1462.7096,42.2,0.7054,1,1578.0678,1456.8172
2018,17,REG,SEA,ARI,1555.9425,1432.9923,42.2,0.7213,1,1561.5175,1427.4173
2018,17,REG,WAS,PHI,1484.5473,1566.9121,42.2,0.4425,0,1475.6982,1575.7612
2018,17,REG,TEN,IND,1532.1474,1503.2671,42.2,0.6009,0,1520.1296,1515.2849
2018,18,WC,HOU,IND,1522.0544,1515.2849,42.2,0.57,0,1508.3742,1528.9651
2018,18,WC,DAL,SEA,1562.2022,1561.5175,42.2,0.5614,1,1572.7285,1550.9912
2018,18,WC,BAL,LAC,1544.2111,1566.0286,42.2,0.5293,0,1531.5079,1578.7318
2018,18,WC,CHI,PHI,1535.9287,1575.7612,42.2,0.5034,0,1523.8469,1587.843
2018,19,DIV,KC,IND,1585.9141,1528.9651,42.2,0.6389,1,1594.5796,1520.2996
2018,19,DIV,LA,DAL,1583.1776,1572.7285,42.2,0.5752,1,1593.373,1562.5331
2018,19,DIV,NE,LAC,1619.4142,1578.7318,42.2,0.6171,1,1628.6046,1569.5414
2018,19,DIV,NO,PHI,1608.1987,1587.843,42.2,0.5891,1,1618.0612,1577.9805
2018,20,CON,NO,LA,1618.0612,1593.373,42.2,0.5951,0,1603.7791,1607.6551
2018,20,CON,KC,NE,1594.5796,1628.6046,42.2,0.5118,0,1582.2973,1640.8869
2018,21,SB,LA,NE,1607.6551,1640.8869,0.0,0.4523,0,1596.7994,1651.7426
2019,1,REG,CHI,GB,1517.6274,1484.5606,42.2,0.6067,0,1505.4943,1496.6937
2019,1,REG,CAR,LA,1506.9908,1566.5056,42.2,0.4751,0,1497.4887,1576.0077
2019,1,REG,CLE,TEN,1441.7111,1515.1368,42.2,0.4552,0,1432.6074,1524.2405
2019,1,REG,JAX,KC,1468.1288,1556.7892,42.2,0.4335,0,1459.4581,1565.4599
2019,1,REG,MIA,BAL,1481.3412,1522.7603,42.2,0.5011,0,1471.3187,1532.7828
2019,1,REG,MIN,ATL,1540.6544,1514.8877,42.2,0.5966,1,1548.7227,1506.8194
2019,1,REG,NYJ,BUF,1438.1386,1483.4673,42.2,0.4955,0,1428.2286,1493.3773
2019,1,REG,PHI,WAS,1553.8969,1485.3678,42.2,0.6542,1,1560.8136,1478.4511
2019,1,REG,LAC,IND,1548.2427,1515.2507,42.2,0.6066,1,1556.1117,1507.3817
2019,1,REG,SEA,CIN,1535.8141,1472.7175,42.2,0.6471,1,1542.8729,1465.6587
2019,1,REG,ARI,DET,1453.0196,1491.3578,42.2,0.5056,0,1442.9085,1501.4689
2019,1,REG,DAL,NYG,1543.5472,1454.475,42.2,0.6804,1,1549.939,1448.0832
2019,1,REG,TB,SF,1456.2369,1443.9043,42.2,0.5778,0,1444.6801,1455.4611
2019,1,REG,NE,PIT,1603.3175,1553.9554,42.2,0.6288,1,1610.7415,1546.5314
2019,1,REG,NO,HOU,1571.182,1507.2607,42.2,0.6481,1,1578.2192,1500.2235
2019,1,REG,LV,DEN,1457.3757,1474.3248,42.2,0.5363,1,1466.6502,1465.0503
2019,2,REG,CAR,TB,1497.4887,1444.6801,42.2,0.6334,0,1484.8203,1457.3485
2019,2,REG,BAL,ARI,1532.7828,1442.9085,42.2,0.6814,1,1539.1545,1436.5368
2019,2,REG,CIN,SF,1465.6587,1455.4611,42.2,0.5748,0,1454.1619,1466.9579
2019,2,REG,DET,LAC,1501.4689,1556.1117,42.2,0.4821,1,1511.8269,1545.7537
2019,2,REG,GB,MIN,1496.6937,1548.7227,42.2,0.4859,1,1506.9765,1538.4399
2019,2,REG,HOU,JAX,1500.2235,1459.4581,42.2,0.6172,1,1507.8799,1451.8017
2019,2,REG,MIA,NE,1471.3187,1610.7415,42.2,0.3636,0,1464.0462,1618.014
2019,2,REG,NYG,BUF,1448.0832,1493.3773,42.2,0.4955,0,1438.1723,1503.2882
2019,2,REG,PIT,SEA,1546.5314,1542.8729,42.2,0.5656,0,1535.2191,1554.1852
2019,2,REG,TEN,IND,1524.2405,1507.3817,42.2,0.5842,0,1512.5568,1519.0654
2019,2,REG,WAS,DAL,1478.4511,1549.939,42.2,0.458,0,1469.2921,1559.098
2019,2,REG,LV,KC,1466.6502,1565.4599,42.2,0.4192,0,1458.2653,1573.8448
2019,2,REG,DEN,CHI,1465.0503,1505.4943,42.2,0.5025,0,1454.9998,1515.5448
2019,2,REG,LA,NO,1576.0077,1578.2192,42.2,0.5573,1,1584.8618,1569.3651
2019,2,REG,ATL,PHI,1506.8194,1560.8136,42.2,0.483,1,1517.1587,1550.4743
2019,2,REG,NYJ,CLE,1428.2286,1432.6074,42.2,0.5542,0,1417.1443,1443.6917
2019,3,REG,JAX,TEN,1451.8017,1512.5568,42.2,0.4733,1,1462.3353,1502.0232
2019,3,REG,BUF,CIN,1503.2882,1454.1619,42.2,0.6285,1,1510.7185,1446.7316
2019,3,REG,DAL,MIA,1559.098,1464.0462,42.2,0.6878,1,1565.341,1457.8032
2019,3,REG,GB,DEN,1506.9765,1454.9998,42.2,0.6323,1,1514.3304,1447.6459
2019,3,REG,IND,ATL,1519.0654,1517.1587,42.2,0.5631,1,1527.8027,1508.4214
2019,3,REG,KC,BAL,1573.8448,1539.1545,42.2,0.6089,1,1581.6672,1531.3321
2019,3,REG,MIN,LV,1538.4399,1458.2653,42.2,0.6692,1,1545.0564,1451.6488
2019,3,REG,NE,NYJ,1618.014,1417.1443,42.2,0.8021,1,1621.9728,1413.1855
2019,3,REG,PHI,DET,1550.4743,1511.8269,42.2,0.6143,0,1538.1884,1524.1128
2019,3,REG,ARI,CAR,1436.5368,1484.8203,42.2,0.4912,0,1426.7119,1494.6452
2019,3,REG,TB,NYG,1457.3485,1438.1723,42.2,0.5874,0,1445.6001,1449.9207
2019,3,REG,LAC,HOU,1545.7537,1507.8799,42.2,0.6132,0,1533.4889,1520.1447
2019,3,REG,SEA,NO,1554.1852,1569.3651,42.2,0.5388,0,1543.4091,1580.1412
2019,3,REG,SF,PIT,1466.9579,1535.2191,42.2,0.4626,1,1477.7066,1524.4704
2019,3,REG,CLE,LA,1443.6917,1584.8618,42.2,0.3613,0,1436.4657,1592.0878
2019,3,REG,WAS,CHI,1469.2921,1515.5448,42.2,0.4942,0,1459.4087,1525.4282
2019,4,REG,GB,PHI,1514.3304,1538.1884,42.2,0.5264,0,1503.803,1548.7158
2019,4,REG,ATL,TEN,1508.4214,1502.0232,42.2,0.5695,0,1497.0317,1513.4129
2019,4,REG,BAL,CLE,1531.3321,1436.4657,42.2,0.6876,0,1517.5797,1450.2181
2019,4,REG,BUF,NE,1510.7185,1621.9728,42.2,0.4019,0,1502.6803,1630.011
2019,4,REG,DET,KC,1524.1128,1581.6672,42.2,0.4779,0,1514.5544,1591.2256
2019,4,REG,HOU,CAR,1520.1447,1494.6452,42.2,0.5962,0,1508.2204,1506.5695
2019,4,REG,IND,LV,1527.8027,1451.6488,42.2,0.664,0,1514.5221,1464.9294
2019,4,REG,MIA,LAC,1457.8032,1533.4889,42.2,0.452,0,1448.764,1542.5281
2019,4,REG,NYG,WAS,1449.9207,1459.4087,42.2,0.5469,1,1458.9819,1450.3475
2019,4,REG,ARI,SEA,1426.7119,1543.4091,42.2,0.3944,0,1418.8238,1551.2972
2019,4,REG,LA,TB,1592.0878,1445.6001,42.2,0.7477,0,1577.1346,1460.5533
2019,4,REG,CHI,MIN,1525.4282,1545.0564,42.2,0.5324,1,1534.7794,1535.7052
2019,4,REG,DEN,JAX,1447.6459,1462.3353,42.2,0.5395,0,1436.8557,1473.1255
2019,4,REG,NO,DAL,1580.1412,1565.341,42.2,0.5813,1,1588.5152,1556.967
2019,4,REG,PIT,CIN,1524.4704,1446.7316,42.2,0.6661,1,1531.1492,1440.0528
2019,5,REG,SEA,LA,1551.2972,1577.1346,42.2,0.5235,1,1560.8266,1567.6052
2019,5,REG,CAR,JAX,1506.5695,1473.1255,42.2,0.6072,1,1514.4261,1465.2689
2019,5,REG,CIN,ARI,1440.0528,1418.8238,42.2,0.5903,0,1428.2472,1430.6294
2019,5,REG,HOU,ATL,1508.2204,1497.0317,42.2,0.5762,1,1516.6957,1488.5564
2019,5,REG,NO,TB,1588.5152,1460.5533,42.2,0.727,1,1593.9749,1455.0936
2019,5,REG,NYG,MIN,1458.9819,1535.7052,42.2,0.4505,0,1449.9723,1544.7148
2019,5,REG,LV,CHI,1464.9294,1534.7794,42.2,0.4603,1,1475.7236,1523.9852
2019,5,REG,PHI,NYJ,1548.7158,1413.1855,42.2,0.7356,1,1554.0043,1407.897
2019,5,REG,PIT,BAL,1531.1492,1517.5797,42.2,0.5796,0,1519.5577,1529.1712
2019,5,REG,TEN,BUF,1513.4129,1502.6803,42.2,0.5756,0,1501.9011,1514.1921
2019,5,REG,WAS,NE,1450.3475,1630.011,42.2,0.3119,0,1444.1097,1636.2488
2019,5,REG,LAC,DEN,1542.5281,1436.8557,42.2,0.7008,0,1528.5116,1450.8722
2019,5,REG,DAL,GB,1556.967,1503.803,42.2,0.6339,0,1544.2891,1516.4809
2019,5,REG,KC,IND,1591.2256,1514.5221,42.2,0.6647,0,1577.9309,1527.8168
2019,5,REG,SF,CLE,1477.7066,1450.2181,42.2,0.599,1,1485.7273,1442.1974
2019,6,REG,NE,NYG,1636.2488,1449.9723,42.2,0.7884,1,1640.4811,1445.74
2019,6,REG,TB,CAR,1455.0936,1514.4261,42.2,0.4754,0,1445.5863,1523.9334
2019,6,REG,BAL,CIN,1529.1712,1428.2472,42.2,0.6951,1,1535.27,1422.1484
2019,6,REG,CLE,SEA,1442.1974,1560.8266,42.2,0.3918,0,1434.3624,1568.6616
2019,6,REG,JAX,NO,1465.2689,1593.9749,42.2,0.378,0,1457.7085,1601.5353
2019,6,REG,KC,HOU,1577.9309,1516.6957,42.2,0.6446,0,1565.0387,1529.5879
2019,6,REG,MIA,WAS,1448.764,1444.1097,42.2,0.567,0,1437.4235,1455.4502
2019,6,REG,MIN,PHI,1544.7148,1554.0043,42.2,0.5472,1,1553.7704,1544.9487
2019,6,REG,ARI,ATL,1430.6294,1488.5564,42.2,0.4774,1,1441.0818,1478.104
2019,6,REG,LA,SF,1567.6052,1485.7273,42.2,0.6713,0,1554.1784,1499.1541
2019,6,REG,DEN,TEN,1450.8722,1501.9011,42.2,0.4873,1,1461.1263,1491.647
2019,6,REG,NYJ,DAL,1407.897,1544.2891,42.2,0.3677,1,1420.5435,1531.6426
2019,6,REG,LAC,PIT,1528.5116,1519.5577,42.2,0.5731,0,1517.0498,1531.0195
2019,6,REG,GB,DET,1516.4809,1514.5544,42.2,0.5632,1,1525.2176,1505.8177
2019,7,REG,DEN,KC,1461.1263,1565.0387,42.2,0.4121,0,1452.8841,1573.2809
2019,7,REG,ATL,LA,1478.104,1554.1784,42.2,0.4514,0,1469.0759,1563.2065
2019,7,REG,BUF,MIA,1514.1921,1437.4235,42.2,0.6648,1,1520.8957,1430.7199
2019,7,REG,CIN,JAX,1422.1484,1457.7085,42.2,0.5096,0,1411.9573,1467.8996
2019,7,REG,DET,MIN,1505.8177,1553.7704,42.2,0.4917,0,1495.9833,1563.6048
2019,7,REG,GB,LV,1525.2176,1475.7236,42.2,0.629,1,1532.638,1468.3032
2019,7,REG,IND,HOU,1527.8168,1529.5879,42.2,0.5579,1,1536.6584,1520.7463
2019,7,REG,NYG,ARI,1445.74,1441.0818,42.2,0.567,0,1434.3994,1452.4224
2019,7,REG,WAS,SF,1455.4502,1499.1541,42.2,0.4978,0,1445.4935,1509.1108
2019,7,REG,TEN,LAC,1491.647,1517.0498,42.2,0.5242,1,1501.1639,1507.5329
2019,7,REG,CHI,NO,1523.9852,1601.5353,42.2,0.4493,0,1514.9992,1610.5213
2019,7,REG,SEA,BAL,1568.6616,1535.27,42.2,0.6071,0,1556.5196,1547.412
2019,7,REG,DAL,PHI,1531.6426,1544.9487,42.2,0.5415,1,1540.8129,1535.7784
2019,7,REG,NYJ,NE,1420.5435,1640.4811,42.2,0.2644,0,1415.2552,1645.7694
2019,8,REG,MIN,WAS,1563.6048,1445.4935,42.2,0.7156,1,1569.2924,1439.8059
2019,8,REG,ATL,SEA,1469.0759,1556.5196,42.2,0.4353,0,1460.3708,1565.2247
2019,8,REG,BUF,PHI,1520.8957,1535.7784,42.2,0.5392,0,1510.1111,1546.563
2019,8,REG,CHI,LAC,1514.9992,1507.5329,42.2,0.571,0,1503.5793,1518.9528
2019,8,REG,DET,NYG,1495.9833,1434.3994,42.2,0.6451,1,1503.0819,1427.3008
2019,8,REG,IND,DEN,1536.6584,1452.8841,42.2,0.6737,1,1543.1835,1446.359
2019,8,REG,JAX,NYJ,1467.8996,1415.2552,42.2,0.6332,1,1475.2356,1407.9192
2019,8,REG,LA,CIN,1563.2065,1411.9573,42.2,0.7528,1,1568.1506,1407.0132
2019,8,REG,NO,ARI,1610.5213,1452.4224,42.2,0.7601,1,1615.3201,1447.6236
2019,8,REG,TEN,TB,1501.1639,1445.5863,42.2,0.6371,1,1508.4217,1438.3285
2019,8,REG,SF,CAR,1509.1108,1523.9334,42.2,0.5393,1,1518.3244,1514.7198
2019,8,REG,HOU,LV,1520.7463,1468.3032,42.2,0.6329,1,1528.0877,1460.9618
2019,8,REG,NE,CLE,1645.7694,1434.3624,42.2,0.8115,1,1649.5391,1430.5927
2019,8,REG,KC,GB,1573.2809,1532.638,42.2,0.617,0,1560.9407,1544.9782
2019,8,REG,PIT,MIA,1531.0195,1430.7199,42.2,0.6943,1,1537.1335,1424.6059
2019,9,REG,ARI,SF,1447.6236,1518.3244,42.2,0.4591,0,1438.4421,1527.5059
2019,9,REG,JAX,HOU,1475.2356,1528.0877,42.2,0.4847,0,1465.5421,1537.7812
2019,9,REG,BUF,WAS,1510.1111,1439.8059,42.2,0.6565,1,1516.9816,1432.9354
2019,9,REG,CAR,TEN,1514.7198,1508.4217,42.2,0.5693,1,1523.3329,1499.8086
2019,9,REG,KC,MIN,1560.9407,1569.2924,42.2,0.5486,1,1569.9695,1560.2636
2019,9,REG,MIA,NYJ,1424.6059,1407.9192,42.2,0.5839,1,1432.927,1399.5981
2019,9,REG,PHI,CHI,1546.563,1503.5793,42.2,0.6202,1,1554.1592,1495.9831
2019,9,REG,PIT,IND,1537.1335,1543.1835,42.2,0.5518,1,1546.0968,1534.2202
2019,9,REG,LV,DET,1460.9618,1503.0819,42.2,0.5001,1,1470.9595,1493.0842
2019,9,REG,SEA,TB,1565.2247,1438.3285,42.2,0.7258,1,1570.7088,1432.8444
2019,9,REG,DEN,CLE,1446.359,1430.5927,42.2,0.5827,1,1454.7059,1422.2458
2019,9,REG,LAC,GB,1518.9528,1544.9782,42.2,0.5233,1,1528.4876,1535.4434
2019,9,REG,BAL,NE,1547.412,1649.5391,42.2,0.4146,1,1559.1199,1637.8312
2019,9,REG,NYG,DAL,1427.3008,1540.8129,42.2,0.3988,0,1419.325,1548.7887
2019,10,REG,LV,LAC,1470.9595,1528.4876,42.2,0.478,1,1481.4004,1518.0467
2019,10,REG,CHI,DET,1495.9831,1493.0842,42.2,0.5645,1,1504.6923,1484.375
2019,10,REG,CIN,BAL,1407.0132,1559.1199,42.2,0.3469,0,1400.0751,1566.058
2019,10,REG,CLE,BUF,1422.2458,1516.9816,42.2,0.425,1,1433.7465,1505.4809
2019,10,REG,NO,ATL,1615.3201,1460.3708,42.2,0.7567,0,1600.1853,1475.5056
2019,10,REG,NYJ,NYG,1399.5981,1419.325,42.2,0.5323,1,1408.9522,1409.9709
2019,10,REG,TB,ARI,1432.8444,1438.4421,42.2,0.5525,1,1441.7948,1429.4917
2019,10,REG,TEN,KC,1499.8086,1569.9695,42.2,0.4598,1,1510.6116,1559.1665
2019,10,REG,IND,MIA,1534.2202,1432.927,42.2,0.6955,0,1520.31,1446.8372
2019,10,REG,GB,CAR,1535.4434,1523.3329,42.2,0.5775,1,1543.8928,1514.8835
2019,10,REG,PIT,LA,1546.0968,1568.1506,42.2,0.529,1,1555.5176,1558.7298
2019,10,REG,DAL,MIN,1548.7887,1560.2636,42.2,0.5441,0,1537.9067,1571.1456
2019,10,REG,SF,SEA,1527.5059,1570.7088,42.2,0.4986,0,1517.5348,1580.6799
2019,11,REG,CLE,PIT,1433.7465,1555.5176,42.2,0.3874,1,1445.9975,1543.2666
2019,11,REG,BAL,HOU,1566.058,1537.7812,42.2,0.6001,1,1574.0569,1529.7823
2019,11,REG,CAR,ATL,1514.8835,1475.5056,42.2,0.6153,0,1502.5777,1487.8114
2019,11,REG,DET,DAL,1484.375,1537.9067,42.2,0.4837,0,1474.701,1547.5807
2019,11,REG,IND,JAX,1520.31,1465.5421,42.2,0.636,1,1527.5893,1458.2628
2019,11,REG,MIA,BUF,1446.8372,1505.4809,42.2,0.4764,0,1437.3101,1515.008
2019,11,REG,MIN,DEN,1571.1456,1454.7059,42.2,0.7137,1,1576.8725,1448.979
2019,11,REG,TB,NO,1441.7948,1600.1853,42.2,0.3388,0,1435.0197,1606.9604
2019,11,REG,WAS,NYJ,1432.9354,1408.9522,42.2,0.5941,0,1421.0532,1420.8344
2019,11,REG,SF,ARI,1517.5348,1429.4917,42.2,0.6791,1,1523.9524,1423.0741
2019,11,REG,LV,CIN,1481.4004,1400.0751,42.2,0.6706,1,1487.9877,1393.4878
2019,11,REG,PHI,NE,1554.1592,1637.8312,42.2,0.4406,0,1545.3472,1646.6432
2019,11,REG,LA,CHI,1558.7298,1504.6923,42.2,0.6351,1,1566.0286,1497.3935
2019,11,REG,LAC,KC,1518.0467,1559.1665,42.2,0.5016,0,1508.0156,1569.1976
2019,12,REG,HOU,IND,1529.7823,1527.5893,42.2,0.5635,1,1538.5115,1518.8601
2019,12,REG,ATL,TB,1487.8114,1435.0197,42.2,0.6334,0,1475.1435,1447.6876
2019,12,REG,BUF,DEN,1515.008,1448.979,42.2,0.6509,1,1521.9899,1441.9971
2019,12,REG,CHI,NYG,1497.3935,1409.9709,42.2,0.6783,1,1503.8266,1403.5378
2019,12,REG,CIN,PIT,1393.4878,1543.2666,42.2,0.3499,0,1386.4889,1550.2655
2019,12,REG,CLE,MIA,1445.9975,1437.3101,42.2,0.5727,1,1454.5432,1428.7644
2019,12,REG,NO,CAR,1606.9604,1502.5777,42.2,0.6993,1,1612.9751,1496.563
2019,12,REG,NYJ,LV,1420.8344,1487.9877,42.2,0.4642,1,1431.5514,1477.2707
2019,12,REG,PHI,SEA,1545.3472,1580.6799,42.2,0.5099,0,1535.1496,1590.8775
2019,12,REG,WAS,DET,1421.0532,1474.701,42.2,0.4835,1,1431.3826,1464.3716
2019,12,REG,TEN,JAX,1510.6116,1458.2628,42.2,0.6328,1,1517.9555,1450.9189
2019,12,REG,NE,DAL,1646.6432,1547.5807,42.2,0.6928,1,1652.7875,1541.4364
2019,12,REG,SF,GB,1523.9524,1543.8928,42.2,0.532,1,1533.3126,1534.5326
2019,12,REG,LA,BAL,1566.0286,1574.0569,42.2,0.549,0,1555.0482,1585.0373
2019,13,REG,DET,CHI,1464.3716,1503.8266,42.2,0.504,0,1454.2926,1513.9056
2019,13,REG,DAL,BUF,1541.4364,1521.9899,42.2,0.5878,0,1529.6805,1533.7458
2019,13,REG,ATL,NO,1475.1435,1612.9751,42.2,0.3657,0,1467.8285,1620.2901
2019,13,REG,BAL,SF,1585.0373,1533.3126,42.2,0.632,1,1592.3979,1525.952
2019,13,REG,CAR,WAS,1496.563,1431.3826,42.2,0.6498,0,1483.5671,1444.3785
2019,13,REG,CIN,NYJ,1386.4889,1431.5514,42.2,0.4959,1,1396.5713,1421.469
2019,13,REG,IND,TEN,1518.8601,1517.9555,42.2,0.5617,0,1507.6258,1529.1898
2019,13,REG,JAX,TB,1450.9189,1447.6876,42.2,0.565,0,1439.6187,1458.9878
2019,13,REG,MIA,PHI,1428.7644,1535.1496,42.2,0.4087,1,1440.5911,1523.3229
2019,13,REG,NYG,GB,1403.5378,1534.5326,42.2,0.3749,0,1396.0393,1542.0311
2019,13,REG,PIT,CLE,1550.2655,1454.5432,42.2,0.6887,1,1556.4919,1448.3168
2019,13,REG,ARI,LA,1423.0741,1555.0482,42.2,0.3736,0,1415.602,1562.5203
2019,13,REG,DEN,LAC,1441.9971,1508.0156,42.2,0.4658,1,1452.6816,1497.3311
2019,13,REG,KC,LV,1569.1976,1477.2707,42.2,0.684,1,1575.5181,1470.9502
2019,13,REG,HOU,NE,1538.5115,1652.7875,42.2,0.3977,1,1550.5568,1640.7422
2019,13,REG,SEA,MIN,1590.8775,1576.8725,42.2,0.5802,1,1599.2738,1568.4762
2019,14,REG,CHI,DAL,1513.9056,1529.6805,42.2,0.538,1,1523.1465,1520.4396
2019,14,REG,ATL,CAR,1467.8285,1483.5671,42.2,0.538,1,1477.0683,1474.3273
2019,14,REG,BUF,BAL,1533.7458,1592.3979,42.2,0.4763,0,1524.219,1601.9247
2019,14,REG,CLE,CIN,1448.3168,1396.5713,42.2,0.632,1,1455.6769,1389.2112
2019,14,REG,GB,WAS,1542.0311,1444.3785,42.2,0.6911,1,1548.21,1438.1996
2019,14,REG,HOU,DEN,1550.5568,1452.6816,42.2,0.6913,0,1536.7302,1466.5082
2019,14,REG,MIN,DET,1568.4762,1454.2926,42.2,0.711,1,1574.2563,1448.5125
2019,14,REG,NO,SF,1620.2901,1525.952,42.2,0.687,0,1606.5508,1539.6913
2019,14,REG,NYJ,MIA,1421.469,1440.5911,42.2,0.5332,1,1430.8057,1431.2544
2019,14,REG,TB,IND,1458.9878,1507.6258,42.2,0.4907,1,1469.1731,1497.4405
2019,14,REG,JAX,LAC,1439.6187,1497.3311,42.2,0.4777,0,1430.0649,1506.8849
2019,14,REG,ARI,PIT,1415.602,1556.4919,42.2,0.3617,0,1408.3685,1563.7254
2019,14,REG,NE,KC,1640.7422,1575.5181,42.2,0.6499,0,1627.7452,1588.5151
2019,14,REG,LV,TEN,1470.9502,1529.1898,42.2,0.4769,0,1461.4115,1538.7285
2019,14,REG,LA,SEA,1562.5203,1599.2738,42.2,0.5078,1,1572.3635,1589.4306
2019,14,REG,PHI,NYG,1523.3229,1396.0393,42.2,0.7262,1,1528.7981,1390.5641
2019,15,REG,BAL,NYJ,1601.9247,1430.8057,42.2,0.7735,1,1606.4555,1426.2749
2019,15,REG,CAR,SEA,1474.3273,1589.4306,42.2,0.3966,0,1466.3954,1597.3625
2019,15,REG,CIN,NE,1389.2112,1627.7452,42.2,0.2441,0,1384.3287,1632.6277
2019,15,REG,DET,TB,1448.5125,1469.1731,42.2,0.531,0,1437.8933,1479.7923
2019,15,REG,GB,CHI,1548.21,1523.1465,42.2,0.5956,1,1556.2978,1515.0587
2019,15,REG,KC,DEN,1588.5151,1466.5082,42.2,0.7202,1,1594.1119,1460.9114
2019,15,REG,NYG,MIA,1390.5641,1431.2544,42.2,0.5022,1,1400.5206,1421.2979
2019,15,REG,TEN,HOU,1538.7285,1536.7302,42.2,0.5633,0,1527.4632,1547.9955
2019,15,REG,WAS,PHI,1438.1996,1528.7981,42.2,0.4308,0,1429.5837,1537.414
2019,15,REG,ARI,CLE,1408.3685,1455.6769,42.2,0.4926,1,1418.5155,1445.5299
2019,15,REG,LAC,MIN,1506.8849,1574.2563,42.2,0.4638,0,1497.6081,1583.5331
2019,15,REG,LV,JAX,1461.4115,1430.0649,42.2,0.6043,0,1449.3257,1442.1507
2019,15,REG,DAL,LA,1520.4396,1572.3635,42.2,0.486,1,1530.7194,1562.0837
2019,15,REG,SF,ATL,1539.6913,1477.0683,42.2,0.6464,0,1526.7626,1489.997
2019,15,REG,PIT,BUF,1563.7254,1524.219,42.2,0.6155,0,1551.4161,1536.5283
2019,15,REG,NO,IND,1606.5508,1497.4405,42.2,0.705,1,1612.4517,1491.5396
2019,16,REG,TB,HOU,1479.7923,1547.9955,42.2,0.4626,0,1470.5393,1557.2485
2019,16,REG,NE,BUF,1632.6277,1536.5283,42.2,0.6891,1,1638.8448,1530.3112
2019,16,REG,SF,LA,1526.7626,1562.0837,42.2,0.5099,1,1536.5646,1552.2817
2019,16,REG,ATL,JAX,1489.997,1442.1507,42.2,0.6268,1,1497.4618,1434.6859
2019,16,REG,CLE,BAL,1445.5299,1606.4555,42.2,0.3355,0,1438.82,1613.1654
2019,16,REG,IND,CAR,1491.5396,1466.3954,42.2,0.5957,1,1499.6252,1458.3098
2019,16,REG,MIA,CIN,1421.2979,1384.3287,42.2,0.612,1,1429.0579,1376.5687
2019,16,REG,NYJ,PIT,1426.2749,1551.4161,42.2,0.3829,1,1438.6178,1539.0732
2019,16,REG,TEN,NO,1527.4632,1612.4517,42.2,0.4387,0,1518.6886,1621.2263
2019,16,REG,WAS,NYG,1429.5837,1400.5206,42.2,0.6011,0,1417.5609,1412.5434
2019,16,REG,DEN,DET,1460.9114,1437.8933,42.2,0.5928,1,1469.056,1429.7487
2019,16,REG,LAC,LV,1497.6081,1449.3257,42.2,0.6273,0,1485.0611,1461.8727
2019,16,REG,PHI,DAL,1537.414,1530.7194,42.2,0.5699,1,1546.0159,1522.1175
2019,16,REG,SEA,ARI,1597.3625,1418.5155,42.2,0.7812,0,1581.7393,1434.1387
2019,16,REG,CHI,KC,1515.0587,1594.1119,42.2,0.4472,0,1506.1155,1603.0551
2019,16,REG,MIN,GB,1583.5331,1556.2978,42.2,0.5986,0,1571.5608,1568.2701
2019,17,REG,BUF,NYJ,1530.3112,1438.6178,42.2,0.6837,0,1516.6375,1452.2915
2019,17,REG,CAR,NO,1458.3098,1621.2263,42.2,0.3329,0,1451.6509,1627.8852
2019,17,REG,CIN,CLE,1376.5687,1438.82,42.2,0.4712,1,1387.1452,1428.2435
2019,17,REG,DET,GB,1429.7487,1568.2701,42.2,0.3648,0,1422.4521,1575.5667
2019,17,REG,KC,LAC,1603.0551,1485.0611,42.2,0.7155,1,1608.7455,1479.3707
2019,17,REG,MIN,CHI,1571.5608,1506.1155,42.2,0.6501,0,1558.558,1519.1183
2019,17,REG,NE,MIA,1638.8448,1429.0579,42.2,0.8101,0,1622.6431,1445.2596
2019,17,REG,TB,ATL,1470.5393,1497.4618,42.2,0.522,0,1460.0999,1507.9012
2019,17,REG,BAL,PIT,1613.1654,1539.0732,42.2,0.6614,1,1619.9379,1532.3007
2019,17,REG,DAL,WAS,1522.1175,1417.5609,42.2,0.6995,1,1528.128,1411.5504
2019,17,REG,DEN,LV,1469.056,1461.8727,42.2,0.5706,1,1477.6441,1453.2846
2019,17,REG,HOU,TEN,1557.2485,1518.6886,42.2,0.6142,0,1544.965,1530.9721
2019,17,REG,JAX,IND,1434.6859,1499.6252,42.2,0.4673,1,1445.3395,1488.9716
2019,17,REG,LA,ARI,1552.2817,1434.1387,42.2,0.7157,1,1557.9686,1428.4518
2019,17,REG,NYG,PHI,1412.5434,1546.0159,42.2,0.3716,0,1405.1116,1553.4477
2019,17,REG,SEA,SF,1581.7393,1536.5646,42.2,0.6232,0,1569.2762,1549.0277
2019,18,WC,HOU,BUF,1544.965,1516.6375,42.2,0.6001,1,1554.562,1507.0405
2019,18,WC,NE,TEN,1622.6431,1530.9721,42.2,0.6837,0,1606.2354,1547.3798
2019,18,WC,NO,MIN,1627.8852,1558.558,42.2,0.6552,0,1612.1603,1574.2829
2019,18,WC,PHI,SEA,1553.4477,1569.2762,42.2,0.5379,0,1540.5386,1582.1853
2019,19,DIV,SF,MIN,1549.0277,1574.2829,42.2,0.5244,1,1560.4429,1562.8677
2019,19,DIV,BAL,TEN,1619.9379,1547.3798,42.2,0.6594,0,1604.1124,1563.2053
2019,19,DIV,KC,HOU,1608.7455,1554.562,42.2,0.6353,1,1617.4994,1545.8081
2019,19,DIV,GB,SEA,1575.5667,1582.1853,42.2,0.551,1,1586.342,1571.41
2019,20,CON,KC,TEN,1617.4994,1563.2053,42.2,0.6354,1,1626.2497,1554.455
2019,20,CON,SF,GB,1560.4429,1586.342,42.2,0.5234,1,1571.8803,1574.9046
2019,21,SB,KC,SF,1626.2497,1571.8803,0.0,0.5776,1,1636.387,1561.743
2020,1,REG,KC,HOU,1593.0293,1532.3414,42.2,0.6439,1,1600.1516,1525.2191
2020,1,REG,ATL,SEA,1506.9438,1549.4947,42.2,0.4995,0,1496.9539,1559.4846
2020,1,REG,BAL,CLE,1571.4053,1453.5731,42.2,0.7153,1,1577.0995,1447.8789
2020,1,REG,BUF,NYJ,1506.3671,1469.6853,42.2,0.6116,1,1514.1349,1461.9175
2020,1,REG,CAR,LV,1469.2561,1470.3507,42.2,0.5589,0,1458.0785,1481.5283
2020,1,REG,DET,CHI,1449.6929,1514.4593,42.2,0.4676,0,1440.3415,1523.8107
2020,1,REG,JAX,IND,1465.0275,1494.261,42.2,0.5187,1,1474.6545,1484.634
2020,1,REG,MIN,GB,1543.7714,1551.8361,42.2,0.549,0,1532.7921,1562.8154
2020,1,REG,NE,MIA,1572.8277,1464.9739,42.2,0.7034,1,1578.7587,1459.0429
2020,1,REG,WAS,PHI,1442.3888,1528.8109,42.2,0.4367,1,1453.6548,1517.5449
2020,1,REG,CIN,LAC,1426.0373,1487.8284,42.2,0.4718,0,1416.6006,1497.2651
2020,1,REG,NO,TB,1576.7974,1474.9169,42.2,0.6962,1,1582.8729,1468.8414
2020,1,REG,SF,ARI,1543.0178,1453.7127,42.2,0.6807,0,1529.4037,1467.3268
2020,1,REG,LA,DAL,1540.489,1520.4958,42.2,0.5886,1,1548.7178,1512.267
2020,1,REG,NYG,PIT,1438.0748,1523.2915,42.2,0.4384,0,1429.3066,1532.0597
2020,1,REG,DEN,TEN,1486.6715,1538.1348,42.2,0.4867,0,1476.9381,1547.8682
2020,2,REG,CLE,CIN,1447.8789,1416.6006,42.2,0.6042,1,1455.795,1408.6845
2020,2,REG,CHI,NYG,1523.8107,1429.3066,42.2,0.6872,1,1530.0673,1423.05
2020,2,REG,DAL,ATL,1512.267,1496.9539,42.2,0.582,1,1520.6266,1488.5943
2020,2,REG,GB,DET,1562.8154,1440.3415,42.2,0.7207,1,1568.4014,1434.7555
2020,2,REG,IND,MIN,1484.634,1532.7921,42.2,0.4914,1,1494.8055,1522.6206
2020,2,REG,MIA,BUF,1459.0429,1514.1349,42.2,0.4815,0,1449.4138,1523.764
2020,2,REG,NYJ,SF,1461.9175,1529.4037,42.2,0.4637,0,1452.644,1538.6772
2020,2,REG,PHI,LA,1517.5449,1548.7178,42.2,0.5159,0,1507.2276,1559.0351
2020,2,REG,PIT,DEN,1532.0597,1476.9381,42.2,0.6365,1,1539.3296,1469.6682
2020,2,REG,TB,CAR,1468.8414,1458.0785,42.2,0.5756,1,1477.3287,1449.5912
2020,2,REG,TEN,JAX,1547.8682,1474.6545,42.2,0.6602,1,1554.6634,1467.8593
2020,2,REG,ARI,WAS,1467.3268,1453.6548,42.2,0.5797,1,1475.7324,1445.2492
2020,2,REG,HOU,BAL,1525.2191,1577.0995,42.2,0.4861,0,1515.4977,1586.8209
2020,2,REG,LAC,KC,1497.2651,1600.1516,42.2,0.4135,0,1488.9942,1608.4225
2020,2,REG,SEA,NE,1559.4846,1578.7587,42.2,0.5329,1,1568.8257,1569.4176
2020,2,REG,LV,NO,1481.5283,1582.8729,42.2,0.4157,1,1493.2144,1571.1868
2020,3,REG,JAX,MIA,1467.8593,1449.4138,42.2,0.5864,0,1456.1313,1461.1418
2020,3,REG,ATL,CHI,1488.5943,1530.0673,42.2,0.501,0,1478.5734,1540.0882
2020,3,REG,BUF,LA,1523.764,1559.0351,42.2,0.51,1,1533.5646,1549.2345
2020,3,REG,CLE,WAS,1455.795,1445.2492,42.2,0.5753,1,1464.2884,1436.7558
2020,3,REG,MIN,TEN,1522.6206,1554.6634,42.2,0.5146,0,1512.3283,1564.9557
2020,3,REG,NE,LV,1569.4176,1493.2144,42.2,0.6641,1,1576.1358,1486.4962
2020,3,REG,NYG,SF,1423.05,1538.6772,42.2,0.3959,0,1415.1325,1546.5947
2020,3,REG,PHI,CIN,1507.2276,1408.6845,42.2,0.6921,0,1493.3846,1422.5275
2020,3,REG,PIT,HOU,1539.3296,1515.4977,42.2,0.5939,1,1547.4516,1507.3757
2020,3,REG,IND,NYJ,1494.8055,1452.644,42.2,0.6191,1,1502.424,1445.0255
2020,3,REG,LAC,CAR,1488.9942,1449.5912,42.2,0.6153,0,1476.6877,1461.8977
2020,3,REG,ARI,DET,1475.7324,1434.7555,42.2,0.6175,0,1463.3831,1447.1048
2020,3,REG,DEN,TB,1469.6682,1477.3287,42.2,0.5495,0,1458.6773,1488.3196
2020,3,REG,SEA,DAL,1568.8257,1520.6266,42.2,0.6272,1,1576.281,1513.1713
2020,3,REG,NO,GB,1571.1868,1568.4014,42.2,0.5644,0,1559.8992,1579.689
2020,3,REG,BAL,KC,1586.8209,1608.4225,42.2,0.5296,0,1576.2287,1619.0147
2020,4,REG,NYJ,DEN,1445.0255,1458.6773,42.2,0.541,0,1434.2057,1469.4971
2020,4,REG,CAR,ARI,1461.8977,1463.3831,42.2,0.5583,1,1470.7312,1454.5496
2020,4,REG,CIN,JAX,1422.5275,1456.1313,42.2,0.5124,1,1432.2801,1446.3787
2020,4,REG,DAL,CLE,1513.1713,1464.2884,42.2,0.6282,0,1500.6082,1476.8515
2020,4,REG,DET,NO,1447.1048,1559.8992,42.2,0.3998,0,1439.1092,1567.8948
2020,4,REG,HOU,MIN,1507.3757,1512.3283,42.2,0.5534,0,1496.3077,1523.3963
2020,4,REG,MIA,SEA,1461.1418,1576.281,42.2,0.3965,0,1453.2109,1584.2119
2020,4,REG,TB,LAC,1488.3196,1476.6877,42.2,0.5769,1,1496.7825,1468.2248
2020,4,REG,WAS,BAL,1436.7558,1576.2287,42.2,0.3636,0,1429.4846,1583.4999
2020,4,REG,LA,NYG,1549.2345,1415.1325,42.2,0.734,1,1554.555,1409.812
2020,4,REG,CHI,IND,1540.0882,1502.424,42.2,0.613,0,1527.8292,1514.683
2020,4,REG,LV,BUF,1486.4962,1533.5646,42.2,0.493,0,1476.6363,1543.4245
2020,4,REG,SF,PHI,1546.5947,1493.3846,42.2,0.634,0,1533.9156,1506.0637
2020,4,REG,KC,NE,1619.0147,1576.1358,42.2,0.62,1,1626.6137,1568.5368
2020,4,REG,GB,ATL,1579.689,1478.5734,42.2,0.6953,1,1585.7831,1472.4793
2020,5,REG,CHI,TB,1527.8292,1496.7825,42.2,0.6039,1,1535.7517,1488.86
2020,5,REG,ATL,CAR,1472.4793,1470.7312,42.2,0.5629,0,1461.2211,1481.9894
2020,5,REG,BAL,CIN,1583.4999,1432.2801,42.2,0.7528,1,1588.4446,1427.3354
2020,5,REG,HOU,JAX,1496.3077,1446.3787,42.2,0.6296,1,1503.7165,1438.9699
2020,5,REG,KC,LV,1626.6137,1476.6363,42.2,0.7514,0,1611.5851,1491.6649
2020,5,REG,NYJ,ARI,1434.2057,1454.5496,42.2,0.5314,0,1423.5775,1465.1778
2020,5,REG,PIT,PHI,1547.4516,1506.0637,42.2,0.618,1,1555.0911,1498.4242
2020,5,REG,WAS,LA,1429.4846,1554.555,42.2,0.383,0,1421.8256,1562.214
2020,5,REG,SF,MIA,1533.9156,1453.2109,42.2,0.6698,0,1520.5186,1466.6079
2020,5,REG,CLE,IND,1476.8515,1514.683,42.2,0.5063,1,1486.7258,1504.8087
2020,5,REG,DAL,NYG,1500.6082,1409.812,42.2,0.6826,1,1506.9569,1403.4633
2020,5,REG,SEA,MIN,1584.2119,1523.3963,42.2,0.6441,1,1591.3308,1516.2774
2020,5,REG,NO,LAC,1567.8948,1468.2248,42.2,0.6935,1,1574.0242,1462.0954
2020,5,REG,TEN,BUF,1564.9557,1543.4245,42.2,0.5907,1,1573.1417,1535.2385
2020,6,REG,CAR,CHI,1481.9894,1535.7517,42.2,0.4834,0,1472.3221,1545.419
2020,6,REG,IND,CIN,1504.8087,1427.3354,42.2,0.6657,1,1511.4943,1420.6498
2020,6,REG,JAX,DET,1438.9699,1439.1092,42.2,0.5602,0,1427.7652,1450.3139
2020,6,REG,MIN,ATL,1516.2774,1461.2211,42.2,0.6364,0,1503.549,1473.9495
2020,6,REG,NE,DEN,1568.5368,1469.4971,42.2,0.6928,0,1554.6817,1483.3522
2020,6,REG,NYG,WAS,1403.4633,1421.8256,42.2,0.5343,1,1412.7783,1412.5106
2020,6,REG,PHI,BAL,1498.4242,1588.4446,42.2,0.4316,0,1489.792,1597.0768
2020,6,REG,PIT,CLE,1555.0911,1486.7258,42.2,0.654,1,1562.012,1479.8049
2020,6,REG,TEN,HOU,1573.1417,1503.7165,42.2,0.6553,1,1580.035,1496.8232
2020,6,REG,MIA,NYJ,1466.6079,1423.5775,42.2,0.6203,1,1474.2028,1415.9826
2020,6,REG,TB,GB,1488.86,1585.7831,42.2,0.4219,1,1500.4222,1574.2209
2020,6,REG,SF,LA,1520.5186,1562.214,42.2,0.5007,1,1530.5041,1552.2285
2020,6,REG,BUF,KC,1535.2385,1611.5851,42.2,0.451,0,1526.2182,1620.6054
2020,6,REG,DAL,ARI,1506.9569,1465.1778,42.2,0.6186,0,1494.5858,1477.5489
2020,7,REG,PHI,NYG,1489.792,1412.7783,42.2,0.6651,1,1496.4894,1406.0809
2020,7,REG,ATL,DET,1473.9495,1450.3139,42.2,0.5936,0,1462.077,1462.1864
2020,7,REG,CIN,CLE,1420.6498,1479.8049,42.2,0.4756,0,1411.1374,1489.3173
2020,7,REG,HOU,GB,1496.8232,1574.2209,42.2,0.4495,0,1487.8328,1583.2113
2020,7,REG,NO,CAR,1574.0242,1472.3221,42.2,0.696,1,1580.104,1466.2423
2020,7,REG,NYJ,BUF,1415.9826,1526.2182,42.2,0.4033,0,1407.9162,1534.2846
2020,7,REG,TEN,PIT,1580.035,1562.012,42.2,0.5858,0,1568.3188,1573.7282
2020,7,REG,WAS,DAL,1412.5106,1494.5858,42.2,0.4429,1,1423.6533,1483.4431
2020,7,REG,LV,TB,1491.6649,1500.4222,42.2,0.548,0,1480.7053,1511.3818
2020,7,REG,DEN,KC,1483.3522,1620.6054,42.2,0.3665,0,1476.0218,1627.9358
2020,7,REG,LAC,JAX,1462.0954,1427.7652,42.2,0.6084,1,1469.9276,1419.933
2020,7,REG,NE,SF,1554.6817,1530.5041,42.2,0.5944,0,1542.7941,1542.3917
2020,7,REG,ARI,SEA,1477.5489,1591.3308,42.2,0.3984,1,1489.5805,1579.2992
2020,7,REG,LA,CHI,1552.2285,1545.419,42.2,0.5701,1,1560.8272,1536.8203
2020,8,REG,CAR,ATL,1466.2423,1462.077,42.2,0.5663,0,1454.9157,1473.4036
2020,8,REG,BAL,PIT,1597.0768,1573.7282,42.2,0.5932,0,1585.2122,1585.5928
2020,8,REG,BUF,NE,1534.2846,1542.7941,42.2,0.5483,1,1543.3179,1533.7608
2020,8,REG,CIN,TEN,1411.1374,1568.3188,42.2,0.3403,1,1424.3311,1555.1251
2020,8,REG,CLE,LV,1489.3173,1480.7053,42.2,0.5726,0,1477.8652,1492.1574
2020,8,REG,DET,IND,1462.1864,1511.4943,42.2,0.4898,0,1452.391,1521.2897
2020,8,REG,GB,MIN,1583.2113,1503.549,42.2,0.6685,0,1569.8409,1516.9194
2020,8,REG,KC,NYJ,1627.9358,1407.9162,42.2,0.819,1,1631.5562,1404.2958
2020,8,REG,MIA,LA,1474.2028,1560.8272,42.2,0.4364,1,1485.4745,1549.5555
2020,8,REG,DEN,LAC,1476.0218,1469.9276,42.2,0.5691,1,1484.6407,1461.3087
2020,8,REG,CHI,NO,1536.8203,1580.104,42.2,0.4984,0,1526.8515,1590.0728
2020,8,REG,SEA,SF,1579.2992,1542.3917,42.2,0.6119,1,1587.0609,1534.63
2020,8,REG,PHI,DAL,1496.4894,1483.4431,42.2,0.5788,1,1504.9126,1475.0199
2020,8,REG,NYG,TB,1406.0809,1511.3818,42.2,0.4102,0,1397.8774,1519.5853
2020,9,REG,SF,GB,1534.63,1569.8409,42.2,0.5101,0,1524.4289,1580.042
2020,9,REG,ATL,DEN,1473.4036,1484.6407,42.2,0.5444,1,1482.5148,1475.5295
2020,9,REG,BUF,SEA,1543.3179,1587.0609,42.2,0.4978,1,1553.3623,1577.0165
2020,9,REG,IND,BAL,1521.2897,1585.2122,42.2,0.4688,0,1511.9141,1594.5878
2020,9,REG,JAX,HOU,1419.933,1487.8328,42.2,0.4631,0,1410.6714,1497.0944
2020,9,REG,KC,CAR,1631.5562,1454.9157,42.2,0.779,1,1635.9765,1450.4954
2020,9,REG,MIN,DET,1516.9194,1452.391,42.2,0.6489,1,1523.9406,1445.3698
2020,9,REG,TEN,CHI,1555.1251,1526.8515,42.2,0.6001,1,1563.1241,1518.8525
2020,9,REG,WAS,NYG,1423.6533,1397.8774,42.2,0.5966,0,1411.7214,1409.8093
2020,9,REG,LAC,LV,1461.3087,1492.1574,42.2,0.5163,0,1450.9821,1502.484
2020,9,REG,ARI,MIA,1489.5805,1485.4745,42.2,0.5662,0,1478.2555,1496.7995
2020,9,REG,DAL,PIT,1475.0199,1585.5928,42.2,0.4029,0,1466.9628,1593.6499
2020,9,REG,TB,NO,1519.5853,1590.0728,42.2,0.4594,0,1510.3977,1599.2604
2020,9,REG,NYJ,NE,1404.2958,1533.7608,42.2,0.377,0,1396.756,1541.3006
2020,10,REG,TEN,IND,1563.1241,1511.9141,42.2,0.6313,0,1550.4985,1524.5397
2020,10,REG,CAR,TB,1450.4954,1510.3977,42.2,0.4745,0,1441.0045,1519.8886
2020,10,REG,CLE,HOU,1477.8652,1497.0944,42.2,0.533,1,1487.205,1487.7546
2020,10,REG,DET,WAS,1445.3698,1411.7214,42.2,0.6075,1,1453.2207,1403.8705
2020,10,REG,GB,JAX,1580.042,1410.6714,42.2,0.7717,1,1584.6081,1406.1053
2020,10,REG,NYG,PHI,1409.8093,1504.9126,42.2,0.4244,1,1421.3203,1493.4016
2020,10,REG,ARI,BUF,1478.2555,1553.3623,42.2,0.4528,1,1489.1998,1542.418
2020,10,REG,LV,DEN,1502.484,1475.5295,42.2,0.5982,1,1510.5194,1467.4941
2020,10,REG,MIA,LAC,1496.7995,1450.9821,42.2,0.624,1,1504.319,1443.4626
2020,10,REG,LA,SEA,1549.5555,1577.0165,42.2,0.5212,1,1559.1315,1567.4405
2020,10,REG,NO,SF,1599.2604,1524.4289,42.2,0.6623,1,1606.0138,1517.6755
2020,10,REG,PIT,CIN,1593.6499,1424.3311,42.2,0.7716,1,1598.2171,1419.7639
2020,10,REG,NE,BAL,1541.3006,1594.5878,42.2,0.484,1,1551.6196,1584.2688
2020,10,REG,CHI,MIN,1518.8525,1523.9406,42.2,0.5532,0,1507.7884,1535.0047
2020,11,REG,SEA,ARI,1567.4405,1489.1998,42.2,0.6667,1,1574.1064,1482.5339
2020,11,REG,BAL,TEN,1584.2688,1550.4985,42.2,0.6076,0,1572.1164,1562.6509
2020,11,REG,CAR,DET,1441.0045,1453.2207,42.2,0.543,1,1450.1436,1444.0816
2020,11,REG,CLE,PHI,1487.205,1493.4016,42.2,0.5516,1,1496.1724,1484.4342
2020,11,REG,HOU,NE,1487.7546,1551.6196,42.2,0.4689,1,1498.3774,1540.9968
2020,11,REG,JAX,PIT,1406.1053,1598.2171,42.2,0.2967,0,1400.1709,1604.1515
2020,11,REG,NO,ATL,1606.0138,1482.5148,42.2,0.7219,1,1611.5761,1476.9525
2020,11,REG,WAS,CIN,1403.8705,1419.7639,42.2,0.5378,1,1413.1148,1410.5196
2020,11,REG,DEN,MIA,1467.4941,1504.319,42.2,0.5077,1,1477.3394,1494.4737
2020,11,REG,LAC,NYJ,1443.4626,1396.756,42.2,0.6252,1,1450.9581,1389.2605
2020,11,REG,IND,GB,1524.5397,1584.6081,42.2,0.4743,1,1535.0535,1574.0943
2020,11,REG,MIN,DAL,1535.0047,1466.9628,42.2,0.6535,0,1521.934,1480.0335
2020,11,REG,LV,KC,1510.5194,1635.9765,42.2,0.3824,0,1502.8709,1643.625
2020,11,REG,TB,LA,1519.8886,1559.1315,42.2,0.5043,0,1509.8035,1569.2166
2020,12,REG,DET,HOU,1444.0816,1498.3774,42.2,0.4826,0,1434.4296,1508.0294
2020,12,REG,DAL,WAS,1480.0335,1413.1148,42.2,0.6521,0,1466.9922,1426.1561
2020,12,REG,ATL,LV,1476.9525,1502.8709,42.2,0.5234,1,1486.4842,1493.3392
2020,12,REG,BUF,LAC,1542.418,1450.9581,42.2,0.6834,1,1548.7501,1444.626
2020,12,REG,CIN,NYG,1410.5196,1421.3203,42.2,0.5451,0,1399.6183,1432.2216
2020,12,REG,IND,TEN,1535.0535,1562.6509,42.2,0.521,0,1524.6335,1573.0709
2020,12,REG,JAX,CLE,1400.1709,1496.1724,42.2,0.4232,0,1391.7072,1504.6361
2020,12,REG,MIN,CAR,1521.934,1450.1436,42.2,0.6584,1,1528.766,1443.3116
2020,12,REG,NE,ARI,1540.9968,1482.5339,42.2,0.6409,1,1548.1779,1475.3528
2020,12,REG,NYJ,MIA,1389.2605,1494.4737,42.2,0.4103,0,1381.0545,1502.6797
2020,12,REG,DEN,NO,1477.3394,1611.5761,42.2,0.3706,0,1469.9282,1618.9873
2020,12,REG,LA,SF,1569.2166,1517.6755,42.2,0.6317,0,1556.5821,1530.31
2020,12,REG,TB,KC,1509.8035,1643.625,42.2,0.3711,0,1502.3811,1651.0474
2020,12,REG,GB,CHI,1574.0943,1507.7884,42.2,0.6513,1,1581.069,1500.8137
2020,12,REG,PHI,SEA,1484.4342,1574.1064,42.2,0.4321,0,1475.7921,1582.7485
2020,12,REG,PIT,BAL,1604.1515,1572.1164,42.2,0.6052,1,1612.0468,1564.2211
2020,13,REG,ATL,NO,1486.4842,1618.9873,42.2,0.3729,0,1479.0263,1626.4452
2020,13,REG,CHI,DET,1500.8137,1434.4296,42.2,0.6514,0,1487.7863,1447.457
2020,13,REG,HOU,IND,1508.0294,1524.6335,42.2,0.5368,0,1497.294,1535.3689
2020,13,REG,MIA,CIN,1502.6797,1399.6183,42.2,0.6977,1,1508.7264,1393.5716
2020,13,REG,MIN,JAX,1528.766,1391.7072,42.2,0.7373,1,1534.0203,1386.4529
2020,13,REG,NYJ,LV,1381.0545,1493.3392,42.2,0.4005,0,1373.0448,1501.3489
2020,13,REG,TEN,CLE,1573.0709,1504.6361,42.2,0.654,0,1559.99,1517.717
2020,13,REG,ARI,LA,1475.3528,1556.5821,42.2,0.4441,0,1466.4715,1565.4634
2020,13,REG,SEA,NYG,1582.7485,1432.2216,42.2,0.752,0,1567.7081,1447.262
2020,13,REG,GB,PHI,1581.069,1475.7921,42.2,0.7003,1,1587.0621,1469.799
2020,13,REG,LAC,NE,1444.626,1548.1779,42.2,0.4126,0,1436.3737,1556.4302
2020,13,REG,KC,DEN,1651.0474,1469.9282,42.2,0.7834,1,1655.3796,1465.596
2020,13,REG,PIT,WAS,1612.0468,1426.1561,42.2,0.788,0,1596.2865,1441.9164
2020,13,REG,SF,BUF,1530.31,1548.7501,42.2,0.5341,0,1519.6272,1559.4329
2020,13,REG,BAL,DAL,1564.2211,1466.9922,42.2,0.6905,1,1570.4104,1460.8029
2020,14,REG,LA,NE,1565.4634,1556.4302,42.2,0.5732,1,1573.9994,1547.8942
2020,14,REG,CAR,DEN,1443.3116,1465.596,42.2,0.5286,0,1432.739,1476.1686
2020,14,REG,CHI,HOU,1487.7863,1497.294,42.2,0.5469,1,1496.8481,1488.2322
2020,14,REG,CIN,DAL,1393.5716,1460.8029,42.2,0.464,0,1384.2908,1470.0837
2020,14,REG,JAX,TEN,1386.4529,1559.99,42.2,0.3195,0,1380.0628,1566.3801
2020,14,REG,MIA,KC,1508.7264,1655.3796,42.2,0.3541,0,1501.6454,1662.4606
2020,14,REG,NYG,ARI,1447.262,1466.4715,42.2,0.533,0,1436.6012,1477.1323
2020,14,REG,TB,MIN,1502.3811,1534.0203,42.2,0.5152,1,1512.0772,1524.3242
2020,14,REG,LV,IND,1501.3489,1535.3689,42.2,0.5118,0,1491.1135,1545.6043
2020,14,REG,SEA,NYJ,1567.7081,1373.0448,42.2,0.7963,1,1571.7816,1368.9713
2020,14,REG,DET,GB,1447.457,1587.0621,42.2,0.3634,0,1440.1893,1594.3298
2020,14,REG,LAC,ATL,1436.3737,1479.0263,42.2,0.4993,1,1446.3867,1469.0133
2020,14,REG,PHI,NO,1469.799,1626.4452,42.2,0.341,1,1482.9788,1613.2654
2020,14,REG,SF,WAS,1519.6272,1441.9164,42.2,0.666,0,1506.3067,1455.2369
2020,14,REG,BUF,PIT,1559.4329,1596.2865,42.2,0.5077,1,1569.279,1586.4404
2020,14,REG,CLE,BAL,1517.717,1570.4104,42.2,0.4849,0,1508.0189,1580.1085
2020,15,REG,LV,LAC,1491.1135,1446.3867,42.2,0.6226,0,1478.6625,1458.8377
2020,15,REG,DEN,BUF,1476.1686,1569.279,42.2,0.4273,0,1467.6235,1577.8241
2020,15,REG,GB,CAR,1594.3298,1432.739,42.2,0.7637,1,1599.0557,1428.0131
2020,15,REG,ATL,TB,1469.0133,1512.0772,42.2,0.4988,0,1459.0382,1522.0523
2020,15,REG,BAL,JAX,1580.1085,1380.0628,42.2,0.8013,1,1584.0824,1376.0889
2020,15,REG,DAL,SF,1470.0837,1506.3067,42.2,0.5086,1,1479.9117,1496.4787
2020,15,REG,IND,HOU,1545.6043,1488.2322,42.2,0.6395,1,1552.8144,1481.0221
2020,15,REG,MIA,NE,1501.6454,1547.8942,42.2,0.4942,1,1511.7619,1537.7777
2020,15,REG,MIN,CHI,1524.3242,1496.8481,42.2,0.5989,0,1512.3452,1508.8271
2020,15,REG,TEN,DET,1566.3801,1440.1893,42.2,0.725,1,1571.8804,1434.689
2020,15,REG,WAS,SEA,1455.2369,1571.7816,42.2,0.3946,0,1447.3446,1579.6739
2020,15,REG,ARI,PHI,1477.1323,1482.9788,42.2,0.5521,1,1486.0898,1474.0213
2020,15,REG,LA,NYJ,1573.9994,1368.9713,42.2,0.8058,0,1557.8827,1385.088
2020,15,REG,NO,KC,1613.2654,1662.4606,42.2,0.4899,0,1603.4667,1672.2593
2020,15,REG,NYG,CLE,1436.6012,1508.0189,42.2,0.4581,0,1427.4402,1517.1799
2020,15,REG,CIN,PIT,1384.2908,1586.4404,42.2,0.2848,1,1398.5947,1572.1365
2020,16,REG,NO,MIN,1603.4667,1512.3452,42.2,0.683,1,1609.8073,1506.0046
2020,16,REG,DET,TB,1434.689,1522.0523,42.2,0.4354,0,1425.9816,1530.7597
2020,16,REG,ARI,SF,1486.0898,1496.4787,42.2,0.5457,0,1475.1768,1507.3917
2020,16,REG,LV,MIA,1478.6625,1511.7619,42.2,0.5131,0,1468.4006,1522.0238
2020,16,REG,BAL,NYG,1584.0824,1427.4402,42.2,0.7585,1,1588.9118,1422.6108
2020,16,REG,HOU,CIN,1481.0221,1398.5947,42.2,0.672,0,1467.5814,1412.0354
2020,16,REG,JAX,CHI,1376.0889,1508.8271,42.2,0.3726,0,1368.6374,1516.2786
2020,16,REG,KC,ATL,1672.2593,1459.0382,42.2,0.8131,1,1675.9972,1455.3003
2020,16,REG,NYJ,CLE,1385.088,1517.1799,42.2,0.3734,1,1397.6191,1504.6488
2020,16,REG,PIT,IND,1572.1365,1552.8144,42.2,0.5876,1,1580.384,1544.5669
2020,16,REG,LAC,DEN,1458.8377,1467.6235,42.2,0.5479,1,1467.8789,1458.5823
2020,16,REG,WAS,CAR,1447.3446,1428.0131,42.2,0.5876,0,1435.5919,1439.7658
2020,16,REG,DAL,PHI,1479.9117,1474.0213,42.2,0.5688,1,1488.5363,1465.3967
2020,16,REG,SEA,LA,1579.6739,1557.8827,42.2,0.5911,1,1587.8526,1549.704
2020,16,REG,GB,TEN,1599.0557,1571.8804,42.2,0.5985,1,1607.085,1563.8511
2020,16,REG,NE,BUF,1537.7777,1577.8241,42.2,0.5031,0,1527.7157,1587.8861
2020,17,REG,BUF,MIA,1587.8861,1522.0238,42.2,0.6507,1,1594.8724,1515.0375
2020,17,REG,CIN,BAL,1412.0354,1588.9118,42.2,0.3153,0,1405.7286,1595.2186
2020,17,REG,CLE,PIT,1504.6488,1580.384,42.2,0.4519,1,1515.611,1569.4218
2020,17,REG,DET,MIN,1425.9816,1506.0046,42.2,0.4458,0,1417.066,1514.9202
2020,17,REG,NE,NYJ,1527.7157,1397.6191,42.2,0.7294,1,1533.1268,1392.208
2020,17,REG,NYG,DAL,1422.6108,1488.5363,42.2,0.4659,1,1433.2926,1477.8545
2020,17,REG,TB,ATL,1530.7597,1455.3003,42.2,0.6631,1,1537.497,1448.563
2020,17,REG,CAR,NO,1439.7658,1609.8073,42.2,0.3239,0,1433.2878,1616.2853
2020,17,REG,CHI,GB,1516.2786,1607.085,42.2,0.4305,0,1507.6685,1615.6951
2020,17,REG,DEN,LV,1458.5823,1468.4006,42.2,0.5465,0,1447.653,1479.3299
2020,17,REG,HOU,TEN,1467.5814,1563.8511,42.2,0.4228,0,1459.1252,1572.3073
2020,17,REG,IND,JAX,1544.5669,1368.6374,42.2,0.7783,1,1549.0014,1364.2029
2020,17,REG,KC,LAC,1675.9972,1467.8789,42.2,0.8086,0,1659.8252,1484.0509
2020,17,REG,LA,ARI,1549.704,1475.1768,42.2,0.6619,1,1556.4653,1468.4155
2020,17,REG,SF,SEA,1507.3917,1587.8526,42.2,0.4452,0,1498.4885,1596.7558
2020,17,REG,PHI,WAS,1465.3967,1435.5919,42.2,0.6022,0,1453.3534,1447.6352
2020,18,WC,BUF,IND,1594.8724,1549.0014,42.2,0.6241,1,1603.8941,1539.9797
2020,18,WC,SEA,LA,1596.7558,1556.4653,42.2,0.6165,0,1581.959,1571.2621
2020,18,WC,WAS,TB,1447.6352,1537.497,42.2,0.4318,0,1437.2711,1547.8611
2020,18,WC,TEN,BAL,1572.3073,1595.2186,42.2,0.5277,0,1559.6418,1607.8841
2020,18,WC,NO,CHI,1616.2853,1507.6685,42.2,0.7044,1,1623.3805,1500.5733
2020,18,WC,PIT,CLE,1569.4218,1515.611,42.2,0.6348,0,1554.1876,1530.8452
2020,19,DIV,GB,LA,1615.6951,1571.2621,42.2,0.6222,1,1624.7634,1562.1938
2020,19,DIV,BUF,BAL,1603.8941,1607.8841,42.2,0.5548,1,1614.5797,1597.1985
2020,19,DIV,KC,CLE,1659.8252,1530.8452,42.2,0.7282,1,1666.349,1524.3214
2020,19,DIV,NO,TB,1623.3805,1547.8611,42.2,0.6632,0,1607.4634,1563.7782
2020,20,CON,GB,TB,1624.7634,1563.7782,42.2,0.6443,0,1609.3007,1579.2409
2020,20,CON,KC,BUF,1666.349,1614.5797,42.2,0.632,1,1675.1803,1605.7484
2020,21,SB,TB,KC,1579.2409,1675.1803,0.0,0.3653,1,1594.4728,1659.9484
2021,1,REG,TB,DAL,1564.9468,1486.8125,42.2,0.6666,1,1571.6155,1480.1438
2021,1,REG,ATL,PHI,1467.1872,1470.3968,42.2,0.5559,0,1456.0697,1481.5143
2021,1,REG,BUF,PIT,1572.5014,1537.9557,42.2,0.6087,0,1560.3277,1550.1294
2021,1,REG,CAR,NYJ,1456.9528,1429.4294,42.2,0.599,1,1464.9725,1421.4097
2021,1,REG,CIN,MIN,1438.4882,1511.6465,42.2,0.4556,1,1449.3769,1500.7578
2021,1,REG,DET,SF,1446.0842,1500.6373,42.2,0.4822,0,1436.4396,1510.2819
2021,1,REG,HOU,JAX,1474.2639,1410.6659,42.2,0.6477,1,1481.3095,1403.6203
2021,1,REG,IND,SEA,1528.4364,1556.5625,42.2,0.5202,0,1518.0315,1566.9674
2021,1,REG,TEN,ARI,1541.61,1480.4884,42.2,0.6445,0,1528.7208,1493.3776
2021,1,REG,WAS,LAC,1459.6216,1490.9641,42.2,0.5156,0,1449.3092,1501.2765
2021,1,REG,KC,CLE,1608.8154,1517.9453,42.2,0.6827,1,1615.1622,1511.5985
2021,1,REG,NE,MIA,1523.845,1511.7251,42.2,0.5775,0,1512.2942,1523.2759
2021,1,REG,NO,GB,1573.6505,1574.8815,42.2,0.5587,1,1582.4768,1566.0552
2021,1,REG,NYG,DEN,1456.956,1466.5775,42.2,0.5467,0,1446.0211,1477.5124
2021,1,REG,LA,CHI,1543.3198,1502.0341,42.2,0.6179,1,1550.9621,1494.3918
2021,1,REG,LV,BAL,1487.801,1566.773,42.2,0.4473,1,1498.8554,1555.7186
2021,2,REG,WAS,NYG,1449.3092,1446.0211,42.2,0.5651,1,1458.0074,1437.3229
2021,2,REG,CAR,NO,1464.9725,1582.4768,42.2,0.3933,1,1477.1066,1570.3427
2021,2,REG,CHI,CIN,1494.3918,1449.3769,42.2,0.6229,1,1501.933,1441.8357
2021,2,REG,CLE,HOU,1511.5985,1481.3095,42.2,0.6028,1,1519.5419,1473.3661
2021,2,REG,IND,LA,1518.0315,1550.9621,42.2,0.5133,0,1507.7648,1561.2288
2021,2,REG,JAX,DEN,1403.6203,1477.5124,42.2,0.4545,0,1394.53,1486.6027
2021,2,REG,MIA,BUF,1523.2759,1560.3277,42.2,0.5074,0,1513.1277,1570.4759
2021,2,REG,NYJ,NE,1421.4097,1512.2942,42.2,0.4304,0,1412.8019,1520.902
2021,2,REG,PHI,SF,1481.5143,1510.2819,42.2,0.5193,0,1471.1279,1520.6683
2021,2,REG,PIT,LV,1550.1294,1498.8554,42.2,0.6314,0,1537.5021,1511.4827
2021,2,REG,ARI,MIN,1493.3776,1500.7578,42.2,0.5499,1,1502.3787,1491.7567
2021,2,REG,TB,ATL,1571.6155,1456.0697,42.2,0.7126,1,1577.3634,1450.3218
2021,2,REG,LAC,DAL,1501.2765,1480.1438,42.2,0.5901,0,1489.4736,1491.9467
2021,2,REG,SEA,TEN,1566.9674,1528.7208,42.2,0.6137,0,1554.6925,1540.9957
2021,2,REG,BAL,KC,1555.7186,1615.1622,42.2,0.4752,1,1566.2145,1604.6663
2021,2,REG,GB,DET,1566.0552,1436.4396,42.2,0.7289,1,1571.4772,1431.0176
2021,3,REG,HOU,CAR,1473.3661,1477.1066,42.2,0.5551,0,1462.2636,1488.2091
2021,3,REG,BUF,WAS,1570.4759,1458.0074,42.2,0.709,1,1576.2967,1452.1866
2021,3,REG,CLE,CHI,1519.5419,1501.933,42.2,0.5852,1,1527.8373,1493.6376
2021,3,REG,DET,BAL,1431.0176,1566.2145,42.2,0.3693,0,1423.6321,1573.6
2021,3,REG,JAX,ARI,1394.53,1502.3787,42.2,0.4066,0,1386.3974,1510.5113
2021,3,REG,KC,LAC,1604.6663,1489.4736,42.2,0.7122,0,1590.4226,1503.7173
2021,3,REG,NE,NO,1520.902,1570.3427,42.2,0.4896,0,1511.1104,1580.1343
2021,3,REG,NYG,ATL,1437.3229,1450.3218,42.2,0.5419,0,1426.4844,1461.1603
2021,3,REG,PIT,CIN,1537.5021,1441.8357,42.2,0.6886,0,1523.7299,1455.6079
2021,3,REG,TEN,IND,1540.9957,1507.7648,42.2,0.6069,1,1548.8581,1499.9024
2021,3,REG,DEN,NYJ,1486.6027,1412.8019,42.2,0.661,1,1493.3827,1406.0219
2021,3,REG,LV,MIA,1511.4827,1513.1277,42.2,0.5581,1,1520.3207,1504.2897
2021,3,REG,LA,TB,1561.2288,1577.3634,42.2,0.5374,1,1570.48,1568.1122
2021,3,REG,MIN,SEA,1491.7567,1554.6925,42.2,0.4702,1,1502.3528,1544.0964
2021,3,REG,SF,GB,1520.6683,1571.4772,42.2,0.4876,0,1510.916,1581.2295
2021,3,REG,DAL,PHI,1491.9467,1471.1279,42.2,0.5897,1,1500.1525,1462.9221
2021,4,REG,CIN,JAX,1455.6079,1386.3974,42.2,0.6551,1,1462.5068,1379.4985
2021,4,REG,ATL,WAS,1461.1603,1452.1866,42.2,0.5731,0,1449.698,1463.6489
2021,4,REG,BUF,HOU,1576.2967,1462.2636,42.2,0.7108,1,1582.0804,1456.4799
2021,4,REG,CHI,DET,1493.6376,1423.6321,42.2,0.6561,1,1500.5159,1416.7538
2021,4,REG,DAL,CAR,1500.1525,1488.2091,42.2,0.5773,1,1508.6066,1479.755
2021,4,REG,MIA,IND,1504.2897,1499.9024,42.2,0.5666,0,1492.9568,1511.2353
2021,4,REG,MIN,CLE,1502.3528,1527.8373,42.2,0.524,0,1491.8721,1538.318
2021,4,REG,NO,NYG,1580.1343,1426.4844,42.2,0.7554,0,1565.0271,1441.5916
2021,4,REG,NYJ,TEN,1406.0219,1548.8581,42.2,0.3591,1,1418.8401,1536.0399
2021,4,REG,PHI,KC,1462.9221,1590.4226,42.2,0.3797,0,1455.3291,1598.0156
2021,4,REG,LA,ARI,1570.48,1510.5113,42.2,0.6429,0,1557.6213,1523.37
2021,4,REG,SF,SEA,1510.916,1544.0964,42.2,0.513,0,1500.6565,1554.3559
2021,4,REG,DEN,BAL,1493.3827,1573.6,42.2,0.4455,0,1484.4726,1582.5101
2021,4,REG,GB,PIT,1581.2295,1523.7299,42.2,0.6397,1,1588.4362,1516.5232
2021,4,REG,NE,TB,1511.1104,1568.1122,42.2,0.4787,0,1501.5362,1577.6864
2021,4,REG,LAC,LV,1503.7173,1520.3207,42.2,0.5368,1,1512.9819,1511.0561
2021,5,REG,SEA,LA,1554.3559,1557.6213,42.2,0.5558,0,1543.2399,1568.7373
2021,5,REG,ATL,NYJ,1449.698,1418.8401,42.2,0.6036,1,1457.6257,1410.9124
2021,5,REG,CAR,PHI,1479.755,1455.3291,42.2,0.5947,0,1467.8605,1467.2236
2021,5,REG,CIN,GB,1462.5068,1588.4362,42.2,0.3818,0,1454.8711,1596.0719
2021,5,REG,HOU,NE,1456.4799,1501.5362,42.2,0.4959,0,1446.5621,1511.454
2021,5,REG,JAX,TEN,1379.4985,1536.0399,42.2,0.3411,0,1372.6756,1542.8628
2021,5,REG,MIN,DET,1491.8721,1416.7538,42.2,0.6627,1,1498.6182,1410.0077
2021,5,REG,PIT,DEN,1516.5232,1484.4726,42.2,0.6053,1,1524.418,1476.5778
2021,5,REG,TB,MIA,1577.6864,1492.9568,42.2,0.675,1,1584.1874,1486.4558
2021,5,REG,WAS,NO,1463.6489,1565.0271,42.2,0.4156,0,1455.3359,1573.3401
2021,5,REG,LAC,CLE,1512.9819,1538.318,42.2,0.5243,1,1522.4969,1528.803
2021,5,REG,LV,CHI,1511.0561,1500.5159,42.2,0.5753,0,1499.5497,1512.0223
2021,5,REG,ARI,SF,1523.37,1500.6565,42.2,0.5923,1,1531.5231,1492.5034
2021,5,REG,DAL,NYG,1508.6066,1441.5916,42.2,0.6522,1,1515.5627,1434.6355
2021,5,REG,KC,BUF,1598.0156,1582.0804,42.2,0.5829,0,1586.3578,1593.7382
2021,5,REG,BAL,IND,1582.5101,1511.2353,42.2,0.6577,1,1589.3554,1504.39
2021,6,REG,PHI,TB,1467.2236,1584.1874,42.2,0.394,0,1459.3429,1592.0681
2021,6,REG,JAX,MIA,1372.6756,1486.4558,42.2,0.3984,1,1384.7072,1474.4242
2021,6,REG,BAL,LAC,1589.3554,1522.4969,42.2,0.652,1,1596.3156,1515.5367
2021,6,REG,CAR,MIN,1467.8605,1498.6182,42.2,0.5165,0,1457.5313,1508.9474
2021,6,REG,CHI,GB,1512.0223,1596.0719,42.2,0.4401,0,1503.221,1604.8732
2021,6,REG,DET,CIN,1410.0077,1454.8711,42.2,0.4962,0,1400.0844,1464.7944
2021,6,REG,IND,HOU,1504.39,1446.5621,42.2,0.6401,1,1511.588,1439.3641
2021,6,REG,NYG,LA,1434.6355,1568.7373,42.2,0.3707,0,1427.2206,1576.1522
2021,6,REG,WAS,KC,1455.3359,1586.3578,42.2,0.3749,0,1447.8381,1593.8556
2021,6,REG,CLE,ARI,1528.803,1531.5231,42.2,0.5566,0,1517.6715,1542.6546
2021,6,REG,DEN,LV,1476.5778,1499.5497,42.2,0.5276,0,1466.0249,1510.1026
2021,6,REG,NE,DAL,1511.454,1515.5627,42.2,0.5546,0,1500.362,1526.6547
2021,6,REG,PIT,SEA,1524.418,1543.2399,42.2,0.5336,1,1533.7461,1533.9118
2021,6,REG,TEN,BUF,1542.8628,1593.7382,42.2,0.4875,1,1553.1124,1583.4886
2021,7,REG,CLE,DEN,1517.6715,1466.0249,42.2,0.6319,1,1525.0342,1458.6622
2021,7,REG,BAL,CIN,1596.3156,1464.7944,42.2,0.7311,0,1581.6944,1479.4156
2021,7,REG,GB,WAS,1604.8732,1447.8381,42.2,0.7589,1,1609.6944,1443.0169
2021,7,REG,MIA,ATL,1474.4242,1457.6257,42.2,0.5841,0,1462.7422,1469.3077
2021,7,REG,NE,NYJ,1500.362,1410.9124,42.2,0.6809,1,1506.7443,1404.5301
2021,7,REG,NYG,CAR,1427.2206,1457.5313,42.2,0.5171,1,1436.8785,1447.8734
2021,7,REG,TEN,KC,1553.1124,1593.8556,42.2,0.5021,1,1563.0705,1583.8975
2021,7,REG,LA,DET,1576.1522,1400.0844,42.2,0.7784,1,1580.5839,1395.6527
2021,7,REG,LV,PHI,1510.1026,1459.3429,42.2,0.6307,1,1517.4891,1451.9564
2021,7,REG,ARI,HOU,1542.6546,1439.3641,42.2,0.6979,1,1548.6958,1433.3229
2021,7,REG,TB,CHI,1592.0681,1503.221,42.2,0.6801,1,1598.4655,1496.8236
2021,7,REG,SF,IND,1492.5034,1511.588,42.2,0.5332,0,1481.8391,1522.2523
2021,7,REG,SEA,NO,1533.9118,1573.3401,42.2,0.504,0,1523.832,1583.4199
2021,8,REG,ARI,GB,1548.6958,1609.6944,42.2,0.473,0,1539.2363,1619.1539
2021,8,REG,ATL,CAR,1469.3077,1447.8734,42.2,0.5906,0,1457.4964,1459.6847
2021,8,REG,BUF,MIA,1583.4886,1462.7422,42.2,0.7187,1,1589.1147,1457.1161
2021,8,REG,CHI,SF,1496.8236,1481.8391,42.2,0.5816,0,1485.1924,1493.4703
2021,8,REG,CLE,PIT,1525.0342,1533.7461,42.2,0.548,0,1514.0733,1544.707
2021,8,REG,DET,PHI,1395.6527,1451.9564,42.2,0.4797,0,1386.0584,1461.5507
2021,8,REG,HOU,LA,1433.3229,1580.5839,42.2,0.3533,0,1426.2579,1587.6489
2021,8,REG,IND,TEN,1522.2523,1563.0705,42.2,0.502,0,1512.2125,1573.1103
2021,8,REG,NYJ,CIN,1404.5301,1479.4156,42.2,0.4531,1,1415.4681,1468.4776
2021,8,REG,LAC,NE,1515.5367,1506.7443,42.2,0.5729,0,1504.0795,1518.2015
2021,8,REG,SEA,JAX,1523.832,1384.7072,42.2,0.7396,1,1529.0404,1379.4988
2021,8,REG,DEN,WAS,1458.6622,1443.0169,42.2,0.5825,1,1467.0125,1434.6666
2021,8,REG,NO,TB,1583.4199,1598.4655,42.2,0.539,1,1592.6399,1589.2455
2021,8,REG,MIN,DAL,1508.9474,1526.6547,42.2,0.5352,0,1498.2436,1537.3585
2021,8,REG,KC,NYG,1583.8975,1436.8785,42.2,0.7482,1,1588.9328,1431.8432
2021,9,REG,IND,NYJ,1512.2125,1415.4681,42.2,0.6899,1,1518.4137,1409.2669
2021,9,REG,BAL,MIN,1581.6944,1498.2436,42.2,0.6733,1,1588.2277,1491.7103
2021,9,REG,CAR,NE,1459.6847,1518.2015,42.2,0.4765,0,1450.154,1527.7322
2021,9,REG,CIN,CLE,1468.4776,1514.0733,42.2,0.4951,0,1458.5753,1523.9756
2021,9,REG,DAL,DEN,1537.3585,1467.0125,42.2,0.6565,0,1524.2279,1480.1431
2021,9,REG,JAX,BUF,1379.4988,1589.1147,42.2,0.2761,1,1393.9761,1574.6374
2021,9,REG,MIA,HOU,1457.1161,1426.2579,42.2,0.6036,1,1465.0438,1418.3302
2021,9,REG,NO,ATL,1592.6399,1457.4964,42.2,0.7351,0,1577.9371,1472.1992
2021,9,REG,NYG,LV,1431.8432,1517.4891,42.2,0.4378,1,1443.0872,1506.2451
2021,9,REG,PHI,LAC,1461.5507,1504.0795,42.2,0.4995,0,1451.5602,1514.07
2021,9,REG,KC,GB,1588.9328,1619.1539,42.2,0.5172,1,1598.5882,1609.4985
2021,9,REG,SF,ARI,1493.4703,1539.2363,42.2,0.4949,0,1483.5729,1549.1337
2021,9,REG,LA,TEN,1587.6489,1573.1103,42.2,0.5809,0,1576.0302,1584.729
2021,9,REG,PIT,CHI,1544.707,1485.1924,42.2,0.6423,1,1551.8603,1478.0391
2021,10,REG,MIA,BAL,1465.0438,1588.2277,42.2,0.3855,1,1477.3334,1575.9381
2021,10,REG,DAL,ATL,1524.2279,1472.1992,42.2,0.6324,1,1531.5804,1464.8467
2021,10,REG,IND,JAX,1518.4137,1393.9761,42.2,0.723,1,1523.9543,1388.4355
2021,10,REG,NE,CLE,1527.7322,1523.9756,42.2,0.5658,1,1536.4171,1515.2907
2021,10,REG,NYJ,BUF,1409.2669,1574.6374,42.2,0.3298,0,1402.6706,1581.2337
2021,10,REG,PIT,DET,1551.8603,1386.0584,42.2,0.7681,0,1536.4992,1401.4195
2021,10,REG,TEN,NO,1584.729,1577.9371,42.2,0.57,1,1593.3282,1569.3379
2021,10,REG,WAS,TB,1434.6666,1589.2455,42.2,0.3437,1,1447.7929,1576.1192
2021,10,REG,ARI,CAR,1549.1337,1450.154,42.2,0.6927,0,1535.28,1464.0077
2021,10,REG,LAC,MIN,1514.07,1491.7103,42.2,0.5919,0,1502.2329,1503.5474
2021,10,REG,DEN,PHI,1480.1431,1451.5602,42.2,0.6005,0,1468.1335,1463.5698
2021,10,REG,GB,SEA,1609.4985,1529.0404,42.2,0.6695,1,1616.1078,1522.4311
2021,10,REG,LV,KC,1506.2451,1598.5882,42.2,0.4283,0,1497.6784,1607.1549
2021,10,REG,SF,LA,1483.5729,1576.0302,42.2,0.4282,1,1495.0094,1564.5937
2021,11,REG,ATL,NE,1464.8467,1536.4171,42.2,0.4578,0,1455.69,1545.5738
2021,11,REG,BUF,IND,1581.2337,1523.9543,42.2,0.6394,0,1568.4462,1536.7418
2021,11,REG,CAR,WAS,1464.0077,1447.7929,42.2,0.5833,0,1452.3421,1459.4585
2021,11,REG,CHI,BAL,1478.0391,1575.9381,42.2,0.4205,0,1469.6287,1584.3485
2021,11,REG,CLE,DET,1515.2907,1401.4195,42.2,0.7106,1,1521.0782,1395.632
2021,11,REG,JAX,SF,1388.4355,1495.0094,42.2,0.4084,0,1380.2674,1503.1775
2021,11,REG,MIN,GB,1503.5474,1616.1078,42.2,0.4001,1,1515.5453,1604.1099
2021,11,REG,NYJ,MIA,1402.6706,1477.3334,42.2,0.4534,0,1393.6022,1486.4018
2021,11,REG,PHI,NO,1463.5698,1569.3379,42.2,0.4095,1,1475.3793,1557.5284
2021,11,REG,TEN,HOU,1593.3282,1418.3302,42.2,0.7774,0,1577.7812,1433.8772
2021,11,REG,LV,CIN,1497.6784,1458.5753,42.2,0.6149,0,1485.3801,1470.8736
2021,11,REG,KC,DAL,1607.1549,1531.5804,42.2,0.6633,1,1613.8892,1524.8461
2021,11,REG,SEA,ARI,1522.4311,1535.28,42.2,0.5421,0,1511.5883,1546.1228
2021,11,REG,LAC,PIT,1502.2329,1536.4992,42.2,0.5114,1,1512.0046,1526.7275
2021,11,REG,TB,NYG,1576.1192,1443.0872,42.2,0.7328,1,1581.4638,1437.7426
2021,12,REG,DET,CHI,1395.632,1469.6287,42.2,0.4544,0,1386.5446,1478.7161
2021,12,REG,DAL,LV,1524.8461,1485.3801,42.2,0.6154,0,1512.5379,1497.6883
2021,12,REG,NO,BUF,1557.5284,1568.4462,42.2,0.5449,0,1546.6305,1579.3441
2021,12,REG,CIN,PIT,1470.8736,1526.7275,42.2,0.4804,1,1481.2664,1516.3347
2021,12,REG,HOU,NYJ,1433.8772,1393.6022,42.2,0.6165,0,1421.547,1405.9324
2021,12,REG,IND,TB,1536.7418,1581.4638,42.2,0.4964,0,1526.8144,1591.3912
2021,12,REG,JAX,ATL,1380.2674,1455.69,42.2,0.4523,0,1371.2207,1464.7367
2021,12,REG,MIA,CAR,1486.4018,1452.3421,42.2,0.608,1,1494.2415,1444.5024
2021,12,REG,NE,TEN,1545.5738,1577.7812,42.2,0.5144,1,1555.2863,1568.0687
2021,12,REG,NYG,PHI,1437.7426,1475.3793,42.2,0.5066,1,1447.6113,1465.5106
2021,12,REG,DEN,LAC,1468.1335,1512.0046,42.2,0.4976,1,1478.1816,1501.9565
2021,12,REG,GB,LA,1604.1099,1564.5937,42.2,0.6155,1,1611.8003,1556.9033
2021,12,REG,SF,MIN,1503.1775,1515.5453,42.2,0.5428,1,1512.321,1506.4018
2021,12,REG,BAL,CLE,1584.3485,1521.0782,42.2,0.6473,1,1591.4028,1514.0239
2021,12,REG,WAS,SEA,1459.4585,1511.5883,42.2,0.4857,1,1469.7442,1501.3026
2021,13,REG,NO,DAL,1546.6305,1512.5379,42.2,0.6081,0,1534.4692,1524.6992
2021,13,REG,ATL,TB,1464.7367,1591.3912,42.2,0.3808,0,1457.1207,1599.0072
2021,13,REG,CHI,ARI,1478.7161,1546.1228,42.2,0.4638,0,1469.4403,1555.3986
2021,13,REG,CIN,LAC,1481.2664,1501.9565,42.2,0.5309,0,1470.6481,1512.5748
2021,13,REG,DET,MIN,1386.5446,1506.4018,42.2,0.3901,1,1398.7433,1494.2031
2021,13,REG,HOU,IND,1421.547,1526.8144,42.2,0.4102,0,1413.3425,1535.0189
2021,13,REG,MIA,NYG,1494.2415,1447.6113,42.2,0.6251,1,1501.7391,1440.1137
2021,13,REG,NYJ,PHI,1405.9324,1465.5106,42.2,0.475,0,1396.4322,1475.0108
2021,13,REG,LA,JAX,1556.9033,1371.2207,42.2,0.7878,1,1561.147,1366.977
2021,13,REG,LV,WAS,1497.6883,1469.7442,42.2,0.5996,0,1485.6964,1481.7361
2021,13,REG,PIT,BAL,1516.3347,1591.4028,42.2,0.4528,1,1527.2779,1580.4596
2021,13,REG,SEA,SF,1501.3026,1512.321,42.2,0.5448,1,1510.4075,1503.2161
2021,13,REG,KC,DEN,1613.8892,1478.1816,42.2,0.7358,1,1619.1737,1472.8971
2021,13,REG,BUF,NE,1579.3441,1555.2863,42.2,0.5942,0,1567.4598,1567.1706
2021,14,REG,MIN,PIT,1494.2031,1527.2779,42.2,0.5131,1,1503.9405,1517.5405
2021,14,REG,CAR,ATL,1444.5024,1457.1207,42.2,0.5425,0,1433.653,1467.9701
2021,14,REG,CLE,BAL,1514.0239,1580.4596,42.2,0.4652,1,1524.7203,1569.7632
2021,14,REG,HOU,SEA,1413.3425,1510.4075,42.2,0.4217,0,1404.9086,1518.8414
2021,14,REG,KC,LV,1619.1737,1485.6964,42.2,0.7333,1,1624.5083,1480.3618
2021,14,REG,NYJ,NO,1396.4322,1534.4692,42.2,0.3655,0,1389.1227,1541.7787
2021,14,REG,TEN,JAX,1568.0687,1366.977,42.2,0.8023,1,1572.0234,1363.0223
2021,14,REG,WAS,DAL,1481.7361,1524.6992,42.2,0.4989,0,1471.7581,1534.6772
2021,14,REG,DEN,DET,1472.8971,1398.7433,42.2,0.6615,1,1479.668,1391.9724
2021,14,REG,LAC,NYG,1512.5748,1440.1137,42.2,0.6593,1,1519.3894,1433.2991
2021,14,REG,CIN,SF,1470.6481,1503.2161,42.2,0.5139,0,1460.3709,1513.4933
2021,14,REG,TB,BUF,1599.0072,1567.4598,42.2,0.6046,1,1606.9159,1559.5511
2021,14,REG,GB,CHI,1611.8003,1469.4403,42.2,0.7432,1,1616.9373,1464.3033
2021,14,REG,ARI,LA,1555.3986,1561.147,42.2,0.5523,0,1544.3533,1572.1923
2021,15,REG,LAC,KC,1519.3894,1624.5083,42.2,0.4104,0,1511.1808,1632.7169
2021,15,REG,IND,NE,1535.0189,1567.1706,42.2,0.5145,1,1544.7298,1557.4597
2021,15,REG,BUF,CAR,1559.5511,1433.653,42.2,0.7247,1,1565.0581,1428.146
2021,15,REG,DET,ARI,1391.9724,1544.3533,42.2,0.3465,1,1405.0415,1531.2842
2021,15,REG,JAX,HOU,1363.0223,1404.9086,42.2,0.5005,0,1353.0133,1414.9176
2021,15,REG,MIA,NYJ,1501.7391,1389.1227,42.2,0.7091,1,1507.5564,1383.3054
2021,15,REG,NYG,DAL,1433.2991,1534.6772,42.2,0.4157,0,1424.9861,1542.9902
2021,15,REG,PIT,TEN,1517.5405,1572.0234,42.2,0.4823,1,1527.8939,1561.67
2021,15,REG,DEN,CIN,1479.668,1460.3709,42.2,0.5876,0,1467.9162,1472.1227
2021,15,REG,SF,ATL,1513.4933,1467.9701,42.2,0.6236,1,1521.0207,1460.4427
2021,15,REG,BAL,GB,1569.7632,1616.9373,42.2,0.4928,0,1559.9064,1626.7941
2021,15,REG,TB,NO,1606.9159,1541.7787,42.2,0.6497,0,1593.9212,1554.7734
2021,15,REG,CLE,LV,1524.7203,1480.3618,42.2,0.6221,0,1512.2792,1492.8029
2021,15,REG,CHI,MIN,1464.3033,1503.9405,42.2,0.5037,0,1454.2295,1514.0143
2021,15,REG,LA,SEA,1572.1923,1518.8414,42.2,0.6341,1,1579.5094,1511.5243
2021,15,REG,PHI,WAS,1475.0108,1471.7581,42.2,0.565,1,1483.71,1463.0589
2021,16,REG,TEN,SF,1561.67,1521.0207,42.2,0.617,1,1569.3296,1513.3611
2021,16,REG,GB,CLE,1626.7941,1512.2792,42.2,0.7114,1,1632.5664,1506.5069
2021,16,REG,ARI,IND,1531.2842,1544.7298,42.2,0.5413,0,1520.4585,1555.5555
2021,16,REG,ATL,DET,1460.4427,1405.0415,42.2,0.6369,1,1467.7051,1397.7791
2021,16,REG,CAR,TB,1428.146,1593.9212,42.2,0.3293,0,1421.56,1600.5072
2021,16,REG,CIN,BAL,1472.1227,1559.9064,42.2,0.4348,1,1483.4272,1548.6019
2021,16,REG,HOU,LAC,1414.9176,1511.1808,42.2,0.4228,1,1426.4612,1499.6372
2021,16,REG,MIN,LA,1514.0143,1579.5094,42.2,0.4665,0,1504.6838,1588.8399
2021,16,REG,NE,BUF,1557.4597,1565.0581,42.2,0.5496,0,1546.4671,1576.0507
2021,16,REG,NYJ,JAX,1383.3054,1353.0133,42.2,0.6028,1,1391.2487,1345.07
2021,16,REG,PHI,NYG,1483.71,1424.9861,42.2,0.6413,1,1490.8842,1417.8119
2021,16,REG,SEA,CHI,1511.5243,1454.2295,42.2,0.6394,0,1498.7364,1467.0174
2021,16,REG,KC,PIT,1632.7169,1527.8939,42.2,0.6998,1,1638.721,1521.8898
2021,16,REG,LV,DEN,1492.8029,1467.9162,42.2,0.5954,1,1500.8956,1459.8235
2021,16,REG,DAL,WAS,1542.9902,1463.0589,42.2,0.6689,1,1549.613,1456.4361
2021,16,REG,NO,MIA,1554.7734,1507.5564,42.2,0.6259,0,1542.2551,1520.0747
2021,17,REG,BAL,LA,1548.6019,1588.8399,42.2,0.5028,0,1538.5454,1598.8964
2021,17,REG,BUF,ATL,1576.0507,1467.7051,42.2,0.704,1,1581.9699,1461.7859
2021,17,REG,CHI,NYG,1467.0174,1417.8119,42.2,0.6286,1,1474.4456,1410.3837
2021,17,REG,CIN,KC,1483.4272,1638.721,42.2,0.3428,1,1496.572,1625.5762
2021,17,REG,IND,LV,1555.5555,1500.8956,42.2,0.6359,0,1542.8377,1513.6134
2021,17,REG,NE,JAX,1546.4671,1345.07,42.2,0.8025,1,1550.4163,1341.1208
2021,17,REG,NYJ,TB,1391.2487,1600.5072,42.2,0.2765,0,1385.7178,1606.0381
2021,17,REG,TEN,MIA,1569.3296,1520.0747,42.2,0.6287,1,1576.7565,1512.6478
2021,17,REG,WAS,PHI,1456.4361,1490.8842,42.2,0.5112,0,1446.213,1501.1073
2021,17,REG,LAC,DEN,1499.6372,1459.8235,42.2,0.6159,1,1507.3195,1452.1412
2021,17,REG,SF,HOU,1513.3611,1426.4612,42.2,0.6777,1,1519.8074,1420.0149
2021,17,REG,DAL,ARI,1549.613,1520.4585,42.2,0.6013,0,1537.5876,1532.4839
2021,17,REG,NO,CAR,1542.2551,1421.56,42.2,0.7186,1,1547.8824,1415.9327
2021,17,REG,SEA,DET,1498.7364,1397.7791,42.2,0.6951,1,1504.8344,1391.6811
2021,17,REG,GB,MIN,1632.5664,1504.6838,42.2,0.7269,1,1638.0279,1499.2223
2021,17,REG,PIT,CLE,1521.8898,1506.5069,42.2,0.5821,1,1530.2474,1498.1493
2021,18,REG,DEN,KC,1452.1412,1625.5762,42.2,0.3196,0,1445.7485,1631.9689
2021,18,REG,PHI,DAL,1501.1073,1537.5876,42.2,0.5082,0,1490.9427,1547.7522
2021,18,REG,BAL,PIT,1538.5454,1530.2474,42.2,0.5722,0,1527.1021,1541.6907
2021,18,REG,CLE,CIN,1498.1493,1496.572,42.2,0.5627,1,1506.8959,1487.8254
2021,18,REG,DET,GB,1391.6811,1638.0279,42.2,0.2359,1,1406.9626,1622.7464
2021,18,REG,HOU,TEN,1420.0149,1576.7565,42.2,0.3409,0,1413.1972,1583.5742
2021,18,REG,JAX,IND,1341.1208,1542.8377,42.2,0.2853,1,1355.4145,1528.544
2021,18,REG,MIN,CHI,1499.2223,1474.4456,42.2,0.5952,1,1507.3181,1466.3498
2021,18,REG,NYG,WAS,1410.3837,1446.213,42.2,0.5092,0,1400.2004,1456.3963
2021,18,REG,ARI,SEA,1532.4839,1504.8344,42.2,0.5992,0,1520.5001,1516.8182
2021,18,REG,ATL,NO,1461.7859,1547.8824,42.2,0.4372,0,1453.0427,1556.6256
2021,18,REG,BUF,NYJ,1581.9699,1385.7178,42.2,0.7978,1,1586.0138,1381.6739
2021,18,REG,LA,SF,1598.8964,1519.8074,42.2,0.6678,0,1585.5406,1533.1632
2021,18,REG,MIA,NE,1512.6478,1550.4163,42.2,0.5064,1,1522.5203,1540.5438
2021,18,REG,TB,CAR,1606.0381,1415.9327,42.2,0.792,1,1610.1973,1411.7735
2021,18,REG,LV,LAC,1513.6134,1507.3195,42.2,0.5693,1,1522.2266,1498.7063
2021,19,WC,CIN,LV,1487.8254,1522.2266,42.2,0.5112,1,1499.5561,1510.4959
2021,19,WC,BUF,NE,1586.0138,1540.5438,42.2,0.6236,1,1595.0485,1531.5091
2021,19,WC,TB,PHI,1610.1973,1490.9427,42.2,0.717,1,1616.9904,1484.1496
2021,19,WC,DAL,SF,1547.7522,1533.1632,42.2,0.581,0,1533.8081,1547.1073
2021,19,WC,KC,PIT,1631.9689,1541.6907,42.2,0.6819,1,1639.6028,1534.0568
2021,19,WC,LA,ARI,1585.5406,1520.5001,42.2,0.6496,1,1593.95,1512.0907
2021,20,DIV,TEN,CIN,1583.5742,1499.5561,42.2,0.6741,0,1567.3969,1515.7334
2021,20,DIV,GB,SF,1622.7464,1547.1073,42.2,0.6634,0,1606.8256,1563.0281
2021,20,DIV,TB,LA,1616.9904,1593.95,42.2,0.5928,0,1602.7632,1608.1772
2021,20,DIV,KC,BUF,1639.6028,1595.0485,42.2,0.6223,1,1648.6672,1585.9841
2021,21,CON,KC,CIN,1648.6672,1515.7334,42.2,0.7327,0,1631.0834,1533.3172
2021,21,CON,LA,SF,1608.1772,1563.0281,42.2,0.6231,1,1617.2223,1553.983
2021,22,SB,CIN,LA,1533.3172,1617.2223,0.0,0.3815,0,1524.1601,1626.3794
2022,1,REG,LA,BUF,1586.3242,1559.2593,42.2,0.5984,0,1574.3566,1571.2269
2022,1,REG,ATL,NO,1470.1886,1539.5892,42.2,0.4609,0,1460.9699,1548.8079
2022,1,REG,CAR,CLE,1442.5382,1506.2703,42.2,0.4691,0,1433.1572,1515.6513
2022,1,REG,CHI,SF,1479.1044,1537.8186,42.2,0.4763,1,1489.5794,1527.3436
2022,1,REG,CIN,PIT,1517.8373,1524.4681,42.2,0.551,0,1506.8171,1535.4883
2022,1,REG,DET,PHI,1439.3149,1491.0302,42.2,0.4863,0,1429.5887,1500.7564
2022,1,REG,HOU,IND,1443.4921,1520.7745,42.2,0.4497,0,1434.4984,1529.7682
2022,1,REG,MIA,NE,1516.7386,1522.7611,42.2,0.5519,1,1525.7011,1513.7986
2022,1,REG,NYJ,BAL,1422.3715,1519.8084,42.2,0.4212,0,1413.9481,1528.2318
2022,1,REG,WAS,JAX,1472.4355,1404.7777,42.2,0.653,1,1479.3749,1397.8383
2022,1,REG,ARI,KC,1509.7508,1589.4759,42.2,0.4462,0,1500.8267,1598.4
2022,1,REG,LAC,LV,1500.7832,1508.6823,42.2,0.5492,1,1509.7991,1499.6664
2022,1,REG,MIN,GB,1506.5531,1573.2232,42.2,0.4648,1,1517.2562,1562.5201
2022,1,REG,TEN,NYG,1546.8059,1434.7843,42.2,0.7084,0,1532.6373,1448.9529
2022,1,REG,DAL,TB,1524.3014,1570.5013,42.2,0.4942,0,1514.4165,1580.3862
2022,1,REG,SEA,DEN,1512.9182,1465.3015,42.2,0.6265,1,1520.3892,1457.8305
2022,2,REG,KC,LAC,1598.4,1509.7991,42.2,0.6798,1,1604.8036,1503.3955
2022,2,REG,BAL,MIA,1528.2318,1525.7011,42.2,0.564,0,1516.9514,1536.9815
2022,2,REG,CLE,NYJ,1515.6513,1413.9481,42.2,0.696,0,1501.7311,1427.8683
2022,2,REG,DET,WAS,1429.5887,1479.3749,42.2,0.4891,1,1439.807,1469.1566
2022,2,REG,JAX,IND,1397.8383,1529.7682,42.2,0.3737,1,1410.365,1517.2415
2022,2,REG,NO,TB,1548.8079,1580.3862,42.2,0.5153,0,1538.5023,1590.6918
2022,2,REG,NYG,CAR,1448.9529,1433.1572,42.2,0.5827,1,1457.299,1424.8111
2022,2,REG,PIT,NE,1535.4883,1513.7986,42.2,0.5909,0,1523.6699,1525.617
2022,2,REG,LA,ATL,1574.3566,1460.9699,42.2,0.7101,1,1580.1556,1455.1709
2022,2,REG,SF,SEA,1527.3436,1520.3892,42.2,0.5703,1,1535.9382,1511.7946
2022,2,REG,DAL,CIN,1514.4165,1506.8171,42.2,0.5712,1,1522.9929,1498.2407
2022,2,REG,DEN,HOU,1457.8305,1434.4984,42.2,0.5932,1,1465.9664,1426.3625
2022,2,REG,LV,ARI,1499.6664,1500.8267,42.2,0.5588,0,1488.4906,1512.0025
2022,2,REG,GB,CHI,1562.5201,1489.5794,42.2,0.6599,1,1569.3223,1482.7772
2022,2,REG,BUF,TEN,1571.2269,1532.6373,42.2,0.6142,1,1578.9426,1524.9216
2022,2,REG,PHI,MIN,1500.7564,1517.2562,42.2,0.5369,1,1510.018,1507.9946
2022,3,REG,CLE,PIT,1501.7311,1523.6699,42.2,0.5291,1,1511.1486,1514.2524
2022,3,REG,CAR,NO,1424.8111,1538.5023,42.2,0.3985,1,1436.8402,1526.4732
2022,3,REG,CHI,HOU,1482.7772,1426.3625,42.2,0.6382,1,1490.0127,1419.127
2022,3,REG,IND,KC,1517.2415,1604.8036,42.2,0.4351,1,1528.5398,1593.5053
2022,3,REG,MIA,BUF,1536.9815,1578.9426,42.2,0.5003,1,1546.9746,1568.9495
2022,3,REG,MIN,DET,1507.9946,1439.807,42.2,0.6537,1,1514.9202,1432.8814
2022,3,REG,NE,BAL,1525.617,1516.9514,42.2,0.5727,0,1514.1633,1528.4051
2022,3,REG,NYJ,CIN,1427.8683,1498.2407,42.2,0.4595,0,1418.6774,1507.4316
2022,3,REG,TEN,LV,1524.9216,1488.4906,42.2,0.6113,1,1532.6963,1480.7159
2022,3,REG,WAS,PHI,1469.1566,1510.018,42.2,0.5019,0,1459.1181,1520.0565
2022,3,REG,LAC,JAX,1503.3955,1410.365,42.2,0.6853,0,1489.6886,1424.0719
2022,3,REG,ARI,LA,1512.0025,1580.1556,42.2,0.4627,0,1502.7481,1589.41
2022,3,REG,SEA,ATL,1511.7946,1455.1709,42.2,0.6385,0,1499.0245,1467.941
2022,3,REG,TB,GB,1590.6918,1569.3223,42.2,0.5905,0,1578.8823,1581.1318
2022,3,REG,DEN,SF,1465.9664,1535.9382,42.2,0.4601,1,1476.764,1525.1406
2022,3,REG,NYG,DAL,1457.299,1522.9929,42.2,0.4662,0,1447.9742,1532.3177
2022,4,REG,CIN,MIA,1507.4316,1546.9746,42.2,0.5038,1,1517.3551,1537.0511
2022,4,REG,NO,MIN,1526.4732,1514.9202,42.2,0.5767,0,1514.9383,1526.4551
2022,4,REG,ATL,CLE,1467.941,1511.1486,42.2,0.4985,1,1477.97,1501.1196
2022,4,REG,BAL,BUF,1528.4051,1568.9495,42.2,0.5024,0,1518.3574,1578.9972
2022,4,REG,DAL,WAS,1532.3177,1459.1181,42.2,0.6602,1,1539.1132,1452.3226
2022,4,REG,DET,SEA,1432.8814,1499.0245,42.2,0.4656,0,1423.5694,1508.3365
2022,4,REG,HOU,LAC,1419.127,1489.6886,42.2,0.4593,0,1409.9415,1498.8741
2022,4,REG,IND,TEN,1528.5398,1532.6963,42.2,0.5545,0,1517.4492,1543.7869
2022,4,REG,NYG,CHI,1447.9742,1490.0127,42.2,0.5002,1,1457.9696,1480.0173
2022,4,REG,PHI,JAX,1520.0565,1424.0719,42.2,0.689,1,1526.2765,1417.8519
2022,4,REG,PIT,NYJ,1514.2524,1418.6774,42.2,0.6885,0,1500.4825,1432.4473
2022,4,REG,CAR,ARI,1436.8402,1502.7481,42.2,0.4659,0,1427.5215,1512.0668
2022,4,REG,GB,NE,1581.1318,1514.1633,42.2,0.6521,1,1588.0892,1507.2059
2022,4,REG,LV,DEN,1480.7159,1476.764,42.2,0.566,1,1489.3953,1468.0846
2022,4,REG,TB,KC,1578.8823,1593.5053,42.2,0.5396,0,1568.0902,1604.2974
2022,4,REG,SF,LA,1525.1406,1589.41,42.2,0.4683,1,1535.775,1578.7756
2022,5,REG,DEN,IND,1468.0846,1517.4492,42.2,0.4897,0,1458.2908,1527.243
2022,5,REG,GB,NYG,1588.0892,1457.9696,42.2,0.7295,0,1573.4997,1472.5591
2022,5,REG,BUF,PIT,1578.9972,1500.4825,42.2,0.6671,1,1585.6561,1493.8236
2022,5,REG,CLE,LAC,1501.1196,1498.8741,42.2,0.5636,0,1489.8473,1510.1464
2022,5,REG,JAX,HOU,1417.8519,1409.9415,42.2,0.5716,0,1406.4195,1421.3739
2022,5,REG,MIN,CHI,1526.4551,1480.0173,42.2,0.6249,1,1533.9578,1472.5146
2022,5,REG,NE,DET,1507.2059,1423.5694,42.2,0.6736,1,1513.7345,1417.0408
2022,5,REG,NO,SEA,1514.9383,1508.3365,42.2,0.5698,1,1523.5428,1499.732
2022,5,REG,NYJ,MIA,1432.4473,1537.0511,42.2,0.4111,1,1444.2244,1525.274
2022,5,REG,TB,ATL,1568.0902,1477.97,42.2,0.6817,1,1574.4558,1471.6044
2022,5,REG,WAS,TEN,1452.3226,1543.7869,42.2,0.4296,0,1443.7311,1552.3784
2022,5,REG,CAR,SF,1427.5215,1535.775,42.2,0.4061,0,1419.4001,1543.8964
2022,5,REG,ARI,PHI,1512.0668,1526.2765,42.2,0.5402,0,1501.2629,1537.0804
2022,5,REG,LA,DAL,1578.7756,1539.1132,42.2,0.6157,0,1566.4621,1551.4267
2022,5,REG,BAL,CIN,1518.3574,1517.3551,42.2,0.5619,1,1527.1203,1508.5922
2022,5,REG,KC,LV,1604.2974,1489.3953,42.2,0.7118,1,1610.0605,1483.6322
2022,6,REG,CHI,WAS,1472.5146,1443.7311,42.2,0.6008,0,1460.4995,1455.7462
2022,6,REG,ATL,SF,1471.6044,1543.8964,42.2,0.4568,1,1482.4684,1533.0324
2022,6,REG,CLE,NE,1489.8473,1513.7345,42.2,0.5263,0,1479.3207,1524.2611
2022,6,REG,GB,NYJ,1573.4997,1444.2244,42.2,0.7285,0,1558.9294,1458.7947
2022,6,REG,IND,JAX,1527.243,1406.4195,42.2,0.7188,1,1532.8673,1400.7952
2022,6,REG,MIA,MIN,1525.274,1533.9578,42.2,0.5481,0,1514.3123,1544.9195
2022,6,REG,NO,CIN,1523.5428,1508.5922,42.2,0.5815,0,1511.9126,1520.2224
2022,6,REG,NYG,BAL,1472.5591,1527.1203,42.2,0.4822,1,1482.9147,1516.7647
2022,6,REG,PIT,TB,1493.8236,1574.4558,42.2,0.4449,1,1504.9253,1563.3541
2022,6,REG,LA,CAR,1566.4621,1419.4001,42.2,0.7483,1,1571.4964,1414.3658
2022,6,REG,SEA,ARI,1499.732,1501.2629,42.2,0.5583,1,1508.5668,1492.4281
2022,6,REG,KC,BUF,1610.0605,1585.6561,42.2,0.5947,0,1598.1666,1597.55
2022,6,REG,PHI,DAL,1537.0804,1551.4267,42.2,0.54,1,1546.2804,1542.2267
2022,6,REG,LAC,DEN,1510.1464,1458.2908,42.2,0.6321,1,1517.5035,1450.9337
2022,7,REG,ARI,NO,1492.4281,1511.9126,42.2,0.5326,1,1501.7752,1502.5655
2022,7,REG,BAL,CLE,1516.7647,1479.3207,42.2,0.6127,1,1524.5117,1471.5737
2022,7,REG,CAR,TB,1414.3658,1563.3541,42.2,0.351,1,1427.3461,1550.3738
2022,7,REG,CIN,ATL,1520.2224,1482.4684,42.2,0.6131,1,1527.9609,1474.7299
2022,7,REG,DAL,DET,1542.2267,1417.0408,42.2,0.7238,1,1547.7501,1411.5174
2022,7,REG,JAX,NYG,1400.7952,1482.9147,42.2,0.4428,0,1391.9391,1491.7708
2022,7,REG,TEN,IND,1552.3784,1532.8673,42.2,0.5879,1,1560.6207,1524.625
2022,7,REG,WAS,GB,1455.7462,1558.9294,42.2,0.4131,1,1467.4836,1547.192
2022,7,REG,DEN,NYJ,1450.9337,1458.7947,42.2,0.5493,0,1439.9485,1469.7799
2022,7,REG,LV,HOU,1483.6322,1421.3739,42.2,0.646,1,1490.7131,1414.293
2022,7,REG,LAC,SEA,1517.5035,1508.5668,42.2,0.5731,0,1506.0422,1520.0281
2022,7,REG,SF,KC,1533.0324,1598.1666,42.2,0.467,0,1523.6915,1607.5075
2022,7,REG,MIA,PIT,1514.3123,1504.9253,42.2,0.5737,1,1522.8383,1496.3993
2022,7,REG,NE,CHI,1524.2611,1460.4995,42.2,0.6479,0,1511.3024,1473.4582
2022,8,REG,TB,BAL,1550.3738,1524.5117,42.2,0.5967,0,1538.4395,1536.446
2022,8,REG,JAX,DEN,1391.9391,1439.9485,42.2,0.4916,0,1382.1063,1449.7813
2022,8,REG,ATL,CAR,1474.7299,1427.3461,42.2,0.6261,1,1482.2071,1419.8689
2022,8,REG,DAL,CHI,1547.7501,1473.4582,42.2,0.6616,1,1554.5174,1466.6909
2022,8,REG,DET,MIA,1411.5174,1522.8383,42.2,0.4018,0,1403.481,1530.8747
2022,8,REG,MIN,ARI,1544.9195,1501.7752,42.2,0.6204,1,1552.5113,1494.1834
2022,8,REG,NO,LV,1502.5655,1490.7131,42.2,0.5772,1,1511.0222,1482.2564
2022,8,REG,NYJ,NE,1469.7799,1511.3024,42.2,0.501,0,1459.7604,1521.3219
2022,8,REG,PHI,PIT,1546.2804,1496.3993,42.2,0.6295,1,1553.6905,1488.9892
2022,8,REG,HOU,TEN,1414.293,1560.6207,42.2,0.3545,0,1407.2034,1567.7103
2022,8,REG,IND,WAS,1524.625,1467.4836,42.2,0.6392,0,1511.8412,1480.2674
2022,8,REG,LA,SF,1571.4964,1523.6915,42.2,0.6267,0,1558.9623,1536.2256
2022,8,REG,SEA,NYG,1520.0281,1491.7708,42.2,0.6,1,1528.0275,1483.7714
2022,8,REG,BUF,GB,1597.55,1547.192,42.2,0.6301,1,1604.9473,1539.7947
2022,8,REG,CLE,CIN,1471.5737,1527.9609,42.2,0.4796,1,1481.9818,1517.5528
2022,9,REG,HOU,PHI,1407.2034,1553.6905,42.2,0.3543,0,1400.118,1560.7759
2022,9,REG,ATL,LAC,1482.2071,1506.0422,42.2,0.5264,0,1471.679,1516.5703
2022,9,REG,CHI,MIA,1466.6909,1530.8747,42.2,0.4684,0,1457.3228,1540.2428
2022,9,REG,CIN,CAR,1517.5528,1419.8689,42.2,0.6911,1,1523.7309,1413.6908
2022,9,REG,DET,GB,1403.481,1539.7947,42.2,0.3678,1,1416.1254,1527.1503
2022,9,REG,JAX,LV,1382.1063,1482.2564,42.2,0.4174,1,1393.7589,1470.6038
2022,9,REG,NE,IND,1521.3219,1511.8412,42.2,0.5738,1,1529.8453,1503.3178
2022,9,REG,NYJ,BUF,1459.7604,1604.9473,42.2,0.356,1,1472.6407,1592.067
2022,9,REG,WAS,MIN,1480.2674,1552.5113,42.2,0.4569,0,1471.13,1561.6487
2022,9,REG,ARI,SEA,1494.1834,1528.0275,42.2,0.512,0,1483.9429,1538.268
2022,9,REG,TB,LA,1538.4395,1558.9623,42.2,0.5312,1,1547.8164,1549.5854
2022,9,REG,KC,TEN,1607.5075,1567.7103,42.2,0.6159,1,1615.1903,1560.0275
2022,9,REG,NO,BAL,1511.0222,1536.446,42.2,0.5241,0,1500.5397,1546.9285
2022,10,REG,CAR,ATL,1413.6908,1471.679,42.2,0.4773,1,1424.1449,1461.2249
2022,10,REG,TB,SEA,1547.8164,1538.268,42.2,0.5739,1,1556.3379,1529.7465
2022,10,REG,BUF,MIN,1592.067,1561.6487,42.2,0.603,0,1580.0068,1573.7089
2022,10,REG,CHI,DET,1457.3228,1416.1254,42.2,0.6178,0,1444.9675,1428.4807
2022,10,REG,KC,JAX,1615.1903,1393.7589,42.2,0.8202,1,1618.7867,1390.1625
2022,10,REG,MIA,CLE,1540.2428,1481.9818,42.2,0.6407,1,1547.4293,1474.7953
2022,10,REG,NYG,HOU,1483.7714,1400.118,42.2,0.6736,1,1490.2996,1393.5898
2022,10,REG,PIT,NO,1488.9892,1500.5397,42.2,0.544,1,1498.1093,1491.4196
2022,10,REG,TEN,DEN,1560.0275,1449.7813,42.2,0.7063,1,1565.9012,1443.9076
2022,10,REG,LV,IND,1470.6038,1503.3178,42.2,0.5136,0,1460.3308,1513.5908
2022,10,REG,GB,DAL,1527.1503,1554.5174,42.2,0.5213,1,1536.7236,1544.9441
2022,10,REG,LA,ARI,1549.5854,1483.9429,42.2,0.6504,0,1536.5774,1496.9509
2022,10,REG,SF,LAC,1536.2256,1516.5703,42.2,0.5881,1,1544.4638,1508.3321
2022,10,REG,PHI,WAS,1560.7759,1471.13,42.2,0.6811,0,1547.1533,1484.7526
2022,11,REG,GB,TEN,1536.7236,1565.9012,42.2,0.5187,0,1526.349,1576.2758
2022,11,REG,ATL,CHI,1461.2249,1444.9675,42.2,0.5833,1,1469.5581,1436.6343
2022,11,REG,BAL,CAR,1546.9285,1424.1449,42.2,0.7211,1,1552.5073,1418.5661
2022,11,REG,BUF,CLE,1580.0068,1474.7953,42.2,0.7003,1,1586.0015,1468.8006
2022,11,REG,HOU,WAS,1393.5898,1484.7526,42.2,0.43,0,1384.9898,1493.3526
2022,11,REG,IND,PHI,1513.5908,1547.1533,42.2,0.5124,0,1503.3422,1557.4019
2022,11,REG,NE,NYJ,1529.8453,1472.6407,42.2,0.6393,1,1537.0598,1465.4262
2022,11,REG,NO,LA,1491.4196,1536.5774,42.2,0.4957,1,1501.5047,1526.4923
2022,11,REG,NYG,DET,1490.2996,1428.4807,42.2,0.6454,0,1477.3921,1441.3882
2022,11,REG,DEN,LV,1443.9076,1460.3308,42.2,0.537,0,1433.167,1471.0714
2022,11,REG,MIN,DAL,1573.7089,1544.9441,42.2,0.6007,0,1561.6943,1556.9587
2022,11,REG,PIT,CIN,1498.1093,1523.7309,42.2,0.5238,0,1487.6325,1534.2077
2022,11,REG,LAC,KC,1508.3321,1618.7867,42.2,0.403,0,1500.2717,1626.8471
2022,11,REG,ARI,SF,1496.9509,1544.4638,42.2,0.4924,0,1487.1038,1554.3109
2022,12,REG,DET,BUF,1441.3882,1586.0015,42.2,0.3567,0,1434.2534,1593.1363
2022,12,REG,DAL,NYG,1556.9587,1477.3921,42.2,0.6684,1,1563.5908,1470.76
2022,12,REG,MIN,NE,1561.6943,1537.0598,42.2,0.595,1,1569.794,1528.9601
2022,12,REG,CAR,DEN,1418.5661,1433.167,42.2,0.5396,1,1427.7734,1423.9597
2022,12,REG,CLE,TB,1468.8006,1556.3379,42.2,0.4351,1,1480.0982,1545.0403
2022,12,REG,JAX,BAL,1390.1625,1552.5073,42.2,0.3337,1,1403.489,1539.1808
2022,12,REG,MIA,HOU,1547.4293,1384.9898,42.2,0.7646,1,1552.1375,1380.2816
2022,12,REG,NYJ,CHI,1465.4262,1436.6343,42.2,0.6008,1,1473.4109,1428.6496
2022,12,REG,TEN,CIN,1576.2758,1534.2077,42.2,0.6189,0,1563.8968,1546.5867
2022,12,REG,WAS,ATL,1493.3526,1469.5581,42.2,0.5938,1,1501.4756,1461.4351
2022,12,REG,ARI,LAC,1487.1038,1500.2717,42.2,0.5417,0,1476.2701,1511.1054
2022,12,REG,SEA,LV,1529.7465,1471.0714,42.2,0.6412,0,1516.922,1483.8959
2022,12,REG,KC,LA,1626.8471,1526.4923,42.2,0.6944,1,1632.9598,1520.3796
2022,12,REG,SF,NO,1554.3109,1501.5047,42.2,0.6334,1,1561.6426,1494.173
2022,12,REG,PHI,GB,1557.4019,1526.349,42.2,0.6039,1,1565.3242,1518.4267
2022,12,REG,IND,PIT,1503.3422,1487.6325,42.2,0.5826,0,1491.6907,1499.284
2022,13,REG,NE,BUF,1528.9601,1593.1363,42.2,0.4684,0,1519.5918,1602.5046
2022,13,REG,ATL,PIT,1461.4351,1499.284,42.2,0.5063,0,1451.3099,1509.4092
2022,13,REG,BAL,DEN,1539.1808,1423.9597,42.2,0.7122,1,1544.9364,1418.2041
2022,13,REG,CHI,GB,1428.6496,1518.4267,42.2,0.432,0,1420.0105,1527.0658
2022,13,REG,DET,JAX,1434.2534,1403.489,42.2,0.6035,1,1442.1837,1395.5587
2022,13,REG,HOU,CLE,1380.2816,1480.0982,42.2,0.4178,0,1371.9249,1488.4549
2022,13,REG,MIN,NYJ,1569.794,1473.4109,42.2,0.6895,1,1576.0041,1467.2008
2022,13,REG,NYG,WAS,1470.76,1501.4756,42.2,0.5165,0,1460.4296,1511.806
2022,13,REG,PHI,TEN,1565.3242,1563.8968,42.2,0.5625,1,1574.0751,1555.1459
2022,13,REG,LA,SEA,1520.3796,1516.922,42.2,0.5653,0,1509.073,1528.2286
2022,13,REG,SF,MIA,1561.6426,1552.1375,42.2,0.5739,1,1570.1653,1543.6148
2022,13,REG,CIN,KC,1546.5867,1632.9598,42.2,0.4368,1,1557.8513,1621.6952
2022,13,REG,LV,LAC,1483.8959,1511.1054,42.2,0.5216,1,1493.4647,1501.5366
2022,13,REG,DAL,IND,1563.5908,1491.6907,42.2,0.6585,1,1570.4199,1484.8616
2022,13,REG,TB,NO,1545.0403,1494.173,42.2,0.6308,1,1552.4239,1486.7894
2022,14,REG,LA,LV,1509.073,1493.4647,42.2,0.5824,1,1517.4243,1485.1134
2022,14,REG,BUF,NYJ,1602.5046,1467.2008,42.2,0.7353,1,1607.7982,1461.9072
2022,14,REG,CIN,CLE,1557.8513,1488.4549,42.2,0.6553,1,1564.7454,1481.5608
2022,14,REG,DAL,HOU,1570.4199,1371.9249,42.2,0.7999,1,1574.4223,1367.9225
2022,14,REG,DET,MIN,1442.1837,1576.0041,42.2,0.3711,1,1454.7613,1563.4265
2022,14,REG,NYG,PHI,1460.4296,1574.0751,42.2,0.3986,0,1452.4575,1582.0472
2022,14,REG,PIT,BAL,1509.4092,1544.9364,42.2,0.5096,0,1499.2172,1555.1284
2022,14,REG,TEN,JAX,1555.1459,1395.5587,42.2,0.7616,0,1539.9135,1410.7911
2022,14,REG,DEN,KC,1418.2041,1621.6952,42.2,0.2832,0,1412.5394,1627.3599
2022,14,REG,SEA,CAR,1528.2286,1427.7734,42.2,0.6945,0,1514.3388,1441.6632
2022,14,REG,SF,TB,1570.1653,1552.4239,42.2,0.5854,1,1578.457,1544.1322
2022,14,REG,LAC,MIA,1501.5366,1543.6148,42.2,0.5002,1,1511.5331,1533.6183
2022,14,REG,ARI,NE,1476.2701,1519.5918,42.2,0.4984,0,1466.3024,1529.5595
2022,15,REG,SEA,SF,1514.3388,1578.457,42.2,0.4685,0,1504.9688,1587.827
2022,15,REG,MIN,IND,1563.4265,1484.8616,42.2,0.6671,1,1570.0841,1478.204
2022,15,REG,CLE,BAL,1481.5608,1555.1284,42.2,0.455,1,1492.4612,1544.228
2022,15,REG,BUF,MIA,1607.7982,1533.6183,42.2,0.6615,1,1614.5684,1526.8481
2022,15,REG,CAR,PIT,1441.6632,1499.2172,42.2,0.4779,0,1432.1048,1508.7756
2022,15,REG,CHI,PHI,1420.0105,1582.0472,42.2,0.3341,0,1413.3291,1588.7286
2022,15,REG,HOU,KC,1367.9225,1627.3599,42.2,0.2226,0,1363.4703,1631.8121
2022,15,REG,JAX,DAL,1410.7911,1574.4223,42.2,0.332,1,1424.1505,1561.0629
2022,15,REG,NO,ATL,1486.7894,1451.3099,42.2,0.61,1,1494.5901,1443.5092
2022,15,REG,NYJ,DET,1461.9072,1454.7613,42.2,0.5705,0,1450.4964,1466.1721
2022,15,REG,DEN,ARI,1412.5394,1466.3024,42.2,0.4834,1,1422.8721,1455.9697
2022,15,REG,LV,NE,1485.1134,1529.5595,42.2,0.4968,1,1495.178,1519.4949
2022,15,REG,LAC,TEN,1511.5331,1539.9135,42.2,0.5199,1,1521.1355,1530.3111
2022,15,REG,TB,CIN,1544.1322,1564.7454,42.2,0.531,0,1533.5117,1575.3659
2022,15,REG,WAS,NYG,1511.806,1452.4575,42.2,0.6421,0,1498.9637,1465.2998
2022,15,REG,GB,LA,1527.0658,1517.4243,42.2,0.5741,1,1535.5847,1508.9054
2022,16,REG,NYJ,JAX,1450.4964,1424.1505,42.2,0.5974,0,1438.5487,1436.0982
2022,16,REG,BAL,ATL,1544.228,1443.5092,42.2,0.6948,1,1550.3318,1437.4054
2022,16,REG,CAR,DET,1432.1048,1466.1721,42.2,0.5117,1,1441.8708,1456.4061
2022,16,REG,CHI,BUF,1413.3291,1614.5684,42.2,0.2859,0,1407.6116,1620.2859
2022,16,REG,CLE,NO,1492.4612,1494.5901,42.2,0.5574,0,1481.3129,1505.7384
2022,16,REG,KC,SEA,1631.8121,1504.9688,42.2,0.7257,1,1637.2974,1499.4835
2022,16,REG,MIN,NYG,1570.0841,1465.2998,42.2,0.6998,1,1576.0891,1459.2948
2022,16,REG,NE,CIN,1519.4949,1575.3659,42.2,0.4803,0,1509.8882,1584.9726
2022,16,REG,TEN,HOU,1530.3111,1363.4703,42.2,0.7691,0,1514.9287,1378.8527
2022,16,REG,SF,WAS,1587.827,1498.9637,42.2,0.6801,1,1594.224,1492.5667
2022,16,REG,DAL,PHI,1561.0629,1588.7286,42.2,0.5209,1,1570.6448,1579.1467
2022,16,REG,PIT,LV,1508.7756,1495.178,42.2,0.5796,1,1517.1833,1486.7703
2022,16,REG,MIA,GB,1526.8481,1535.5847,42.2,0.548,0,1515.8879,1546.5449
2022,16,REG,LA,DEN,1508.9054,1422.8721,42.2,0.6766,1,1515.3735,1416.404
2022,16,REG,ARI,TB,1455.9697,1533.5117,42.2,0.4493,0,1446.9834,1542.498
2022,16,REG,IND,LAC,1478.204,1521.1355,42.2,0.4989,0,1468.2251,1531.1144
2022,17,REG,TEN,DAL,1514.9287,1570.6448,42.2,0.4806,0,1505.3175,1580.256
2022,17,REG,ATL,ARI,1437.4054,1446.9834,42.2,0.5468,1,1446.4692,1437.9196
2022,17,REG,DET,CHI,1456.4061,1407.6116,42.2,0.628,1,1463.8454,1400.1723
2022,17,REG,HOU,JAX,1378.8527,1436.0982,42.2,0.4784,0,1369.2855,1445.6654
2022,17,REG,KC,DEN,1637.2974,1416.404,42.2,0.8197,1,1640.9029,1412.7985
2022,17,REG,NE,MIA,1509.8882,1515.8879,42.2,0.5519,1,1518.85,1506.9261
2022,17,REG,NYG,IND,1459.2948,1468.2251,42.2,0.5477,1,1468.3401,1459.1798
2022,17,REG,PHI,NO,1579.1467,1505.7384,42.2,0.6605,0,1565.9368,1518.9483
2022,17,REG,TB,CAR,1542.498,1441.8708,42.2,0.6947,1,1548.604,1435.7648
2022,17,REG,WAS,CLE,1492.5667,1481.3129,42.2,0.5763,0,1481.0402,1492.8394
2022,17,REG,LV,SF,1486.7703,1594.224,42.2,0.4072,0,1478.6267,1602.3676
2022,17,REG,SEA,NYJ,1499.4835,1438.5487,42.2,0.6442,1,1506.5993,1431.4329
2022,17,REG,GB,MIN,1546.5449,1576.0891,42.2,0.5182,1,1556.1808,1566.4532
2022,17,REG,LAC,LA,1531.1144,1515.3735,42.2,0.5826,1,1539.462,1507.0259
2022,17,REG,BAL,PIT,1550.3318,1517.1833,42.2,0.6068,0,1538.1965,1529.3186
2022,18,REG,LV,KC,1478.6267,1640.9029,42.2,0.3338,0,1471.9514,1647.5782
2022,18,REG,JAX,TEN,1445.6654,1505.3175,42.2,0.4749,1,1456.1673,1494.8156
2022,18,REG,ATL,TB,1446.4692,1548.604,42.2,0.4146,1,1458.1774,1536.8958
2022,18,REG,BUF,NE,1620.2859,1518.85,42.2,0.6957,1,1626.3722,1512.7637
2022,18,REG,CHI,MIN,1400.1723,1566.4532,42.2,0.3287,0,1393.5992,1573.0263
2022,18,REG,CIN,BAL,1584.9726,1538.1965,42.2,0.6253,1,1592.4662,1530.7029
2022,18,REG,IND,HOU,1459.1798,1369.2855,42.2,0.6814,0,1445.551,1382.9143
2022,18,REG,MIA,NYJ,1506.9261,1431.4329,42.2,0.6632,1,1513.6625,1424.6965
2022,18,REG,NO,CAR,1518.9483,1435.7648,42.2,0.673,0,1505.4884,1449.2247
2022,18,REG,PIT,CLE,1529.3186,1492.8394,42.2,0.6113,1,1537.092,1485.066
2022,18,REG,DEN,LAC,1412.7985,1539.462,42.2,0.3808,1,1425.1828,1527.0777
2022,18,REG,PHI,NYG,1565.9368,1468.3401,42.2,0.691,1,1572.1171,1462.1598
2022,18,REG,SEA,LA,1506.5993,1507.0259,42.2,0.5598,1,1515.4027,1498.2225
2022,18,REG,SF,ARI,1602.3676,1437.9196,42.2,0.7667,1,1607.0343,1433.2529
2022,18,REG,WAS,DAL,1481.0402,1580.256,42.2,0.4187,1,1492.6667,1568.6295
2022,18,REG,GB,DET,1556.1808,1463.8454,42.2,0.6845,0,1542.4912,1477.535
2022,19,WC,SF,SEA,1607.0343,1515.4027,42.2,0.6836,1,1614.6277,1507.8093
2022,19,WC,JAX,LAC,1456.1673,1527.0777,42.2,0.4588,1,1469.1567,1514.0883
2022,19,WC,BUF,MIA,1626.3722,1513.6625,42.2,0.7092,1,1633.3503,1506.6844
2022,19,WC,MIN,NYG,1573.0263,1462.1598,42.2,0.7071,0,1556.057,1479.1291
2022,19,WC,CIN,BAL,1592.4662,1530.7029,42.2,0.6453,1,1600.9789,1522.1902
2022,19,WC,TB,DAL,1536.8958,1568.6295,42.2,0.5151,0,1524.5344,1580.9909
2022,20,DIV,KC,JAX,1647.5782,1469.1567,42.2,0.7807,1,1652.8404,1463.8945
2022,20,DIV,PHI,NYG,1572.1171,1479.1291,42.2,0.6853,1,1579.6701,1471.5761
2022,20,DIV,BUF,CIN,1633.3503,1600.9789,42.2,0.6057,0,1618.8135,1615.5157
2022,20,DIV,SF,DAL,1614.6277,1580.9909,42.2,0.6074,1,1624.0492,1571.5694
2022,21,CON,PHI,SF,1579.6701,1624.0492,42.2,0.4969,1,1591.7454,1611.9739
2022,21,CON,KC,CIN,1652.8404,1615.5157,42.2,0.6125,1,1662.1407,1606.2154
2022,22,SB,PHI,KC,1591.7454,1662.1407,0.0,0.4001,0,1582.144,1671.7421
2023,1,REG,KC,DET,1616.7172,1486.5984,42.2,0.7295,0,1602.1278,1501.1878
2023,1,REG,ATL,CAR,1473.6289,1467.6305,42.2,0.5689,1,1482.2505,1459.0089
2023,1,REG,BAL,HOU,1516.5174,1423.2026,42.2,0.6857,1,1522.8034,1416.9166
2023,1,REG,CLE,CIN,1491.6442,1572.8143,42.2,0.4442,1,1502.7612,1561.6973
2023,1,REG,IND,JAX,1465.1692,1477.4593,42.2,0.5429,0,1454.3104,1488.3181
2023,1,REG,MIN,TB,1539.2082,1518.088,42.2,0.5901,0,1527.4056,1529.8906
2023,1,REG,NO,TEN,1505.3272,1498.1765,42.2,0.5705,1,1513.9162,1489.5875
2023,1,REG,PIT,SF,1526.5016,1576.6725,42.2,0.4885,0,1516.731,1586.4431
2023,1,REG,WAS,ARI,1496.7367,1456.9294,42.2,0.6159,1,1504.4192,1449.2469
2023,1,REG,CHI,GB,1430.3615,1530.1191,42.2,0.4179,0,1422.0032,1538.4774
2023,1,REG,DEN,LV,1451.5225,1482.8574,42.2,0.5156,0,1441.2099,1493.17
2023,1,REG,LAC,MIA,1511.0892,1506.1285,42.2,0.5675,0,1499.7401,1517.4776
2023,1,REG,NE,PHI,1510.2017,1556.6865,42.2,0.4938,0,1500.325,1566.5632
2023,1,REG,SEA,LA,1506.8822,1500.4591,42.2,0.5695,0,1495.4918,1511.8495
2023,1,REG,NYG,DAL,1482.606,1549.6015,42.2,0.4644,0,1473.3185,1558.889
2023,1,REG,NYJ,BUF,1451.1967,1581.255,42.2,0.3762,1,1463.6729,1568.7788
2023,2,REG,PHI,MIN,1566.5632,1527.4056,42.2,0.615,1,1574.2634,1519.7054
2023,2,REG,ATL,GB,1482.2505,1538.4774,42.2,0.4798,1,1492.654,1528.0739
2023,2,REG,BUF,LV,1568.7788,1493.17,42.2,0.6633,1,1575.5122,1486.4366
2023,2,REG,CIN,BAL,1561.6973,1522.8034,42.2,0.6146,0,1549.4047,1535.096
2023,2,REG,DET,SEA,1501.1878,1495.4918,42.2,0.5685,0,1489.8179,1506.8617
2023,2,REG,HOU,IND,1416.9166,1454.3104,42.2,0.5069,0,1406.7783,1464.4487
2023,2,REG,JAX,KC,1488.3181,1602.1278,42.2,0.3984,0,1480.3505,1610.0954
2023,2,REG,TB,CHI,1529.8906,1422.0032,42.2,0.7035,1,1535.8208,1416.073
2023,2,REG,TEN,LAC,1489.5875,1499.7401,42.2,0.546,1,1498.6677,1490.6599
2023,2,REG,ARI,NYG,1449.2469,1473.3185,42.2,0.5261,0,1438.7256,1483.8398
2023,2,REG,LA,SF,1511.8495,1586.4431,42.2,0.4535,0,1502.7792,1595.5134
2023,2,REG,DAL,NYJ,1558.889,1463.6729,42.2,0.6881,1,1565.1279,1457.434
2023,2,REG,DEN,WAS,1441.2099,1504.4192,42.2,0.4698,0,1431.8139,1513.8152
2023,2,REG,NE,MIA,1500.325,1517.4776,42.2,0.536,0,1489.6053,1528.1973
2023,2,REG,CAR,NO,1459.0089,1513.9162,42.2,0.4817,0,1449.3745,1523.5506
2023,2,REG,PIT,CLE,1516.731,1502.7612,42.2,0.5801,1,1525.1282,1494.364
2023,3,REG,SF,NYG,1595.5134,1483.8398,42.2,0.708,1,1601.3531,1478.0001
2023,3,REG,BAL,IND,1535.096,1464.4487,42.2,0.6569,0,1521.9576,1477.5871
2023,3,REG,CLE,TEN,1494.364,1498.6677,42.2,0.5543,1,1503.2776,1489.7541
2023,3,REG,DET,ATL,1489.8179,1492.654,42.2,0.5564,1,1498.6897,1483.7822
2023,3,REG,GB,NO,1528.0739,1523.5506,42.2,0.5668,1,1536.7371,1514.8874
2023,3,REG,JAX,HOU,1480.3505,1406.7783,42.2,0.6607,0,1467.1364,1419.9924
2023,3,REG,MIA,DEN,1528.1973,1431.8139,42.2,0.6895,1,1534.4074,1425.6038
2023,3,REG,MIN,LAC,1519.7054,1490.6599,42.2,0.6011,0,1507.6831,1502.6822
2023,3,REG,NYJ,NE,1457.434,1489.6053,42.2,0.5144,0,1447.1454,1499.8939
2023,3,REG,WAS,BUF,1513.8152,1575.5122,42.2,0.472,0,1504.3758,1584.9516
2023,3,REG,SEA,CAR,1506.8617,1449.3745,42.2,0.6397,1,1514.0687,1442.1675
2023,3,REG,ARI,DAL,1438.7256,1565.1279,42.2,0.3811,1,1451.1028,1552.7507
2023,3,REG,KC,CHI,1610.0954,1416.073,42.2,0.7957,1,1614.1808,1411.9876
2023,3,REG,LV,PIT,1486.4366,1525.1282,42.2,0.505,0,1476.3356,1535.2292
2023,3,REG,TB,PHI,1535.8208,1574.2634,42.2,0.5054,0,1525.7127,1584.3715
2023,3,REG,CIN,LA,1549.4047,1502.7792,42.2,0.6251,1,1556.9024,1495.2815
2023,4,REG,GB,DET,1536.7371,1498.6897,42.2,0.6135,0,1524.4676,1510.9592
2023,4,REG,JAX,ATL,1467.1364,1483.7822,42.2,0.5367,1,1476.4022,1474.5164
2023,4,REG,BUF,MIA,1584.9516,1534.4074,42.2,0.6304,1,1592.3439,1527.0151
2023,4,REG,CAR,MIN,1442.1675,1507.6831,42.2,0.4665,0,1432.8376,1517.013
2023,4,REG,CHI,DEN,1411.9876,1425.6038,42.2,0.541,0,1401.1667,1436.4247
2023,4,REG,CLE,BAL,1503.2776,1521.9576,42.2,0.5338,0,1492.6017,1532.6335
2023,4,REG,HOU,PIT,1419.9924,1535.2292,42.2,0.3964,1,1432.0641,1523.1575
2023,4,REG,IND,LA,1477.5871,1495.2815,42.2,0.5352,0,1466.8829,1505.9857
2023,4,REG,NO,TB,1514.8874,1525.7127,42.2,0.545,0,1503.9868,1536.6133
2023,4,REG,PHI,WAS,1584.3715,1504.3758,42.2,0.6689,1,1590.9926,1497.7547
2023,4,REG,TEN,CIN,1489.7541,1556.9024,42.2,0.4642,1,1500.4709,1546.1856
2023,4,REG,LAC,LV,1502.6822,1476.3356,42.2,0.5974,1,1510.7345,1468.2833
2023,4,REG,DAL,NE,1552.7507,1499.8939,42.2,0.6335,1,1560.081,1492.5636
2023,4,REG,SF,ARI,1601.3531,1451.1028,42.2,0.7517,1,1606.3186,1446.1373
2023,4,REG,NYJ,KC,1447.1454,1614.1808,42.2,0.3277,0,1440.5914,1620.7348
2023,4,REG,NYG,SEA,1478.0001,1514.0687,42.2,0.5088,0,1467.8236,1524.2452
2023,5,REG,WAS,CHI,1497.7547,1401.1667,42.2,0.6897,0,1483.9598,1414.9616
2023,5,REG,BUF,JAX,1592.3439,1476.4022,42.2,0.7131,0,1578.0825,1490.6636
2023,5,REG,ATL,HOU,1474.5164,1432.0641,42.2,0.6195,1,1482.127,1424.4535
2023,5,REG,DET,CAR,1510.9592,1432.8376,42.2,0.6666,1,1517.6282,1426.1686
2023,5,REG,IND,TEN,1466.8829,1500.4709,42.2,0.5124,1,1476.6351,1490.7187
2023,5,REG,MIA,NYG,1527.0151,1467.8236,42.2,0.6419,1,1534.1769,1460.6618
2023,5,REG,NE,NO,1492.5636,1503.9868,42.2,0.5442,0,1481.6801,1514.8703
2023,5,REG,PIT,BAL,1523.1575,1532.6335,42.2,0.547,1,1532.2184,1523.5726
2023,5,REG,ARI,CIN,1446.1373,1546.1856,42.2,0.4175,0,1437.7871,1554.5358
2023,5,REG,LA,PHI,1505.9857,1590.9926,42.2,0.4387,0,1497.2116,1599.7667
2023,5,REG,DEN,NYJ,1436.4247,1440.5914,42.2,0.5545,0,1425.3344,1451.6817
2023,5,REG,MIN,KC,1517.013,1620.7348,42.2,0.4124,0,1508.7655,1628.9823
2023,5,REG,SF,DAL,1606.3186,1560.081,42.2,0.6246,1,1613.8267,1552.5729
2023,5,REG,LV,GB,1468.2833,1524.4676,42.2,0.4799,1,1478.6856,1514.0653
2023,6,REG,KC,DEN,1628.9823,1425.3344,42.2,0.8046,1,1632.8906,1421.4261
2023,6,REG,TEN,BAL,1490.7187,1523.5726,42.2,0.5134,0,1480.4498,1533.8415
2023,6,REG,ATL,WAS,1482.127,1483.9598,42.2,0.5578,0,1470.9703,1495.1165
2023,6,REG,CHI,MIN,1414.9616,1508.7655,42.2,0.4263,0,1406.4361,1517.291
2023,6,REG,CIN,SEA,1554.5358,1524.2452,42.2,0.6028,1,1562.4791,1516.3019
2023,6,REG,CLE,SF,1492.6017,1613.8267,42.2,0.3882,1,1504.8378,1601.5906
2023,6,REG,HOU,NO,1424.4535,1514.8703,42.2,0.4311,1,1435.8324,1503.4914
2023,6,REG,JAX,IND,1490.6636,1476.6351,42.2,0.5802,1,1499.0592,1468.2395
2023,6,REG,MIA,CAR,1534.1769,1426.1686,42.2,0.7036,1,1540.1042,1420.2413
2023,6,REG,LV,NE,1478.6856,1481.6801,42.2,0.5562,1,1487.5619,1472.8038
2023,6,REG,LA,ARI,1497.2116,1437.7871,42.2,0.6422,1,1504.3673,1430.6314
2023,6,REG,NYJ,PHI,1451.6817,1599.7667,42.2,0.3522,1,1464.6383,1586.8101
2023,6,REG,TB,DET,1536.6133,1517.6282,42.2,0.5872,0,1524.8702,1529.3713
2023,6,REG,BUF,NYG,1578.0825,1460.6618,42.2,0.7148,1,1583.7863,1454.958
2023,6,REG,LAC,DAL,1510.7345,1552.5729,42.2,0.5005,0,1500.7241,1562.5833
2023,7,REG,NO,JAX,1503.4914,1499.0592,42.2,0.5667,0,1492.1572,1510.3934
2023,7,REG,BAL,DET,1533.8415,1529.3713,42.2,0.5668,1,1542.5062,1520.7066
2023,7,REG,CHI,LV,1406.4361,1487.5619,42.2,0.4442,1,1417.5518,1476.4462
2023,7,REG,IND,CLE,1468.2395,1504.8378,42.2,0.5081,0,1458.0783,1514.999
2023,7,REG,NE,BUF,1472.8038,1583.7863,42.2,0.4023,1,1484.7581,1571.832
2023,7,REG,NYG,WAS,1454.958,1495.1165,42.2,0.5029,1,1464.8992,1485.1753
2023,7,REG,TB,ATL,1524.8702,1470.9703,42.2,0.6349,0,1512.1727,1483.6678
2023,7,REG,LA,PIT,1504.3673,1532.2184,42.2,0.5206,0,1493.9545,1542.6312
2023,7,REG,SEA,ARI,1516.3019,1430.6314,42.2,0.6761,1,1522.7791,1424.1542
2023,7,REG,DEN,GB,1421.4261,1514.0653,42.2,0.4279,1,1432.8677,1502.6237
2023,7,REG,KC,LAC,1632.8906,1500.7241,42.2,0.7318,1,1638.2548,1495.3599
2023,7,REG,PHI,MIA,1586.8101,1540.1042,42.2,0.6252,1,1594.3056,1532.6087
2023,7,REG,MIN,SF,1517.291,1601.5906,42.2,0.4397,1,1528.4968,1590.3848
2023,8,REG,BUF,TB,1571.832,1512.1727,42.2,0.6425,1,1578.9815,1505.0232
2023,8,REG,CAR,HOU,1420.2413,1435.8324,42.2,0.5382,1,1429.4769,1426.5968
2023,8,REG,DAL,LA,1562.5833,1493.9545,42.2,0.6543,1,1569.4974,1487.0404
2023,8,REG,GB,MIN,1502.6237,1528.4968,42.2,0.5235,0,1492.1541,1538.9664
2023,8,REG,IND,NO,1458.0783,1492.1572,42.2,0.5117,0,1447.8446,1502.3909
2023,8,REG,MIA,NE,1532.6087,1484.7581,42.2,0.6268,1,1540.0734,1477.2934
2023,8,REG,NYG,NYJ,1464.8992,1464.6383,42.2,0.5608,0,1453.6831,1475.8544
2023,8,REG,PIT,JAX,1542.6312,1510.3934,42.2,0.6055,0,1530.5209,1522.5037
2023,8,REG,TEN,ATL,1480.4498,1483.6678,42.2,0.5559,1,1489.3325,1474.7851
2023,8,REG,WAS,PHI,1485.1753,1594.3056,42.2,0.4049,0,1477.0782,1602.4027
2023,8,REG,SEA,CLE,1522.7791,1514.999,42.2,0.5714,1,1531.3504,1506.4277
2023,8,REG,ARI,BAL,1424.1542,1542.5062,42.2,0.3921,0,1416.3116,1550.3488
2023,8,REG,DEN,KC,1432.8677,1638.2548,42.2,0.281,1,1447.2472,1623.8753
2023,8,REG,SF,CIN,1590.3848,1562.4791,42.2,0.5995,0,1578.3939,1574.47
2023,8,REG,LAC,CHI,1495.3599,1417.5518,42.2,0.6661,1,1502.0369,1410.8748
2023,8,REG,DET,LV,1520.7066,1476.4462,42.2,0.6219,1,1528.2682,1468.8846
2023,9,REG,PIT,TEN,1530.5209,1489.3325,42.2,0.6178,1,1538.1658,1481.6876
2023,9,REG,KC,MIA,1623.8753,1540.0734,42.2,0.6738,1,1630.3997,1533.549
2023,9,REG,ATL,MIN,1474.7851,1538.9664,42.2,0.4684,0,1465.4169,1548.3346
2023,9,REG,BAL,SEA,1550.3488,1531.3504,42.2,0.5872,1,1558.6054,1523.0938
2023,9,REG,CLE,ARI,1506.4277,1416.3116,42.2,0.6817,1,1512.7934,1409.9459
2023,9,REG,GB,LA,1492.1541,1487.0404,42.2,0.5677,1,1500.8007,1478.3938
2023,9,REG,HOU,TB,1426.5968,1505.0232,42.2,0.4481,1,1437.6357,1493.9843
2023,9,REG,NE,WAS,1477.2934,1477.0782,42.2,0.5607,0,1466.0786,1488.293
2023,9,REG,NO,CHI,1502.3909,1410.8748,42.2,0.6835,1,1508.7216,1404.5441
2023,9,REG,CAR,IND,1429.4769,1447.8446,42.2,0.5342,0,1418.792,1458.5295
2023,9,REG,LV,NYG,1468.8846,1453.6831,42.2,0.5819,1,1477.2473,1445.3204
2023,9,REG,PHI,DAL,1602.4027,1569.4974,42.2,0.6064,1,1610.274,1561.6261
2023,9,REG,CIN,BUF,1574.47,1578.9815,42.2,0.554,1,1583.3895,1570.062
2023,9,REG,NYJ,LAC,1475.8544,1502.0369,42.2,0.523,0,1465.3937,1512.4976
2023,10,REG,CHI,CAR,1404.5441,1418.792,42.2,0.5401,1,1413.7413,1409.5948
2023,10,REG,NE,IND,1466.0786,1458.5295,42.2,0.5711,0,1454.6564,1469.9517
2023,10,REG,BAL,CLE,1558.6054,1512.7934,42.2,0.624,0,1546.125,1525.2738
2023,10,REG,CIN,HOU,1583.3895,1437.6357,42.2,0.7469,0,1568.4522,1452.573
2023,10,REG,JAX,SF,1522.5037,1578.3939,42.2,0.4803,0,1512.8975,1588.0001
2023,10,REG,MIN,NO,1548.3346,1508.7216,42.2,0.6156,1,1556.0224,1501.0338
2023,10,REG,PIT,GB,1538.1658,1500.8007,42.2,0.6125,1,1545.9149,1493.0516
2023,10,REG,TB,TEN,1493.9843,1481.6876,42.2,0.5778,1,1502.4285,1473.2434
2023,10,REG,ARI,ATL,1409.9459,1465.4169,42.2,0.4809,1,1420.3277,1455.0351
2023,10,REG,LAC,DET,1512.4976,1528.2682,42.2,0.538,0,1501.7384,1539.0274
2023,10,REG,DAL,NYG,1561.6261,1445.3204,42.2,0.7135,1,1567.3561,1439.5904
2023,10,REG,SEA,WAS,1523.0938,1488.293,42.2,0.609,1,1530.9131,1480.4737
2023,10,REG,LV,NYJ,1477.2473,1465.3937,42.2,0.5772,1,1485.7039,1456.9371
2023,10,REG,BUF,DEN,1570.062,1447.2472,42.2,0.7211,0,1555.6401,1461.6691
2023,11,REG,BAL,CIN,1546.125,1568.4522,42.2,0.5286,1,1555.5536,1559.0236
2023,11,REG,CAR,DAL,1409.5948,1567.3561,42.2,0.3396,0,1402.8035,1574.1474
2023,11,REG,CLE,PIT,1525.2738,1545.9149,42.2,0.531,1,1534.6541,1536.5346
2023,11,REG,DET,CHI,1539.0274,1413.7413,42.2,0.7239,1,1544.5485,1408.2202
2023,11,REG,GB,LAC,1493.0516,1501.7384,42.2,0.5481,1,1502.09,1492.7
2023,11,REG,HOU,ARI,1452.573,1420.3277,42.2,0.6055,1,1460.4625,1412.4382
2023,11,REG,JAX,TEN,1512.8975,1473.2434,42.2,0.6157,1,1520.5842,1465.5567
2023,11,REG,MIA,LV,1533.549,1485.7039,42.2,0.6268,1,1541.0138,1478.2391
2023,11,REG,WAS,NYG,1480.4737,1439.5904,42.2,0.6173,0,1468.1269,1451.9372
2023,11,REG,SF,TB,1588.0001,1502.4285,42.2,0.676,1,1594.4798,1495.9488
2023,11,REG,BUF,NYJ,1555.6401,1456.9371,42.2,0.6923,1,1561.7932,1450.784
2023,11,REG,LA,SEA,1478.3938,1530.9131,42.2,0.4852,1,1488.6907,1520.6162
2023,11,REG,DEN,MIN,1461.6691,1556.0224,42.2,0.4255,1,1473.159,1544.5325
2023,11,REG,KC,PHI,1630.3997,1610.274,42.2,0.5887,0,1618.6248,1622.0489
2023,12,REG,DET,GB,1544.5485,1502.09,42.2,0.6195,0,1532.1589,1514.4796
2023,12,REG,DAL,WAS,1574.1474,1468.1269,42.2,0.7012,1,1580.1225,1462.1518
2023,12,REG,SEA,SF,1520.6162,1594.4798,42.2,0.4546,0,1511.525,1603.571
2023,12,REG,NYJ,MIA,1450.784,1541.0138,42.2,0.4313,0,1442.1577,1549.6401
2023,12,REG,ATL,NO,1455.0351,1501.0338,42.2,0.4945,1,1465.1444,1490.9245
2023,12,REG,CIN,PIT,1559.0236,1536.5346,42.2,0.592,0,1547.1829,1548.3753
2023,12,REG,HOU,JAX,1460.4625,1520.5842,42.2,0.4742,0,1450.9779,1530.0688
2023,12,REG,IND,TB,1469.9517,1495.9488,42.2,0.5233,1,1479.4857,1486.4148
2023,12,REG,NYG,NE,1451.9372,1454.6564,42.2,0.5566,1,1460.8057,1445.7879
2023,12,REG,TEN,CAR,1465.5567,1402.8035,42.2,0.6466,1,1472.6246,1395.7356
2023,12,REG,ARI,LA,1412.4382,1488.6907,42.2,0.4512,0,1403.4152,1497.7137
2023,12,REG,DEN,CLE,1473.159,1534.6541,42.2,0.4723,1,1483.7138,1524.0993
2023,12,REG,LV,KC,1478.2391,1618.6248,42.2,0.3623,0,1470.9922,1625.8717
2023,12,REG,PHI,BUF,1622.0489,1561.7932,42.2,0.6433,1,1629.1826,1554.6595
2023,12,REG,LAC,BAL,1492.7,1555.5536,42.2,0.4703,0,1483.2938,1564.9598
2023,12,REG,MIN,CHI,1544.5325,1408.2202,42.2,0.7365,0,1529.8035,1422.9492
2023,13,REG,DAL,SEA,1580.1225,1511.525,42.2,0.6543,1,1587.0374,1504.6101
2023,13,REG,HOU,DEN,1450.9779,1483.7138,42.2,0.5136,1,1460.7056,1473.9861
2023,13,REG,NE,LAC,1445.7879,1483.2938,42.2,0.5068,0,1435.6528,1493.4289
2023,13,REG,NO,DET,1490.9245,1532.1589,42.2,0.5014,0,1480.8967,1542.1867
2023,13,REG,NYJ,ATL,1442.1577,1465.1444,42.2,0.5276,0,1431.6053,1475.6968
2023,13,REG,PIT,ARI,1548.3753,1403.4152,42.2,0.746,0,1533.4553,1418.3352
2023,13,REG,TEN,IND,1472.6246,1479.4857,42.2,0.5507,0,1461.611,1490.4993
2023,13,REG,WAS,MIA,1462.1518,1549.6401,42.2,0.4352,0,1453.448,1558.3439
2023,13,REG,TB,CAR,1486.4148,1395.7356,42.2,0.6824,1,1492.7664,1389.384
2023,13,REG,LA,CLE,1497.7137,1524.0993,42.2,0.5227,1,1507.2588,1514.5542
2023,13,REG,PHI,SF,1629.1826,1603.571,42.2,0.5964,0,1617.2552,1615.4984
2023,13,REG,GB,KC,1514.4796,1625.8717,42.2,0.4017,1,1526.4452,1613.9061
2023,13,REG,JAX,CIN,1530.0688,1547.1829,42.2,0.536,0,1519.348,1557.9037
2023,14,REG,PIT,NE,1533.4553,1435.6528,42.2,0.6912,0,1519.6305,1449.4776
2023,14,REG,ATL,TB,1475.6968,1492.7664,42.2,0.5361,0,1464.9747,1503.4885
2023,14,REG,BAL,LA,1564.9598,1507.2588,42.2,0.6399,1,1572.1611,1500.0575
2023,14,REG,CHI,DET,1422.9492,1542.1867,42.2,0.3909,1,1435.1309,1530.005
2023,14,REG,CIN,IND,1557.9037,1490.4993,42.2,0.6527,1,1564.8497,1483.5533
2023,14,REG,CLE,JAX,1514.5542,1519.348,42.2,0.5536,1,1523.4817,1510.4205
2023,14,REG,NO,CAR,1480.8967,1389.384,42.2,0.6835,1,1487.2275,1383.0532
2023,14,REG,NYJ,HOU,1431.6053,1460.7056,42.2,0.5188,1,1441.2284,1451.0825
2023,14,REG,LV,MIN,1470.9922,1529.8035,42.2,0.4761,0,1461.4699,1539.3258
2023,14,REG,SF,SEA,1615.4984,1504.6101,42.2,0.7071,1,1621.3568,1498.7517
2023,14,REG,KC,BUF,1613.9061,1554.6595,42.2,0.642,0,1601.0665,1567.4991
2023,14,REG,LAC,DEN,1493.4289,1473.9861,42.2,0.5878,0,1481.6731,1485.7419
2023,14,REG,DAL,PHI,1587.0374,1617.2552,42.2,0.5172,1,1596.6927,1607.5999
2023,14,REG,MIA,TEN,1558.3439,1461.611,42.2,0.6899,0,1544.5454,1475.4095
2023,14,REG,NYG,GB,1460.8057,1526.4452,42.2,0.4663,1,1471.4793,1515.7716
2023,15,REG,LV,LAC,1461.4699,1481.6731,42.2,0.5316,1,1470.8376,1472.3054
2023,15,REG,CIN,MIN,1564.8497,1539.3258,42.2,0.5962,1,1572.9248,1531.2507
2023,15,REG,IND,PIT,1483.5533,1519.6305,42.2,0.5088,1,1493.3771,1509.8067
2023,15,REG,DET,DEN,1530.005,1485.7419,42.2,0.6219,1,1537.5665,1478.1804
2023,15,REG,CAR,ATL,1383.0532,1464.9747,42.2,0.4431,1,1394.1915,1453.8364
2023,15,REG,CLE,CHI,1523.4817,1435.1309,42.2,0.6795,1,1529.8915,1428.7211
2023,15,REG,GB,TB,1515.7716,1503.4885,42.2,0.5778,0,1504.2162,1515.0439
2023,15,REG,MIA,NYJ,1544.5454,1441.2284,42.2,0.698,1,1550.5859,1435.1879
2023,15,REG,NE,KC,1449.4776,1601.0665,42.2,0.3476,0,1442.526,1608.0181
2023,15,REG,NO,NYG,1487.2275,1471.4793,42.2,0.5826,1,1495.5749,1463.1319
2023,15,REG,TEN,HOU,1475.4095,1451.0825,42.2,0.5946,0,1463.5178,1462.9742
2023,15,REG,ARI,SF,1418.3352,1621.3568,42.2,0.2838,0,1412.6595,1627.0325
2023,15,REG,LA,WAS,1500.0575,1453.448,42.2,0.6251,1,1507.5556,1445.9499
2023,15,REG,BUF,DAL,1567.4991,1596.6927,42.2,0.5187,1,1577.1249,1587.0669
2023,15,REG,JAX,BAL,1510.4205,1572.1611,42.2,0.4719,0,1500.9823,1581.5993
2023,15,REG,SEA,PHI,1498.7517,1607.5999,42.2,0.4052,1,1510.6468,1595.7048
2023,16,REG,LA,NO,1507.5556,1495.5749,42.2,0.5773,1,1516.0087,1487.1218
2023,16,REG,PIT,CIN,1509.8067,1572.9248,42.2,0.4699,1,1520.408,1562.3235
2023,16,REG,LAC,BUF,1472.3054,1577.1249,42.2,0.4108,0,1464.0885,1585.3418
2023,16,REG,ATL,IND,1453.8364,1493.3771,42.2,0.5038,1,1463.7599,1483.4536
2023,16,REG,CAR,GB,1394.1915,1504.2162,42.2,0.4036,0,1386.1192,1512.2885
2023,16,REG,HOU,CLE,1462.9742,1529.8915,42.2,0.4645,0,1453.6844,1539.1813
2023,16,REG,MIN,DET,1531.2507,1537.5665,42.2,0.5515,0,1520.2215,1548.5957
2023,16,REG,NYJ,WAS,1435.1879,1445.9499,42.2,0.5451,1,1444.2855,1436.8523
2023,16,REG,TEN,SEA,1463.5178,1510.6468,42.2,0.4929,0,1453.6597,1520.5049
2023,16,REG,TB,JAX,1515.0439,1500.9823,42.2,0.5803,1,1523.4386,1492.5876
2023,16,REG,CHI,ARI,1428.7211,1412.6595,42.2,0.5831,1,1437.0597,1404.3209
2023,16,REG,MIA,DAL,1550.5859,1587.0669,42.2,0.5082,1,1560.4213,1577.2315
2023,16,REG,DEN,NE,1478.1804,1442.526,42.2,0.6102,0,1465.9763,1454.7301
2023,16,REG,KC,LV,1608.0181,1470.8376,42.2,0.7374,0,1593.2697,1485.586
2023,16,REG,PHI,NYG,1595.7048,1463.1319,42.2,0.7323,1,1601.0598,1457.7769
2023,16,REG,SF,BAL,1627.0325,1581.5993,42.2,0.6235,0,1614.5624,1594.0694
2023,17,REG,CLE,NYJ,1539.1813,1444.2855,42.2,0.6877,1,1545.4282,1438.0386
2023,17,REG,DAL,DET,1577.2315,1548.5957,42.2,0.6006,1,1585.2205,1540.6067
2023,17,REG,BAL,MIA,1594.0694,1560.4213,42.2,0.6075,1,1601.9203,1552.5704
2023,17,REG,BUF,NE,1585.3418,1454.7301,42.2,0.73,1,1590.7412,1449.3307
2023,17,REG,CHI,ATL,1437.0597,1463.7599,42.2,0.5223,1,1446.6139,1454.2057
2023,17,REG,HOU,TEN,1453.6844,1453.6597,42.2,0.5605,1,1462.475,1444.8691
2023,17,REG,IND,LV,1483.4536,1485.586,42.2,0.5574,1,1492.3054,1476.7342
2023,17,REG,JAX,CAR,1492.5876,1386.1192,42.2,0.7018,1,1498.5519,1380.1549
2023,17,REG,NYG,LA,1457.7769,1516.0087,42.2,0.4769,0,1448.238,1525.5476
2023,17,REG,PHI,ARI,1601.0598,1404.3209,42.2,0.7983,0,1585.0946,1420.2861
2023,17,REG,TB,NO,1523.4386,1487.1218,42.2,0.6111,0,1511.2164,1499.344
2023,17,REG,WAS,SF,1436.8523,1614.5624,42.2,0.3143,0,1430.5662,1620.8485
2023,17,REG,SEA,PIT,1520.5049,1520.408,42.2,0.5606,0,1509.2935,1531.6194
2023,17,REG,DEN,LAC,1465.9763,1464.0885,42.2,0.5631,1,1474.7141,1455.3507
2023,17,REG,KC,CIN,1593.2697,1562.3235,42.2,0.6037,1,1601.1949,1554.3983
2023,17,REG,MIN,GB,1520.2215,1512.2885,42.2,0.5717,0,1508.7885,1523.7215
2023,18,REG,BAL,PIT,1601.9203,1531.6194,42.2,0.6565,0,1588.7909,1544.7488
2023,18,REG,IND,HOU,1492.3054,1462.475,42.2,0.6022,0,1480.2614,1474.519
2023,18,REG,CAR,TB,1380.1549,1511.2164,42.2,0.3748,0,1372.6582,1518.7131
2023,18,REG,CIN,CLE,1554.3983,1545.4282,42.2,0.5731,1,1562.9361,1536.8904
2023,18,REG,DET,MIN,1540.6067,1508.7885,42.2,0.6049,1,1548.5079,1500.8873
2023,18,REG,NE,NYJ,1449.3307,1438.0386,42.2,0.5764,0,1437.8031,1449.5662
2023,18,REG,NO,ATL,1499.344,1454.2057,42.2,0.6231,1,1506.8818,1446.6679
2023,18,REG,TEN,JAX,1444.8691,1498.5519,42.2,0.4835,1,1455.1995,1488.2215
2023,18,REG,ARI,SEA,1420.2861,1509.2935,42.2,0.433,0,1411.6252,1517.9544
2023,18,REG,GB,CHI,1523.7215,1446.6139,42.2,0.6653,1,1530.4165,1439.9189
2023,18,REG,LAC,KC,1455.3507,1601.1949,42.2,0.3551,0,1448.2484,1608.2972
2023,18,REG,LV,DEN,1476.7342,1474.7141,42.2,0.5633,1,1485.4683,1465.98
2023,18,REG,NYG,PHI,1448.238,1585.0946,42.2,0.3671,1,1460.897,1572.4356
2023,18,REG,SF,LA,1620.8485,1525.5476,42.2,0.6882,0,1607.0854,1539.3107
2023,18,REG,WAS,DAL,1430.5662,1585.2205,42.2,0.3436,0,1423.6944,1592.0923
2023,18,REG,MIA,BUF,1552.5704,1590.7412,42.2,0.5058,0,1542.4544,1600.8572
2023,19,WC,HOU,CLE,1474.519,1536.8904,42.2,0.471,1,1487.2149,1524.1945
2023,19,WC,KC,MIA,1608.2972,1542.4544,42.2,0.6507,1,1616.6813,1534.0703
2023,19,WC,DAL,GB,1592.0923,1530.4165,42.2,0.6452,0,1576.6078,1545.901
2023,19,WC,DET,LA,1548.5079,1539.3107,42.2,0.5734,1,1558.7455,1529.0731
2023,19,WC,BUF,PIT,1600.8572,1544.7488,42.2,0.6378,1,1609.5496,1536.0564
2023,19,WC,TB,PHI,1518.7131,1572.4356,42.2,0.4834,1,1531.1109,1560.0378
2023,20,DIV,BAL,HOU,1588.7909,1487.2149,42.2,0.6959,1,1596.0904,1479.9154
2023,20,DIV,SF,GB,1607.0854,1545.901,42.2,0.6445,1,1615.6164,1537.37
2023,20,DIV,DET,TB,1558.7455,1531.1109,42.2,0.5992,1,1568.3655,1521.4909
2023,20,DIV,BUF,KC,1609.5496,1616.6813,42.2,0.5503,0,1596.3425,1629.8884
2023,21,CON,BAL,KC,1596.0904,1629.8884,42.2,0.5121,0,1583.8003,1642.1785
2023,21,CON,SF,DET,1615.6164,1568.3655,42.2,0.626,1,1624.5934,1559.3885
2023,22,SB,KC,SF,1642.1785,1624.5934,0.0,0.5253,1,1653.5717,1613.2002
2024,1,REG,KC,BAL,1604.543,1557.7962,42.2,0.6253,1,1612.0374,1550.3018
2024,1,REG,PHI,GB,1541.8753,1526.6879,42.2,0.5818,1,1550.2384,1518.3248
2024,1,REG,ATL,PIT,1465.9175,1525.8078,42.2,0.4746,0,1456.4262,1535.2991
2024,1,REG,BUF,ARI,1566.1995,1442.4389,42.2,0.7222,1,1571.7557,1436.8827
2024,1,REG,CHI,TEN,1461.3957,1471.6337,42.2,0.5459,1,1470.4783,1462.5511
2024,1,REG,CIN,NE,1543.8172,1459.9781,42.2,0.6738,0,1530.3407,1473.4546
2024,1,REG,IND,HOU,1488.4251,1488.1933,42.2,0.5608,0,1477.2099,1499.4085
2024,1,REG,MIA,JAX,1524.4771,1493.7584,42.2,0.6034,1,1532.4086,1485.8269
2024,1,REG,NO,CAR,1506.2608,1416.331,42.2,0.6815,1,1512.6311,1409.9607
2024,1,REG,NYG,MIN,1475.451,1502.2445,42.2,0.5222,0,1465.0079,1512.6876
2024,1,REG,LAC,LV,1466.9764,1491.9138,42.2,0.5248,1,1476.48,1482.4102
2024,1,REG,SEA,DEN,1513.6794,1478.8566,42.2,0.6091,1,1521.4981,1471.0379
2024,1,REG,CLE,DAL,1517.8603,1552.9772,42.2,0.5102,0,1507.6565,1563.181
2024,1,REG,TB,WAS,1516.0489,1450.5252,42.2,0.6502,1,1523.044,1443.5301
2024,1,REG,DET,LA,1541.4403,1521.129,42.2,0.589,1,1549.6602,1512.9091
2024,1,REG,SF,NYJ,1577.4941,1467.8594,42.2,0.7056,1,1583.3824,1461.9711
2024,2,REG,MIA,BUF,1532.4086,1571.7557,42.2,0.5041,0,1522.3265,1581.8378
2024,2,REG,BAL,LV,1550.3018,1482.4102,42.2,0.6533,0,1537.2351,1495.4769
2024,2,REG,CAR,LAC,1409.9607,1476.48,42.2,0.4651,0,1400.6595,1485.7812
2024,2,REG,DAL,NO,1563.181,1512.6311,42.2,0.6304,0,1550.5731,1525.239
2024,2,REG,DET,TB,1549.6602,1523.044,42.2,0.5978,0,1537.705,1534.9992
2024,2,REG,GB,IND,1518.3248,1477.2099,42.2,0.6177,1,1525.9717,1469.563
2024,2,REG,JAX,CLE,1485.8269,1507.6565,42.2,0.5293,0,1475.2413,1518.2421
2024,2,REG,MIN,SF,1512.6876,1583.3824,42.2,0.4591,1,1523.5059,1572.5641
2024,2,REG,NE,SEA,1473.4546,1521.4981,42.2,0.4916,0,1463.6228,1531.3299
2024,2,REG,TEN,NYJ,1462.5511,1461.9711,42.2,0.5613,0,1451.326,1473.1962
2024,2,REG,WAS,NYG,1443.5301,1465.0079,42.2,0.5298,1,1452.9344,1455.6036
2024,2,REG,ARI,LA,1436.8827,1512.9091,42.2,0.4515,1,1447.8532,1501.9386
2024,2,REG,DEN,PIT,1471.0379,1535.2991,42.2,0.4683,0,1461.672,1544.665
2024,2,REG,KC,CIN,1612.0374,1530.3407,42.2,0.6711,1,1618.6152,1523.7629
2024,2,REG,HOU,CHI,1499.4085,1470.4783,42.2,0.601,1,1507.3893,1462.4975
2024,2,REG,PHI,ATL,1550.2384,1456.4262,42.2,0.6863,0,1536.5121,1470.1525
2024,3,REG,NYJ,NE,1473.1962,1463.6228,42.2,0.574,1,1481.717,1455.102
2024,3,REG,CLE,NYG,1518.2421,1455.6036,42.2,0.6465,0,1505.313,1468.5327
2024,3,REG,IND,CHI,1469.563,1462.4975,42.2,0.5704,1,1478.1545,1453.906
2024,3,REG,MIN,HOU,1523.5059,1507.3893,42.2,0.5831,1,1531.843,1499.0522
2024,3,REG,NO,PHI,1525.239,1536.5121,42.2,0.5444,0,1514.3512,1547.3999
2024,3,REG,PIT,LAC,1544.665,1485.7812,42.2,0.6415,1,1551.835,1478.6112
2024,3,REG,TB,DEN,1534.9992,1461.672,42.2,0.6604,0,1521.7914,1474.8798
2024,3,REG,TEN,GB,1451.326,1525.9717,42.2,0.4534,0,1442.2572,1535.0405
2024,3,REG,LV,CAR,1495.4769,1400.6595,42.2,0.6876,0,1481.7257,1414.4107
2024,3,REG,SEA,MIA,1531.3299,1522.3265,42.2,0.5732,1,1539.8667,1513.7897
2024,3,REG,ARI,DET,1447.8532,1537.705,42.2,0.4319,0,1439.2162,1546.342
2024,3,REG,DAL,BAL,1550.5731,1537.2351,42.2,0.5793,0,1538.9881,1548.8201
2024,3,REG,LA,SF,1501.9386,1572.5641,42.2,0.4592,1,1512.7549,1561.7478
2024,3,REG,ATL,KC,1470.1525,1618.6152,42.2,0.3517,0,1463.1191,1625.6486
2024,3,REG,BUF,JAX,1581.8378,1475.2413,42.2,0.7019,1,1587.799,1469.2801
2024,3,REG,CIN,WAS,1523.7629,1452.9344,42.2,0.6572,0,1510.6198,1466.0775
2024,4,REG,NYG,DAL,1468.5327,1538.9881,42.2,0.4594,0,1459.3442,1548.1766
2024,4,REG,ATL,NO,1463.1191,1514.3512,42.2,0.487,1,1473.379,1504.0913
2024,4,REG,CAR,CIN,1414.4107,1510.6198,42.2,0.4229,0,1405.9528,1519.0777
2024,4,REG,CHI,LA,1453.906,1512.7549,42.2,0.4761,1,1464.3848,1502.2761
2024,4,REG,GB,MIN,1535.0405,1531.843,42.2,0.565,0,1523.7412,1543.1423
2024,4,REG,HOU,JAX,1499.0522,1469.2801,42.2,0.6021,1,1507.0098,1461.3225
2024,4,REG,IND,PIT,1478.1545,1551.835,42.2,0.4548,1,1489.0581,1540.9314
2024,4,REG,NYJ,DEN,1481.717,1474.8798,42.2,0.5701,0,1470.3149,1486.2819
2024,4,REG,TB,PHI,1521.7914,1547.3999,42.2,0.5239,1,1531.3142,1537.8771
2024,4,REG,ARI,WAS,1439.2162,1466.0775,42.2,0.5221,0,1428.775,1476.5187
2024,4,REG,SF,NE,1561.7478,1455.102,42.2,0.702,1,1567.7079,1449.1419
2024,4,REG,LAC,KC,1478.6112,1625.6486,42.2,0.3535,0,1471.5403,1632.7195
2024,4,REG,LV,CLE,1481.7257,1505.313,42.2,0.5268,1,1491.1905,1495.8482
2024,4,REG,BAL,BUF,1548.8201,1587.799,42.2,0.5046,1,1558.7274,1577.8917
2024,4,REG,MIA,TEN,1513.7897,1442.2572,42.2,0.6581,0,1500.6283,1455.4186
2024,4,REG,DET,SEA,1546.342,1539.8667,42.2,0.5696,1,1554.9501,1531.2586
2024,5,REG,ATL,TB,1473.379,1531.3142,42.2,0.4774,1,1483.8316,1520.8616
2024,5,REG,MIN,NYJ,1543.1423,1470.3149,42.2,0.6597,1,1549.9474,1463.5098
2024,5,REG,CHI,CAR,1464.3848,1405.9528,42.2,0.6409,1,1471.5667,1398.7709
2024,5,REG,CIN,BAL,1519.0777,1558.7274,42.2,0.5037,0,1509.0043,1568.8008
2024,5,REG,HOU,BUF,1507.0098,1577.8917,42.2,0.4588,1,1517.8335,1567.068
2024,5,REG,JAX,IND,1461.3225,1489.0581,42.2,0.5208,1,1470.9064,1479.4742
2024,5,REG,NE,MIA,1449.1419,1500.6283,42.2,0.4866,0,1439.4091,1510.3611
2024,5,REG,WAS,CLE,1476.5187,1495.8482,42.2,0.5329,1,1485.8614,1486.5055
2024,5,REG,DEN,LV,1486.2819,1491.1905,42.2,0.5535,1,1495.2127,1482.2597
2024,5,REG,SF,ARI,1567.7079,1428.775,42.2,0.7394,0,1552.9205,1443.5624
2024,5,REG,LA,GB,1502.2761,1523.7412,42.2,0.5298,0,1491.68,1534.3373
2024,5,REG,SEA,NYG,1531.2586,1459.3442,42.2,0.6586,0,1518.0873,1472.5155
2024,5,REG,PIT,DAL,1540.9314,1548.1766,42.2,0.5501,0,1529.9287,1559.1793
2024,5,REG,KC,NO,1632.7195,1504.0913,42.2,0.7278,1,1638.164,1498.6468
2024,6,REG,SEA,SF,1518.0873,1552.9205,42.2,0.5106,0,1507.8753,1563.1325
2024,6,REG,CHI,JAX,1471.5667,1470.9064,42.2,0.5614,1,1480.3393,1462.1338
2024,6,REG,BAL,WAS,1568.8008,1485.8614,42.2,0.6727,1,1575.3471,1479.3151
2024,6,REG,GB,ARI,1534.3373,1443.5624,42.2,0.6825,1,1540.6865,1437.2132
2024,6,REG,NE,HOU,1439.4091,1517.8335,42.2,0.4481,0,1430.448,1526.7946
2024,6,REG,NO,TB,1498.6468,1520.8616,42.2,0.5287,0,1488.0722,1531.4362
2024,6,REG,PHI,CLE,1537.8771,1486.5055,42.2,0.6315,1,1545.2472,1479.1354
2024,6,REG,TEN,IND,1455.4186,1479.4742,42.2,0.5261,0,1444.8968,1489.996
2024,6,REG,DEN,LAC,1495.2127,1471.5403,42.2,0.5937,0,1483.3391,1483.4139
2024,6,REG,LV,PIT,1482.2597,1529.9287,42.2,0.4921,0,1472.4171,1539.7713
2024,6,REG,CAR,ATL,1398.7709,1483.8316,42.2,0.4386,0,1389.9983,1492.6042
2024,6,REG,DAL,DET,1559.1793,1554.9501,42.2,0.5664,0,1547.8509,1566.2785
2024,6,REG,NYG,CIN,1472.5155,1509.0043,42.2,0.5082,0,1462.3511,1519.1687
2024,6,REG,NYJ,BUF,1463.5098,1567.068,42.2,0.4126,0,1455.2577,1575.3201
2024,7,REG,NO,DEN,1488.0722,1483.3391,42.2,0.5671,0,1476.7295,1494.6818
2024,7,REG,JAX,NE,1462.1338,1430.448,42.2,0.6048,1,1470.0387,1422.5431
2024,7,REG,ATL,SEA,1492.6042,1507.8753,42.2,0.5387,0,1481.8307,1518.6488
2024,7,REG,BUF,TEN,1575.3201,1444.8968,42.2,0.7298,1,1580.7237,1439.4932
2024,7,REG,CLE,CIN,1479.1354,1519.1687,42.2,0.5031,0,1469.073,1529.2311
2024,7,REG,GB,HOU,1540.6865,1526.7946,42.2,0.58,1,1549.0859,1518.3952
2024,7,REG,IND,MIA,1489.996,1510.3611,42.2,0.5314,1,1499.3684,1500.9887
2024,7,REG,MIN,DET,1549.9474,1566.2785,42.2,0.5372,0,1539.2042,1577.0217
2024,7,REG,NYG,PHI,1462.3511,1545.2472,42.2,0.4417,0,1453.5171,1554.0812
2024,7,REG,LA,LV,1491.68,1472.4171,42.2,0.5875,1,1499.9292,1464.1679
2024,7,REG,WAS,CAR,1479.3151,1389.9983,42.2,0.6807,1,1485.7007,1383.6127
2024,7,REG,SF,KC,1563.1325,1638.164,42.2,0.4529,0,1554.0747,1647.2218
2024,7,REG,PIT,NYJ,1539.7713,1455.2577,42.2,0.6747,1,1546.2777,1448.7513
2024,7,REG,TB,BAL,1531.4362,1575.3471,42.2,0.4975,0,1521.4854,1585.2979
2024,7,REG,ARI,LAC,1437.2132,1483.4139,42.2,0.4942,1,1447.3283,1473.2988
2024,8,REG,LA,MIN,1499.9292,1539.2042,42.2,0.5042,1,1509.845,1529.2884
2024,8,REG,CIN,PHI,1529.2311,1554.0812,42.2,0.5249,0,1518.7321,1564.5802
2024,8,REG,CLE,BAL,1469.073,1585.2979,42.2,0.3951,1,1481.1719,1573.199
2024,8,REG,DET,TEN,1577.0217,1439.4932,42.2,0.7378,1,1582.2656,1434.2493
2024,8,REG,HOU,IND,1518.3952,1499.3684,42.2,0.5872,1,1526.651,1491.1126
2024,8,REG,JAX,GB,1470.0387,1549.0859,42.2,0.4472,0,1461.0953,1558.0293
2024,8,REG,MIA,ARI,1500.9887,1447.3283,42.2,0.6346,0,1488.2976,1460.0194
2024,8,REG,NE,NYJ,1422.5431,1448.7513,42.2,0.523,1,1432.0831,1439.2113
2024,8,REG,TB,ATL,1521.4854,1481.8307,42.2,0.6157,0,1509.1721,1494.144
2024,8,REG,LAC,NO,1473.2988,1476.7295,42.2,0.5556,1,1482.1875,1467.8408
2024,8,REG,SEA,BUF,1518.6488,1580.7237,42.2,0.4714,0,1509.2202,1590.1523
2024,8,REG,DEN,CAR,1494.6818,1383.6127,42.2,0.7073,1,1500.5359,1377.7586
2024,8,REG,LV,KC,1464.1679,1647.2218,42.2,0.3077,0,1458.0136,1653.3761
2024,8,REG,WAS,CHI,1485.7007,1480.3393,42.2,0.568,1,1494.3403,1471.6997
2024,8,REG,SF,DAL,1554.0747,1547.8509,42.2,0.5692,1,1562.6899,1539.2357
2024,8,REG,PIT,NYG,1546.2777,1453.5171,42.2,0.685,1,1552.5775,1447.2173
2024,9,REG,NYJ,HOU,1439.2113,1526.651,42.2,0.4353,1,1450.5061,1515.3562
2024,9,REG,ATL,DAL,1494.144,1539.2357,42.2,0.4958,1,1504.2272,1529.1525
2024,9,REG,BAL,DEN,1573.199,1500.5359,42.2,0.6595,1,1580.0084,1493.7265
2024,9,REG,BUF,MIA,1590.1523,1488.2976,42.2,0.6962,1,1596.2284,1482.2215
2024,9,REG,CAR,NO,1377.7586,1467.8408,42.2,0.4315,1,1389.1281,1456.4713
2024,9,REG,CIN,LV,1518.7321,1458.0136,42.2,0.6439,1,1525.8536,1450.8921
2024,9,REG,CLE,LAC,1481.1719,1482.1875,42.2,0.559,0,1469.992,1493.3674
2024,9,REG,NYG,WAS,1447.2173,1494.3403,42.2,0.4929,0,1437.359,1504.1986
2024,9,REG,TEN,NE,1434.2493,1432.0831,42.2,0.5635,1,1442.9792,1423.3532
2024,9,REG,ARI,CHI,1460.0194,1471.6997,42.2,0.5438,1,1469.1432,1462.5759
2024,9,REG,PHI,JAX,1564.5802,1461.0953,42.2,0.6982,1,1570.6167,1455.0588
2024,9,REG,GB,DET,1558.0293,1582.2656,42.2,0.5258,0,1547.5127,1592.7822
2024,9,REG,SEA,LA,1509.2202,1509.845,42.2,0.5595,0,1498.0292,1521.036
2024,9,REG,MIN,IND,1529.2884,1491.1126,42.2,0.6136,1,1537.0154,1483.3856
2024,9,REG,KC,TB,1653.3761,1509.1721,42.2,0.7452,1,1658.4727,1504.0755
2024,10,REG,BAL,CIN,1580.0084,1525.8536,42.2,0.6352,1,1587.3041,1518.5579
2024,10,REG,CAR,NYG,1389.1281,1437.359,42.2,0.4913,1,1399.3017,1427.1854
2024,10,REG,CHI,NE,1462.5759,1423.3532,42.2,0.6151,0,1450.2743,1435.6548
2024,10,REG,IND,BUF,1483.3856,1596.2284,42.2,0.3997,0,1475.3913,1604.2227
2024,10,REG,JAX,MIN,1455.0588,1537.0154,42.2,0.443,0,1446.1981,1545.8761
2024,10,REG,KC,DEN,1658.4727,1493.7265,42.2,0.767,1,1663.1333,1489.0659
2024,10,REG,NO,ATL,1456.4713,1504.2272,42.2,0.492,1,1466.6312,1494.0673
2024,10,REG,TB,SF,1504.0755,1562.6899,42.2,0.4764,0,1494.5476,1572.2178
2024,10,REG,WAS,PIT,1504.1986,1552.5775,42.2,0.4911,0,1494.3764,1562.3997
2024,10,REG,LAC,TEN,1493.3674,1442.9792,42.2,0.6302,1,1500.7638,1435.5828
2024,10,REG,ARI,NYJ,1469.1432,1450.5061,42.2,0.5867,1,1477.4098,1442.2395
2024,10,REG,DAL,PHI,1529.1525,1570.6167,42.2,0.5011,0,1519.1313,1580.6379
2024,10,REG,HOU,DET,1515.3562,1592.7822,42.2,0.4495,0,1506.3666,1601.7718
2024,10,REG,LA,MIA,1521.036,1482.2215,42.2,0.6145,0,1508.7456,1494.5119
2024,11,REG,PHI,WAS,1580.6379,1494.3764,42.2,0.6769,1,1587.1002,1487.9141
2024,11,REG,CHI,GB,1450.2743,1547.5127,42.2,0.4214,0,1441.8453,1555.9417
2024,11,REG,DET,JAX,1601.7718,1446.1981,42.2,0.7574,1,1606.6238,1441.3461
2024,11,REG,MIA,LV,1494.5119,1450.8921,42.2,0.6211,1,1502.0908,1443.3132
2024,11,REG,NE,LA,1435.6548,1508.7456,42.2,0.4557,0,1426.5416,1517.8588
2024,11,REG,NO,CLE,1466.6312,1469.992,42.2,0.5557,1,1475.518,1461.1052
2024,11,REG,NYJ,IND,1442.2395,1475.3913,42.2,0.513,0,1431.9791,1485.6517
2024,11,REG,PIT,BAL,1562.3997,1587.3041,42.2,0.5249,1,1571.9023,1577.8015
2024,11,REG,TEN,MIN,1435.5828,1545.8761,42.2,0.4032,0,1427.518,1553.9409
2024,11,REG,DEN,ATL,1489.0659,1494.0673,42.2,0.5533,1,1497.9993,1485.1339
2024,11,REG,SF,SEA,1572.2178,1498.0292,42.2,0.6615,0,1558.9878,1511.2592
2024,11,REG,BUF,KC,1604.2227,1663.1333,42.2,0.476,1,1614.7033,1652.6527
2024,11,REG,LAC,CIN,1500.7638,1518.5579,42.2,0.5351,1,1510.0625,1509.2592
2024,11,REG,DAL,HOU,1519.1313,1506.3666,42.2,0.5784,0,1507.5624,1517.9355
2024,12,REG,CLE,PIT,1461.1052,1571.9023,42.2,0.4025,1,1473.0543,1559.9532
2024,12,REG,CAR,KC,1399.3017,1652.6527,42.2,0.2287,0,1394.7271,1657.2273
2024,12,REG,CHI,MIN,1441.8453,1553.9409,42.2,0.4007,0,1433.8303,1561.9559
2024,12,REG,HOU,TEN,1517.9355,1427.518,42.2,0.6821,0,1504.2936,1441.1599
2024,12,REG,IND,DET,1485.6517,1606.6238,42.2,0.3885,0,1477.8809,1614.3946
2024,12,REG,MIA,NE,1502.0908,1426.5416,42.2,0.6633,1,1508.8258,1419.8066
2024,12,REG,NYG,TB,1427.1854,1494.5476,42.2,0.4639,0,1417.9084,1503.8246
2024,12,REG,WAS,DAL,1487.9141,1507.5624,42.2,0.5324,0,1477.2659,1518.2106
2024,12,REG,LV,DEN,1443.3132,1497.9993,42.2,0.482,0,1433.6724,1507.6401
2024,12,REG,GB,SF,1555.9417,1558.9878,42.2,0.5561,1,1564.8195,1550.11
2024,12,REG,SEA,ARI,1511.2592,1477.4098,42.2,0.6077,1,1519.1046,1469.5644
2024,12,REG,LA,PHI,1517.8588,1587.1002,42.2,0.4612,0,1508.6355,1596.3235
2024,12,REG,LAC,BAL,1510.0625,1577.8015,42.2,0.4633,0,1500.7963,1587.0677
2024,13,REG,DET,CHI,1614.3946,1433.8303,42.2,0.7828,1,1618.7377,1429.4872
2024,13,REG,DAL,NYG,1518.2106,1417.9084,42.2,0.6943,1,1524.3246,1411.7944
2024,13,REG,GB,MIA,1564.8195,1508.8258,42.2,0.6377,1,1572.0662,1501.5791
2024,13,REG,KC,LV,1657.2273,1433.6724,42.2,0.822,1,1660.7877,1430.112
2024,13,REG,ATL,LAC,1485.1339,1500.7963,42.2,0.5381,0,1474.3716,1511.5586
2024,13,REG,CIN,PIT,1509.2592,1559.9532,42.2,0.4878,0,1499.5036,1569.7088
2024,13,REG,JAX,HOU,1441.3461,1504.2936,42.2,0.4702,0,1431.9426,1513.6971
2024,13,REG,MIN,ARI,1561.9559,1469.5644,42.2,0.6846,1,1568.2649,1463.2554
2024,13,REG,NE,IND,1419.8066,1477.8809,42.2,0.4772,0,1410.2632,1487.4243
2024,13,REG,NYJ,SEA,1431.9791,1519.1046,42.2,0.4357,0,1423.265,1527.8187
2024,13,REG,WAS,TEN,1477.2659,1441.1599,42.2,0.6108,1,1485.0495,1433.3763
2024,13,REG,CAR,TB,1394.7271,1503.8246,42.2,0.4049,0,1386.6291,1511.9226
2024,13,REG,NO,LA,1475.518,1508.6355,42.2,0.5131,0,1465.2566,1518.8969
2024,13,REG,BAL,PHI,1587.0677,1596.3235,42.2,0.5473,0,1576.1223,1607.2689
2024,13,REG,BUF,SF,1614.7033,1550.11,42.2,0.649,1,1621.7228,1543.0905
2024,13,REG,DEN,CLE,1507.6401,1473.0543,42.2,0.6087,1,1515.4653,1465.2291
2024,14,REG,DET,GB,1618.7377,1572.0662,42.2,0.6252,1,1626.2341,1564.5698
2024,14,REG,MIA,NYJ,1501.5791,1423.265,42.2,0.6668,1,1508.2432,1416.6009
2024,14,REG,MIN,ATL,1568.2649,1474.3716,42.2,0.6864,1,1574.5366,1468.0999
2024,14,REG,NYG,NO,1411.7944,1465.2566,42.2,0.4838,0,1402.1184,1474.9326
2024,14,REG,PHI,CAR,1607.2689,1386.6291,42.2,0.8195,1,1610.8787,1383.0193
2024,14,REG,PIT,CLE,1569.7088,1465.2291,42.2,0.6994,1,1575.7212,1459.2167
2024,14,REG,TB,LV,1511.9226,1430.112,42.2,0.6713,1,1518.4975,1423.5371
2024,14,REG,TEN,JAX,1433.3763,1431.9426,42.2,0.5625,0,1422.127,1443.1919
2024,14,REG,ARI,SEA,1463.2554,1527.8187,42.2,0.4679,0,1453.8982,1537.1759
2024,14,REG,LA,BUF,1518.8969,1621.7228,42.2,0.4136,1,1530.6244,1609.9953
2024,14,REG,SF,CHI,1543.0905,1429.4872,42.2,0.7103,1,1548.8844,1423.6933
2024,14,REG,KC,LAC,1660.7877,1511.5586,42.2,0.7506,1,1665.7752,1506.5711
2024,14,REG,DAL,CIN,1524.3246,1499.5036,42.2,0.5953,0,1512.4192,1511.409
2024,15,REG,SF,LA,1548.8844,1530.6244,42.2,0.5861,0,1537.1616,1542.3472
2024,15,REG,CAR,DAL,1383.0193,1512.4192,42.2,0.3771,0,1375.4777,1519.9608
2024,15,REG,CLE,KC,1459.2167,1665.7752,42.2,0.2797,0,1453.6234,1671.3685
2024,15,REG,HOU,MIA,1513.6971,1508.2432,42.2,0.5682,1,1522.334,1499.6063
2024,15,REG,JAX,NYJ,1443.1919,1416.6009,42.2,0.5977,0,1431.2374,1428.5554
2024,15,REG,NO,WAS,1474.9326,1485.0495,42.2,0.546,0,1464.0118,1495.9703
2024,15,REG,NYG,BAL,1402.1184,1576.1223,42.2,0.3189,0,1395.7399,1582.5008
2024,15,REG,TEN,CIN,1422.127,1511.409,42.2,0.4327,0,1413.4739,1520.0621
2024,15,REG,ARI,NE,1453.8982,1410.2632,42.2,0.6211,1,1461.4767,1402.6847
2024,15,REG,DEN,IND,1515.4653,1487.4243,42.2,0.5997,1,1523.4707,1479.4189
2024,15,REG,DET,BUF,1626.2341,1609.9953,42.2,0.5833,0,1614.5678,1621.6616
2024,15,REG,LAC,TB,1506.5711,1518.4975,42.2,0.5435,0,1495.702,1529.3666
2024,15,REG,PHI,PIT,1610.8787,1575.7212,42.2,0.6095,1,1618.6882,1567.9117
2024,15,REG,SEA,GB,1537.1759,1564.5698,42.2,0.5213,0,1526.75,1574.9957
2024,15,REG,MIN,CHI,1574.5366,1423.6933,42.2,0.7524,1,1579.4894,1418.7405
2024,15,REG,LV,ATL,1423.5371,1468.0999,42.2,0.4966,0,1413.6051,1478.0319
2024,16,REG,LAC,DEN,1495.702,1523.4707,42.2,0.5208,1,1505.2869,1513.8858
2024,16,REG,KC,HOU,1671.3685,1522.334,42.2,0.7504,1,1676.3602,1517.3423
2024,16,REG,BAL,PIT,1582.5008,1567.9117,42.2,0.581,1,1590.8807,1559.5318
2024,16,REG,ATL,NYG,1478.0319,1395.7399,42.2,0.6719,1,1484.5946,1389.1772
2024,16,REG,CAR,ARI,1375.4777,1461.4767,42.2,0.4373,1,1386.7317,1450.2227
2024,16,REG,CHI,DET,1418.7405,1614.5678,42.2,0.2923,0,1412.895,1620.4133
2024,16,REG,CIN,CLE,1520.0621,1453.6234,42.2,0.6514,1,1527.0333,1446.6522
2024,16,REG,IND,TEN,1479.4189,1413.4739,42.2,0.6508,1,1486.403,1406.4898
2024,16,REG,NYJ,LA,1428.5554,1542.3472,42.2,0.3984,0,1420.5873,1550.3153
2024,16,REG,WAS,PHI,1495.9703,1618.6882,42.2,0.3862,1,1508.2472,1606.4113
2024,16,REG,SEA,MIN,1526.75,1579.4894,42.2,0.4848,0,1517.0533,1589.1861
2024,16,REG,BUF,NE,1621.6616,1402.6847,42.2,0.8181,1,1625.2998,1399.0465
2024,16,REG,LV,JAX,1413.6051,1431.2374,42.2,0.5353,1,1422.8992,1421.9433
2024,16,REG,MIA,SF,1499.6063,1537.1616,42.2,0.5067,1,1509.4726,1527.2953
2024,16,REG,DAL,TB,1519.9608,1529.3666,42.2,0.5471,1,1529.0197,1520.3077
2024,16,REG,GB,NO,1574.9957,1464.0118,42.2,0.7072,1,1580.8518,1458.1557
2024,17,REG,PIT,KC,1559.5318,1676.3602,42.2,0.3942,0,1551.6473,1684.2447
2024,17,REG,HOU,BAL,1517.3423,1590.8807,42.2,0.455,0,1508.2419,1599.9811
2024,17,REG,CHI,SEA,1412.895,1517.0533,42.2,0.4118,0,1404.6596,1525.2887
2024,17,REG,NE,LAC,1399.0465,1505.2869,42.2,0.4089,0,1390.8691,1513.4643
2024,17,REG,CIN,DEN,1527.0333,1513.8858,42.2,0.579,1,1535.4536,1505.4655
2024,17,REG,LA,ARI,1550.3153,1450.2227,42.2,0.694,1,1556.4344,1444.1036
2024,17,REG,BUF,NYJ,1625.2998,1420.5873,42.2,0.8055,1,1629.1888,1416.6983
2024,17,REG,JAX,TEN,1421.9433,1406.4898,42.2,0.5822,1,1430.299,1398.1341
2024,17,REG,NO,LV,1458.1557,1422.8992,42.2,0.6097,0,1445.9625,1435.0924
2024,17,REG,NYG,IND,1389.1772,1486.403,42.2,0.4215,1,1400.7479,1474.8323
2024,17,REG,PHI,DAL,1606.4113,1529.0197,42.2,0.6656,1,1613.099,1522.332
2024,17,REG,TB,CAR,1520.3077,1386.7317,42.2,0.7334,1,1525.6401,1381.3993
2024,17,REG,CLE,MIA,1446.6522,1509.4726,42.2,0.4704,0,1437.245,1518.8798
2024,17,REG,MIN,GB,1589.1861,1580.8518,42.2,0.5722,1,1597.7418,1572.2961
2024,17,REG,WAS,ATL,1508.2472,1484.5946,42.2,0.5937,1,1516.3742,1476.4676
2024,17,REG,SF,DET,1527.2953,1620.4133,42.2,0.4272,0,1518.7504,1628.9582
2024,18,REG,BAL,CLE,1599.9811,1437.245,42.2,0.7649,1,1604.6832,1432.5429
2024,18,REG,PIT,CIN,1551.6473,1535.4536,42.2,0.5833,0,1539.9822,1547.1187
2024,18,REG,ATL,CAR,1476.4676,1381.3993,42.2,0.6879,0,1462.7102,1395.1567
2024,18,REG,DAL,WAS,1522.332,1516.3742,42.2,0.5689,0,1510.9547,1527.7515
2024,18,REG,GB,CHI,1572.2961,1404.6596,42.2,0.7699,0,1556.8975,1420.0582
2024,18,REG,IND,JAX,1474.8323,1430.299,42.2,0.6223,1,1482.3865,1422.7448
2024,18,REG,NE,BUF,1390.8691,1629.1888,42.2,0.2444,1,1405.982,1614.0759
2024,18,REG,PHI,NYG,1613.099,1400.7479,42.2,0.8123,1,1616.8521,1396.9948
2024,18,REG,TB,NO,1525.6401,1445.9625,42.2,0.6685,1,1532.2693,1439.3333
2024,18,REG,TEN,HOU,1398.1341,1508.2419,42.2,0.4035,0,1390.0641,1516.3119
2024,18,REG,ARI,SF,1444.1036,1518.7504,42.2,0.4534,1,1455.0348,1507.8192
2024,18,REG,DEN,KC,1505.4655,1684.2447,42.2,0.313,1,1519.2059,1670.5043
2024,18,REG,LA,SEA,1556.4344,1525.2887,42.2,0.604,0,1544.3542,1537.3689
2024,18,REG,LV,LAC,1435.0924,1513.4643,42.2,0.4481,0,1426.1298,1522.4269
2024,18,REG,NYJ,MIA,1416.6983,1518.8798,42.2,0.4145,1,1428.4078,1507.1703
2024,18,REG,DET,MIN,1628.9582,1597.7418,42.2,0.6041,1,1636.876,1589.824
2024,19,WC,HOU,LAC,1516.3119,1522.4269,42.2,0.5517,1,1527.07,1511.6688
2024,19,WC,BAL,PIT,1604.6832,1539.9822,42.2,0.6492,1,1613.1032,1531.5622
2024,19,WC,BUF,DEN,1614.0759,1519.2059,42.2,0.6876,1,1621.5729,1511.7089
2024,19,WC,PHI,GB,1616.8521,1556.8975,42.2,0.6429,1,1625.4221,1548.3275
2024,19,WC,TB,WAS,1532.2693,1527.7515,42.2,0.5668,0,1518.6654,1541.3554
2024,19,WC,LA,MIN,1544.3542,1589.824,42.2,0.4953,1,1556.4671,1577.7111
2024,20,DIV,KC,HOU,1670.5043,1527.07,42.2,0.7443,1,1676.6404,1520.9339
2024,20,DIV,DET,WAS,1636.876,1541.3554,42.2,0.6884,0,1620.3537,1557.8777
2024,20,DIV,PHI,LA,1625.4221,1556.4671,42.2,0.6547,1,1633.7088,1548.1804
2024,20,DIV,BUF,BAL,1621.5729,1613.1032,42.2,0.5724,1,1631.8351,1602.841
2024,21,CON,PHI,WAS,1633.7088,1557.8777,42.2,0.6636,1,1641.7821,1549.8044
2024,21,CON,KC,BUF,1676.6404,1631.8351,42.2,0.6227,1,1685.6966,1622.7789
2024,22,SB,PHI,KC,1641.7821,1685.6966,0.0,0.4371,1,1655.2908,1672.1879
2025,1,REG,PHI,DAL,1605.6948,1508.9896,42.2,0.6899,1,1611.897,1502.7874
2025,1,REG,LAC,KC,1509.4681,1617.0159,42.2,0.4071,1,1521.3271,1605.1569
2025,1,REG,ATL,TB,1476.6658,1514.1558,42.2,0.5068,0,1466.5302,1524.2914
2025,1,REG,CLE,CIN,1456.4537,1533.2195,42.2,0.4504,0,1447.4453,1542.2279
2025,1,REG,IND,MIA,1489.849,1506.4541,42.2,0.5368,1,1499.1136,1497.1895
2025,1,REG,JAX,CAR,1449.889,1431.405,42.2,0.5865,1,1458.1599,1423.1341
2025,1,REG,NE,LV,1438.6579,1452.157,42.2,0.5412,0,1427.8337,1462.9812
2025,1,REG,NO,ARI,1461.0033,1471.5233,42.2,0.5455,0,1450.094,1482.4326
2025,1,REG,NYJ,PIT,1453.6832,1522.7967,42.2,0.4613,0,1444.4563,1532.0236
2025,1,REG,WAS,NYG,1535.0189,1432.6365,42.2,0.6968,1,1541.0822,1426.5732
2025,1,REG,DEN,TEN,1509.495,1427.9929,42.2,0.6709,1,1516.0778,1421.4101
2025,1,REG,SEA,SF,1526.6872,1506.8889,42.2,0.5883,0,1514.9214,1518.6547
2025,1,REG,GB,DET,1534.0294,1582.287,42.2,0.4913,1,1544.2037,1572.1127
2025,1,REG,LA,HOU,1533.9309,1515.6757,42.2,0.5861,1,1542.2082,1507.3984
2025,1,REG,BUF,BAL,1583.9119,1570.5535,42.2,0.5793,1,1592.3263,1562.1391
2025,1,REG,CHI,MIN,1448.089,1553.7164,42.2,0.4097,0,1439.8946,1561.9108
2025,2,REG,GB,WAS,1544.2037,1541.0822,42.2,0.5649,1,1552.9066,1532.3793
2025,2,REG,BAL,CLE,1562.1391,1447.4453,42.2,0.7116,1,1567.9072,1441.6772
2025,2,REG,CIN,JAX,1542.2279,1458.1599,42.2,0.6741,1,1548.7456,1451.6422
2025,2,REG,DAL,NYG,1502.7874,1426.5732,42.2,0.6641,1,1509.5053,1419.8553
2025,2,REG,DET,CHI,1572.1127,1439.8946,42.2,0.7319,1,1577.4757,1434.5316
2025,2,REG,MIA,NE,1497.1895,1427.8337,42.2,0.6552,0,1484.0846,1440.9386
2025,2,REG,NO,SF,1450.094,1518.6547,42.2,0.4621,0,1440.8513,1527.8974
2025,2,REG,NYJ,BUF,1444.4563,1592.3263,42.2,0.3525,0,1437.4073,1599.3753
2025,2,REG,PIT,SEA,1532.0236,1514.9214,42.2,0.5845,0,1520.3331,1526.6119
2025,2,REG,TEN,LA,1421.4101,1542.2082,42.2,0.3888,0,1413.6345,1549.9838
2025,2,REG,ARI,CAR,1482.4326,1423.1341,42.2,0.642,1,1489.5916,1415.9751
2025,2,REG,IND,DEN,1499.1136,1516.0778,42.2,0.5363,1,1508.3885,1506.8029
2025,2,REG,KC,PHI,1605.1569,1611.897,42.2,0.5509,0,1594.1398,1622.9141
2025,2,REG,MIN,ATL,1561.9108,1466.5302,42.2,0.6883,0,1548.1457,1480.2953
2025,2,REG,HOU,TB,1507.3984,1524.2914,42.2,0.5364,0,1496.6713,1535.0185
2025,2,REG,LV,LAC,1462.9812,1521.3271,42.2,0.4768,0,1453.4456,1530.8627
2025,3,REG,BUF,MIA,1599.3753,1484.0846,42.2,0.7123,1,1605.1293,1478.3306
2025,3,REG,CAR,ATL,1415.9751,1480.2953,42.2,0.4682,1,1426.6109,1469.6595
2025,3,REG,CLE,GB,1441.6772,1552.9066,42.2,0.4019,1,1453.6383,1540.9455
2025,3,REG,JAX,HOU,1451.6422,1496.6713,42.2,0.4959,1,1461.7236,1486.5899
2025,3,REG,MIN,CIN,1548.1457,1548.7456,42.2,0.5596,1,1556.954,1539.9373
2025,3,REG,NE,PIT,1440.9386,1520.3331,42.2,0.4467,0,1432.0051,1529.2666
2025,3,REG,PHI,LA,1622.9141,1549.9838,42.2,0.6599,1,1629.7166,1543.1813
2025,3,REG,TB,NYJ,1535.0185,1437.4073,42.2,0.691,1,1541.1984,1431.2274
2025,3,REG,TEN,IND,1413.6345,1508.3885,42.2,0.4249,0,1405.1357,1516.8873
2025,3,REG,WAS,LV,1532.3793,1453.4456,42.2,0.6676,1,1539.0275,1446.7974
2025,3,REG,LAC,DEN,1530.8627,1506.8029,42.2,0.5942,1,1538.9784,1498.6872
2025,3,REG,SEA,NO,1526.6119,1440.8513,42.2,0.6763,1,1533.0869,1434.3763
2025,3,REG,CHI,DAL,1434.5316,1509.5053,42.2,0.453,1,1445.4721,1498.5648
2025,3,REG,SF,ARI,1527.8974,1489.5916,42.2,0.6138,1,1535.6209,1481.8681
2025,3,REG,NYG,KC,1419.8553,1594.1398,42.2,0.3186,0,1413.4838,1600.5113
2025,3,REG,BAL,DET,1567.9072,1577.4757,42.2,0.5468,0,1556.9707,1588.4122
2025,4,REG,ARI,SEA,1481.8681,1533.0869,42.2,0.487,0,1472.1276,1542.8274
2025,4,REG,PIT,MIN,1529.2666,1556.954,42.2,0.5209,1,1538.8491,1547.3715
2025,4,REG,ATL,WAS,1469.6595,1539.0275,42.2,0.461,1,1480.4399,1528.2471
2025,4,REG,BUF,NO,1605.1293,1434.3763,42.2,0.7731,1,1609.6675,1429.8381
2025,4,REG,DET,CLE,1588.4122,1453.6383,42.2,0.7347,1,1593.7176,1448.3329
2025,4,REG,HOU,TEN,1486.5899,1405.1357,42.2,0.6708,1,1493.1739,1398.5517
2025,4,REG,NE,CAR,1432.0051,1426.6109,42.2,0.5681,1,1440.6437,1417.9723
2025,4,REG,NYG,LAC,1413.4838,1538.9784,42.2,0.3824,1,1425.8363,1526.6259
2025,4,REG,TB,PHI,1541.1984,1629.7166,42.2,0.4337,0,1532.5237,1638.3913
2025,4,REG,LA,IND,1543.1813,1516.8873,42.2,0.5973,1,1551.235,1508.8336
2025,4,REG,SF,JAX,1535.6209,1461.7236,42.2,0.6611,0,1522.3984,1474.9461
2025,4,REG,KC,BAL,1600.5113,1556.9707,42.2,0.6209,1,1608.0924,1549.3896
2025,4,REG,LV,CHI,1446.7974,1445.4721,42.2,0.5623,0,1435.5512,1456.7183
2025,4,REG,DAL,GB,1498.5648,1540.9455,42.2,0.4997,0,1488.57,1550.9403
2025,4,REG,MIA,NYJ,1478.3306,1431.2274,42.2,0.6258,1,1485.8154,1423.7426
2025,4,REG,DEN,CIN,1498.6872,1539.9373,42.2,0.5014,1,1508.6599,1529.9646
2025,5,REG,LA,SF,1551.235,1522.3984,42.2,0.6008,0,1539.2184,1534.415
2025,5,REG,CLE,MIN,1448.3329,1547.3715,42.2,0.4189,0,1439.9544,1555.75
2025,5,REG,BAL,HOU,1549.3896,1493.1739,42.2,0.638,0,1536.6304,1505.9331
2025,5,REG,CAR,MIA,1417.9723,1485.8154,42.2,0.4632,1,1428.709,1475.0787
2025,5,REG,IND,LV,1508.8336,1435.5512,42.2,0.6603,1,1515.627,1428.7578
2025,5,REG,NO,NYG,1429.8381,1425.8363,42.2,0.5661,1,1438.5161,1417.1583
2025,5,REG,NYJ,DAL,1423.7426,1488.57,42.2,0.4675,0,1414.3929,1497.9197
2025,5,REG,PHI,DEN,1638.3913,1508.6599,42.2,0.729,0,1623.8107,1523.2405
2025,5,REG,ARI,TEN,1472.1276,1398.5517,42.2,0.6607,0,1458.9134,1411.7659
2025,5,REG,SEA,TB,1542.8274,1532.5237,42.2,0.575,0,1531.3276,1544.0235
2025,5,REG,CIN,DET,1529.9646,1593.7176,42.2,0.469,0,1520.5842,1603.098
2025,5,REG,LAC,WAS,1526.6259,1528.2471,42.2,0.5581,0,1515.4632,1539.4098
2025,5,REG,BUF,NE,1609.6675,1440.6437,42.2,0.7713,0,1594.2407,1456.0705
2025,5,REG,JAX,KC,1474.9461,1608.0924,42.2,0.372,1,1487.5056,1595.5329
2025,6,REG,NYG,PHI,1417.1583,1623.8107,42.2,0.2796,1,1431.5672,1609.4018
2025,6,REG,NYJ,DEN,1414.3929,1523.2405,42.2,0.4052,0,1406.288,1531.3454
2025,6,REG,BAL,LA,1536.6304,1539.2184,42.2,0.5568,0,1525.4952,1550.3536
2025,6,REG,CAR,DAL,1428.709,1497.9197,42.2,0.4612,1,1439.4849,1487.1438
2025,6,REG,IND,ARI,1515.627,1458.9134,42.2,0.6386,1,1522.8545,1451.6859
2025,6,REG,JAX,SEA,1487.5056,1531.3276,42.2,0.4977,0,1477.5523,1541.2809
2025,6,REG,MIA,LAC,1475.0787,1515.4632,42.2,0.5026,0,1465.0264,1525.5155
2025,6,REG,NO,NE,1438.5161,1456.0705,42.2,0.5354,0,1427.8079,1466.7787
2025,6,REG,PIT,CLE,1538.8491,1439.9544,42.2,0.6926,1,1544.9975,1433.806
2025,6,REG,LV,TEN,1428.7578,1411.7659,42.2,0.5844,1,1437.0704,1403.4533
2025,6,REG,GB,CIN,1550.9403,1520.5842,42.2,0.6029,1,1558.8818,1512.6427
2025,6,REG,TB,SF,1544.0235,1534.415,42.2,0.574,1,1552.5433,1525.8952
2025,6,REG,KC,DET,1595.5329,1603.098,42.2,0.5497,1,1604.5393,1594.0916
2025,6,REG,ATL,BUF,1480.4399,1594.2407,42.2,0.3984,1,1492.472,1582.2086
2025,6,REG,WAS,CHI,1539.4098,1456.7183,42.2,0.6724,0,1525.9624,1470.1657
2025,7,REG,CIN,PIT,1512.6427,1544.9975,42.2,0.5142,1,1522.3594,1535.2808
2025,7,REG,JAX,LA,1477.5523,1550.3536,42.2,0.4561,0,1468.4308,1559.4751
2025,7,REG,CHI,NO,1470.1657,1427.8079,42.2,0.6193,1,1477.7789,1420.1947
2025,7,REG,CLE,MIA,1433.806,1465.0264,42.2,0.5158,1,1443.4901,1455.3423
2025,7,REG,KC,LV,1604.5393,1437.0704,42.2,0.7698,1,1609.1441,1432.4656
2025,7,REG,MIN,PHI,1555.75,1609.4018,42.2,0.4835,0,1546.0795,1619.0723
2025,7,REG,NYJ,CAR,1406.288,1439.4849,42.2,0.513,0,1396.0289,1449.744
2025,7,REG,TEN,NE,1403.4533,1466.7787,42.2,0.4696,0,1394.0606,1476.1714
2025,7,REG,DEN,NYG,1531.3454,1431.5672,42.2,0.6937,1,1537.4722,1425.4404
2025,7,REG,LAC,IND,1525.5155,1522.8545,42.2,0.5642,0,1514.2314,1534.1386
2025,7,REG,ARI,GB,1451.6859,1558.8818,42.2,0.4075,0,1443.5351,1567.0326
2025,7,REG,DAL,WAS,1487.1438,1525.9624,42.2,0.5049,1,1497.0465,1516.0597
2025,7,REG,SF,ATL,1525.8952,1492.472,42.2,0.6071,1,1533.7523,1484.6149
2025,7,REG,DET,TB,1594.0916,1552.5433,42.2,0.6182,1,1601.7268,1544.9081
2025,7,REG,SEA,HOU,1541.2809,1505.9331,42.2,0.6098,1,1549.0852,1498.1288
2025,8,REG,LAC,MIN,1514.2314,1546.0795,42.2,0.5149,1,1523.9335,1536.3774
2025,8,REG,ATL,MIA,1484.6149,1455.3423,42.2,0.6014,0,1472.5863,1467.3709
2025,8,REG,BAL,CHI,1525.4952,1477.7789,42.2,0.6266,1,1532.9635,1470.3106
2025,8,REG,CAR,BUF,1449.744,1582.2086,42.2,0.3729,0,1442.2851,1589.6675
2025,8,REG,CIN,NYJ,1522.3594,1396.0289,42.2,0.7251,0,1507.8565,1410.5318
2025,8,REG,HOU,SF,1498.1288,1533.7523,42.2,0.5095,1,1507.9395,1523.9416
2025,8,REG,NE,CLE,1476.1714,1443.4901,42.2,0.6061,1,1484.0489,1435.6126
2025,8,REG,PHI,NYG,1619.0723,1425.4404,42.2,0.7954,1,1623.1651,1421.3476
2025,8,REG,NO,TB,1420.1947,1544.9081,42.2,0.3834,0,1412.526,1552.5768
2025,8,REG,DEN,DAL,1537.4722,1497.0465,42.2,0.6167,1,1545.1379,1489.3808
2025,8,REG,IND,TEN,1534.1386,1394.0606,42.2,0.7406,1,1539.3259,1388.8733
2025,8,REG,PIT,GB,1535.2808,1567.0326,42.2,0.515,0,1524.9802,1577.3332
2025,8,REG,KC,WAS,1609.1441,1516.0597,42.2,0.6854,1,1615.4358,1509.768
2025,9,REG,MIA,BAL,1467.3709,1532.9635,42.2,0.4664,0,1458.0432,1542.2912
2025,9,REG,CIN,CHI,1507.8565,1470.3106,42.2,0.6128,0,1495.6007,1482.5664
2025,9,REG,DET,MIN,1601.7268,1536.3774,42.2,0.65,0,1588.7265,1549.3777
2025,9,REG,GB,CAR,1577.3332,1442.2851,42.2,0.735,0,1562.6325,1456.9858
2025,9,REG,HOU,DEN,1507.9395,1545.1379,42.2,0.5072,0,1497.7956,1555.2818
2025,9,REG,NE,ATL,1484.0489,1472.5863,42.2,0.5766,1,1492.5165,1464.1187
2025,9,REG,NYG,SF,1421.3476,1523.9416,42.2,0.414,0,1413.0686,1532.2206
2025,9,REG,PIT,IND,1524.9802,1539.3259,42.2,0.54,1,1534.1802,1530.1259
2025,9,REG,TEN,LAC,1388.8733,1523.9335,42.2,0.3695,0,1381.4842,1531.3226
2025,9,REG,LA,NO,1559.4751,1412.526,42.2,0.7482,1,1564.5119,1407.4892
2025,9,REG,LV,JAX,1432.4656,1468.4308,42.2,0.509,0,1422.2862,1478.6102
2025,9,REG,BUF,KC,1589.6675,1615.4358,42.2,0.5236,1,1599.1949,1605.9084
2025,9,REG,WAS,SEA,1509.768,1549.0852,42.2,0.5041,0,1499.685,1559.1682
2025,9,REG,DAL,ARI,1489.3808,1443.5351,42.2,0.6241,0,1476.8995,1456.0164
2025,10,REG,DEN,LV,1555.2818,1422.2862,42.2,0.7327,1,1560.6272,1416.9408
2025,10,REG,IND,ATL,1530.1259,1464.1187,42.2,0.6509,1,1537.1084,1457.1362
2025,10,REG,CAR,NO,1456.9858,1407.4892,42.2,0.629,0,1444.4062,1420.0688
2025,10,REG,CHI,NYG,1482.5664,1413.0686,42.2,0.6554,1,1489.4578,1406.1772
2025,10,REG,HOU,JAX,1497.7956,1478.6102,42.2,0.5874,1,1506.0469,1470.3589
2025,10,REG,MIA,BUF,1458.0432,1599.1949,42.2,0.3613,1,1470.8167,1586.4214
2025,10,REG,MIN,BAL,1549.3777,1542.2912,42.2,0.5705,0,1537.9686,1553.7003
2025,10,REG,NYJ,CLE,1410.5318,1435.6126,42.2,0.5246,1,1420.0395,1426.1049
2025,10,REG,TB,NE,1552.5768,1492.5165,42.2,0.6431,0,1539.7157,1505.3776
2025,10,REG,SEA,ARI,1559.1682,1456.0164,42.2,0.6978,1,1565.2128,1449.9718
2025,10,REG,SF,LA,1532.2206,1564.5119,42.2,0.5143,0,1521.9355,1574.797
2025,10,REG,WAS,DET,1499.685,1588.7265,42.2,0.433,0,1491.0251,1597.3864
2025,10,REG,LAC,PIT,1531.3226,1534.1802,42.2,0.5564,1,1540.195,1525.3078
2025,10,REG,GB,PHI,1562.6325,1623.1651,42.2,0.4736,0,1553.1597,1632.6379
2025,11,REG,NE,NYJ,1505.3776,1420.0395,42.2,0.6757,1,1511.8632,1413.5539
2025,11,REG,MIA,WAS,1470.8167,1491.0251,42.2,0.5316,1,1480.1846,1481.6572
2025,11,REG,ATL,CAR,1457.1362,1444.4062,42.2,0.5784,0,1445.5682,1455.9742
2025,11,REG,BUF,TB,1586.4214,1539.7157,42.2,0.6252,1,1593.9169,1532.2202
2025,11,REG,JAX,LAC,1470.3589,1540.195,42.2,0.4603,1,1481.1527,1529.4012
2025,11,REG,MIN,CHI,1537.9686,1489.4578,42.2,0.6277,0,1525.4155,1502.0109
2025,11,REG,NYG,GB,1406.1772,1553.1597,42.2,0.3536,0,1399.1049,1560.232
2025,11,REG,PIT,CIN,1525.3078,1495.6007,42.2,0.602,1,1533.2672,1487.6413
2025,11,REG,TEN,HOU,1381.4842,1506.0469,42.2,0.3836,0,1373.8114,1513.7197
2025,11,REG,ARI,SF,1449.9718,1521.9355,42.2,0.4573,0,1440.8264,1531.0809
2025,11,REG,LA,SEA,1574.797,1565.2128,42.2,0.574,1,1583.3175,1556.6923
2025,11,REG,CLE,BAL,1426.1049,1553.7003,42.2,0.3795,0,1418.5144,1561.2908
2025,11,REG,DEN,KC,1560.6272,1605.9084,42.2,0.4956,1,1570.7159,1595.8197
2025,11,REG,PHI,DET,1632.6379,1597.3864,42.2,0.6097,1,1640.4449,1589.5794
2025,11,REG,LV,DAL,1416.9408,1476.8995,42.2,0.4745,0,1407.4515,1486.3888
2025,12,REG,HOU,BUF,1513.7197,1593.9169,42.2,0.4455,1,1524.809,1582.8276
2025,12,REG,BAL,NYJ,1561.2908,1413.5539,42.2,0.749,1,1566.3105,1408.5342
2025,12,REG,CHI,PIT,1502.0109,1533.2672,42.2,0.5157,1,1511.696,1523.5821
2025,12,REG,CIN,NE,1487.6413,1511.8632,42.2,0.5258,0,1477.1243,1522.3802
2025,12,REG,DET,NYG,1589.5794,1399.1049,42.2,0.7924,1,1593.7316,1394.9527
2025,12,REG,GB,MIN,1560.232,1525.4155,42.2,0.6091,1,1568.0509,1517.5966
2025,12,REG,KC,IND,1595.8197,1537.1084,42.2,0.6413,1,1602.9942,1529.9339
2025,12,REG,TEN,SEA,1373.8114,1556.6923,42.2,0.3079,0,1367.6528,1562.8509
2025,12,REG,ARI,JAX,1440.8264,1481.1527,42.2,0.5027,0,1430.7725,1491.2066
2025,12,REG,LV,CLE,1407.4515,1418.5144,42.2,0.5447,0,1396.5577,1429.4082
2025,12,REG,DAL,PHI,1486.3888,1640.4449,42.2,0.3444,1,1499.5015,1627.3322
2025,12,REG,NO,ATL,1420.0688,1445.5682,42.2,0.524,0,1409.5885,1456.0485
2025,12,REG,LA,TB,1583.3175,1532.2202,42.2,0.6311,1,1590.6949,1524.8428
2025,12,REG,SF,CAR,1531.0809,1455.9742,42.2,0.6627,1,1537.8272,1449.2279
2025,13,REG,DET,GB,1593.7316,1568.0509,42.2,0.5965,0,1581.8023,1579.9802
2025,13,REG,DAL,KC,1499.5015,1602.9942,42.2,0.4127,1,1511.2476,1591.2481
2025,13,REG,BAL,CIN,1566.3105,1477.1243,42.2,0.6806,0,1552.6994,1490.7354
2025,13,REG,PHI,CHI,1627.3322,1511.696,42.2,0.7127,0,1613.078,1525.9502
2025,13,REG,CAR,LA,1449.2279,1590.6949,42.2,0.3609,1,1462.0097,1577.9131
2025,13,REG,CLE,SF,1429.4082,1537.8272,42.2,0.4058,0,1421.2914,1545.944
2025,13,REG,IND,HOU,1529.9339,1524.809,42.2,0.5677,0,1518.5801,1536.1628
2025,13,REG,MIA,NO,1480.1846,1409.5885,42.2,0.6569,1,1487.0475,1402.7256
2025,13,REG,NYJ,ATL,1408.5342,1456.0485,42.2,0.4924,1,1418.6871,1445.8956
2025,13,REG,TB,ARI,1524.8428,1430.7725,42.2,0.6866,1,1531.1101,1424.5052
2025,13,REG,TEN,JAX,1367.6528,1491.2066,42.2,0.385,0,1359.9525,1498.9069
2025,13,REG,SEA,MIN,1562.8509,1517.5966,42.2,0.6233,1,1570.3856,1510.0619
2025,13,REG,LAC,LV,1529.4012,1396.5577,42.2,0.7326,1,1534.7501,1391.2088
2025,13,REG,PIT,BUF,1523.5821,1582.8276,42.2,0.4755,0,1514.0723,1592.3374
2025,13,REG,WAS,DEN,1481.6572,1570.7159,42.2,0.433,0,1472.9978,1579.3753
2025,13,REG,NE,NYG,1522.3802,1394.9527,42.2,0.7264,1,1527.8521,1389.4808
2025,14,REG,DET,DAL,1581.8023,1511.2476,42.2,0.6568,1,1588.6663,1504.3836
2025,14,REG,ATL,SEA,1445.8956,1570.3856,42.2,0.3837,0,1438.2208,1578.0604
2025,14,REG,BAL,PIT,1552.6994,1514.0723,42.2,0.6143,0,1540.4141,1526.3576
2025,14,REG,BUF,CIN,1592.3374,1490.7354,42.2,0.6959,1,1598.4196,1484.6532
2025,14,REG,CLE,TEN,1421.2914,1359.9525,42.2,0.6447,0,1408.3965,1372.8474
2025,14,REG,JAX,IND,1498.9069,1518.5801,42.2,0.5324,1,1508.2594,1509.2276
2025,14,REG,MIN,WAS,1510.0619,1472.9978,42.2,0.6121,1,1517.8193,1465.2404
2025,14,REG,NYJ,MIA,1418.6871,1487.0475,42.2,0.4624,0,1409.4386,1496.296
2025,14,REG,TB,NO,1531.1101,1402.7256,42.2,0.7275,0,1516.5601,1417.2756
2025,14,REG,LV,DEN,1391.2088,1579.3753,42.2,0.3015,0,1385.1792,1585.4049
2025,14,REG,ARI,LA,1424.5052,1577.9131,42.2,0.3452,0,1417.601,1584.8173
2025,14,REG,GB,CHI,1579.9802,1525.9502,42.2,0.6351,1,1587.2792,1518.6512
2025,14,REG,KC,HOU,1591.2481,1536.1628,42.2,0.6365,0,1578.519,1548.8919
2025,14,REG,LAC,PHI,1534.7501,1613.078,42.2,0.4482,1,1545.7862,1602.0419
2025,15,REG,TB,ATL,1516.5601,1438.2208,42.2,0.6668,0,1503.2235,1451.5574
2025,15,REG,CHI,CLE,1518.6512,1408.3965,42.2,0.7063,1,1524.5247,1402.523
2025,15,REG,CIN,BAL,1484.6532,1540.4141,42.2,0.4805,0,1475.0433,1550.024
2025,15,REG,HOU,ARI,1548.8919,1417.601,42.2,0.7308,1,1554.2759,1412.217
2025,15,REG,JAX,NYJ,1508.2594,1409.4386,42.2,0.6925,1,1514.4096,1403.2884
2025,15,REG,KC,LAC,1578.519,1545.7862,42.2,0.6062,0,1566.3951,1557.9101
2025,15,REG,NE,BUF,1527.8521,1598.4196,42.2,0.4593,0,1518.6668,1607.6049
2025,15,REG,NYG,WAS,1389.4808,1465.2404,42.2,0.4519,0,1380.4437,1474.2775
2025,15,REG,PHI,LV,1602.0419,1385.1792,42.2,0.8163,1,1605.7165,1381.5046
2025,15,REG,DEN,GB,1585.4049,1587.2792,42.2,0.5578,1,1594.2494,1578.4347
2025,15,REG,LA,DET,1584.8173,1588.6663,42.2,0.555,1,1593.7179,1579.7657
2025,15,REG,NO,CAR,1417.2756,1462.0097,42.2,0.4964,1,1427.3485,1451.9368
2025,15,REG,SEA,IND,1578.0604,1509.2276,42.2,0.6546,1,1584.9691,1502.3189
2025,15,REG,SF,TEN,1545.944,1372.8474,42.2,0.7755,1,1550.435,1368.3564
2025,15,REG,DAL,MIN,1504.3836,1517.8193,42.2,0.5413,0,1493.5576,1528.6453
2025,15,REG,PIT,MIA,1526.3576,1496.296,42.2,0.6025,1,1534.3072,1488.3464
2025,16,REG,SEA,LA,1584.9691,1593.7179,42.2,0.548,1,1594.0093,1584.6777
2025,16,REG,WAS,PHI,1474.2775,1605.7165,42.2,0.3743,0,1466.791,1613.203
2025,16,REG,CHI,GB,1524.5247,1578.4347,42.2,0.4832,1,1534.8616,1568.0978
2025,16,REG,CAR,TB,1451.9368,1503.2235,42.2,0.4869,1,1462.1983,1492.962
2025,16,REG,CLE,BUF,1402.523,1607.6049,42.2,0.2814,0,1396.8954,1613.2325
2025,16,REG,DAL,LAC,1493.5576,1557.9101,42.2,0.4682,0,1484.1943,1567.2734
2025,16,REG,MIA,CIN,1488.3464,1475.0433,42.2,0.5792,0,1476.7623,1486.6274
2025,16,REG,NO,NYJ,1427.3485,1403.2884,42.2,0.5942,1,1435.4642,1395.1727
2025,16,REG,NYG,MIN,1380.4437,1528.6453,42.2,0.352,0,1373.4034,1535.6856
2025,16,REG,TEN,KC,1368.3564,1566.3951,42.2,0.2897,1,1382.5634,1552.1881
2025,16,REG,ARI,ATL,1412.217,1451.5574,42.2,0.5041,0,1402.1347,1461.6397
2025,16,REG,DEN,JAX,1594.2494,1514.4096,42.2,0.6687,0,1580.8745,1527.7845
2025,16,REG,DET,PIT,1579.7657,1534.3072,42.2,0.6235,0,1567.2949,1546.778
2025,16,REG,HOU,LV,1554.2759,1381.5046,42.2,0.7751,1,1558.7734,1377.0071
2025,16,REG,BAL,NE,1550.024,1518.6668,42.2,0.6043,0,1537.9379,1530.7529
2025,16,REG,IND,SF,1502.3189,1550.435,42.2,0.4915,0,1492.4892,1560.2647
2025,17,REG,WAS,DAL,1466.791,1484.1943,42.2,0.5356,0,1456.0785,1494.9068
2025,17,REG,MIN,DET,1535.6856,1567.2949,42.2,0.5152,1,1545.3809,1557.5996
2025,17,REG,KC,DEN,1552.1881,1580.8745,42.2,0.5194,0,1541.7993,1591.2633
2025,17,REG,LAC,HOU,1567.2734,1558.7734,42.2,0.5724,0,1555.8244,1570.2224
2025,17,REG,GB,BAL,1568.0978,1537.9379,42.2,0.6027,0,1556.0447,1549.991
2025,17,REG,CAR,SEA,1462.1983,1594.0093,42.2,0.3738,0,1454.7218,1601.4858
2025,17,REG,CIN,ARI,1486.6274,1402.1347,42.2,0.6747,1,1493.1344,1395.6277
2025,17,REG,CLE,PIT,1396.8954,1546.778,42.2,0.3498,1,1409.8992,1533.7742
2025,17,REG,IND,JAX,1492.4892,1527.7845,42.2,0.5099,0,1482.2905,1537.9832
2025,17,REG,MIA,TB,1476.7623,1492.962,42.2,0.5373,1,1486.0153,1483.709
2025,17,REG,NYJ,NE,1395.1727,1530.7529,42.2,0.3688,0,1387.7975,1538.1281
2025,17,REG,TEN,NO,1382.5634,1435.4642,42.2,0.4846,0,1372.8713,1445.1563
2025,17,REG,LV,NYG,1377.0071,1373.4034,42.2,0.5655,0,1365.6963,1384.7142
2025,17,REG,BUF,PHI,1613.2325,1613.203,42.2,0.5605,0,1602.023,1624.4125
2025,17,REG,SF,CHI,1560.2647,1534.8616,42.2,0.5961,1,1568.3431,1526.7832
2025,17,REG,ATL,LA,1461.6397,1584.6777,42.2,0.3857,1,1473.9253,1572.3921
2025,18,REG,TB,CAR,1483.709,1454.7218,42.2,0.601,1,1491.6883,1446.7425
2025,18,REG,SF,SEA,1568.3431,1601.4858,42.2,0.513,0,1558.0825,1611.7464
2025,18,REG,ATL,NO,1473.9253,1445.1563,42.2,0.6007,1,1481.9106,1437.171
2025,18,REG,CIN,CLE,1493.1344,1409.8992,42.2,0.6731,0,1479.6732,1423.3604
2025,18,REG,HOU,IND,1570.2224,1482.2905,42.2,0.679,1,1576.6428,1475.8701
2025,18,REG,JAX,TEN,1537.9832,1372.8713,42.2,0.7673,1,1542.6363,1368.2182
2025,18,REG,MIN,GB,1545.3809,1556.0447,42.2,0.5453,1,1554.4757,1546.9499
2025,18,REG,NYG,DAL,1384.7142,1494.9068,42.2,0.4034,1,1396.6466,1482.9744
2025,18,REG,BUF,NYJ,1602.023,1387.7975,42.2,0.814,1,1605.7433,1384.0772
2025,18,REG,CHI,DET,1526.7832,1557.5996,42.2,0.5164,0,1516.4557,1567.9271
2025,18,REG,DEN,LAC,1591.2633,1555.8244,42.2,0.6099,1,1599.0651,1548.0226
2025,18,REG,LA,ARI,1572.3921,1395.6277,42.2,0.7791,1,1576.81,1391.2098
2025,18,REG,LV,KC,1365.6963,1541.7993,42.2,0.3163,1,1379.3702,1528.1254
2025,18,REG,NE,MIA,1538.1281,1486.0153,42.2,0.6325,1,1545.4783,1478.6651
2025,18,REG,PHI,WAS,1624.4125,1456.0785,42.2,0.7706,0,1608.9997,1471.4913
2025,18,REG,PIT,BAL,1533.7742,1549.991,42.2,0.5373,1,1543.0277,1540.7375
2025,19,WC,CAR,LA,1446.7425,1576.81,42.2,0.3762,0,1437.7142,1585.8383
2025,19,WC,CHI,GB,1516.4557,1546.9499,42.2,0.5168,1,1528.0515,1535.3541
2025,19,WC,JAX,BUF,1542.6363,1605.7433,42.2,0.4699,0,1531.3575,1617.0221
2025,19,WC,PHI,SF,1608.9997,1558.0825,42.2,0.6309,0,1593.8584,1573.2238
2025,19,WC,NE,LAC,1545.4783,1548.0226,42.2,0.5568,1,1556.1146,1537.3863
2025,19,WC,PIT,HOU,1543.0277,1576.6428,42.2,0.5124,0,1530.7312,1588.9393
2025,20,DIV,DEN,BUF,1599.0651,1617.0221,42.2,0.5348,1,1610.2291,1605.8581
2025,20,DIV,SEA,SF,1611.7464,1573.2238,42.2,0.6141,1,1621.0074,1563.9628
2025,20,DIV,NE,HOU,1556.1146,1588.9393,42.2,0.5135,1,1567.7909,1577.263
2025,20,DIV,CHI,LA,1528.0515,1585.8383,42.2,0.4776,0,1516.5895,1597.3003
2025,21,CON,DEN,NE,1610.2291,1567.7909,42.2,0.6195,0,1595.3623,1582.6577
2025,21,CON,SEA,LA,1621.0074,1597.3003,42.2,0.5937,1,1630.758,1587.5497
2025,22,SB,NE,SEA,1582.6577,1630.758,0.0,0.4312,0,1572.3085,1641.1072
