season,week,game_type,home_team,away_team,elo_home_pre,elo_away_pre,home_rest,away_rest,div_game,home_team_win,elo_diff,week_norm,sample_weight
1999,1,REG,ATL,MIN,1500.0,1500.0,7,7,0,0,42.2,0.047619047619047616,1.0
1999,1,REG,CHI,KC,1500.0,1500.0,7,7,0,1,42.2,0.047619047619047616,1.0
1999,1,REG,CLE,PIT,1500.0,1500.0,7,7,1,0,42.2,0.047619047619047616,1.0
1999,1,REG,GB,LV,1500.0,1500.0,7,7,0,1,42.2,0.047619047619047616,1.0
1999,1,REG,IND,BUF,1500.0,1500.0,7,7,1,1,42.2,0.047619047619047616,1.0
1999,1,REG,JAX,SF,1500.0,1500.0,7,7,0,1,42.2,0.047619047619047616,1.0
1999,1,REG,NO,CAR,1500.0,1500.0,7,7,1,1,42.2,0.047619047619047616,1.0
1999,1,REG,NYJ,NE,1500.0,1500.0,7,7,1,0,42.2,0.047619047619047616,1.0
1999,1,REG,PHI,ARI,1500.0,1500.0,7,7,1,0,42.2,0.047619047619047616,1.0
1999,1,REG,SEA,DET,1500.0,1500.0,7,7,0,0,42.2,0.047619047619047616,1.0
1999,1,REG,LA,BAL,1500.0,1500.0,7,7,0,1,42.2,0.047619047619047616,1.0
1999,1,REG,TB,NYG,1500.0,1500.0,7,7,0,0,42.2,0.047619047619047616,1.0
1999,1,REG,TEN,CIN,1500.0,1500.0,7,7,1,1,42.2,0.047619047619047616,1.0
1999,1,REG,WAS,DAL,1500.0,1500.0,7,7,1,0,42.2,0.047619047619047616,1.0
1999,1,REG,DEN,MIA,1500.0,1500.0,7,7,0,0,42.2,0.047619047619047616,1.0
1999,2,REG,BAL,PIT,1482.4174,1522.4174,7,7,1,0,2.200000000000003,0.09523809523809523,1.0
1999,2,REG,BUF,NYJ,1482.4174,1477.5826,7,7,1,1,47.03480000000009,0.09523809523809523,1.0
1999,2,REG,CAR,JAX,1482.4174,1517.5826,7,7,0,0,7.034800000000089,0.09523809523809523,1.0
1999,2,REG,CHI,SEA,1517.5826,1477.5826,7,7,0,0,82.2,0.09523809523809523,1.0
1999,2,REG,CIN,LAC,1482.4174,1500.0,7,14,0,0,24.617400000000046,0.09523809523809523,1.0
1999,2,REG,DET,GB,1522.4174,1517.5826,7,7,1,1,47.03480000000009,0.09523809523809523,1.0
1999,2,REG,KC,DEN,1482.4174,1477.5826,7,6,1,1,47.03480000000009,0.09523809523809523,1.0
1999,2,REG,MIA,ARI,1522.4174,1522.4174,6,7,0,1,42.2,0.09523809523809523,1.0
1999,2,REG,MIN,LV,1522.4174,1482.4174,7,7,0,0,82.2,0.09523809523809523,1.0
1999,2,REG,NE,IND,1522.4174,1517.5826,7,7,1,1,47.03480000000009,0.09523809523809523,1.0
1999,2,REG,NYG,WAS,1522.4174,1477.5826,7,7,1,0,87.03480000000009,0.09523809523809523,1.0
1999,2,REG,PHI,TB,1477.5826,1477.5826,7,7,0,0,42.2,0.09523809523809523,1.0
1999,2,REG,SF,NO,1482.4174,1517.5826,7,7,1,1,7.034800000000089,0.09523809523809523,1.0
1999,2,REG,TEN,CLE,1517.5826,1477.5826,7,7,1,1,82.2,0.09523809523809523,1.0
1999,2,REG,DAL,ATL,1522.4174,1477.5826,8,8,0,1,87.03480000000009,0.09523809523809523,1.0
1999,3,REG,BAL,CLE,1462.2908,1462.2281,7,7,1,1,42.26269999999995,0.14285714285714285,1.0
1999,3,REG,BUF,PHI,1499.7263,1455.1652,7,7,0,1,86.76110000000013,0.14285714285714285,1.0
1999,3,REG,CAR,CIN,1462.0125,1461.0027,7,7,0,1,43.209800000000044,0.14285714285714285,1.0
1999,3,REG,GB,MIN,1500.2737,1497.7719,7,7,1,1,44.701800000000006,0.14285714285714285,1.0
1999,3,REG,JAX,TEN,1537.9875,1532.9371,7,7,1,0,47.25039999999986,0.14285714285714285,1.0
1999,3,REG,KC,DET,1499.7263,1539.7263,7,7,0,1,2.200000000000003,0.14285714285714285,1.0
1999,3,REG,NE,NYG,1539.7263,1497.5095,7,7,0,1,84.41680000000015,0.14285714285714285,1.0
1999,3,REG,NYJ,WAS,1460.2737,1502.4905,7,7,0,0,-0.016800000000145587,0.14285714285714285,1.0
1999,3,REG,LV,CHI,1507.0629,1492.9371,7,7,0,1,56.3257999999998,0.14285714285714285,1.0
1999,3,REG,PIT,SEA,1542.544,1502.2281,7,7,0,0,82.51590000000006,0.14285714285714285,1.0
1999,3,REG,LAC,IND,1521.4147,1500.2737,7,7,0,0,63.34100000000008,0.14285714285714285,1.0
1999,3,REG,LA,ATL,1517.5826,1462.4905,14,6,1,1,97.29209999999985,0.14285714285714285,1.0
1999,3,REG,TB,DEN,1500.0,1460.2737,7,7,0,1,81.92630000000004,0.14285714285714285,1.0
1999,3,REG,ARI,SF,1504.8348,1502.0125,8,8,0,0,45.022300000000044,0.14285714285714285,1.0
1999,4,REG,ATL,BAL,1447.9491,1479.8699,7,7,0,0,10.279200000000131,0.19047619047619047,1.0
1999,4,REG,CHI,NO,1476.1514,1497.9875,7,14,0,1,20.363900000000015,0.19047619047619047,1.0
1999,4,REG,CIN,LA,1443.4773,1532.124,7,7,0,0,-46.44670000000001,0.19047619047619047,1.0
1999,4,REG,CLE,NE,1444.649,1554.9603,7,7,0,0,-68.11130000000007,0.19047619047619047,1.0
1999,4,REG,DAL,ARI,1537.5095,1482.2575,13,6,1,1,97.45199999999996,0.19047619047619047,1.0
1999,4,REG,DEN,NYJ,1444.9042,1440.2747,7,7,0,0,46.82950000000001,0.19047619047619047,1.0
1999,4,REG,MIN,TB,1480.331,1515.3695,7,7,1,1,7.16149999999989,0.19047619047619047,1.0
1999,4,REG,NYG,PHI,1482.2755,1440.0583,7,7,1,1,84.41720000000005,0.19047619047619047,1.0
1999,4,REG,PIT,JAX,1517.8813,1515.2842,7,7,1,0,44.79709999999996,0.19047619047619047,1.0
1999,4,REG,LAC,KC,1497.8084,1519.5997,7,7,1,1,20.40869999999991,0.19047619047619047,1.0
1999,4,REG,SEA,LV,1526.8908,1523.8486,7,7,1,1,45.24219999999987,0.19047619047619047,1.0
1999,4,REG,SF,TEN,1524.5898,1555.6404,6,7,0,1,11.149399999999972,0.19047619047619047,1.0
1999,4,REG,WAS,CAR,1522.4895,1479.5379,7,7,0,1,85.15159999999987,0.19047619047619047,1.0
1999,4,REG,MIA,BUF,1540.0,1514.8332,15,8,1,0,67.36679999999997,0.19047619047619047,1.0
1999,5,REG,ARI,NYG,1467.7247,1497.5095,7,7,1,1,12.415200000000098,0.23809523809523808,1.0
1999,5,REG,BUF,PIT,1538.6633,1495.3168,6,7,0,1,85.54649999999988,0.23809523809523808,1.0
1999,5,REG,CLE,CIN,1428.5203,1426.1352,7,7,1,0,44.58509999999997,0.23809523809523808,1.0
1999,5,REG,DET,LAC,1519.8529,1516.6349,14,7,0,0,45.41800000000008,0.23809523809523808,1.0
1999,5,REG,GB,TB,1517.7146,1495.7817,14,7,1,1,64.13290000000002,0.23809523809523808,1.0
1999,5,REG,IND,MIA,1523.88,1516.1699,14,6,1,0,49.910100000000014,0.23809523809523808,1.0
1999,5,REG,KC,NE,1500.7732,1571.089,7,7,0,1,-28.11579999999985,0.23809523809523808,1.0
1999,5,REG,MIN,CHI,1499.9188,1494.9805,7,7,1,0,47.13830000000003,0.23809523809523808,1.0
1999,5,REG,NO,ATL,1479.1584,1427.3576,7,7,1,0,94.00079999999998,0.23809523809523808,1.0
1999,5,REG,LV,DEN,1506.4383,1422.2247,7,7,1,0,126.41360000000005,0.23809523809523808,1.0
1999,5,REG,PHI,DAL,1424.8243,1552.0423,7,7,1,1,-85.01800000000007,0.23809523809523808,1.0
1999,5,REG,LA,SF,1549.4661,1543.9482,7,7,1,1,47.71790000000006,0.23809523809523808,1.0
1999,5,REG,TEN,BAL,1536.282,1500.4614,7,7,1,1,78.02060000000002,0.23809523809523808,1.0
1999,5,REG,NYJ,JAX,1462.9542,1537.8487,8,8,0,0,-32.694500000000104,0.23809523809523808,1.0
1999,6,REG,ARI,WAS,1487.0103,1537.6836,7,14,1,0,-8.473300000000151,0.2857142857142857,1.0
1999,6,REG,ATL,LA,1452.6404,1566.7364,7,7,1,0,-71.896,0.2857142857142857,1.0
1999,6,REG,BUF,LV,1553.836,1479.4663,7,7,0,0,116.56969999999997,0.2857142857142857,1.0
1999,6,REG,CHI,PHI,1517.6775,1449.6229,7,7,0,0,110.25459999999994,0.2857142857142857,1.0
1999,6,REG,CIN,PIT,1448.6877,1480.1441,7,7,1,0,10.743599999999972,0.2857142857142857,1.0
1999,6,REG,DEN,GB,1449.1967,1534.0642,7,7,0,1,-42.66750000000006,0.2857142857142857,1.0
1999,6,REG,DET,MIN,1497.2532,1477.2218,7,7,1,1,62.23140000000008,0.2857142857142857,1.0
1999,6,REG,JAX,CLE,1555.9722,1405.9678,6,7,1,1,192.20440000000002,0.2857142857142857,1.0
1999,6,REG,NE,MIA,1549.474,1539.0234,7,7,1,0,52.6505999999999,0.2857142857142857,1.0
1999,6,REG,NO,TEN,1453.8756,1551.8648,7,7,0,0,-55.78919999999998,0.2857142857142857,1.0
1999,6,REG,NYJ,IND,1444.8307,1501.0265,6,7,1,0,-13.99579999999996,0.2857142857142857,1.0
1999,6,REG,LAC,SEA,1539.2346,1544.3011,7,14,1,1,37.1335000000001,0.2857142857142857,1.0
1999,6,REG,SF,CAR,1526.6779,1464.3438,7,14,1,0,104.53409999999981,0.2857142857142857,1.0
1999,6,REG,NYG,DAL,1478.2239,1527.2437,8,8,1,1,-6.819800000000029,0.2857142857142857,1.0
1999,7,REG,BAL,KC,1484.8786,1522.3882,11,11,0,0,4.6903999999999115,0.3333333333333333,1.0
1999,7,REG,CAR,DET,1490.186,1513.7087,7,7,0,0,18.677300000000017,0.3333333333333333,1.0
1999,7,REG,DAL,WAS,1506.8512,1557.1959,6,7,1,1,-8.144699999999872,0.3333333333333333,1.0
1999,7,REG,IND,CIN,1520.2213,1428.0694,7,7,0,1,134.35189999999983,0.3333333333333333,1.0
1999,7,REG,MIA,PHI,1562.0312,1475.7649,7,7,0,1,128.4663,0.3333333333333333,1.0
1999,7,REG,MIN,SF,1460.7663,1500.8357,7,7,0,1,2.130599999999916,0.3333333333333333,1.0
1999,7,REG,NE,DEN,1526.4662,1471.6406,7,7,0,1,97.02560000000013,0.3333333333333333,1.0
1999,7,REG,NYG,NO,1498.6164,1437.0598,6,7,0,1,103.75660000000012,0.3333333333333333,1.0
1999,7,REG,LV,NYJ,1505.9356,1425.6359,7,7,0,1,122.49970000000003,0.3333333333333333,1.0
1999,7,REG,LAC,GB,1557.1051,1511.6203,7,7,0,0,87.68479999999995,0.3333333333333333,1.0
1999,7,REG,SEA,BUF,1526.4306,1527.3667,7,7,0,1,41.26389999999988,0.3333333333333333,1.0
1999,7,REG,LA,CLE,1582.6558,1396.0262,7,7,0,1,228.82959999999997,0.3333333333333333,1.0
1999,7,REG,TB,CHI,1479.4321,1491.5355,14,7,1,1,30.096600000000038,0.3333333333333333,1.0
1999,7,REG,PIT,ATL,1500.7624,1436.721,8,8,0,1,106.24140000000007,0.3333333333333333,1.0
1999,8,REG,ARI,NE,1467.498,1541.0218,14,7,0,0,-31.323799999999935,0.38095238095238093,1.0
1999,8,REG,ATL,CAR,1422.653,1469.1119,6,7,1,1,-4.258900000000082,0.38095238095238093,1.0
1999,8,REG,BAL,BUF,1464.6086,1509.7309,10,7,0,0,-2.922299999999993,0.38095238095238093,1.0
1999,8,REG,CIN,JAX,1415.4396,1565.9138,7,14,1,0,-108.2742000000001,0.38095238095238093,1.0
1999,8,REG,DEN,MIN,1457.085,1480.6437,7,7,0,0,18.64129999999996,0.38095238095238093,1.0
1999,8,REG,DET,TB,1534.7828,1497.7039,7,7,1,1,79.27889999999998,0.38095238095238093,1.0
1999,8,REG,IND,DAL,1532.8511,1527.32,7,7,0,1,47.731100000000154,0.38095238095238093,1.0
1999,8,REG,KC,LAC,1542.6582,1532.1621,10,7,1,1,52.69610000000007,0.38095238095238093,1.0
1999,8,REG,NO,CLE,1422.8611,1387.5751,7,7,0,0,77.48600000000006,0.38095238095238093,1.0
1999,8,REG,LV,MIA,1519.1623,1574.9556,7,7,0,0,-13.593300000000042,0.38095238095238093,1.0
1999,8,REG,PHI,NYG,1462.8405,1512.8151,7,7,1,0,-7.774600000000007,0.38095238095238093,1.0
1999,8,REG,TEN,LA,1568.6806,1591.1069,14,7,0,1,19.77369999999992,0.38095238095238093,1.0
1999,8,REG,WAS,CHI,1536.7271,1473.2637,7,7,0,1,105.6634000000001,0.38095238095238093,1.0
1999,8,REG,GB,SEA,1536.5633,1544.0664,8,8,0,0,34.6969000000001,0.38095238095238093,1.0
1999,9,REG,ATL,JAX,1442.8981,1579.8753,7,7,0,0,-94.77719999999981,0.42857142857142855,1.0
1999,9,REG,CAR,PHI,1448.8668,1443.288,7,7,0,1,47.778800000000004,0.42857142857142855,1.0
1999,9,REG,CLE,BAL,1411.963,1444.7768,7,7,1,0,9.386199999999874,0.42857142857142855,1.0
1999,9,REG,DET,LA,1550.2967,1572.2439,7,7,0,1,20.252800000000164,0.42857142857142855,1.0
1999,9,REG,GB,CHI,1514.5726,1459.1653,6,7,1,0,97.60730000000008,0.42857142857142855,1.0
1999,9,REG,IND,KC,1550.1206,1559.6478,7,7,0,1,32.67280000000001,0.42857142857142855,1.0
1999,9,REG,MIA,TEN,1594.1735,1587.5436,7,7,0,1,48.82990000000014,0.42857142857142855,1.0
1999,9,REG,NO,TB,1398.4732,1482.19,7,7,0,0,-41.516800000000146,0.42857142857142855,1.0
1999,9,REG,NYJ,ARI,1412.4092,1449.2963,14,7,0,1,5.312900000000084,0.42857142857142855,1.0
1999,9,REG,LAC,DEN,1515.1725,1436.0129,7,7,1,0,121.35959999999996,0.42857142857142855,1.0
1999,9,REG,SEA,CIN,1566.0571,1401.4781,6,7,0,1,206.77899999999994,0.42857142857142855,1.0
1999,9,REG,SF,PIT,1480.9583,1514.8304,14,13,0,0,8.327899999999957,0.42857142857142855,1.0
1999,9,REG,WAS,BUF,1550.8255,1529.5627,7,7,0,0,63.46279999999997,0.42857142857142855,1.0
1999,9,REG,MIN,DAL,1501.7158,1510.0505,8,8,0,1,33.86529999999989,0.42857142857142855,1.0
1999,10,REG,ARI,DET,1429.6021,1569.1322,7,7,0,1,-97.33009999999994,0.47619047619047616,1.0
1999,10,REG,BUF,MIA,1553.1758,1611.381,7,7,1,1,-16.0052000000001,0.47619047619047616,1.0
1999,10,REG,CHI,MIN,1484.6407,1519.7725,7,6,1,0,7.068199999999891,0.47619047619047616,1.0
1999,10,REG,CIN,TEN,1392.15,1570.3361,7,7,1,0,-135.9860999999999,0.47619047619047616,1.0
1999,10,REG,DAL,GB,1491.9938,1489.0972,6,7,0,1,45.09660000000004,0.47619047619047616,1.0
1999,10,REG,JAX,BAL,1594.5509,1465.317,7,7,1,1,171.43389999999994,0.47619047619047616,1.0
1999,10,REG,NO,SF,1380.8518,1460.479,7,7,1,1,-37.42720000000013,0.47619047619047616,1.0
1999,10,REG,NYG,IND,1532.3676,1568.2453,14,7,0,0,6.3222999999999985,0.47619047619047616,1.0
1999,10,REG,LV,LAC,1499.9444,1488.4574,14,7,1,1,53.68700000000008,0.47619047619047616,1.0
1999,10,REG,PHI,WAS,1426.0212,1527.2124,7,7,1,1,-58.99119999999998,0.47619047619047616,1.0
1999,10,REG,PIT,CLE,1535.3097,1391.4228,7,7,1,0,186.08689999999996,0.47619047619047616,1.0
1999,10,REG,SEA,DEN,1575.3852,1462.728,7,7,1,1,154.85719999999986,0.47619047619047616,1.0
1999,10,REG,LA,CAR,1553.4084,1466.1336,7,7,1,1,129.47480000000013,0.47619047619047616,1.0
1999,10,REG,TB,KC,1499.8114,1541.5231,7,7,0,1,0.48829999999993845,0.47619047619047616,1.0
1999,10,REG,NE,NYJ,1559.2235,1432.1034,15,8,1,0,169.32010000000008,0.47619047619047616,1.0
1999,11,REG,ARI,DAL,1455.0628,1509.4123,7,7,1,1,-12.149500000000032,0.5238095238095238,1.0
1999,11,REG,CIN,BAL,1379.6013,1454.4556,7,7,1,0,-32.654299999999964,0.5238095238095238,1.0
1999,11,REG,CLE,CAR,1421.2158,1453.2599,7,7,0,0,10.155899999999932,0.5238095238095238,1.0
1999,11,REG,GB,DET,1471.6787,1543.6715,7,7,1,1,-29.792799999999986,0.5238095238095238,1.0
1999,11,REG,JAX,NO,1605.4123,1402.998,7,7,0,1,244.6142999999999,0.5238095238095238,1.0
1999,11,REG,KC,SEA,1521.5512,1587.0178,7,7,1,0,-23.26659999999997,0.5238095238095238,1.0
1999,11,REG,MIA,NE,1590.4603,1530.1814,7,6,1,1,102.47890000000002,0.5238095238095238,1.0
1999,11,REG,NYJ,BUF,1461.1455,1574.0965,6,7,1,1,-70.75100000000002,0.5238095238095238,1.0
1999,11,REG,PHI,IND,1449.3847,1588.6092,7,7,0,0,-97.02450000000003,0.5238095238095238,1.0
1999,11,REG,LAC,CHI,1471.5235,1464.2339,7,7,0,0,49.48960000000007,0.5238095238095238,1.0
1999,11,REG,SF,LA,1438.3328,1566.2821,7,7,1,0,-85.74929999999999,0.5238095238095238,1.0
1999,11,REG,TB,ATL,1519.7833,1428.2225,7,14,0,1,133.76079999999996,0.5238095238095238,1.0
1999,11,REG,TEN,PIT,1582.8848,1505.5167,7,7,1,1,119.56810000000014,0.5238095238095238,1.0
1999,11,REG,WAS,NYG,1503.8489,1512.0037,7,7,1,1,34.04519999999998,0.5238095238095238,1.0
1999,11,REG,DEN,LV,1451.0954,1516.8783,8,8,1,1,-23.58290000000015,0.5238095238095238,1.0
1999,12,REG,DAL,MIA,1488.7132,1604.7265,4,4,0,1,-73.81330000000007,0.5714285714285714,1.0
1999,12,REG,DET,CHI,1521.9607,1487.0636,4,4,1,1,77.09710000000014,0.5714285714285714,1.0
1999,12,REG,BAL,JAX,1472.5814,1613.2736,7,7,1,0,-98.49219999999995,0.5714285714285714,1.0
1999,12,REG,BUF,NE,1550.0791,1515.9152,7,7,1,1,76.36390000000002,0.5714285714285714,1.0
1999,12,REG,CAR,ATL,1473.8444,1415.5632,7,7,1,1,100.4811999999999,0.5714285714285714,1.0
1999,12,REG,CLE,TEN,1400.6313,1596.2613,7,7,1,0,-153.4299999999999,0.5714285714285714,1.0
1999,12,REG,IND,NYJ,1603.1648,1485.1629,7,7,1,1,160.20189999999997,0.5714285714285714,1.0
1999,12,REG,MIN,LAC,1540.1793,1448.6938,14,7,0,1,133.6855,0.5714285714285714,1.0
1999,12,REG,NYG,ARI,1493.9573,1475.7619,7,7,1,0,60.395400000000066,0.5714285714285714,1.0
1999,12,REG,LV,KC,1495.5228,1502.8885,6,7,1,0,34.83429999999994,0.5714285714285714,1.0
1999,12,REG,PIT,CIN,1492.1402,1361.4755,7,7,1,0,172.86470000000003,0.5714285714285714,1.0
1999,12,REG,SEA,TB,1605.6805,1532.4426,7,7,0,0,115.43789999999986,0.5714285714285714,1.0
1999,12,REG,LA,NO,1581.4438,1395.1367,7,7,1,1,228.50709999999998,0.5714285714285714,1.0
1999,12,REG,WAS,PHI,1521.8953,1434.8291,7,7,1,1,129.26619999999997,0.5714285714285714,1.0
1999,12,REG,SF,GB,1423.1711,1493.3895,8,8,0,0,-28.01839999999997,0.5714285714285714,1.0
1999,13,REG,JAX,PIT,1627.7511,1462.9365,4,4,1,1,207.01459999999992,0.6190476190476191,1.0
1999,13,REG,ARI,PHI,1499.2039,1421.9449,7,7,1,1,119.45900000000002,0.6190476190476191,1.0
1999,13,REG,ATL,NO,1401.1913,1386.6733,7,7,1,1,56.71800000000003,0.6190476190476191,1.0
1999,13,REG,BAL,TEN,1458.1039,1607.9618,7,7,1,1,-107.65789999999997,0.6190476190476191,1.0
1999,13,REG,CAR,LA,1488.2163,1589.9072,7,7,1,0,-59.49090000000005,0.6190476190476191,1.0
1999,13,REG,CHI,GB,1471.4302,1511.7801,10,6,1,0,1.8501000000000687,0.6190476190476191,1.0
1999,13,REG,CIN,SF,1390.6792,1404.7805,7,6,0,1,28.098699999999965,0.6190476190476191,1.0
1999,13,REG,DEN,KC,1472.4509,1524.887,13,7,1,0,-10.236099999999894,0.6190476190476191,1.0
1999,13,REG,DET,WAS,1537.5941,1534.7795,10,7,0,1,45.01459999999993,0.6190476190476191,1.0
1999,13,REG,MIA,IND,1580.5403,1614.5452,10,7,1,0,8.195099999999869,0.6190476190476191,1.0
1999,13,REG,NE,DAL,1500.2416,1512.8994,7,10,0,1,29.54220000000005,0.6190476190476191,1.0
1999,13,REG,NYG,NYJ,1470.5153,1473.7825,7,7,0,1,38.9328,0.6190476190476191,1.0
1999,13,REG,LV,SEA,1473.5243,1579.2696,7,7,1,1,-63.54530000000004,0.6190476190476191,1.0
1999,13,REG,LAC,CLE,1436.0308,1388.9308,7,7,0,1,89.29999999999991,0.6190476190476191,1.0
1999,13,REG,TB,MIN,1558.8535,1552.8423,8,8,1,1,48.21119999999992,0.6190476190476191,1.0
1999,14,REG,TEN,LV,1581.9555,1497.142,4,4,0,1,127.01349999999998,0.6666666666666666,1.0
1999,14,REG,BUF,NYG,1565.7527,1488.2835,14,7,0,0,119.6692,0.6666666666666666,1.0
1999,14,REG,CIN,CLE,1409.0652,1373.961,7,7,1,1,77.3042,0.6666666666666666,1.0
1999,14,REG,DAL,PHI,1494.5959,1408.5628,7,7,1,1,128.2331000000001,0.6666666666666666,1.0
1999,14,REG,GB,CAR,1531.8866,1471.6078,7,7,0,0,102.47880000000005,0.6666666666666666,1.0
1999,14,REG,IND,NE,1635.0169,1518.5451,7,7,1,1,158.67180000000002,0.6666666666666666,1.0
1999,14,REG,KC,MIN,1544.2979,1535.5999,7,6,0,1,50.898000000000096,0.6666666666666666,1.0
1999,14,REG,NO,LA,1369.9096,1606.5157,7,7,1,0,-194.40609999999998,0.6666666666666666,1.0
1999,14,REG,NYJ,MIA,1456.0143,1560.0686,7,7,1,1,-61.85430000000001,0.6666666666666666,1.0
1999,14,REG,PIT,BAL,1453.6181,1484.1102,10,7,1,0,11.707899999999839,0.6666666666666666,1.0
1999,14,REG,SEA,LAC,1555.6519,1451.0006,7,7,1,0,146.85129999999998,0.6666666666666666,1.0
1999,14,REG,SF,ATL,1386.3945,1417.955,7,7,1,1,10.639500000000183,0.6666666666666666,1.0
1999,14,REG,TB,DET,1576.0959,1555.0173,6,7,1,1,63.278600000000054,0.6666666666666666,1.0
1999,14,REG,WAS,ARI,1517.3563,1512.586,7,7,1,1,46.97029999999991,0.6666666666666666,1.0
1999,14,REG,JAX,DEN,1637.0695,1453.04,11,8,0,1,226.2295000000001,0.6666666666666666,1.0
1999,15,REG,CAR,SF,1497.3416,1405.7822,6,6,1,1,133.75939999999986,0.7142857142857143,1.0
1999,15,REG,KC,PIT,1561.3888,1432.9444,6,6,0,1,170.64439999999985,0.7142857142857143,1.0
1999,15,REG,ARI,BUF,1495.2735,1539.1241,7,7,0,0,-1.650599999999983,0.7142857142857143,1.0
1999,15,REG,BAL,NO,1504.7839,1360.0624,7,7,0,1,186.92149999999987,0.7142857142857143,1.0
1999,15,REG,CHI,DET,1451.3237,1538.6202,14,7,1,1,-45.09650000000015,0.7142857142857143,1.0
1999,15,REG,CLE,JAX,1358.339,1645.6208,7,6,1,0,-245.0818,0.7142857142857143,1.0
1999,15,REG,DAL,NYJ,1507.5321,1479.5378,7,7,0,0,70.19429999999984,0.7142857142857143,1.0
1999,15,REG,DEN,SEA,1444.4887,1527.6683,6,7,1,1,-40.979599999999934,0.7142857142857143,1.0
1999,15,REG,IND,WAS,1646.4692,1534.6688,7,7,0,1,154.00040000000007,0.7142857142857143,1.0
1999,15,REG,MIA,LAC,1536.5451,1478.9842,7,7,0,1,99.76089999999995,0.7142857142857143,1.0
1999,15,REG,LV,TB,1484.1443,1592.493,10,7,0,1,-66.1487,0.7142857142857143,1.0
1999,15,REG,PHI,NE,1395.6266,1507.0928,7,7,0,1,-69.26619999999984,0.7142857142857143,1.0
1999,15,REG,LA,NYG,1616.3629,1514.9121,7,7,0,1,143.65080000000006,0.7142857142857143,1.0
1999,15,REG,TEN,ATL,1594.9532,1398.5673,10,7,0,1,238.58589999999998,0.7142857142857143,1.0
1999,15,REG,MIN,GB,1518.509,1506.1528,8,8,1,1,54.55619999999995,0.7142857142857143,1.0
1999,16,REG,NO,DAL,1349.8919,1483.5455,5,5,0,1,-91.45359999999987,0.7619047619047619,1.0
1999,16,REG,DET,DEN,1516.0387,1466.8368,6,6,0,0,91.40190000000003,0.7619047619047619,1.0
1999,16,REG,ATL,ARI,1390.4845,1475.3685,7,7,0,1,-42.68400000000001,0.7619047619047619,1.0
1999,16,REG,BAL,CIN,1514.9544,1424.6872,7,14,1,1,132.4672,0.7619047619047619,1.0
1999,16,REG,CLE,IND,1350.4947,1658.1425,7,7,0,0,-265.4478,0.7619047619047619,1.0
1999,16,REG,NE,BUF,1483.1575,1559.0291,7,7,1,0,-33.67159999999994,0.7619047619047619,1.0
1999,16,REG,NYG,MIN,1502.7402,1535.3941,7,6,0,0,9.546099999999981,0.7619047619047619,1.0
1999,16,REG,PIT,CAR,1422.047,1510.0009,8,8,0,1,-45.75389999999997,0.7619047619047619,1.0
1999,16,REG,LAC,LV,1464.5741,1507.9068,7,7,1,1,-1.1326999999999288,0.7619047619047619,1.0
1999,16,REG,SEA,KC,1505.3202,1572.2862,7,8,1,1,-24.76599999999989,0.7619047619047619,1.0
1999,16,REG,SF,WAS,1393.1229,1522.9955,8,7,0,0,-87.67259999999992,0.7619047619047619,1.0
1999,16,REG,LA,CHI,1628.5348,1473.9052,7,7,0,1,196.82959999999997,0.7619047619047619,1.0
1999,16,REG,TB,GB,1568.7305,1489.2677,7,6,1,1,121.66279999999979,0.7619047619047619,1.0
1999,16,REG,TEN,JAX,1603.036,1653.4651,7,7,1,1,-8.229099999999832,0.7619047619047619,1.0
1999,16,REG,MIA,NYJ,1550.9552,1503.5244,8,8,1,0,89.6308000000001,0.7619047619047619,1.0
1999,17,REG,BUF,IND,1577.0969,1665.2737,7,7,1,1,-45.976799999999955,0.8095238095238095,1.0
1999,17,REG,CAR,NO,1487.3822,1375.0381,7,9,1,1,154.54410000000001,0.8095238095238095,1.0
1999,17,REG,CHI,TB,1464.1612,1581.9999,7,7,1,0,-75.63870000000001,0.8095238095238095,1.0
1999,17,REG,DAL,NYG,1458.3993,1482.1908,9,7,1,1,18.40849999999996,0.8095238095238095,1.0
1999,17,REG,DEN,LAC,1491.9802,1484.6393,8,7,1,0,49.54089999999992,0.8095238095238095,1.0
1999,17,REG,GB,ARI,1475.9983,1452.9237,7,7,0,1,65.27459999999992,0.8095238095238095,1.0
1999,17,REG,JAX,CIN,1632.9915,1411.9634,7,7,1,1,263.2281,0.8095238095238095,1.0
1999,17,REG,KC,LV,1550.863,1487.8416,7,7,1,0,105.22140000000009,0.8095238095238095,1.0
1999,17,REG,MIN,DET,1555.9435,1490.8953,7,8,1,1,107.24820000000018,0.8095238095238095,1.0
1999,17,REG,NE,BAL,1465.0897,1527.6782,7,7,0,1,-20.388500000000064,0.8095238095238095,1.0
1999,17,REG,NYJ,SEA,1528.5725,1526.7434,6,7,0,1,44.02909999999993,0.8095238095238095,1.0
1999,17,REG,PHI,LA,1419.5619,1638.2788,14,7,0,1,-176.51690000000013,0.8095238095238095,1.0
1999,17,REG,PIT,TEN,1444.6657,1623.5096,7,7,1,0,-136.6439000000001,0.8095238095238095,1.0
1999,17,REG,WAS,MIA,1538.0531,1525.9071,7,6,0,1,54.34600000000019,0.8095238095238095,1.0
1999,17,REG,ATL,SF,1412.9293,1378.0653,8,8,1,1,77.06400000000004,0.8095238095238095,1.0
2000,1,REG,ATL,SF,1458.3787,1418.6981,7,7,1,1,81.88059999999992,0.047619047619047616,1.0
2000,1,REG,CLE,JAX,1407.2581,1578.9584,7,7,1,0,-129.50029999999998,0.047619047619047616,1.0
2000,1,REG,KC,IND,1516.2308,1571.179,7,7,0,0,-12.74820000000004,0.047619047619047616,1.0
2000,1,REG,MIN,CHI,1540.596,1470.3087,7,7,1,1,112.48729999999996,0.047619047619047616,1.0
2000,1,REG,NE,TB,1492.9972,1559.2508,7,7,0,0,-24.053600000000003,0.047619047619047616,1.0
2000,1,REG,NO,DET,1419.2744,1477.7628,7,7,0,0,-16.288399999999953,0.047619047619047616,1.0
2000,1,REG,NYG,ARI,1479.1897,1463.2226,7,7,1,1,58.16709999999985,0.047619047619047616,1.0
2000,1,REG,PIT,BAL,1460.5298,1505.1435,7,7,1,0,-2.413699999999878,0.047619047619047616,1.0
2000,1,REG,WAS,CAR,1532.2362,1500.6578,7,7,0,1,73.7784000000001,0.047619047619047616,1.0
2000,1,REG,DAL,PHI,1478.5676,1470.5983,7,7,1,0,50.16929999999998,0.047619047619047616,1.0
2000,1,REG,GB,NYJ,1496.6106,1528.8709,7,7,0,0,9.939700000000087,0.047619047619047616,1.0
2000,1,REG,MIA,SEA,1514.1318,1490.6478,7,7,0,1,65.68400000000015,0.047619047619047616,1.0
2000,1,REG,LV,LAC,1509.472,1505.7231,7,7,1,1,45.94890000000005,0.047619047619047616,1.0
2000,1,REG,BUF,TEN,1549.8761,1608.0207,7,7,0,1,-15.94460000000008,0.047619047619047616,1.0
2000,1,REG,LA,DEN,1607.2259,1482.7286,7,7,0,1,166.69729999999998,0.047619047619047616,1.0
2000,2,REG,IND,LV,1590.4455,1526.8423,7,7,0,0,105.80320000000002,0.09523809523809523,1.0
2000,2,REG,BAL,JAX,1525.0046,1591.8308,7,7,1,1,-24.62619999999997,0.09523809523809523,1.0
2000,2,REG,BUF,GB,1570.7933,1476.0386,7,7,0,1,136.95469999999995,0.09523809523809523,1.0
2000,2,REG,CIN,CLE,1444.0942,1394.3857,14,7,1,0,91.90849999999996,0.09523809523809523,1.0
2000,2,REG,MIN,MIA,1554.3379,1530.3951,7,7,0,1,66.14280000000004,0.09523809523809523,1.0
2000,2,REG,PHI,NYG,1493.4664,1495.8723,7,7,1,0,39.79410000000003,0.09523809523809523,1.0
2000,2,REG,TB,CHI,1577.8684,1456.5668,7,7,1,1,163.5016,0.09523809523809523,1.0
2000,2,REG,TEN,KC,1587.1035,1496.9643,7,7,0,1,132.33919999999983,0.09523809523809523,1.0
2000,2,REG,DEN,ATL,1471.6502,1473.7506,6,7,0,1,40.09959999999997,0.09523809523809523,1.0
2000,2,REG,DET,WAS,1496.8259,1548.0519,7,7,0,1,-9.025999999999883,0.09523809523809523,1.0
2000,2,REG,LAC,NO,1488.3528,1400.2113,7,7,0,0,130.34149999999994,0.09523809523809523,1.0
2000,2,REG,SEA,LA,1474.3845,1618.3043,7,6,0,0,-101.71980000000012,0.09523809523809523,1.0
2000,2,REG,SF,CAR,1403.3262,1484.8421,7,7,1,0,-39.3159000000001,0.09523809523809523,1.0
2000,2,REG,ARI,DAL,1446.54,1455.6995,7,7,1,1,33.04050000000002,0.09523809523809523,1.0
2000,2,REG,NYJ,NE,1549.4429,1474.3796,8,8,1,1,117.26330000000003,0.09523809523809523,1.0
2000,3,REG,CAR,ATL,1502.5885,1456.0487,7,7,1,0,88.73980000000002,0.14285714285714285,1.0
2000,3,REG,CLE,PIT,1419.5563,1440.6687,7,14,1,1,21.087600000000023,0.14285714285714285,1.0
2000,3,REG,DET,TB,1517.3454,1589.0948,7,7,1,0,-29.549400000000148,0.14285714285714285,1.0
2000,3,REG,GB,PHI,1463.5379,1471.1856,7,7,0,1,34.55230000000002,0.14285714285714285,1.0
2000,3,REG,JAX,CIN,1570.4156,1418.9236,7,7,1,1,193.69199999999995,0.14285714285714285,1.0
2000,3,REG,KC,LAC,1484.2341,1461.183,7,7,1,1,65.25109999999991,0.14285714285714285,1.0
2000,3,REG,NYJ,BUF,1562.9378,1583.294,6,7,1,1,21.84379999999983,0.14285714285714285,1.0
2000,3,REG,LA,SF,1632.6106,1385.5798,7,7,1,1,289.2308,0.14285714285714285,1.0
2000,3,REG,LV,DEN,1552.7513,1489.3521,7,7,1,0,105.59919999999984,0.14285714285714285,1.0
2000,3,REG,CHI,NYG,1445.3404,1518.1531,7,7,0,0,-30.612699999999947,0.14285714285714285,1.0
2000,3,REG,NE,MIN,1460.8847,1570.5758,6,7,0,0,-67.4911,0.14285714285714285,1.0
2000,3,REG,SEA,NO,1460.0782,1427.3811,7,7,0,1,74.89709999999987,0.14285714285714285,1.0
2000,3,REG,MIA,BAL,1514.1572,1546.4198,7,7,0,1,9.93740000000021,0.14285714285714285,1.0
2000,3,REG,WAS,DAL,1527.5324,1437.5958,8,8,1,0,132.1366,0.14285714285714285,1.0
2000,4,REG,ATL,LA,1481.0487,1638.9746,7,7,1,0,-115.72589999999995,0.19047619047619047,1.0
2000,4,REG,BAL,CIN,1526.9917,1409.0459,7,7,1,1,160.14579999999995,0.19047619047619047,1.0
2000,4,REG,CHI,DET,1427.0981,1499.0423,7,7,1,0,-29.744200000000134,0.19047619047619047,1.0
2000,4,REG,DAL,SF,1464.8555,1379.2158,6,7,0,0,127.83969999999995,0.19047619047619047,1.0
2000,4,REG,MIA,NE,1533.5853,1444.7217,7,7,1,1,131.0635999999999,0.19047619047619047,1.0
2000,4,REG,NO,PHI,1411.627,1453.1681,7,7,0,0,0.6588999999998606,0.19047619047619047,1.0
2000,4,REG,PIT,TEN,1421.8811,1599.8337,7,14,1,0,-135.75259999999986,0.19047619047619047,1.0
2000,4,REG,ARI,GB,1464.6437,1481.5554,14,7,0,0,25.28830000000012,0.19047619047619047,1.0
2000,4,REG,DEN,KC,1515.2504,1500.5215,7,7,1,0,56.92889999999984,0.19047619047619047,1.0
2000,4,REG,LV,CLE,1526.853,1438.3439,7,7,0,1,130.70909999999998,0.19047619047619047,1.0
2000,4,REG,LAC,SEA,1444.8956,1475.8323,7,7,1,0,11.26330000000003,0.19047619047619047,1.0
2000,4,REG,TB,NYJ,1607.3979,1581.682,7,7,0,0,67.91589999999992,0.19047619047619047,1.0
2000,4,REG,NYG,WAS,1536.3954,1500.2727,7,6,1,0,78.32270000000013,0.19047619047619047,1.0
2000,4,REG,IND,JAX,1564.5365,1580.2933,15,8,0,1,26.44319999999989,0.19047619047619047,1.0
2000,5,REG,BUF,IND,1564.5498,1583.0172,14,6,1,0,23.732600000000005,0.23809523809523808,1.0
2000,5,REG,CAR,DAL,1477.5885,1437.8115,14,7,0,0,81.97700000000005,0.23809523809523808,1.0
2000,5,REG,CLE,BAL,1425.5321,1538.3748,7,7,1,0,-70.64270000000015,0.23809523809523808,1.0
2000,5,REG,DET,MIN,1517.3343,1586.7388,7,14,1,0,-27.204500000000095,0.23809523809523808,1.0
2000,5,REG,JAX,PIT,1561.8126,1409.3208,6,7,1,0,194.6918,0.23809523809523808,1.0
2000,5,REG,LA,LAC,1652.5488,1424.2475,7,7,0,1,270.50130000000007,0.23809523809523808,1.0
2000,5,REG,TEN,NYG,1612.394,1511.9616,7,7,0,1,142.6323999999999,0.23809523809523808,1.0
2000,5,REG,CIN,MIA,1397.6628,1546.3793,7,7,0,0,-106.5165,0.23809523809523808,1.0
2000,5,REG,DEN,NE,1492.0023,1431.9277,7,7,0,0,102.27460000000015,0.23809523809523808,1.0
2000,5,REG,GB,CHI,1503.0085,1408.8061,7,7,1,0,136.4023999999999,0.23809523809523808,1.0
2000,5,REG,SF,ARI,1406.2598,1443.1906,7,7,0,1,5.26920000000014,0.23809523809523808,1.0
2000,5,REG,WAS,TB,1524.7065,1583.5374,7,7,0,1,-16.630899999999926,0.23809523809523808,1.0
2000,5,REG,PHI,ATL,1473.206,1467.4745,7,7,0,1,47.93149999999987,0.23809523809523808,1.0
2000,5,REG,KC,SEA,1523.7696,1496.4804,8,8,1,1,69.48920000000017,0.23809523809523808,1.0
2000,6,REG,CHI,NO,1436.278,1391.5891,7,14,0,0,86.8889000000001,0.2857142857142857,1.0
2000,6,REG,CIN,TEN,1383.6092,1624.6156,7,7,1,0,-198.8064,0.2857142857142857,1.0
2000,6,REG,DET,GB,1498.8971,1475.5366,7,7,1,1,65.5605,0.2857142857142857,1.0
2000,6,REG,MIA,BUF,1560.4329,1543.1858,7,7,1,1,59.44710000000005,0.2857142857142857,1.0
2000,6,REG,NE,IND,1457.6507,1604.3812,7,7,1,1,-104.53050000000012,0.2857142857142857,1.0
2000,6,REG,NYJ,PIT,1605.5425,1439.4858,14,7,0,0,208.25670000000008,0.2857142857142857,1.0
2000,6,REG,PHI,WAS,1490.4642,1545.6631,7,7,1,0,-12.998900000000091,0.2857142857142857,1.0
2000,6,REG,ARI,CLE,1423.4939,1409.5435,7,7,0,1,56.15039999999995,0.2857142857142857,1.0
2000,6,REG,ATL,NYG,1450.2163,1499.74,7,7,0,0,-7.32369999999996,0.2857142857142857,1.0
2000,6,REG,CAR,SEA,1452.9552,1480.428,7,6,0,1,14.727199999999996,0.2857142857142857,1.0
2000,6,REG,LAC,DEN,1417.2851,1466.2793,7,7,1,0,-6.7941999999998615,0.2857142857142857,1.0
2000,6,REG,SF,LV,1425.9565,1539.6648,7,14,0,0,-71.5083,0.2857142857142857,1.0
2000,6,REG,JAX,BAL,1531.6476,1554.3634,7,7,1,0,19.484200000000058,0.2857142857142857,1.0
2000,6,REG,MIN,TB,1605.176,1562.5808,8,8,1,1,84.79519999999998,0.2857142857142857,1.0
2000,7,REG,BUF,LAC,1526.5748,1397.6762,7,7,0,1,171.09859999999998,0.3333333333333333,1.0
2000,7,REG,KC,LV,1539.822,1555.6056,13,7,1,0,26.416399999999797,0.3333333333333333,1.0
2000,7,REG,NO,CAR,1416.4891,1472.1079,7,7,1,1,-13.418799999999962,0.3333333333333333,1.0
2000,7,REG,NYG,DAL,1519.3185,1462.4448,7,14,1,1,99.0737000000001,0.3333333333333333,1.0
2000,7,REG,PIT,CIN,1470.2184,1373.9488,7,7,1,1,138.46960000000007,0.3333333333333333,1.0
2000,7,REG,LA,ATL,1659.5112,1430.6378,14,7,1,1,271.07339999999994,0.3333333333333333,1.0
2000,7,REG,WAS,BAL,1564.9152,1575.4838,7,7,0,1,31.631399999999942,0.3333333333333333,1.0
2000,7,REG,ARI,PHI,1440.2895,1471.2121,7,7,1,0,11.277400000000128,0.3333333333333333,1.0
2000,7,REG,DEN,CLE,1485.8882,1392.7479,7,7,0,1,135.3403,0.3333333333333333,1.0
2000,7,REG,NE,NYJ,1483.4927,1574.8099,7,7,1,0,-49.117199999999954,0.3333333333333333,1.0
2000,7,REG,SEA,IND,1461.2753,1578.5392,7,7,0,0,-75.06389999999992,0.3333333333333333,1.0
2000,7,REG,GB,SF,1459.2664,1410.0157,7,7,0,1,91.45070000000005,0.3333333333333333,1.0
2000,7,REG,CHI,MIN,1411.378,1620.3895,7,6,1,0,-166.81150000000008,0.3333333333333333,1.0
2000,7,REG,TEN,JAX,1634.276,1510.5272,8,8,1,1,165.94880000000006,0.3333333333333333,1.0
2000,8,REG,TB,DET,1547.3673,1515.1673,10,11,1,0,74.39999999999982,0.38095238095238093,1.0
2000,8,REG,IND,NE,1594.2842,1466.3014,7,7,1,1,170.1828,0.38095238095238093,1.0
2000,8,REG,ATL,NO,1423.6944,1437.2612,7,7,1,0,28.633200000000173,0.38095238095238093,1.0
2000,8,REG,BAL,TEN,1557.2996,1645.389,7,6,1,0,-45.88939999999984,0.38095238095238093,1.0
2000,8,REG,CAR,SF,1451.3358,1395.1617,7,7,1,1,98.37409999999996,0.38095238095238093,1.0
2000,8,REG,CIN,DEN,1361.5229,1498.4689,7,7,0,1,-94.74600000000014,0.38095238095238093,1.0
2000,8,REG,DAL,ARI,1447.9982,1419.6405,7,7,1,1,70.55770000000003,0.38095238095238093,1.0
2000,8,REG,KC,LA,1518.3043,1666.4546,7,7,0,1,-105.95030000000001,0.38095238095238093,1.0
2000,8,REG,MIN,BUF,1631.4627,1537.4514,7,7,0,1,136.2113000000001,0.38095238095238093,1.0
2000,8,REG,PHI,CHI,1491.8611,1400.3048,7,7,0,1,133.75630000000018,0.38095238095238093,1.0
2000,8,REG,LV,SEA,1577.1233,1445.5303,7,7,1,1,173.79300000000006,0.38095238095238093,1.0
2000,8,REG,PIT,CLE,1482.6443,1380.1672,7,7,1,1,144.67709999999983,0.38095238095238093,1.0
2000,8,REG,JAX,WAS,1499.4142,1583.0994,6,7,0,0,-41.48520000000012,0.38095238095238093,1.0
2000,8,REG,NYJ,MIA,1592.0012,1577.0439,8,15,1,1,57.157300000000035,0.38095238095238093,1.0
2000,9,REG,ATL,CAR,1402.0499,1465.8196,7,7,1,1,-21.569700000000054,0.42857142857142855,1.0
2000,9,REG,BAL,PIT,1539.926,1494.7662,7,7,1,0,87.35979999999991,0.42857142857142855,1.0
2000,9,REG,BUF,NYJ,1524.9139,1608.7403,7,6,1,1,-41.62639999999992,0.42857142857142855,1.0
2000,9,REG,CLE,CIN,1368.0453,1386.8456,7,7,1,0,23.399699999999896,0.42857142857142855,1.0
2000,9,REG,IND,DET,1605.2026,1539.3858,7,10,0,1,108.01680000000006,0.42857142857142855,1.0
2000,9,REG,MIA,GB,1560.3048,1474.1204,6,14,0,1,128.38439999999986,0.42857142857142855,1.0
2000,9,REG,TB,MIN,1523.1488,1644.0002,10,7,1,1,-78.65140000000001,0.42857142857142855,1.0
2000,9,REG,ARI,NO,1403.6472,1458.9057,7,7,0,0,-13.05849999999991,0.42857142857142855,1.0
2000,9,REG,NYG,PHI,1533.7651,1504.5206,14,7,1,1,71.44450000000002,0.42857142857142855,1.0
2000,9,REG,SF,LA,1380.6779,1640.5379,7,7,1,0,-217.66000000000014,0.42857142857142855,1.0
2000,9,REG,DAL,JAX,1463.9915,1481.791,7,7,0,0,24.40050000000015,0.42857142857142855,1.0
2000,9,REG,SEA,KC,1434.776,1544.221,7,7,1,0,-67.24499999999993,0.42857142857142855,1.0
2000,9,REG,LAC,LV,1386.7996,1587.8776,14,7,1,0,-158.878,0.42857142857142855,1.0
2000,9,REG,WAS,TEN,1600.7226,1662.7626,8,8,0,0,-19.83999999999996,0.42857142857142855,1.0
2000,10,REG,ATL,TB,1423.29,1547.6006,7,7,0,0,-82.11060000000002,0.47619047619047616,1.0
2000,10,REG,CHI,IND,1387.6453,1619.1775,14,7,0,1,-189.3322000000001,0.47619047619047616,1.0
2000,10,REG,CIN,BAL,1408.1906,1515.0005,7,7,1,0,-64.6099000000002,0.47619047619047616,1.0
2000,10,REG,CLE,NYG,1346.7003,1549.7094,7,7,0,0,-160.8091,0.47619047619047616,1.0
2000,10,REG,DET,MIA,1525.4109,1573.2334,7,7,0,0,-5.622499999999988,0.47619047619047616,1.0
2000,10,REG,NE,BUF,1455.383,1547.2987,14,7,1,0,-49.71570000000001,0.47619047619047616,1.0
2000,10,REG,NO,SF,1478.1543,1371.7903,7,7,1,1,148.56400000000002,0.47619047619047616,1.0
2000,10,REG,PHI,DAL,1488.5763,1442.5892,7,7,1,1,88.18710000000006,0.47619047619047616,1.0
2000,10,REG,TEN,PIT,1681.6218,1519.6917,6,7,1,1,204.1300999999998,0.47619047619047616,1.0
2000,10,REG,ARI,WAS,1384.3986,1581.8634,7,6,1,1,-155.26479999999998,0.47619047619047616,1.0
2000,10,REG,NYJ,DEN,1586.3555,1473.1462,7,14,0,0,155.40929999999997,0.47619047619047616,1.0
2000,10,REG,LV,KC,1599.3202,1560.3977,7,7,1,1,81.12250000000013,0.47619047619047616,1.0
2000,10,REG,SEA,LAC,1418.5993,1375.357,7,7,1,1,85.44230000000012,0.47619047619047616,1.0
2000,10,REG,LA,CAR,1649.4255,1444.5795,7,7,1,0,247.046,0.47619047619047616,1.0
2000,10,REG,GB,MIN,1461.1918,1619.5484,8,8,1,1,-116.15659999999984,0.47619047619047616,1.0
2000,11,REG,BUF,CHI,1564.4562,1417.5797,7,7,0,1,189.07650000000007,0.5238095238095238,1.0
2000,11,REG,CAR,NO,1476.8063,1490.088,7,7,1,0,28.918300000000002,0.5238095238095238,1.0
2000,11,REG,DAL,CIN,1427.5594,1391.8676,7,7,0,1,77.89180000000006,0.5238095238095238,1.0
2000,11,REG,DET,ATL,1505.7345,1407.9306,7,7,0,1,140.0039000000001,0.5238095238095238,1.0
2000,11,REG,JAX,SEA,1503.1933,1433.7777,14,7,0,0,111.61559999999982,0.5238095238095238,1.0
2000,11,REG,MIN,ARI,1593.1004,1412.7854,6,7,0,1,222.51500000000004,0.5238095238095238,1.0
2000,11,REG,PIT,PHI,1510.2541,1503.6061,7,7,0,0,48.84800000000014,0.5238095238095238,1.0
2000,11,REG,TEN,BAL,1691.0594,1531.3235,7,7,1,0,201.93590000000012,0.5238095238095238,1.0
2000,11,REG,CLE,NE,1335.3483,1438.2255,7,7,0,1,-60.6771999999999,0.5238095238095238,1.0
2000,11,REG,LAC,MIA,1360.1786,1592.9098,7,7,0,0,-190.53119999999996,0.5238095238095238,1.0
2000,11,REG,SF,KC,1359.8566,1544.9844,7,7,0,1,-142.9278,0.5238095238095238,1.0
2000,11,REG,NYG,LA,1561.0614,1617.1987,7,7,0,0,-13.937299999999865,0.5238095238095238,1.0
2000,11,REG,TB,GB,1562.96,1487.6398,7,6,1,1,117.52020000000012,0.5238095238095238,1.0
2000,11,REG,IND,NYJ,1589.2431,1557.9619,7,7,1,1,73.4811999999999,0.5238095238095238,1.0
2000,11,REG,DEN,LV,1501.5398,1614.7335,8,8,1,1,-70.99370000000003,0.5238095238095238,1.0
2000,12,REG,CHI,TB,1407.503,1576.4417,7,7,1,1,-126.73870000000015,0.5714285714285714,1.0
2000,12,REG,GB,IND,1474.1581,1605.0751,7,7,0,1,-88.71699999999991,0.5714285714285714,1.0
2000,12,REG,KC,BUF,1517.1915,1574.5329,7,7,0,0,-15.141400000000019,0.5714285714285714,1.0
2000,12,REG,MIN,CAR,1601.7963,1455.1455,7,7,0,1,188.85079999999988,0.5714285714285714,1.0
2000,12,REG,NE,CIN,1414.7677,1376.2778,7,7,0,1,80.68990000000004,0.5714285714285714,1.0
2000,12,REG,NO,LV,1511.7488,1590.7027,7,6,0,0,-36.75389999999997,0.5714285714285714,1.0
2000,12,REG,NYG,DET,1541.8633,1518.0849,7,7,0,0,65.97839999999992,0.5714285714285714,1.0
2000,12,REG,PHI,ARI,1526.3996,1404.0895,7,7,1,1,164.5100999999999,0.5714285714285714,1.0
2000,12,REG,TEN,CLE,1660.5884,1358.8061,7,7,1,1,343.98230000000007,0.5714285714285714,1.0
2000,12,REG,DEN,LAC,1525.5706,1350.1649,6,7,1,1,217.6057,0.5714285714285714,1.0
2000,12,REG,MIA,NYJ,1602.9235,1542.1299,7,7,1,0,102.9936000000002,0.5714285714285714,1.0
2000,12,REG,BAL,DAL,1561.7945,1443.1492,7,7,0,1,160.8452999999999,0.5714285714285714,1.0
2000,12,REG,SF,ATL,1387.6495,1395.5802,7,7,1,1,34.26929999999989,0.5714285714285714,1.0
2000,12,REG,PIT,JAX,1487.4606,1476.9805,7,7,1,0,52.68010000000022,0.5714285714285714,1.0
2000,12,REG,LA,WAS,1636.3968,1553.4766,8,15,0,0,125.12020000000003,0.5714285714285714,1.0
2000,13,REG,DET,NE,1541.8379,1430.2046,4,4,0,1,153.83329999999995,0.6190476190476191,1.0
2000,13,REG,DAL,MIN,1431.7989,1611.8828,4,4,0,0,-137.8839000000001,0.6190476190476191,1.0
2000,13,REG,BAL,CLE,1573.1448,1353.9539,7,7,1,1,261.39090000000004,0.6190476190476191,1.0
2000,13,REG,CIN,PIT,1360.8409,1464.4511,7,7,1,0,-61.410200000000074,0.6190476190476191,1.0
2000,13,REG,NYJ,CHI,1567.8909,1434.4914,7,7,0,1,175.59949999999998,0.6190476190476191,1.0
2000,13,REG,LA,NO,1609.4903,1493.8567,6,7,1,0,157.83359999999988,0.6190476190476191,1.0
2000,13,REG,TB,BUF,1549.4533,1593.6618,7,7,0,1,-2.0085000000001827,0.6190476190476191,1.0
2000,13,REG,WAS,PHI,1580.3831,1537.5792,6,7,1,0,85.00390000000012,0.6190476190476191,1.0
2000,13,REG,LV,ATL,1608.5948,1377.5465,7,7,0,1,273.24830000000014,0.6190476190476191,1.0
2000,13,REG,IND,MIA,1580.0763,1577.1625,7,7,1,0,45.11380000000004,0.6190476190476191,1.0
2000,13,REG,JAX,TEN,1499.99,1665.4406,7,7,1,1,-123.25059999999989,0.6190476190476191,1.0
2000,13,REG,LAC,KC,1341.2752,1498.0626,7,7,1,1,-114.58739999999993,0.6190476190476191,1.0
2000,13,REG,SEA,DEN,1459.9905,1534.4603,14,7,1,0,-32.26979999999985,0.6190476190476191,1.0
2000,13,REG,ARI,NYG,1392.9099,1518.1103,7,7,1,0,-83.00039999999994,0.6190476190476191,1.0
2000,13,REG,CAR,GB,1445.059,1499.1569,8,8,0,1,-11.897899999999979,0.6190476190476191,1.0
2000,14,REG,MIN,DET,1624.3376,1553.5192,7,7,1,1,113.01840000000011,0.6666666666666666,1.0
2000,14,REG,ATL,SEA,1370.6746,1441.8428,7,7,0,0,-28.96819999999984,0.6666666666666666,1.0
2000,14,REG,BUF,MIA,1573.5462,1599.745,7,7,1,0,16.00120000000011,0.6666666666666666,1.0
2000,14,REG,CAR,LA,1465.7436,1580.9821,6,7,1,1,-73.03849999999993,0.6666666666666666,1.0
2000,14,REG,CIN,ARI,1344.3396,1377.5989,7,7,0,1,8.940700000000064,0.6666666666666666,1.0
2000,14,REG,NO,DEN,1522.3649,1552.608,7,7,0,0,11.95690000000009,0.6666666666666666,1.0
2000,14,REG,PHI,TEN,1562.3771,1638.6291,7,7,0,0,-34.05200000000018,0.6666666666666666,1.0
2000,14,REG,PIT,LV,1480.9524,1615.4667,7,7,0,1,-92.31430000000005,0.6666666666666666,1.0
2000,14,REG,TB,DAL,1569.5689,1419.3441,7,10,0,1,192.42479999999995,0.6666666666666666,1.0
2000,14,REG,WAS,NYG,1555.5852,1533.4213,7,7,1,0,64.36390000000002,0.6666666666666666,1.0
2000,14,REG,LAC,SF,1367.6422,1405.6832,7,14,0,0,4.159000000000063,0.6666666666666666,1.0
2000,14,REG,JAX,CLE,1526.8015,1346.6848,7,7,1,1,222.31670000000003,0.6666666666666666,1.0
2000,14,REG,NYJ,IND,1578.5636,1557.4938,7,7,1,1,63.26979999999999,0.6666666666666666,1.0
2000,14,REG,CHI,GB,1423.8187,1478.4723,7,6,1,0,-12.453599999999867,0.6666666666666666,1.0
2000,14,REG,NE,KC,1418.5233,1471.6956,11,8,0,1,-10.972299999999947,0.6666666666666666,1.0
2000,15,REG,BAL,LAC,1580.4139,1347.4028,14,7,0,1,275.21109999999993,0.7142857142857143,1.0
2000,15,REG,CHI,NE,1404.5353,1439.1547,7,6,0,1,7.580599999999961,0.7142857142857143,1.0
2000,15,REG,CLE,PHI,1337.9811,1544.331,7,7,0,0,-164.14989999999995,0.7142857142857143,1.0
2000,15,REG,GB,DET,1497.7557,1539.8049,7,10,1,1,0.1507999999998475,0.7142857142857143,1.0
2000,15,REG,JAX,ARI,1535.5052,1358.1135,7,7,0,1,219.59170000000012,0.7142857142857143,1.0
2000,15,REG,KC,CAR,1451.0642,1489.8872,6,7,0,1,3.3770000000001374,0.7142857142857143,1.0
2000,15,REG,MIA,TB,1620.6655,1579.501,7,7,0,0,83.36450000000009,0.7142857142857143,1.0
2000,15,REG,NYG,PIT,1557.0846,1506.1448,7,7,0,1,93.13979999999988,0.7142857142857143,1.0
2000,15,REG,TEN,CIN,1656.6752,1363.825,7,7,1,1,335.05019999999985,0.7142857142857143,1.0
2000,15,REG,DEN,SEA,1573.296,1460.1791,7,7,1,1,155.31689999999998,0.7142857142857143,1.0
2000,15,REG,DAL,WAS,1409.412,1531.9219,7,7,1,1,-80.30990000000001,0.7142857142857143,1.0
2000,15,REG,SF,NO,1425.9226,1501.6769,7,7,1,0,-33.55429999999983,0.7142857142857143,1.0
2000,15,REG,LA,MIN,1556.8385,1638.0519,7,10,0,1,-39.01339999999986,0.7142857142857143,1.0
2000,15,REG,LV,NYJ,1590.2743,1594.9612,7,7,0,1,37.51310000000008,0.7142857142857143,1.0
2000,15,REG,IND,BUF,1541.0962,1552.6257,8,8,1,1,30.670499999999905,0.7142857142857143,1.0
2000,16,REG,PIT,WAS,1491.3815,1507.3795,6,6,0,1,26.201999999999956,0.7619047619047619,1.0
2000,16,REG,SEA,LV,1448.5683,1608.1232,6,6,1,1,-117.35490000000009,0.7619047619047619,1.0
2000,16,REG,BUF,NE,1534.3867,1419.591,6,7,1,0,156.9957000000001,0.7619047619047619,1.0
2000,16,REG,CAR,LAC,1470.0816,1340.595,7,7,0,1,171.68659999999994,0.7619047619047619,1.0
2000,16,REG,CIN,JAX,1358.7492,1544.3162,7,7,1,1,-143.36700000000002,0.7619047619047619,1.0
2000,16,REG,CLE,TEN,1326.7848,1661.751,7,7,1,0,-292.7662000000001,0.7619047619047619,1.0
2000,16,REG,KC,DEN,1470.8698,1584.9068,7,7,1,1,-71.83700000000003,0.7619047619047619,1.0
2000,16,REG,MIN,GB,1615.8155,1517.747,7,7,1,0,140.26849999999985,0.7619047619047619,1.0
2000,16,REG,NO,ATL,1519.7513,1352.3383,7,14,1,1,209.613,0.7619047619047619,1.0
2000,16,REG,NYJ,DET,1577.1123,1519.8136,7,7,0,0,99.49870000000006,0.7619047619047619,1.0
2000,16,REG,SF,CHI,1407.8482,1424.099,7,7,0,1,25.949199999999976,0.7619047619047619,1.0
2000,16,REG,ARI,BAL,1349.3025,1587.2217,7,7,0,0,-195.71920000000006,0.7619047619047619,1.0
2000,16,REG,MIA,IND,1595.9567,1559.3352,7,6,1,0,78.82149999999997,0.7619047619047619,1.0
2000,16,REG,DAL,NYG,1433.9544,1571.8479,7,7,1,0,-95.6934999999999,0.7619047619047619,1.0
2000,16,REG,TB,LA,1604.2098,1579.0749,8,8,0,1,67.33490000000002,0.7619047619047619,1.0
2000,17,REG,NYG,JAX,1586.4745,1516.5019,6,6,0,1,112.17260000000006,0.8095238095238095,1.0
2000,17,REG,DEN,SF,1560.8295,1426.3572,6,6,0,1,176.67230000000012,0.8095238095238095,1.0
2000,17,REG,SEA,BUF,1475.0781,1505.918,7,6,0,0,11.36010000000006,0.8095238095238095,1.0
2000,17,REG,ATL,KC,1343.1264,1494.9471,7,7,0,1,-109.62069999999999,0.8095238095238095,1.0
2000,17,REG,BAL,NYJ,1597.0129,1551.5363,7,7,0,1,87.67659999999997,0.8095238095238095,1.0
2000,17,REG,DET,CHI,1545.3896,1405.59,7,7,1,0,181.99960000000004,0.8095238095238095,1.0
2000,17,REG,GB,TB,1545.4096,1620.3815,7,6,1,1,-32.7719,0.8095238095238095,1.0
2000,17,REG,NE,MIA,1448.0597,1571.4956,7,7,1,0,-81.23589999999994,0.8095238095238095,1.0
2000,17,REG,NO,LA,1528.9632,1562.9032,7,6,1,0,8.259999999999948,0.8095238095238095,1.0
2000,17,REG,PHI,CIN,1555.5273,1386.5635,14,7,0,1,211.16379999999998,0.8095238095238095,1.0
2000,17,REG,WAS,ARI,1488.885,1339.5113,8,7,1,1,191.5737000000001,0.8095238095238095,1.0
2000,17,REG,LAC,PIT,1329.7451,1509.876,7,8,0,0,-137.9308999999999,0.8095238095238095,1.0
2000,17,REG,IND,MIN,1583.7963,1588.1529,7,7,0,1,37.84339999999993,0.8095238095238095,1.0
2000,17,REG,LV,CAR,1581.6134,1480.9315,8,7,0,1,142.88190000000003,0.8095238095238095,1.0
2000,17,REG,TEN,DAL,1668.0068,1419.3278,8,8,0,1,290.8790000000001,0.8095238095238095,1.0
2001,1,REG,BAL,CHI,1624.2812,1462.3619,7,7,0,1,204.11929999999978,0.047619047619047616,1.0
2001,1,REG,BUF,NO,1517.183,1510.8547,7,7,0,0,48.5282999999999,0.047619047619047616,1.0
2001,1,REG,CIN,NE,1427.6888,1460.8316,7,7,0,1,9.057199999999924,0.047619047619047616,1.0
2001,1,REG,CLE,SEA,1393.5574,1473.8946,7,7,0,0,-38.13720000000016,0.047619047619047616,1.0
2001,1,REG,DAL,TB,1449.0486,1546.2874,7,7,0,0,-55.03879999999985,0.047619047619047616,1.0
2001,1,REG,GB,DET,1541.6143,1510.7059,7,7,1,1,73.10840000000003,0.047619047619047616,1.0
2001,1,REG,JAX,PIT,1502.8862,1514.6371,7,7,1,1,30.4491,0.047619047619047616,1.0
2001,1,REG,KC,LV,1482.5429,1556.5042,7,7,1,0,-31.761300000000162,0.047619047619047616,1.0
2001,1,REG,MIN,CAR,1543.2711,1482.4733,7,7,0,0,102.99779999999983,0.047619047619047616,1.0
2001,1,REG,NYJ,IND,1523.1273,1548.9522,7,7,1,0,16.37510000000016,0.047619047619047616,1.0
2001,1,REG,PHI,LA,1541.9324,1535.5162,7,7,0,0,48.61619999999989,0.047619047619047616,1.0
2001,1,REG,LAC,WAS,1391.6156,1500.5522,7,7,0,1,-66.7366,0.047619047619047616,1.0
2001,1,REG,SF,ATL,1450.6797,1422.7812,7,7,1,1,70.09850000000002,0.047619047619047616,1.0
2001,1,REG,TEN,MIA,1587.9363,1553.3626,7,7,0,0,76.77370000000015,0.047619047619047616,1.0
2001,1,REG,DEN,NYG,1533.0812,1572.3774,7,7,0,1,2.903800000000004,0.047619047619047616,1.0
2001,2,REG,ATL,CAR,1406.7625,1508.2345,14,14,1,1,-59.27199999999998,0.09523809523809523,1.0
2001,2,REG,CHI,MIN,1452.9238,1517.5099,14,14,1,1,-22.386099999999985,0.09523809523809523,1.0
2001,2,REG,CIN,BAL,1447.1675,1633.7193,14,14,1,1,-144.35179999999997,0.09523809523809523,1.0
2001,2,REG,CLE,DET,1375.744,1494.8533,14,14,0,1,-76.90930000000007,0.09523809523809523,1.0
2001,2,REG,DAL,LAC,1432.1906,1415.4107,14,14,0,0,58.9799,0.09523809523809523,1.0
2001,2,REG,IND,BUF,1569.8941,1494.4075,14,14,1,1,117.68659999999996,0.09523809523809523,1.0
2001,2,REG,JAX,TEN,1521.1379,1563.5874,14,14,1,1,-0.24949999999994077,0.09523809523809523,1.0
2001,2,REG,KC,NYG,1464.3662,1552.5446,14,13,0,0,-45.97840000000001,0.09523809523809523,1.0
2001,2,REG,MIA,LV,1577.7115,1574.6809,14,14,0,1,45.230599999999825,0.09523809523809523,1.0
2001,2,REG,NE,NYJ,1441.3529,1502.1854,14,14,1,0,-18.63249999999998,0.09523809523809523,1.0
2001,2,REG,SEA,PHI,1491.708,1519.152,14,14,0,0,14.756000000000043,0.09523809523809523,1.0
2001,2,REG,SF,LA,1466.6984,1558.2966,14,14,1,0,-49.3981999999999,0.09523809523809523,1.0
2001,2,REG,ARI,DEN,1398.9656,1552.914,14,13,0,0,-111.74839999999999,0.09523809523809523,1.0
2001,2,REG,GB,WAS,1557.4669,1476.7571,15,15,0,1,122.90979999999986,0.09523809523809523,1.0
2001,3,REG,BUF,PIT,1480.9343,1496.3854,7,21,0,0,26.748900000000006,0.14285714285714285,1.0
2001,3,REG,CAR,GB,1484.8552,1570.6727,7,6,0,0,-43.617500000000106,0.14285714285714285,1.0
2001,3,REG,MIN,TB,1496.223,1563.1454,7,21,1,1,-24.72240000000015,0.14285714285714285,1.0
2001,3,REG,NE,IND,1422.4244,1583.3673,7,7,1,1,-118.74289999999978,0.14285714285714285,1.0
2001,3,REG,NYG,NO,1569.9132,1533.6302,7,21,0,1,78.4829999999999,0.14285714285714285,1.0
2001,3,REG,LA,MIA,1575.472,1595.1224,7,7,0,1,22.549600000000012,0.14285714285714285,1.0
2001,3,REG,WAS,KC,1463.5513,1446.9976,6,7,0,0,58.753700000000165,0.14285714285714285,1.0
2001,3,REG,ARI,ATL,1385.1853,1430.1418,7,7,0,0,-2.7565000000000026,0.14285714285714285,1.0
2001,3,REG,DEN,BAL,1566.6943,1605.857,7,7,0,0,3.037300000000144,0.14285714285714285,1.0
2001,3,REG,JAX,CLE,1541.1523,1400.1003,7,7,1,0,183.2519999999999,0.14285714285714285,1.0
2001,3,REG,LV,SEA,1557.27,1470.8591,7,7,1,1,128.61090000000007,0.14285714285714285,1.0
2001,3,REG,LAC,CIN,1438.7736,1475.0298,7,7,0,1,5.9437999999999676,0.14285714285714285,1.0
2001,3,REG,PHI,DAL,1540.0009,1408.8277,7,7,1,1,173.37319999999994,0.14285714285714285,1.0
2001,3,REG,NYJ,SF,1521.1139,1449.523,8,8,0,0,113.79090000000015,0.14285714285714285,1.0
2001,4,REG,ATL,CHI,1449.9831,1474.2107,7,14,0,0,17.972399999999837,0.19047619047619047,1.0
2001,4,REG,BAL,TEN,1626.0318,1543.573,7,14,1,1,124.65879999999989,0.19047619047619047,1.0
2001,4,REG,CLE,LAC,1429.7688,1458.4315,7,7,0,1,13.537300000000144,0.19047619047619047,1.0
2001,4,REG,MIA,NE,1576.4186,1449.0055,7,7,1,1,169.61309999999997,0.19047619047619047,1.0
2001,4,REG,NO,MIN,1518.0727,1517.6437,7,7,0,1,42.62899999999986,0.19047619047619047,1.0
2001,4,REG,NYG,WAS,1585.4707,1440.201,7,7,1,1,187.46970000000005,0.19047619047619047,1.0
2001,4,REG,PHI,ARI,1550.7742,1365.344,7,7,1,0,227.6302,0.19047619047619047,1.0
2001,4,REG,PIT,CIN,1517.9222,1455.3719,7,7,1,1,104.75029999999988,0.19047619047619047,1.0
2001,4,REG,BUF,NYJ,1459.3975,1494.7881,7,6,1,0,6.809400000000053,0.19047619047619047,1.0
2001,4,REG,DEN,KC,1546.5195,1470.3479,7,7,1,1,118.37160000000013,0.19047619047619047,1.0
2001,4,REG,SEA,JAX,1457.9419,1511.4838,7,7,0,1,-11.341899999999939,0.19047619047619047,1.0
2001,4,REG,LV,DAL,1570.1872,1398.0544,7,7,0,1,214.33280000000008,0.19047619047619047,1.0
2001,4,REG,TB,GB,1541.7247,1588.175,7,7,1,1,-4.250299999999967,0.19047619047619047,1.0
2001,4,REG,SF,CAR,1475.8488,1467.3529,6,7,1,1,50.695899999999895,0.19047619047619047,1.0
2001,4,REG,DET,LA,1470.497,1594.1758,15,8,0,0,-81.47879999999991,0.19047619047619047,1.0
2001,5,REG,ATL,SF,1428.9494,1492.951,7,7,1,0,-21.80160000000005,0.23809523809523808,1.0
2001,5,REG,CAR,NO,1450.2507,1535.631,7,7,1,0,-43.18030000000003,0.23809523809523808,1.0
2001,5,REG,CHI,ARI,1495.2444,1396.8468,7,7,0,1,140.5976,0.23809523809523808,1.0
2001,5,REG,CIN,CLE,1441.2255,1448.9899,7,7,1,1,34.43559999999998,0.23809523809523808,1.0
2001,5,REG,GB,BAL,1567.9303,1639.1487,7,7,0,1,-29.01839999999997,0.23809523809523808,1.0
2001,5,REG,KC,PIT,1456.91,1532.0686,7,7,0,0,-32.958599999999976,0.23809523809523808,1.0
2001,5,REG,MIN,DET,1500.0854,1455.1032,7,6,1,1,87.18219999999992,0.23809523809523808,1.0
2001,5,REG,NE,LAC,1438.061,1439.2104,7,7,0,1,41.05059999999999,0.23809523809523808,1.0
2001,5,REG,LA,NYG,1609.5696,1595.6173,6,7,0,1,56.15230000000015,0.23809523809523808,1.0
2001,5,REG,TEN,TB,1530.4561,1561.9694,7,7,0,1,10.686700000000158,0.23809523809523808,1.0
2001,5,REG,NYJ,MIA,1515.18,1587.3631,7,7,1,1,-29.983099999999965,0.23809523809523808,1.0
2001,5,REG,SEA,DEN,1478.5946,1559.9574,7,7,1,1,-39.162800000000104,0.23809523809523808,1.0
2001,5,REG,IND,LV,1556.7862,1579.2079,14,7,0,0,19.778299999999902,0.23809523809523808,1.0
2001,5,REG,DAL,WAS,1389.0337,1430.0544,8,8,1,1,1.1792999999999694,0.23809523809523808,1.0
2001,6,REG,JAX,BUF,1490.8311,1439.0056,11,11,0,0,94.02550000000015,0.2857142857142857,1.0
2001,6,REG,CIN,CHI,1459.2497,1507.5656,7,7,0,0,-6.115899999999826,0.2857142857142857,1.0
2001,6,REG,CLE,BAL,1430.9657,1617.4821,7,7,1,1,-144.3164,0.2857142857142857,1.0
2001,6,REG,DET,TEN,1440.0191,1549.8411,7,7,0,0,-67.62200000000011,0.2857142857142857,1.0
2001,6,REG,IND,NE,1535.6489,1455.7089,7,7,1,0,122.13999999999983,0.2857142857142857,1.0
2001,6,REG,NO,ATL,1553.1581,1410.2028,7,7,1,0,185.15530000000007,0.2857142857142857,1.0
2001,6,REG,NYJ,LA,1536.9017,1626.3651,7,7,0,0,-47.26340000000009,0.2857142857142857,1.0
2001,6,REG,TB,PIT,1542.5844,1550.177,7,7,0,0,34.607400000000055,0.2857142857142857,1.0
2001,6,REG,WAS,CAR,1410.1223,1432.7236,6,7,0,1,19.598699999999965,0.2857142857142857,1.0
2001,6,REG,ARI,KC,1384.5256,1438.8016,7,7,0,1,-12.076000000000064,0.2857142857142857,1.0
2001,6,REG,LAC,DEN,1421.5625,1537.7125,7,7,1,1,-73.95000000000009,0.2857142857142857,1.0
2001,6,REG,MIN,GB,1515.1695,1589.5969,7,7,1,1,-32.22740000000003,0.2857142857142857,1.0
2001,6,REG,NYG,PHI,1578.8218,1519.2714,8,15,1,0,101.75039999999986,0.2857142857142857,1.0
2001,7,REG,KC,IND,1418.1067,1508.894,4,4,0,0,-48.587299999999956,0.3333333333333333,1.0
2001,7,REG,BAL,JAX,1589.6215,1465.5469,7,10,1,1,166.2745999999999,0.3333333333333333,1.0
2001,7,REG,CAR,NYJ,1413.8506,1519.6057,7,7,0,0,-63.55510000000008,0.3333333333333333,1.0
2001,7,REG,CHI,SF,1527.2136,1511.6976,7,14,0,1,57.71600000000008,0.3333333333333333,1.0
2001,7,REG,DET,CIN,1423.8633,1439.6017,7,7,0,0,26.461600000000047,0.3333333333333333,1.0
2001,7,REG,LA,NO,1643.6611,1523.4059,7,7,1,0,162.45520000000005,0.3333333333333333,1.0
2001,7,REG,TB,MIN,1520.5988,1537.0194,7,7,1,1,25.77940000000008,0.3333333333333333,1.0
2001,7,REG,DAL,ARI,1408.9658,1405.2205,13,7,1,1,45.945300000000046,0.3333333333333333,1.0
2001,7,REG,WAS,NYG,1428.9953,1553.1265,7,6,1,1,-81.93120000000003,0.3333333333333333,1.0
2001,7,REG,DEN,NE,1513.5187,1482.4638,7,7,0,1,73.25490000000009,0.3333333333333333,1.0
2001,7,REG,PHI,LV,1544.9667,1600.3452,6,14,0,0,-13.178500000000028,0.3333333333333333,1.0
2001,7,REG,LAC,BUF,1445.7563,1464.2898,7,10,0,1,23.6665,0.3333333333333333,1.0
2001,7,REG,SEA,MIA,1500.8395,1565.6414,14,14,0,0,-22.60189999999993,0.3333333333333333,1.0
2001,7,REG,PIT,TEN,1572.1626,1565.9969,8,8,1,1,48.36570000000002,0.3333333333333333,1.0
2001,8,REG,ATL,NE,1439.955,1466.6193,14,7,0,0,15.535699999999864,0.38095238095238093,1.0
2001,8,REG,BUF,IND,1445.6501,1526.1152,7,10,1,0,-38.26509999999989,0.38095238095238093,1.0
2001,8,REG,GB,TB,1567.747,1539.1175,14,7,1,1,70.82950000000001,0.38095238095238093,1.0
2001,8,REG,MIA,CAR,1584.3422,1397.4689,7,7,0,1,229.07329999999996,0.38095238095238093,1.0
2001,8,REG,NYG,DAL,1528.4957,1426.3363,7,7,1,1,144.3594,0.38095238095238093,1.0
2001,8,REG,PIT,BAL,1589.3963,1600.7194,6,7,1,0,30.876900000000163,0.38095238095238093,1.0
2001,8,REG,TEN,JAX,1548.7632,1454.449,6,7,1,1,136.51420000000002,0.38095238095238093,1.0
2001,8,REG,ARI,PHI,1387.85,1525.725,7,7,1,0,-95.675,0.38095238095238093,1.0
2001,8,REG,SF,DET,1494.9898,1402.343,7,7,0,1,134.84679999999997,0.38095238095238093,1.0
2001,8,REG,CHI,CLE,1543.9214,1458.8263,7,14,0,1,127.2951,0.38095238095238093,1.0
2001,8,REG,LAC,KC,1464.396,1400.8855,7,10,1,0,105.71049999999987,0.38095238095238093,1.0
2001,8,REG,WAS,SEA,1453.6261,1482.1387,7,7,0,1,13.687399999999982,0.38095238095238093,1.0
2001,8,REG,NO,NYJ,1552.1308,1535.9874,7,7,0,0,58.34339999999993,0.38095238095238093,1.0
2001,8,REG,LV,DEN,1619.5869,1529.3632,8,8,1,1,132.4237,0.38095238095238093,1.0
2001,9,REG,ATL,DAL,1419.0613,1414.1989,7,7,0,1,47.06239999999998,0.42857142857142855,1.0
2001,9,REG,CHI,GB,1556.9049,1583.7253,7,7,1,0,15.37959999999994,0.42857142857142855,1.0
2001,9,REG,CLE,PIT,1445.8428,1567.6235,7,7,1,0,-79.58070000000002,0.42857142857142855,1.0
2001,9,REG,DET,TB,1389.7378,1523.1392,7,7,1,0,-91.20139999999996,0.42857142857142855,1.0
2001,9,REG,IND,MIA,1543.9213,1592.7839,7,7,1,0,-6.662599999999927,0.42857142857142855,1.0
2001,9,REG,JAX,CIN,1441.9265,1461.122,7,14,1,1,23.004499999999965,0.42857142857142855,1.0
2001,9,REG,NE,BUF,1487.513,1427.844,7,7,1,1,101.86899999999987,0.42857142857142855,1.0
2001,9,REG,NYJ,KC,1559.3147,1426.7896,7,7,0,1,174.72509999999983,0.42857142857142855,1.0
2001,9,REG,LA,CAR,1614.9362,1389.0272,14,7,1,1,268.1090000000001,0.42857142857142855,1.0
2001,9,REG,DEN,LAC,1516.6372,1438.4919,6,7,1,1,120.34529999999991,0.42857142857142855,1.0
2001,9,REG,ARI,NYG,1373.2224,1540.6331,7,7,1,0,-125.2106999999999,0.42857142857142855,1.0
2001,9,REG,PHI,MIN,1540.3526,1518.5007,7,14,0,1,64.05189999999989,0.42857142857142855,1.0
2001,9,REG,SF,NO,1507.595,1528.8035,7,7,1,1,20.991500000000045,0.42857142857142855,1.0
2001,9,REG,SEA,LV,1462.9262,1632.3129,7,6,1,1,-127.18669999999979,0.42857142857142855,1.0
2001,9,REG,TEN,BAL,1561.2857,1622.4922,8,8,1,0,-19.006500000000003,0.42857142857142855,1.0
2001,10,REG,BAL,CLE,1641.3992,1430.3454,6,7,1,0,253.25380000000013,0.47619047619047616,1.0
2001,10,REG,BUF,SEA,1413.5456,1489.9372,7,7,0,0,-34.19160000000015,0.47619047619047616,1.0
2001,10,REG,CAR,SF,1381.9853,1526.3881,7,7,1,0,-102.20279999999984,0.47619047619047616,1.0
2001,10,REG,CIN,TEN,1442.4443,1542.3787,7,6,1,0,-57.734399999999866,0.47619047619047616,1.0
2001,10,REG,DAL,PHI,1396.8916,1556.7067,7,7,1,0,-117.61510000000003,0.47619047619047616,1.0
2001,10,REG,GB,ATL,1604.61,1436.3686,7,7,0,0,210.44139999999987,0.47619047619047616,1.0
2001,10,REG,MIA,NYJ,1612.4004,1570.0268,7,7,1,0,84.5735999999999,0.47619047619047616,1.0
2001,10,REG,NO,IND,1510.0104,1524.3048,7,7,0,1,27.905600000000007,0.47619047619047616,1.0
2001,10,REG,LV,LAC,1605.3019,1425.1552,7,7,1,1,222.3467,0.47619047619047616,1.0
2001,10,REG,PIT,JAX,1583.1209,1460.6042,7,7,1,1,164.7166999999999,0.47619047619047616,1.0
2001,10,REG,ARI,DET,1360.1335,1374.8704,7,7,0,1,27.463099999999898,0.47619047619047616,1.0
2001,10,REG,DEN,WAS,1529.9739,1472.8386,7,14,0,0,99.33529999999992,0.47619047619047616,1.0
2001,10,REG,TB,CHI,1538.0066,1536.0202,7,7,1,0,44.186400000000006,0.47619047619047616,1.0
2001,10,REG,NE,LA,1501.8114,1621.9781,7,7,0,0,-77.96669999999999,0.47619047619047616,1.0
2001,10,REG,MIN,NYG,1502.1466,1553.722,8,8,0,1,-9.375399999999942,0.47619047619047616,1.0
2001,11,REG,DET,GB,1356.448,1573.7882,4,4,1,0,-175.14019999999988,0.5238095238095238,1.0
2001,11,REG,DAL,DEN,1383.4148,1504.4066,4,4,0,0,-78.79180000000001,0.5238095238095238,1.0
2001,11,REG,BUF,MIA,1395.5075,1587.6259,7,7,1,0,-149.91840000000008,0.5238095238095238,1.0
2001,11,REG,CAR,ATL,1367.7045,1467.1904,7,7,1,0,-57.2858999999999,0.5238095238095238,1.0
2001,11,REG,CLE,CIN,1462.7935,1425.7375,7,7,1,1,79.25600000000004,0.5238095238095238,1.0
2001,11,REG,IND,SF,1505.9077,1540.6689,7,7,0,0,7.438800000000086,0.5238095238095238,1.0
2001,11,REG,JAX,BAL,1449.4342,1608.9511,7,7,1,0,-117.31690000000008,0.5238095238095238,1.0
2001,11,REG,KC,SEA,1416.0775,1507.9753,14,7,1,1,-49.69779999999996,0.5238095238095238,1.0
2001,11,REG,PHI,WAS,1570.1835,1498.4059,7,7,1,0,113.97760000000012,0.5238095238095238,1.0
2001,11,REG,TEN,PIT,1559.0855,1594.2909,7,7,1,0,6.994599999999949,0.5238095238095238,1.0
2001,11,REG,NE,NO,1486.2257,1528.4075,7,7,0,1,0.018199999999936267,0.5238095238095238,1.0
2001,11,REG,LAC,ARI,1416.4527,1378.5559,7,7,0,0,80.09679999999999,0.5238095238095238,1.0
2001,11,REG,NYG,LV,1533.1824,1614.0044,6,7,0,0,-38.622000000000114,0.5238095238095238,1.0
2001,11,REG,MIN,CHI,1522.6862,1558.5501,6,7,1,0,6.336100000000172,0.5238095238095238,1.0
2001,11,REG,LA,TB,1637.5638,1515.4767,8,8,0,0,164.28709999999995,0.5238095238095238,1.0
2001,12,REG,KC,PHI,1438.919,1543.8481,4,4,0,0,-62.72909999999983,0.5714285714285714,1.0
2001,12,REG,BAL,IND,1622.4433,1485.4796,7,7,0,1,179.1637,0.5714285714285714,1.0
2001,12,REG,CHI,DET,1578.9148,1345.7546,7,10,1,1,275.3602,0.5714285714285714,1.0
2001,12,REG,CIN,TB,1410.2223,1544.2868,7,6,0,0,-91.86450000000018,0.5714285714285714,1.0
2001,12,REG,CLE,TEN,1478.3087,1538.6829,7,7,1,0,-18.17419999999997,0.5714285714285714,1.0
2001,12,REG,MIA,DEN,1599.4944,1519.9472,7,10,0,1,121.74719999999998,0.5714285714285714,1.0
2001,12,REG,NO,CAR,1508.4085,1350.9726,7,7,1,1,199.63589999999994,0.5714285714285714,1.0
2001,12,REG,NYJ,NE,1594.8013,1506.2247,14,7,1,0,130.7766000000001,0.5714285714285714,1.0
2001,12,REG,PIT,MIN,1614.6935,1502.3215,7,7,0,1,154.57200000000006,0.5714285714285714,1.0
2001,12,REG,SEA,LAC,1485.1338,1391.9219,7,7,1,1,135.4119,0.5714285714285714,1.0
2001,12,REG,ATL,LA,1483.9223,1608.7537,7,6,1,0,-82.63140000000003,0.5714285714285714,1.0
2001,12,REG,LV,ARI,1631.7903,1403.0867,7,7,0,0,270.9035999999998,0.5714285714285714,1.0
2001,12,REG,WAS,DAL,1524.7413,1367.8742,7,10,1,0,199.06709999999993,0.5714285714285714,1.0
2001,12,REG,SF,BUF,1561.097,1383.639,7,7,0,1,219.65800000000007,0.5714285714285714,1.0
2001,12,REG,JAX,GB,1435.942,1584.4816,8,11,0,0,-106.33960000000006,0.5714285714285714,1.0
2001,13,REG,ATL,NO,1468.5912,1518.0339,7,7,1,0,-7.242699999999829,0.6190476190476191,1.0
2001,13,REG,BUF,CAR,1374.8307,1341.3472,7,7,0,1,75.68350000000005,0.6190476190476191,1.0
2001,13,REG,CIN,JAX,1395.3906,1421.8792,7,6,1,0,15.71139999999987,0.6190476190476191,1.0
2001,13,REG,DAL,NYG,1398.2248,1515.3965,7,14,1,1,-74.9717000000001,0.6190476190476191,1.0
2001,13,REG,GB,CHI,1598.5444,1585.7178,6,7,1,1,55.0266000000001,0.6190476190476191,1.0
2001,13,REG,MIN,TEN,1490.6754,1557.6377,7,7,0,1,-24.76229999999991,0.6190476190476191,1.0
2001,13,REG,NE,CLE,1533.4163,1459.3539,7,7,0,1,116.26240000000003,0.6190476190476191,1.0
2001,13,REG,PHI,LAC,1560.2759,1379.3447,10,7,0,1,223.13119999999998,0.6190476190476191,1.0
2001,13,REG,LA,SF,1624.0848,1569.9053,7,7,1,1,96.37950000000019,0.6190476190476191,1.0
2001,13,REG,TB,DET,1559.1185,1338.9516,7,7,1,1,262.36689999999993,0.6190476190476191,1.0
2001,13,REG,ARI,WAS,1436.1377,1494.3907,7,7,1,0,-16.052999999999926,0.6190476190476191,1.0
2001,13,REG,LV,KC,1598.7393,1422.4912,7,10,1,1,218.4481,0.6190476190476191,1.0
2001,13,REG,PIT,NYJ,1626.3396,1567.6097,7,7,0,1,100.92990000000005,0.6190476190476191,1.0
2001,13,REG,DEN,SEA,1506.6821,1497.711,7,7,1,1,51.17109999999998,0.6190476190476191,1.0
2001,13,REG,MIA,IND,1612.7595,1474.9667,8,8,1,1,179.99279999999993,0.6190476190476191,1.0
2001,14,REG,NYG,ARI,1491.1465,1417.0611,6,6,1,1,116.28540000000017,0.6666666666666666,1.0
2001,14,REG,LAC,LV,1370.6729,1607.5956,6,6,1,0,-194.7227000000001,0.6666666666666666,1.0
2001,14,REG,BUF,NE,1390.5416,1546.9628,7,7,1,0,-114.2212,0.6666666666666666,1.0
2001,14,REG,CHI,TB,1568.8592,1566.3542,7,7,1,1,44.70500000000011,0.6666666666666666,1.0
2001,14,REG,CLE,JAX,1445.8074,1442.783,7,7,1,0,45.22440000000002,0.6666666666666666,1.0
2001,14,REG,DET,MIN,1331.7159,1512.0984,7,7,1,1,-138.18250000000018,0.6666666666666666,1.0
2001,14,REG,IND,ATL,1464.4907,1449.0081,6,7,0,1,57.68260000000005,0.6666666666666666,1.0
2001,14,REG,KC,DEN,1413.6349,1523.7576,7,7,1,1,-67.92269999999989,0.6666666666666666,1.0
2001,14,REG,NYJ,CIN,1553.2616,1374.4868,7,7,0,1,220.97480000000013,0.6666666666666666,1.0
2001,14,REG,WAS,PHI,1513.4673,1568.9477,7,7,1,0,-13.280399999999915,0.6666666666666666,1.0
2001,14,REG,SF,MIA,1555.3153,1623.2355,7,6,0,1,-25.72020000000002,0.6666666666666666,1.0
2001,14,REG,SEA,DAL,1480.6355,1422.4748,7,7,0,1,100.36070000000014,0.6666666666666666,1.0
2001,14,REG,TEN,GB,1536.2147,1615.403,7,7,0,1,-36.988300000000024,0.6666666666666666,1.0
2001,14,REG,BAL,PIT,1632.9562,1640.6877,14,7,1,0,34.468500000000134,0.6666666666666666,1.0
2001,14,REG,NO,LA,1537.617,1638.6748,8,8,1,0,-58.85780000000004,0.6666666666666666,1.0
2001,15,REG,LV,TEN,1617.4293,1558.3359,7,6,0,0,101.29339999999998,0.7142857142857143,1.0
2001,15,REG,NE,MIA,1560.6148,1601.7576,6,6,1,1,1.057200000000151,0.7142857142857143,1.0
2001,15,REG,SF,PHI,1576.7932,1588.1836,6,6,0,1,30.809600000000003,0.7142857142857143,1.0
2001,15,REG,ATL,BUF,1432.2984,1376.8896,7,7,0,1,97.60879999999993,0.7142857142857143,1.0
2001,15,REG,BAL,CIN,1610.9785,1365.7304,7,7,1,1,287.4481,0.7142857142857143,1.0
2001,15,REG,CAR,LA,1325.6363,1655.3187,14,6,1,0,-287.48240000000015,0.7142857142857143,1.0
2001,15,REG,KC,LAC,1437.4958,1360.8392,7,8,1,1,118.85660000000003,0.7142857142857143,1.0
2001,15,REG,MIN,JAX,1484.5385,1465.3717,7,7,0,0,61.3668000000002,0.7142857142857143,1.0
2001,15,REG,NYG,SEA,1504.6918,1495.0138,8,7,0,1,51.878000000000114,0.7142857142857143,1.0
2001,15,REG,PIT,DET,1662.6654,1359.2758,7,7,0,1,345.5896000000002,0.7142857142857143,1.0
2001,15,REG,TB,NO,1548.9135,1520.9731,7,6,0,1,70.14040000000018,0.7142857142857143,1.0
2001,15,REG,WAS,CHI,1494.2314,1586.2999,7,7,0,0,-49.86850000000008,0.7142857142857143,1.0
2001,15,REG,ARI,DAL,1403.5158,1408.0965,8,7,1,1,37.6192999999998,0.7142857142857143,1.0
2001,15,REG,GB,CLE,1593.2818,1423.2187,7,7,0,1,212.26310000000007,0.7142857142857143,1.0
2001,15,REG,IND,NYJ,1481.2004,1562.018,7,7,1,0,-38.61760000000008,0.7142857142857143,1.0
2001,16,REG,TB,BAL,1564.9299,1617.3976,6,6,0,1,-10.26769999999992,0.7619047619047619,1.0
2001,16,REG,CAR,ARI,1319.2183,1421.3587,7,7,0,0,-59.9404,0.7619047619047619,1.0
2001,16,REG,CIN,PIT,1359.3113,1667.4783,7,7,1,1,-265.9669999999999,0.7619047619047619,1.0
2001,16,REG,DAL,SF,1390.2536,1595.0243,7,8,0,1,-162.57070000000004,0.7619047619047619,1.0
2001,16,REG,DET,CHI,1354.4629,1603.4488,7,7,1,0,-206.7858999999999,0.7619047619047619,1.0
2001,16,REG,GB,MIN,1602.386,1461.0422,7,7,1,1,183.54379999999986,0.7619047619047619,1.0
2001,16,REG,JAX,KC,1488.868,1450.9088,7,7,0,0,80.15920000000001,0.7619047619047619,1.0
2001,16,REG,MIA,ATL,1581.8185,1446.8229,8,7,0,1,177.19560000000018,0.7619047619047619,1.0
2001,16,REG,NYJ,BUF,1579.8041,1362.3651,7,7,1,0,259.63900000000007,0.7619047619047619,1.0
2001,16,REG,LA,IND,1661.7367,1463.4143,7,7,0,1,240.5224,0.7619047619047619,1.0
2001,16,REG,TEN,CLE,1584.007,1414.1145,8,7,1,0,212.09250000000014,0.7619047619047619,1.0
2001,16,REG,PHI,NYG,1569.9525,1521.7275,8,7,1,1,90.42500000000014,0.7619047619047619,1.0
2001,16,REG,DEN,LV,1499.8967,1591.7582,14,8,1,1,-49.661499999999975,0.7619047619047619,1.0
2001,16,REG,LAC,SEA,1347.4262,1477.9781,7,7,1,0,-88.35189999999993,0.7619047619047619,1.0
2001,16,REG,NO,WAS,1504.9567,1477.0825,7,7,0,0,70.07419999999998,0.7619047619047619,1.0
2001,17,REG,IND,DEN,1455.4032,1522.7361,7,7,0,1,-25.132900000000106,0.8095238095238095,1.0
2001,17,REG,CAR,NE,1302.6349,1580.5539,7,15,0,0,-235.7190000000001,0.8095238095238095,1.0
2001,17,REG,CHI,JAX,1612.7766,1464.3338,7,7,0,1,190.6427999999998,0.8095238095238095,1.0
2001,17,REG,DET,DAL,1345.1351,1418.9839,7,7,0,1,-31.64879999999998,0.8095238095238095,1.0
2001,17,REG,NO,SF,1480.9767,1566.294,7,7,1,0,-43.11730000000016,0.8095238095238095,1.0
2001,17,REG,NYG,GB,1506.8184,1612.7047,7,7,0,0,-63.68629999999989,0.8095238095238095,1.0
2001,17,REG,PIT,CLE,1634.592,1445.0034,7,7,1,1,231.78860000000003,0.8095238095238095,1.0
2001,17,REG,TEN,CIN,1553.1181,1392.1976,7,7,1,0,203.12049999999994,0.8095238095238095,1.0
2001,17,REG,WAS,ARI,1501.0625,1437.9421,7,7,1,1,105.32040000000002,0.8095238095238095,1.0
2001,17,REG,LA,ATL,1669.7478,1436.222,7,7,1,1,275.7258000000001,0.8095238095238095,1.0
2001,17,REG,MIA,BUF,1592.4194,1395.0358,7,7,1,1,239.58359999999988,0.8095238095238095,1.0
2001,17,REG,LV,NYJ,1568.9188,1547.1334,7,7,0,0,63.985399999999984,0.8095238095238095,1.0
2001,17,REG,SEA,KC,1492.999,1475.443,7,7,1,1,59.75600000000004,0.8095238095238095,1.0
2001,17,REG,TB,PHI,1585.5208,1584.8616,8,7,0,0,42.85920000000006,0.8095238095238095,1.0
2001,17,REG,BAL,MIN,1596.8067,1450.7235,9,8,0,1,188.28320000000002,0.8095238095238095,1.0
2002,1,REG,NYG,SF,1495.5064,1540.6848,7,7,0,0,-2.9784000000000077,0.047619047619047616,1.0
2002,1,REG,BUF,NYJ,1433.434,1529.997,7,7,1,0,-54.3630000000001,0.047619047619047616,1.0
2002,1,REG,CAR,BAL,1377.9071,1568.9964,7,7,0,1,-148.8893000000001,0.047619047619047616,1.0
2002,1,REG,CHI,MIN,1558.8803,1465.6074,7,7,1,1,135.47289999999992,0.047619047619047616,1.0
2002,1,REG,CIN,LAC,1454.8708,1400.6832,7,7,0,0,96.38759999999998,0.047619047619047616,1.0
2002,1,REG,CLE,KC,1463.2392,1476.5496,7,7,0,0,28.88959999999993,0.047619047619047616,1.0
2002,1,REG,GB,ATL,1578.0627,1458.8985,7,7,0,1,161.36419999999993,0.047619047619047616,1.0
2002,1,REG,JAX,IND,1473.8349,1487.3484,7,7,1,0,28.68649999999998,0.047619047619047616,1.0
2002,1,REG,MIA,DET,1545.6427,1421.4111,7,7,0,1,166.43160000000006,0.047619047619047616,1.0
2002,1,REG,TEN,PHI,1514.7986,1581.6308,7,7,0,1,-24.632199999999827,0.047619047619047616,1.0
2002,1,REG,WAS,ARI,1510.3473,1455.5354,7,7,0,1,97.01189999999993,0.047619047619047616,1.0
2002,1,REG,DEN,LA,1502.0151,1612.1012,7,7,0,1,-67.88609999999998,0.047619047619047616,1.0
2002,1,REG,LV,SEA,1530.29,1506.9956,7,7,0,1,65.4944,0.047619047619047616,1.0
2002,1,REG,TB,NO,1528.1906,1479.3077,7,7,1,0,91.08289999999984,0.047619047619047616,1.0
2002,1,REG,HOU,DAL,1502.4304,1439.5403,7,7,0,1,105.09010000000008,0.047619047619047616,1.0
2002,1,REG,NE,PIT,1602.0905,1580.9448,7,7,0,1,63.345700000000036,0.047619047619047616,1.0
2002,2,REG,ATL,CHI,1447.5725,1571.4544,7,7,0,0,-81.68190000000008,0.09523809523809523,1.0
2002,2,REG,BAL,TB,1540.9144,1503.0643,7,7,0,0,80.05009999999989,0.09523809523809523,1.0
2002,2,REG,CAR,DET,1405.9891,1410.3204,7,7,0,1,37.86869999999995,0.09523809523809523,1.0
2002,2,REG,CLE,CIN,1441.58,1429.4604,7,7,1,1,54.319599999999994,0.09523809523809523,1.0
2002,2,REG,DAL,TEN,1425.4118,1536.2142,7,7,0,1,-68.6023999999998,0.09523809523809523,1.0
2002,2,REG,IND,MIA,1508.996,1556.7334,7,7,0,0,-5.537399999999977,0.09523809523809523,1.0
2002,2,REG,KC,JAX,1498.2088,1452.1873,7,7,0,0,88.22150000000006,0.09523809523809523,1.0
2002,2,REG,NO,GB,1504.434,1589.3887,7,7,0,1,-42.7547,0.09523809523809523,1.0
2002,2,REG,NYJ,NE,1546.8929,1618.4839,7,6,1,0,-29.39099999999989,0.09523809523809523,1.0
2002,2,REG,SEA,ARI,1490.7217,1440.9791,7,7,1,0,91.94260000000004,0.09523809523809523,1.0
2002,2,REG,LA,NYG,1588.2423,1475.6778,7,10,0,0,154.76449999999994,0.09523809523809523,1.0
2002,2,REG,MIN,BUF,1453.0333,1416.5381,7,7,0,0,78.69520000000007,0.09523809523809523,1.0
2002,2,REG,LAC,HOU,1426.0936,1516.5589,7,7,0,1,-48.26530000000007,0.09523809523809523,1.0
2002,2,REG,SF,DEN,1560.5134,1525.874,10,7,0,0,76.83940000000003,0.09523809523809523,1.0
2002,2,REG,PIT,LV,1564.5514,1546.5639,6,7,0,0,60.18749999999996,0.09523809523809523,1.0
2002,2,REG,WAS,PHI,1524.9036,1560.2152,8,8,1,0,6.888400000000004,0.09523809523809523,1.0
2002,3,REG,CHI,NO,1586.8372,1526.8828,7,7,0,0,102.15439999999985,0.14285714285714285,1.0
2002,3,REG,HOU,IND,1493.7983,1489.3147,7,7,1,0,46.68360000000003,0.14285714285714285,1.0
2002,3,REG,MIA,NYJ,1576.4147,1528.5808,7,7,1,1,90.03390000000009,0.14285714285714285,1.0
2002,3,REG,MIN,CAR,1428.5792,1423.8178,7,7,0,0,46.96139999999987,0.14285714285714285,1.0
2002,3,REG,NE,KC,1636.796,1473.2368,7,7,0,1,205.75920000000013,0.14285714285714285,1.0
2002,3,REG,PHI,DAL,1580.6117,1449.3103,6,7,1,1,173.50139999999982,0.14285714285714285,1.0
2002,3,REG,TEN,CLE,1512.3157,1458.4783,7,7,0,0,96.03740000000012,0.14285714285714285,1.0
2002,3,REG,ARI,LAC,1466.1516,1448.8542,7,7,0,0,59.49739999999993,0.14285714285714285,1.0
2002,3,REG,DEN,BUF,1550.2265,1440.9922,7,7,0,1,151.43430000000006,0.14285714285714285,1.0
2002,3,REG,DET,GB,1392.4917,1566.9399,7,7,1,0,-132.24820000000005,0.14285714285714285,1.0
2002,3,REG,NYG,SEA,1504.0408,1465.5492,7,7,0,1,80.69160000000007,0.14285714285714285,1.0
2002,3,REG,SF,WAS,1536.1609,1504.5071,7,6,0,1,73.85380000000005,0.14285714285714285,1.0
2002,3,REG,ATL,CIN,1432.1897,1412.5621,7,7,0,1,61.827599999999805,0.14285714285714285,1.0
2002,3,REG,TB,LA,1527.5925,1559.8793,8,8,0,1,9.913199999999918,0.14285714285714285,1.0
2002,4,REG,BUF,CHI,1429.1964,1561.1205,7,7,0,1,-89.72409999999995,0.19047619047619047,1.0
2002,4,REG,DET,NO,1379.757,1552.5995,7,7,0,1,-130.64249999999998,0.19047619047619047,1.0
2002,4,REG,GB,CAR,1579.6746,1446.5048,7,7,0,1,175.3698000000001,0.19047619047619047,1.0
2002,4,REG,JAX,NYJ,1477.1593,1513.6506,14,7,0,1,5.708700000000093,0.19047619047619047,1.0
2002,4,REG,KC,MIA,1463.8666,1591.3449,7,7,0,1,-85.27829999999999,0.19047619047619047,1.0
2002,4,REG,PHI,HOU,1591.3792,1471.127,7,7,0,1,162.45220000000012,0.19047619047619047,1.0
2002,4,REG,PIT,CLE,1541.121,1483.87,14,7,1,1,99.4510000000002,0.19047619047619047,1.0
2002,4,REG,LA,DAL,1540.4498,1438.5428,6,7,0,0,144.10700000000014,0.19047619047619047,1.0
2002,4,REG,ARI,NYG,1442.7597,1519.4776,7,7,0,1,-34.51789999999987,0.19047619047619047,1.0
2002,4,REG,CIN,TB,1396.0841,1547.022,7,6,0,0,-108.7378999999999,0.19047619047619047,1.0
2002,4,REG,LV,TEN,1569.9943,1486.924,14,7,0,1,125.27030000000009,0.19047619047619047,1.0
2002,4,REG,LAC,NE,1472.2461,1646.1662,7,7,0,1,-131.72009999999983,0.19047619047619047,1.0
2002,4,REG,SEA,MIN,1450.1124,1405.8922,7,7,0,1,86.42019999999998,0.19047619047619047,1.0
2002,4,REG,BAL,DEN,1516.3862,1562.0223,15,8,0,1,-3.4361000000001667,0.19047619047619047,1.0
2002,5,REG,ATL,TB,1448.6677,1560.9592,14,7,1,0,-70.09150000000004,0.23809523809523808,1.0
2002,5,REG,BUF,LV,1454.2495,1583.0802,7,7,0,0,-86.6307000000002,0.23809523809523808,1.0
2002,5,REG,CAR,ARI,1435.8218,1464.7402,7,7,0,0,13.281599999999983,0.23809523809523808,1.0
2002,5,REG,DAL,NYG,1466.3932,1497.4971,7,7,1,0,11.096099999999936,0.23809523809523808,1.0
2002,5,REG,IND,CIN,1511.986,1382.1469,14,7,0,1,172.03910000000013,0.23809523809523808,1.0
2002,5,REG,MIA,NE,1566.5322,1618.9273,7,7,1,1,-10.195099999999954,0.23809523809523808,1.0
2002,5,REG,NO,PIT,1525.4146,1555.5475,7,7,0,1,12.067100000000167,0.23809523809523808,1.0
2002,5,REG,TEN,WAS,1473.8381,1488.6956,7,14,0,0,27.34249999999993,0.23809523809523808,1.0
2002,5,REG,DEN,LAC,1541.8245,1499.485,6,7,1,1,84.53950000000005,0.23809523809523808,1.0
2002,5,REG,NYJ,KC,1493.9792,1488.6793,7,7,0,0,47.49989999999998,0.23809523809523808,1.0
2002,5,REG,JAX,PHI,1496.8307,1602.6544,7,7,0,1,-63.623699999999914,0.23809523809523808,1.0
2002,5,REG,SF,LA,1551.9724,1512.5994,14,7,1,1,81.57300000000005,0.23809523809523808,1.0
2002,5,REG,CLE,BAL,1469.4435,1536.584,7,6,1,0,-24.94049999999997,0.23809523809523808,1.0
2002,5,REG,CHI,GB,1536.0674,1590.3576,8,8,1,0,-12.090200000000138,0.23809523809523808,1.0
2002,6,REG,CIN,PIT,1371.3131,1536.2419,7,7,1,0,-122.72879999999991,0.2857142857142857,1.0
2002,6,REG,DAL,CAR,1445.7547,1415.0576,7,7,0,1,72.89709999999987,0.2857142857142857,1.0
2002,6,REG,HOU,BUF,1459.8518,1439.1355,14,7,0,0,62.91629999999982,0.2857142857142857,1.0
2002,6,REG,IND,BAL,1522.8198,1555.1508,7,7,0,1,9.8690000000001,0.2857142857142857,1.0
2002,6,REG,MIN,DET,1390.7668,1406.9419,14,14,1,1,26.024900000000073,0.2857142857142857,1.0
2002,6,REG,NE,GB,1598.3406,1609.6619,7,6,0,0,30.878699999999938,0.2857142857142857,1.0
2002,6,REG,NYG,ATL,1518.1356,1432.6486,7,7,0,0,127.68700000000008,0.2857142857142857,1.0
2002,6,REG,TB,CLE,1576.9783,1450.8767,7,7,0,1,168.30159999999995,0.2857142857142857,1.0
2002,6,REG,WAS,NO,1510.2663,1544.7202,7,7,0,0,7.746100000000027,0.2857142857142857,1.0
2002,6,REG,LAC,KC,1484.2577,1511.3967,7,7,1,1,15.061000000000107,0.2857142857142857,1.0
2002,6,REG,LA,LV,1497.2107,1598.1942,7,7,0,1,-58.78349999999982,0.2857142857142857,1.0
2002,6,REG,TEN,JAX,1452.2674,1520.4528,7,7,1,1,-25.98540000000007,0.2857142857142857,1.0
2002,6,REG,DEN,MIA,1557.0518,1587.1189,7,7,0,0,12.13290000000002,0.2857142857142857,1.0
2002,6,REG,SEA,SF,1465.2378,1567.3611,15,8,1,0,-59.92329999999997,0.2857142857142857,1.0
2002,7,REG,ATL,CAR,1459.6849,1399.1934,7,7,1,1,102.69149999999986,0.3333333333333333,1.0
2002,7,REG,BAL,JAX,1535.7188,1498.9597,7,7,0,1,78.95909999999999,0.3333333333333333,1.0
2002,7,REG,DET,CHI,1388.4372,1516.7631,7,13,1,1,-86.12589999999982,0.3333333333333333,1.0
2002,7,REG,KC,DEN,1492.2631,1536.3537,7,7,1,0,-1.890599999999992,0.3333333333333333,1.0
2002,7,REG,MIA,BUF,1607.817,1462.7182,7,7,1,0,187.29879999999997,0.3333333333333333,1.0
2002,7,REG,NO,SF,1565.166,1583.9454,7,6,0,1,23.42059999999988,0.3333333333333333,1.0
2002,7,REG,NYJ,MIN,1471.2618,1409.2715,14,7,0,1,104.19029999999994,0.3333333333333333,1.0
2002,7,REG,LA,SEA,1520.5626,1448.6535,7,6,1,1,114.10910000000008,0.3333333333333333,1.0
2002,7,REG,CLE,HOU,1439.8721,1436.2691,7,7,0,1,45.80300000000007,0.3333333333333333,1.0
2002,7,REG,LV,LAC,1574.8423,1503.3913,7,7,1,0,113.65100000000002,0.3333333333333333,1.0
2002,7,REG,ARI,DAL,1485.5044,1461.6189,14,7,0,1,66.0855000000001,0.3333333333333333,1.0
2002,7,REG,GB,WAS,1631.4348,1489.8205,7,7,0,1,183.81429999999995,0.3333333333333333,1.0
2002,7,REG,PHI,TB,1579.0323,1587.9829,14,7,0,1,33.24940000000011,0.3333333333333333,1.0
2002,7,REG,PIT,IND,1549.457,1542.2518,8,8,0,1,49.40520000000011,0.3333333333333333,1.0
2002,8,REG,BAL,PIT,1551.2502,1566.632,7,6,1,0,26.81819999999989,0.38095238095238093,1.0
2002,8,REG,BUF,DET,1492.5642,1413.2959,7,7,0,1,121.46829999999996,0.38095238095238093,1.0
2002,8,REG,CAR,TB,1384.9385,1569.8911,7,7,1,0,-142.7526000000001,0.38095238095238093,1.0
2002,8,REG,CIN,TEN,1358.098,1473.7605,14,14,0,0,-73.46250000000013,0.38095238095238093,1.0
2002,8,REG,DAL,SEA,1445.3779,1434.9957,7,7,0,0,52.582200000000014,0.38095238095238093,1.0
2002,8,REG,KC,LV,1472.3719,1548.5238,7,7,1,1,-33.95189999999984,0.38095238095238093,1.0
2002,8,REG,MIN,CHI,1395.0956,1491.9044,7,7,1,1,-54.60879999999979,0.38095238095238093,1.0
2002,8,REG,NO,ATL,1583.8198,1473.9398,7,7,1,0,152.07999999999987,0.38095238095238093,1.0
2002,8,REG,NYJ,CLE,1485.4377,1457.2506,7,7,0,0,70.38709999999988,0.38095238095238093,1.0
2002,8,REG,SF,ARI,1565.2916,1501.7454,7,7,1,1,105.7462,0.38095238095238093,1.0
2002,8,REG,JAX,HOU,1483.4283,1418.8906,7,7,1,0,106.73770000000009,0.38095238095238093,1.0
2002,8,REG,NE,DEN,1576.5677,1556.2449,14,7,0,0,62.522800000000146,0.38095238095238093,1.0
2002,8,REG,WAS,IND,1479.5137,1525.0768,7,6,0,1,-3.363100000000074,0.38095238095238093,1.0
2002,8,REG,PHI,NYG,1597.1241,1491.0993,8,15,1,1,148.2247999999999,0.38095238095238093,1.0
2002,9,REG,ATL,BAL,1502.1749,1529.7095,7,7,0,1,14.665400000000048,0.42857142857142855,1.0
2002,9,REG,BUF,NE,1505.8435,1553.007,7,7,1,0,-4.96350000000011,0.42857142857142855,1.0
2002,9,REG,CHI,PHI,1468.7865,1609.0742,7,6,0,0,-98.08770000000008,0.42857142857142855,1.0
2002,9,REG,CLE,PIT,1481.2479,1588.1727,7,7,1,0,-64.7248,0.42857142857142855,1.0
2002,9,REG,DET,DAL,1400.0166,1422.3739,7,7,0,1,19.84269999999988,0.42857142857142855,1.0
2002,9,REG,HOU,CIN,1444.8486,1342.2649,7,7,0,0,144.78370000000012,0.42857142857142855,1.0
2002,9,REG,IND,TEN,1504.8832,1489.5936,7,7,1,0,57.48960000000007,0.42857142857142855,1.0
2002,9,REG,TB,MIN,1582.1068,1418.2135,7,7,0,1,206.09329999999994,0.42857142857142855,1.0
2002,9,REG,LAC,NYJ,1529.7098,1461.4404,14,7,0,0,110.46940000000014,0.42857142857142855,1.0
2002,9,REG,ARI,LA,1487.6514,1534.2204,7,14,1,0,-4.368999999999957,0.42857142857142855,1.0
2002,9,REG,LV,SF,1526.5756,1579.3856,7,7,0,0,-10.61000000000017,0.42857142857142855,1.0
2002,9,REG,SEA,WAS,1457.9997,1499.7073,7,7,0,0,0.49240000000004613,0.42857142857142855,1.0
2002,9,REG,NYG,JAX,1479.1492,1457.4703,6,7,0,1,63.878900000000115,0.42857142857142855,1.0
2002,9,REG,GB,MIA,1641.7416,1577.971,15,15,0,1,105.97060000000006,0.42857142857142855,1.0
2002,10,REG,BAL,CIN,1510.5532,1370.1482,7,7,1,1,182.60499999999996,0.47619047619047616,1.0
2002,10,REG,CAR,NO,1372.7228,1555.5847,14,14,1,0,-140.66190000000012,0.47619047619047616,1.0
2002,10,REG,GB,DET,1655.8238,1418.8756,6,7,1,1,279.1481999999998,0.47619047619047616,1.0
2002,10,REG,MIN,NYG,1408.8571,1495.5129,7,7,0,0,-44.455799999999996,0.47619047619047616,1.0
2002,10,REG,PHI,IND,1623.5732,1481.6037,7,7,0,0,184.16950000000014,0.47619047619047616,1.0
2002,10,REG,PIT,ATL,1604.4894,1521.3312,7,7,0,0,125.35819999999985,0.47619047619047616,1.0
2002,10,REG,LA,LAC,1553.9689,1503.5566,7,7,0,1,92.61230000000019,0.47619047619047616,1.0
2002,10,REG,TEN,HOU,1512.8731,1416.9653,7,7,1,1,138.10779999999994,0.47619047619047616,1.0
2002,10,REG,ARI,SEA,1467.9029,1437.9714,7,7,1,0,72.13150000000014,0.47619047619047616,1.0
2002,10,REG,JAX,WAS,1441.1066,1519.7356,7,7,0,1,-36.4289999999999,0.47619047619047616,1.0
2002,10,REG,CHI,NE,1454.2875,1572.7213,7,7,0,0,-76.23380000000002,0.47619047619047616,1.0
2002,10,REG,SF,KC,1598.775,1494.3201,7,14,0,1,146.65490000000017,0.47619047619047616,1.0
2002,10,REG,NYJ,MIA,1487.5936,1563.8888,7,6,1,1,-34.09520000000002,0.47619047619047616,1.0
2002,10,REG,DEN,LV,1579.8056,1507.1862,15,8,1,0,114.81939999999982,0.47619047619047616,1.0
2002,11,REG,ATL,NO,1548.2497,1567.9027,7,7,1,1,22.546999999999983,0.5238095238095238,1.0
2002,11,REG,CIN,CLE,1359.7881,1464.9312,7,14,1,0,-62.9431,0.5238095238095238,1.0
2002,11,REG,HOU,JAX,1404.5216,1463.196,7,7,1,0,-16.474399999999875,0.5238095238095238,1.0
2002,11,REG,IND,DAL,1511.3126,1403.5149,7,14,0,1,149.99770000000007,0.5238095238095238,1.0
2002,11,REG,KC,BUF,1482.2942,1486.1292,7,14,0,1,38.36499999999997,0.5238095238095238,1.0
2002,11,REG,MIN,GB,1391.4023,1662.5045,7,7,1,1,-228.90220000000005,0.5238095238095238,1.0
2002,11,REG,NYG,WAS,1512.9677,1497.6462,7,7,1,1,57.52150000000002,0.5238095238095238,1.0
2002,11,REG,PHI,ARI,1593.8643,1443.8093,7,7,0,1,192.25500000000005,0.5238095238095238,1.0
2002,11,REG,TEN,PIT,1525.3168,1577.5709,7,7,0,1,-10.054099999999877,0.5238095238095238,1.0
2002,11,REG,LAC,SF,1488.765,1610.8009,7,7,0,1,-79.83589999999985,0.5238095238095238,1.0
2002,11,REG,TB,CAR,1591.4632,1360.4048,14,7,1,1,273.2583999999999,0.5238095238095238,1.0
2002,11,REG,DET,NYJ,1412.1949,1509.55,7,7,0,0,-55.15509999999999,0.5238095238095238,1.0
2002,11,REG,MIA,BAL,1541.9324,1520.9133,7,7,0,1,63.21909999999998,0.5238095238095238,1.0
2002,11,REG,SEA,DEN,1462.065,1553.4266,7,6,0,0,-49.16159999999995,0.5238095238095238,1.0
2002,11,REG,LV,NE,1533.5652,1588.402,6,7,0,1,-12.636800000000036,0.5238095238095238,1.0
2002,11,REG,LA,CHI,1568.7605,1438.6068,8,8,0,1,172.35370000000006,0.5238095238095238,1.0
2002,12,REG,BAL,TEN,1504.5128,1545.8954,7,7,0,1,0.8173999999998642,0.5714285714285714,1.0
2002,12,REG,CAR,ATL,1353.5332,1566.9536,7,7,1,0,-171.22039999999998,0.5714285714285714,1.0
2002,12,REG,CHI,DET,1427.7873,1395.3435,6,7,1,1,74.64380000000001,0.5714285714285714,1.0
2002,12,REG,DAL,JAX,1391.6502,1482.2484,7,7,0,1,-48.3981999999999,0.5714285714285714,1.0
2002,12,REG,MIA,LAC,1558.3329,1513.2815,7,7,0,1,87.25140000000006,0.5714285714285714,1.0
2002,12,REG,NE,MIN,1567.6749,1422.954,7,7,0,1,186.92090000000002,0.5714285714285714,1.0
2002,12,REG,NO,CLE,1549.1988,1481.347,7,7,0,0,110.05179999999991,0.5714285714285714,1.0
2002,12,REG,NYJ,BUF,1526.4014,1468.3287,7,7,1,1,100.27269999999994,0.5714285714285714,1.0
2002,12,REG,PIT,CIN,1556.9923,1343.3723,7,7,1,1,255.81999999999988,0.5714285714285714,1.0
2002,12,REG,WAS,LA,1480.9275,1579.58,7,6,0,1,-56.452499999999915,0.5714285714285714,1.0
2002,12,REG,ARI,LV,1433.8699,1554.2923,7,7,0,0,-78.22240000000015,0.5714285714285714,1.0
2002,12,REG,SEA,KC,1444.8762,1500.0947,7,7,0,1,-13.018500000000174,0.5714285714285714,1.0
2002,12,REG,HOU,NYG,1385.4692,1529.6864,7,7,0,1,-102.01720000000005,0.5714285714285714,1.0
2002,12,REG,TB,GB,1598.3348,1630.9528,7,7,0,1,9.582000000000065,0.5714285714285714,1.0
2002,12,REG,DEN,IND,1570.6154,1523.1773,7,7,0,0,89.63809999999985,0.5714285714285714,1.0
2002,12,REG,SF,PHI,1586.2844,1603.8037,8,8,0,0,24.680700000000073,0.5714285714285714,1.0
2002,13,REG,DET,NE,1379.5754,1577.8454,4,4,0,0,-156.07,0.6190476190476191,1.0
2002,13,REG,DAL,WAS,1414.4183,1504.1489,4,4,1,1,-47.530599999999865,0.6190476190476191,1.0
2002,13,REG,BUF,MIA,1453.9458,1573.4133,7,7,1,1,-77.26749999999997,0.6190476190476191,1.0
2002,13,REG,CIN,BAL,1335.9105,1524.4657,7,7,1,0,-146.35520000000002,0.6190476190476191,1.0
2002,13,REG,CLE,CAR,1507.4784,1342.6621,7,7,0,0,207.01629999999994,0.6190476190476191,1.0
2002,13,REG,GB,CHI,1611.5042,1443.5554,7,7,1,1,210.1488000000001,0.6190476190476191,1.0
2002,13,REG,JAX,PIT,1459.4803,1564.4541,7,7,0,0,-62.77379999999998,0.6190476190476191,1.0
2002,13,REG,KC,ARI,1479.3456,1418.2982,7,7,0,1,103.24740000000016,0.6190476190476191,1.0
2002,13,REG,MIN,ATL,1412.7835,1577.8247,7,7,0,0,-122.84119999999989,0.6190476190476191,1.0
2002,13,REG,NYG,TEN,1503.977,1525.9425,7,7,0,0,20.234499999999983,0.6190476190476191,1.0
2002,13,REG,IND,HOU,1548.2258,1411.1786,7,7,1,1,179.24719999999996,0.6190476190476191,1.0
2002,13,REG,LAC,DEN,1498.2011,1545.5669,7,7,1,1,-5.165800000000033,0.6190476190476191,1.0
2002,13,REG,PHI,LA,1625.2221,1556.3586,6,7,0,1,111.06349999999993,0.6190476190476191,1.0
2002,13,REG,SF,SEA,1564.866,1465.6253,6,7,1,1,141.44070000000005,0.6190476190476191,1.0
2002,13,REG,NO,TB,1523.0674,1617.7834,7,7,1,1,-52.51600000000012,0.6190476190476191,1.0
2002,13,REG,LV,NYJ,1569.864,1540.7843,8,8,0,1,71.2797,0.6190476190476191,1.0
2002,14,REG,CAR,CIN,1373.3438,1323.8701,7,7,0,1,91.67370000000001,0.6666666666666666,1.0
2002,14,REG,DAL,SF,1437.1374,1577.1459,10,7,0,0,-97.80849999999991,0.6666666666666666,1.0
2002,14,REG,JAX,CLE,1443.055,1476.7967,7,7,0,0,8.458299999999966,0.6666666666666666,1.0
2002,14,REG,KC,LA,1493.5712,1542.5427,7,7,0,1,-6.771499999999875,0.6666666666666666,1.0
2002,14,REG,NE,BUF,1589.4205,1478.3218,10,7,1,1,153.2987,0.6666666666666666,1.0
2002,14,REG,PIT,HOU,1580.8794,1400.6694,7,7,0,0,222.41000000000003,0.6666666666666666,1.0
2002,14,REG,TB,ATL,1594.7832,1591.034,7,7,1,1,45.949199999999976,0.6666666666666666,1.0
2002,14,REG,TEN,IND,1547.106,1558.735,7,7,1,1,30.571000000000097,0.6666666666666666,1.0
2002,14,REG,WAS,NYG,1481.4298,1482.8135,10,7,1,0,40.81629999999991,0.6666666666666666,1.0
2002,14,REG,ARI,DET,1404.0726,1368.0003,7,10,0,1,78.27230000000004,0.6666666666666666,1.0
2002,14,REG,BAL,NO,1536.5061,1546.0676,7,7,0,0,32.63849999999998,0.6666666666666666,1.0
2002,14,REG,SEA,PHI,1453.3454,1639.038,7,7,0,0,-143.4926000000001,0.6666666666666666,1.0
2002,14,REG,NYJ,DEN,1524.8309,1525.2696,6,7,0,1,41.76129999999985,0.6666666666666666,1.0
2002,14,REG,LAC,LV,1518.4984,1585.8174,7,6,1,0,-25.118999999999957,0.6666666666666666,1.0
2002,14,REG,GB,MIN,1620.6943,1399.5742,7,7,1,1,263.3201000000001,0.6666666666666666,1.0
2002,14,REG,MIA,CHI,1549.0373,1434.3653,8,8,0,1,156.872,0.6666666666666666,1.0
2002,15,REG,ATL,SEA,1573.6637,1441.1658,7,7,0,0,174.69790000000006,0.7142857142857143,1.0
2002,15,REG,BUF,LAC,1466.6151,1499.9419,7,7,0,1,8.873199999999954,0.7142857142857143,1.0
2002,15,REG,CHI,NYJ,1422.8282,1542.4384,6,7,0,1,-77.41020000000007,0.7142857142857143,1.0
2002,15,REG,CIN,JAX,1309.0281,1422.5682,7,7,0,0,-71.34009999999994,0.7142857142857143,1.0
2002,15,REG,CLE,IND,1497.2835,1540.4903,7,7,0,0,-1.0067999999999273,0.7142857142857143,1.0
2002,15,REG,DET,TB,1352.4313,1612.1535,7,7,0,0,-217.52219999999994,0.7142857142857143,1.0
2002,15,REG,HOU,BAL,1431.9694,1514.6328,7,7,0,0,-40.463400000000135,0.7142857142857143,1.0
2002,15,REG,MIA,LV,1560.5744,1604.3739,6,7,0,1,-1.5995000000000772,0.7142857142857143,1.0
2002,15,REG,NO,MIN,1567.9409,1392.3709,7,7,0,0,217.77000000000015,0.7142857142857143,1.0
2002,15,REG,PHI,WAS,1651.2176,1459.091,7,7,1,1,234.32660000000004,0.7142857142857143,1.0
2002,15,REG,PIT,CAR,1549.5794,1388.1858,7,7,0,1,203.5936000000001,0.7142857142857143,1.0
2002,15,REG,DEN,KC,1507.6621,1513.9609,7,7,1,1,35.901199999999974,0.7142857142857143,1.0
2002,15,REG,NYG,DAL,1505.1523,1422.6235,7,7,1,1,124.72880000000005,0.7142857142857143,1.0
2002,15,REG,SF,GB,1591.6598,1627.8976,7,7,0,0,5.962199999999896,0.7142857142857143,1.0
2002,15,REG,LA,ARI,1522.153,1419.6416,7,7,1,1,144.71140000000008,0.7142857142857143,1.0
2002,15,REG,TEN,NE,1565.3507,1601.1272,8,8,0,1,6.423500000000061,0.7142857142857143,1.0
2002,16,REG,MIN,MIA,1423.4877,1580.6665,6,6,0,1,-114.97880000000013,0.7619047619047619,1.0
2002,16,REG,ARI,SF,1407.5214,1571.3166,6,6,1,0,-121.59520000000002,0.7619047619047619,1.0
2002,16,REG,DAL,PHI,1409.5101,1659.4597,6,6,1,0,-207.74960000000016,0.7619047619047619,1.0
2002,16,REG,ATL,DET,1544.377,1343.5382,7,7,0,1,243.03879999999998,0.7619047619047619,1.0
2002,16,REG,CAR,CHI,1378.7259,1447.212,7,7,0,1,-26.286100000000076,0.7619047619047619,1.0
2002,16,REG,CIN,NO,1293.078,1536.8241,7,7,0,1,-201.54610000000008,0.7619047619047619,1.0
2002,16,REG,GB,BUF,1648.2408,1486.1044,7,7,0,1,204.33640000000008,0.7619047619047619,1.0
2002,16,REG,IND,NYG,1560.4323,1518.2657,7,7,0,0,84.36660000000002,0.7619047619047619,1.0
2002,16,REG,JAX,TEN,1438.5183,1584.981,7,6,1,0,-104.26270000000004,0.7619047619047619,1.0
2002,16,REG,KC,LAC,1496.0202,1480.4526,7,7,1,1,57.76759999999986,0.7619047619047619,1.0
2002,16,REG,WAS,HOU,1450.8489,1414.2882,7,7,0,1,78.7607,0.7619047619047619,1.0
2002,16,REG,SEA,LA,1470.4525,1534.2732,7,7,1,1,-21.620699999999985,0.7619047619047619,1.0
2002,16,REG,BAL,CLE,1532.314,1477.3415,7,7,1,0,97.17250000000008,0.7619047619047619,1.0
2002,16,REG,LV,DEN,1584.2818,1525.6028,7,7,1,1,100.87900000000009,0.7619047619047619,1.0
2002,16,REG,NE,NYJ,1581.4969,1518.0546,6,7,1,0,105.64230000000016,0.7619047619047619,1.0
2002,16,REG,TB,PIT,1621.0466,1559.0393,8,8,0,0,104.20729999999999,0.7619047619047619,1.0
2002,17,REG,NYG,PHI,1543.029,1668.7479,6,7,1,1,-83.51890000000007,0.8095238095238095,1.0
2002,17,REG,LV,KC,1598.6326,1512.7251,6,6,1,1,128.1074999999998,0.8095238095238095,1.0
2002,17,REG,BUF,CIN,1476.6754,1323.5327,7,7,0,1,195.3427000000001,0.8095238095238095,1.0
2002,17,REG,CLE,ATL,1502.7938,1552.2957,7,7,0,1,-7.301899999999975,0.8095238095238095,1.0
2002,17,REG,DET,MIN,1335.6195,1449.8749,7,8,1,0,-72.0554,0.8095238095238095,1.0
2002,17,REG,HOU,TEN,1398.7459,1599.1531,7,7,1,0,-158.2072000000001,0.8095238095238095,1.0
2002,17,REG,NE,MIA,1555.5964,1554.2793,7,8,1,1,43.517099999999985,0.8095238095238095,1.0
2002,17,REG,NO,CAR,1506.3694,1400.2362,7,7,1,0,148.33319999999998,0.8095238095238095,1.0
2002,17,REG,PIT,BAL,1584.8643,1506.8617,6,7,1,1,120.20260000000003,0.8095238095238095,1.0
2002,17,REG,WAS,DAL,1466.3912,1400.2219,7,8,1,1,108.36930000000002,0.8095238095238095,1.0
2002,17,REG,IND,JAX,1535.669,1424.3462,7,7,1,1,153.52280000000013,0.8095238095238095,1.0
2002,17,REG,DEN,ARI,1511.252,1394.2485,7,8,0,1,159.20350000000002,0.8095238095238095,1.0
2002,17,REG,NYJ,GB,1543.9551,1657.6698,7,7,0,1,-71.51469999999999,0.8095238095238095,1.0
2002,17,REG,LAC,SEA,1463.7477,1491.6955,7,7,0,0,14.25219999999986,0.8095238095238095,1.0
2002,17,REG,CHI,TB,1425.7017,1595.2216,7,6,0,0,-127.3199,0.8095238095238095,1.0
2002,17,REG,LA,SF,1513.0302,1584.5895,8,9,1,1,-29.35930000000012,0.8095238095238095,1.0
2003,1,REG,WAS,NYJ,1489.4486,1542.1772,7,7,0,1,-10.52860000000014,0.047619047619047616,1.0
2003,1,REG,BUF,NE,1493.1296,1545.1026,7,7,1,1,-9.772999999999954,0.047619047619047616,1.0
2003,1,REG,CAR,JAX,1458.2148,1448.8301,7,7,0,1,51.58470000000007,0.047619047619047616,1.0
2003,1,REG,CIN,DEN,1389.4753,1514.8476,7,7,0,0,-83.17229999999999,0.047619047619047616,1.0
2003,1,REG,CLE,IND,1505.4495,1517.8359,7,7,0,0,29.81359999999991,0.047619047619047616,1.0
2003,1,REG,DET,ARI,1393.0653,1430.9327,7,7,0,1,4.332599999999914,0.047619047619047616,1.0
2003,1,REG,GB,MIN,1561.3599,1480.7113,7,7,1,0,122.84859999999999,0.047619047619047616,1.0
2003,1,REG,KC,LAC,1501.1096,1466.9966,7,7,1,1,76.31300000000006,0.047619047619047616,1.0
2003,1,REG,MIA,HOU,1523.3028,1433.603,7,7,0,0,131.89979999999986,0.047619047619047616,1.0
2003,1,REG,NYG,LA,1529.0301,1522.0697,7,7,0,1,49.16039999999994,0.047619047619047616,1.0
2003,1,REG,PIT,BAL,1557.0699,1497.3506,7,7,1,1,101.91929999999998,0.047619047619047616,1.0
2003,1,REG,DAL,ATL,1432.9992,1530.8311,7,7,0,0,-55.63190000000013,0.047619047619047616,1.0
2003,1,REG,SEA,NO,1508.7493,1488.2285,7,7,0,1,62.72080000000001,0.047619047619047616,1.0
2003,1,REG,SF,CHI,1540.1456,1448.8717,7,7,0,1,133.47390000000013,0.047619047619047616,1.0
2003,1,REG,TEN,LV,1567.7334,1578.3648,7,7,0,1,31.568600000000018,0.047619047619047616,1.0
2003,1,REG,PHI,TB,1579.7973,1609.5099,7,7,0,0,12.487399999999937,0.047619047619047616,1.0
2003,2,REG,ATL,WAS,1547.6558,1510.0545,7,10,0,0,79.80130000000004,0.09523809523809523,1.0
2003,2,REG,BAL,CLE,1483.0549,1483.7375,7,7,1,1,41.51740000000014,0.09523809523809523,1.0
2003,2,REG,GB,DET,1534.5688,1412.8159,7,7,1,1,163.95289999999994,0.09523809523809523,1.0
2003,2,REG,IND,TEN,1539.5479,1585.9211,7,7,1,1,-4.173199999999994,0.09523809523809523,1.0
2003,2,REG,JAX,BUF,1431.7779,1513.692,7,7,0,0,-39.71409999999996,0.09523809523809523,1.0
2003,2,REG,KC,PIT,1516.786,1571.3656,7,7,0,1,-12.379600000000025,0.09523809523809523,1.0
2003,2,REG,NO,HOU,1471.8003,1460.8509,7,7,0,1,53.1494000000002,0.09523809523809523,1.0
2003,2,REG,NYJ,MIA,1521.5713,1496.0549,10,7,1,0,67.71639999999998,0.09523809523809523,1.0
2003,2,REG,LA,SF,1504.8809,1552.8192,7,7,1,1,-5.738299999999796,0.09523809523809523,1.0
2003,2,REG,ARI,SEA,1411.1821,1525.1775,7,7,1,0,-71.79540000000001,0.09523809523809523,1.0
2003,2,REG,TB,CAR,1630.2284,1475.267,6,7,1,0,197.1613999999999,0.09523809523809523,1.0
2003,2,REG,LV,CIN,1560.1771,1374.1737,7,7,0,1,228.20340000000004,0.09523809523809523,1.0
2003,2,REG,PHI,NE,1559.0788,1524.5402,6,7,0,0,76.73860000000009,0.09523809523809523,1.0
2003,2,REG,LAC,DEN,1451.3202,1530.1492,7,7,1,0,-36.62899999999995,0.09523809523809523,1.0
2003,2,REG,MIN,CHI,1507.5024,1436.1981,7,7,1,1,113.50430000000001,0.09523809523809523,1.0
2003,2,REG,NYG,DAL,1546.2189,1416.1745,8,8,1,0,172.24439999999998,0.09523809523809523,1.0
2003,3,REG,ATL,TB,1523.1412,1599.9583,7,7,1,0,-34.61709999999998,0.14285714285714285,1.0
2003,3,REG,CIN,PIT,1365.6986,1550.6533,7,7,1,0,-142.7547,0.14285714285714285,1.0
2003,3,REG,DET,MIN,1401.6105,1521.1915,7,7,1,0,-77.3809999999999,0.14285714285714285,1.0
2003,3,REG,HOU,KC,1443.8868,1537.4983,7,7,0,0,-51.411499999999975,0.14285714285714285,1.0
2003,3,REG,IND,JAX,1559.7881,1414.0541,7,7,1,1,187.9339999999999,0.14285714285714285,1.0
2003,3,REG,NE,NYJ,1548.8872,1497.7219,7,7,1,1,93.36529999999989,0.14285714285714285,1.0
2003,3,REG,TEN,NO,1565.6809,1488.7644,7,7,0,1,119.11650000000004,0.14285714285714285,1.0
2003,3,REG,ARI,GB,1395.2571,1545.7742,7,7,0,1,-108.31710000000002,0.14285714285714285,1.0
2003,3,REG,SEA,LA,1541.1025,1525.2112,7,7,1,1,58.091300000000004,0.14285714285714285,1.0
2003,3,REG,WAS,NYG,1534.5691,1517.0434,7,6,1,0,59.72569999999992,0.14285714285714285,1.0
2003,3,REG,LAC,BAL,1433.421,1500.6763,7,7,0,0,-25.05530000000003,0.14285714285714285,1.0
2003,3,REG,SF,CLE,1532.4889,1466.1161,7,7,0,0,108.5728000000001,0.14285714285714285,1.0
2003,3,REG,MIA,BUF,1519.9043,1531.4158,7,7,1,1,30.688499999999934,0.14285714285714285,1.0
2003,3,REG,DEN,LV,1548.0484,1568.6522,8,8,1,1,21.59619999999991,0.14285714285714285,1.0
2003,4,REG,BUF,PHI,1513.1778,1534.7318,7,14,0,0,20.645999999999916,0.19047619047619047,1.0
2003,4,REG,CLE,CIN,1492.1703,1353.483,7,7,1,0,180.88730000000004,0.19047619047619047,1.0
2003,4,REG,HOU,JAX,1426.8249,1403.9277,7,7,1,1,65.09720000000011,0.19047619047619047,1.0
2003,4,REG,MIN,SF,1536.8093,1506.4347,7,7,0,1,72.57459999999988,0.19047619047619047,1.0
2003,4,REG,PIT,TEN,1562.8689,1579.0806,7,7,0,0,25.98829999999994,0.19047619047619047,1.0
2003,4,REG,LA,ARI,1508.5244,1421.2979,7,7,1,1,129.42649999999998,0.19047619047619047,1.0
2003,4,REG,WAS,NE,1511.1645,1563.6384,7,7,0,1,-10.273899999999955,0.19047619047619047,1.0
2003,4,REG,BAL,KC,1519.2365,1554.5602,7,7,0,0,6.876300000000086,0.19047619047619047,1.0
2003,4,REG,LV,LAC,1549.8938,1414.8608,6,7,1,1,177.23300000000012,0.19047619047619047,1.0
2003,4,REG,CAR,ATL,1505.5371,1505.1274,14,7,1,1,42.60969999999993,0.19047619047619047,1.0
2003,4,REG,DEN,DET,1566.8068,1385.9927,6,7,0,1,223.01410000000004,0.19047619047619047,1.0
2003,4,REG,NYJ,DAL,1482.9707,1445.35,7,13,0,0,79.82070000000017,0.19047619047619047,1.0
2003,4,REG,NO,IND,1475.3647,1569.9145,7,7,0,0,-52.3498,0.19047619047619047,1.0
2003,4,REG,CHI,GB,1422.509,1519.7334,15,8,1,0,-55.02440000000006,0.19047619047619047,1.0
2003,5,REG,ATL,MIN,1487.568,1552.6913,7,7,0,0,-22.92329999999997,0.23809523809523808,1.0
2003,5,REG,BUF,CIN,1491.9907,1383.0468,7,7,0,1,151.14389999999997,0.23809523809523808,1.0
2003,5,REG,CAR,NO,1523.0965,1458.3556,7,7,1,1,106.94090000000001,0.23809523809523808,1.0
2003,5,REG,CHI,LV,1405.6502,1560.4931,6,7,0,1,-112.64289999999987,0.23809523809523808,1.0
2003,5,REG,DAL,ARI,1469.8657,1408.4218,7,7,0,1,103.64389999999999,0.23809523809523808,1.0
2003,5,REG,GB,SEA,1536.5922,1557.7893,6,14,0,1,21.00290000000014,0.23809523809523808,1.0
2003,5,REG,KC,DEN,1574.956,1575.4832,7,7,1,1,41.67280000000001,0.23809523809523808,1.0
2003,5,REG,NE,TEN,1543.0472,1600.5738,7,7,0,1,-15.326599999999914,0.23809523809523808,1.0
2003,5,REG,NYG,MIA,1540.448,1538.1423,14,14,0,0,44.50570000000012,0.23809523809523808,1.0
2003,5,REG,JAX,LAC,1387.6318,1404.2615,7,7,0,1,25.570300000000046,0.23809523809523808,1.0
2003,5,REG,PHI,WAS,1555.9189,1531.7557,7,7,1,1,66.36319999999996,0.23809523809523808,1.0
2003,5,REG,SF,DET,1490.5527,1377.3163,7,7,0,1,155.4364,0.23809523809523808,1.0
2003,5,REG,PIT,CLE,1541.3757,1462.6065,7,7,1,0,120.96919999999996,0.23809523809523808,1.0
2003,5,REG,TB,IND,1617.9721,1586.9236,15,8,0,0,73.24849999999988,0.23809523809523808,1.0
2003,6,REG,CLE,LV,1489.3017,1534.2269,7,7,0,1,-2.7251999999999015,0.2857142857142857,1.0
2003,6,REG,DAL,PHI,1484.0704,1572.1445,7,7,1,1,-45.87410000000004,0.2857142857142857,1.0
2003,6,REG,GB,KC,1555.3846,1592.5686,7,7,0,0,5.016000000000034,0.2857142857142857,1.0
2003,6,REG,IND,CAR,1611.0787,1537.1278,6,7,0,0,116.15090000000005,0.2857142857142857,1.0
2003,6,REG,JAX,MIA,1406.1625,1560.6903,7,7,0,0,-112.32780000000007,0.2857142857142857,1.0
2003,6,REG,NE,NYG,1563.9289,1517.9,7,7,0,1,88.22890000000002,0.2857142857142857,1.0
2003,6,REG,NO,CHI,1444.3243,1431.9164,7,7,0,1,54.60789999999993,0.2857142857142857,1.0
2003,6,REG,TEN,HOU,1579.6921,1443.1208,7,14,1,1,178.77130000000005,0.2857142857142857,1.0
2003,6,REG,WAS,TB,1515.5301,1593.817,7,6,0,0,-36.08690000000006,0.2857142857142857,1.0
2003,6,REG,ARI,BAL,1394.2171,1498.8407,7,14,0,0,-62.423599999999894,0.2857142857142857,1.0
2003,6,REG,DEN,PIT,1557.8706,1514.6805,7,7,0,1,85.39010000000003,0.2857142857142857,1.0
2003,6,REG,NYJ,BUF,1458.455,1503.8004,14,7,1,1,-3.1454000000001514,0.2857142857142857,1.0
2003,6,REG,SEA,SF,1538.9969,1502.1578,7,7,1,1,79.03910000000015,0.2857142857142857,1.0
2003,6,REG,LA,ATL,1521.4005,1468.8857,15,8,0,1,94.71479999999993,0.2857142857142857,1.0
2003,7,REG,ATL,NO,1454.2068,1461.2064,6,7,1,0,35.2003999999999,0.3333333333333333,1.0
2003,7,REG,CAR,TEN,1563.5755,1590.2225,7,7,0,0,15.552999999999841,0.3333333333333333,1.0
2003,7,REG,CIN,BAL,1371.2371,1515.2855,14,7,1,1,-101.8483999999999,0.3333333333333333,1.0
2003,7,REG,CLE,LAC,1509.4586,1385.7308,7,14,0,0,165.92779999999988,0.3333333333333333,1.0
2003,7,REG,DET,DAL,1365.7112,1506.6959,14,7,0,0,-98.78469999999997,0.3333333333333333,1.0
2003,7,REG,MIA,NE,1574.4404,1578.9565,7,7,1,0,37.68389999999995,0.3333333333333333,1.0
2003,7,REG,MIN,DEN,1571.3736,1573.0518,14,7,0,1,40.52179999999994,0.3333333333333333,1.0
2003,7,REG,NYG,PHI,1502.8724,1549.519,7,7,1,0,-4.446600000000032,0.3333333333333333,1.0
2003,7,REG,LA,GB,1536.0794,1535.0959,6,7,0,1,43.18350000000005,0.3333333333333333,1.0
2003,7,REG,HOU,NYJ,1432.5904,1478.6361,7,7,0,0,-3.845699999999894,0.3333333333333333,1.0
2003,7,REG,BUF,WAS,1483.6193,1497.6,7,7,0,1,28.21930000000016,0.3333333333333333,1.0
2003,7,REG,SEA,CHI,1554.5239,1415.0343,7,7,0,1,181.68959999999987,0.3333333333333333,1.0
2003,7,REG,SF,TB,1486.6308,1611.7471,7,7,0,1,-82.91630000000013,0.3333333333333333,1.0
2003,7,REG,LV,KC,1514.07,1612.8573,8,8,1,0,-56.587299999999956,0.3333333333333333,1.0
2003,8,REG,BAL,DEN,1489.585,1555.3739,7,7,0,1,-23.58890000000001,0.38095238095238093,1.0
2003,8,REG,CHI,DET,1404.6337,1351.2493,7,7,1,1,95.58440000000014,0.38095238095238093,1.0
2003,8,REG,CIN,SEA,1396.9376,1564.9245,7,7,0,1,-125.7869000000001,0.38095238095238093,1.0
2003,8,REG,JAX,TEN,1392.4124,1611.1172,14,7,1,0,-176.5048,0.38095238095238093,1.0
2003,8,REG,MIN,NYG,1589.0515,1483.1284,7,7,0,0,148.12309999999997,0.38095238095238093,1.0
2003,8,REG,NE,CLE,1601.1173,1480.5726,7,7,0,1,162.7446999999999,0.38095238095238093,1.0
2003,8,REG,NO,CAR,1483.2258,1542.6808,7,7,1,0,-17.25500000000015,0.38095238095238093,1.0
2003,8,REG,PIT,LA,1499.4993,1553.6063,14,7,0,0,-11.906999999999968,0.38095238095238093,1.0
2003,8,REG,TB,DAL,1587.0627,1521.1578,7,7,0,1,108.1049,0.38095238095238093,1.0
2003,8,REG,ARI,SF,1377.7723,1511.3152,14,7,1,1,-91.34289999999991,0.38095238095238093,1.0
2003,8,REG,IND,HOU,1584.631,1412.8118,14,7,1,1,214.01920000000013,0.38095238095238093,1.0
2003,8,REG,PHI,NYJ,1569.263,1498.4147,7,7,0,1,113.04829999999988,0.38095238095238093,1.0
2003,8,REG,KC,BUF,1629.6284,1501.9984,6,7,0,1,169.8300000000001,0.38095238095238093,1.0
2003,8,REG,LAC,MIA,1414.6168,1552.2796,8,8,0,0,-95.46280000000006,0.38095238095238093,1.0
2003,9,REG,BAL,JAX,1510.9408,1381.7804,7,7,0,1,171.36039999999997,0.42857142857142855,1.0
2003,9,REG,CHI,LAC,1419.2662,1399.9778,7,6,0,1,61.48840000000014,0.42857142857142855,1.0
2003,9,REG,DET,LV,1336.6168,1497.2989,7,13,0,1,-118.48209999999999,0.42857142857142855,1.0
2003,9,REG,HOU,CAR,1403.7785,1561.6883,7,7,0,1,-115.70980000000013,0.42857142857142855,1.0
2003,9,REG,MIA,IND,1566.9186,1593.6643,6,7,0,0,15.45430000000006,0.42857142857142855,1.0
2003,9,REG,NYJ,NYG,1484.702,1511.1734,7,7,0,0,15.7286000000001,0.42857142857142855,1.0
2003,9,REG,TB,NO,1601.033,1464.2183,7,7,1,0,179.0146999999999,0.42857142857142855,1.0
2003,9,REG,ARI,CIN,1402.9125,1423.8779,7,7,0,1,21.234599999999958,0.42857142857142855,1.0
2003,9,REG,SEA,PIT,1537.9842,1480.1845,7,7,0,1,99.99970000000003,0.42857142857142855,1.0
2003,9,REG,ATL,PHI,1432.1874,1582.9757,14,7,0,0,-108.58829999999993,0.42857142857142855,1.0
2003,9,REG,DAL,WAS,1507.1875,1479.2209,7,14,1,1,70.16659999999997,0.42857142857142855,1.0
2003,9,REG,SF,LA,1486.175,1572.9211,7,7,1,1,-44.54610000000007,0.42857142857142855,1.0
2003,9,REG,MIN,GB,1561.0065,1517.569,7,14,1,0,85.6375,0.42857142857142855,1.0
2003,9,REG,DEN,NE,1534.0181,1612.3789,8,8,0,0,-36.160799999999924,0.42857142857142855,1.0
2003,10,REG,CAR,TB,1535.2633,1571.5526,7,7,1,1,5.910700000000091,0.47619047619047616,1.0
2003,10,REG,CIN,HOU,1405.0987,1430.2035,7,7,0,1,17.095199999999934,0.47619047619047616,1.0
2003,10,REG,DET,CHI,1363.1845,1435.7631,7,7,1,1,-30.37859999999982,0.47619047619047616,1.0
2003,10,REG,JAX,IND,1370.9157,1614.5533,7,7,1,1,-201.43760000000003,0.47619047619047616,1.0
2003,10,REG,KC,CLE,1640.563,1469.311,14,14,0,1,213.45200000000017,0.47619047619047616,1.0
2003,10,REG,NYG,ATL,1532.0782,1418.2424,7,7,0,0,156.03579999999982,0.47619047619047616,1.0
2003,10,REG,PIT,ARI,1465.7871,1421.6917,7,7,0,1,86.29539999999993,0.47619047619047616,1.0
2003,10,REG,TEN,MIA,1621.7492,1546.0296,14,7,0,1,117.9195999999999,0.47619047619047616,1.0
2003,10,REG,WAS,SEA,1463.206,1552.3816,7,7,0,1,-46.97560000000003,0.47619047619047616,1.0
2003,10,REG,LAC,MIN,1383.4809,1536.1743,7,7,0,1,-110.49339999999988,0.47619047619047616,1.0
2003,10,REG,DAL,BUF,1523.2024,1491.0638,7,14,0,1,74.3386,0.47619047619047616,1.0
2003,10,REG,LV,NYJ,1470.7312,1463.7972,7,7,0,0,49.13399999999997,0.47619047619047616,1.0
2003,10,REG,LA,BAL,1550.3708,1521.8055,7,7,0,1,70.76529999999998,0.47619047619047616,1.0
2003,10,REG,GB,PHI,1542.4012,1596.9207,8,8,0,0,-12.319499999999877,0.47619047619047616,1.0
2003,11,REG,BUF,HOU,1475.2789,1411.1868,7,7,0,0,106.29210000000008,0.5238095238095238,1.0
2003,11,REG,CAR,WAS,1554.9231,1485.8938,7,7,0,1,111.22929999999992,0.5238095238095238,1.0
2003,11,REG,CHI,LA,1414.0188,1566.3526,7,7,0,0,-110.13379999999988,0.5238095238095238,1.0
2003,11,REG,CIN,KC,1424.1154,1649.6192,7,7,0,1,-183.3038000000002,0.5238095238095238,1.0
2003,11,REG,CLE,ARI,1460.2548,1406.5596,7,7,0,1,95.89519999999989,0.5238095238095238,1.0
2003,11,REG,MIA,BAL,1532.5684,1505.8237,7,7,0,1,68.9447000000002,0.5238095238095238,1.0
2003,11,REG,NO,ATL,1493.6987,1446.6657,14,7,1,1,89.2329999999999,0.5238095238095238,1.0
2003,11,REG,PHI,NYG,1616.2118,1503.6549,6,7,1,1,154.75690000000003,0.5238095238095238,1.0
2003,11,REG,TEN,JAX,1635.2104,1401.3659,7,7,1,1,276.0444999999999,0.5238095238095238,1.0
2003,11,REG,DEN,LAC,1516.0922,1409.6353,13,7,1,1,148.65690000000012,0.5238095238095238,1.0
2003,11,REG,IND,NYJ,1584.1031,1486.6069,7,7,0,1,139.69620000000003,0.5238095238095238,1.0
2003,11,REG,LV,MIN,1447.9215,1510.0199,7,7,0,1,-19.89840000000008,0.5238095238095238,1.0
2003,11,REG,SEA,DET,1529.6938,1384.9288,7,7,0,1,186.9650000000001,0.5238095238095238,1.0
2003,11,REG,TB,GB,1551.8928,1523.1101,7,6,0,0,70.98269999999998,0.5238095238095238,1.0
2003,11,REG,NE,DAL,1630.3048,1538.9873,13,7,0,1,133.51749999999987,0.5238095238095238,1.0
2003,11,REG,SF,PIT,1508.7253,1480.9192,15,8,0,1,70.00610000000002,0.5238095238095238,1.0
2003,12,REG,BAL,SEA,1489.7412,1539.8624,7,7,0,1,-7.9212000000000415,0.5714285714285714,1.0
2003,12,REG,BUF,IND,1449.3442,1596.4686,7,7,0,0,-104.92439999999992,0.5714285714285714,1.0
2003,12,REG,CLE,PIT,1474.8707,1464.8954,7,6,1,0,52.17529999999984,0.5714285714285714,1.0
2003,12,REG,DAL,CAR,1526.3159,1568.7304,7,7,0,1,-0.21449999999985891,0.5714285714285714,1.0
2003,12,REG,GB,SF,1547.1403,1524.7491,7,6,0,1,64.59120000000003,0.5714285714285714,1.0
2003,12,REG,HOU,NE,1437.1215,1642.9762,7,7,0,0,-163.6547000000001,0.5714285714285714,1.0
2003,12,REG,MIN,DET,1488.8757,1374.7602,7,7,1,1,156.3155000000001,0.5714285714285714,1.0
2003,12,REG,NYJ,JAX,1474.2414,1394.5851,7,7,0,1,121.8563000000001,0.5714285714285714,1.0
2003,12,REG,PHI,NO,1627.8492,1508.6721,7,7,0,1,161.3771000000001,0.5714285714285714,1.0
2003,12,REG,ARI,LA,1391.9437,1580.2169,7,7,1,0,-146.07319999999987,0.5714285714285714,1.0
2003,12,REG,DEN,CHI,1528.0214,1400.1545,7,7,0,0,170.06689999999998,0.5714285714285714,1.0
2003,12,REG,ATL,TEN,1431.6923,1641.9912,7,7,0,0,-168.09890000000001,0.5714285714285714,1.0
2003,12,REG,KC,LV,1619.9485,1469.0657,7,7,1,1,193.08279999999985,0.5714285714285714,1.0
2003,12,REG,LAC,CIN,1397.7061,1453.7861,7,7,0,0,-13.879999999999924,0.5714285714285714,1.0
2003,12,REG,MIA,WAS,1548.6509,1472.0865,7,7,0,1,118.76440000000021,0.5714285714285714,1.0
2003,12,REG,TB,NYG,1527.8626,1492.0175,8,8,0,1,78.0451,0.5714285714285714,1.0
2003,13,REG,DET,GB,1363.1967,1563.4644,4,4,1,1,-158.06770000000012,0.6190476190476191,1.0
2003,13,REG,DAL,MIA,1546.3282,1562.0687,4,4,0,0,26.459499999999892,0.6190476190476191,1.0
2003,13,REG,BAL,SF,1510.1971,1508.425,7,7,0,1,43.97210000000014,0.6190476190476191,1.0
2003,13,REG,CAR,PHI,1548.7181,1639.1746,7,7,0,0,-48.2565,0.6190476190476191,1.0
2003,13,REG,CHI,ARI,1429.2308,1379.8896,7,7,0,1,91.54120000000007,0.6190476190476191,1.0
2003,13,REG,HOU,ATL,1425.9022,1420.6784,7,7,0,1,47.423799999999986,0.6190476190476191,1.0
2003,13,REG,IND,NE,1610.6058,1654.1955,7,7,0,0,-1.3896999999999906,0.6190476190476191,1.0
2003,13,REG,NYG,BUF,1476.4361,1435.207,6,7,0,0,83.42909999999979,0.6190476190476191,1.0
2003,13,REG,PIT,CIN,1487.8765,1472.9875,7,7,1,0,57.08900000000013,0.6190476190476191,1.0
2003,13,REG,LA,MIN,1592.271,1500.4392,7,7,0,1,134.03179999999992,0.6190476190476191,1.0
2003,13,REG,WAS,NO,1458.6687,1497.3467,7,7,0,0,3.521999999999892,0.6190476190476191,1.0
2003,13,REG,LV,DEN,1459.1619,1498.9451,7,7,1,0,2.4168000000001513,0.6190476190476191,1.0
2003,13,REG,LAC,KC,1378.5047,1629.8523,7,7,1,0,-209.14760000000007,0.6190476190476191,1.0
2003,13,REG,SEA,CLE,1519.4065,1451.8896,7,7,0,1,109.71690000000008,0.6190476190476191,1.0
2003,13,REG,JAX,TB,1381.3256,1543.444,7,6,0,1,-119.91840000000006,0.6190476190476191,1.0
2003,13,REG,NYJ,TEN,1487.5009,1653.0051,8,8,0,1,-123.30420000000008,0.6190476190476191,1.0
2003,14,REG,BAL,CIN,1527.6793,1496.2445,7,7,1,1,73.6348,0.6666666666666666,1.0
2003,14,REG,DET,LAC,1391.716,1369.2738,10,7,0,0,64.64219999999996,0.6666666666666666,1.0
2003,14,REG,GB,CHI,1534.9451,1444.0799,10,7,1,1,133.06519999999995,0.6666666666666666,1.0
2003,14,REG,JAX,HOU,1407.967,1443.1891,7,7,1,1,6.977900000000048,0.6666666666666666,1.0
2003,14,REG,MIN,SEA,1487.7934,1533.2926,7,7,0,1,-3.2991999999999706,0.6666666666666666,1.0
2003,14,REG,NO,TB,1517.5494,1516.8026,7,7,1,0,42.946800000000124,0.6666666666666666,1.0
2003,14,REG,NYG,WAS,1451.7238,1438.466,7,7,1,0,55.45780000000009,0.6666666666666666,1.0
2003,14,REG,PHI,DAL,1656.4145,1524.808,7,10,1,1,173.80650000000009,0.6666666666666666,1.0
2003,14,REG,PIT,LV,1464.6195,1439.0228,7,7,0,1,67.79670000000006,0.6666666666666666,1.0
2003,14,REG,TEN,IND,1626.1909,1590.6858,6,7,1,0,77.70510000000009,0.6666666666666666,1.0
2003,14,REG,SF,ARI,1490.9428,1365.0405,7,7,1,1,168.10229999999996,0.6666666666666666,1.0
2003,14,REG,BUF,NYJ,1459.9193,1514.3151,7,6,1,1,-12.195800000000006,0.6666666666666666,1.0
2003,14,REG,DEN,KC,1519.0842,1639.0832,7,7,1,1,-77.79900000000002,0.6666666666666666,1.0
2003,14,REG,NE,MIA,1674.1155,1583.5889,7,10,1,1,132.72660000000013,0.6666666666666666,1.0
2003,14,REG,ATL,CAR,1403.3915,1531.4782,7,7,1,1,-85.88670000000006,0.6666666666666666,1.0
2003,14,REG,CLE,LA,1438.0035,1604.9168,8,8,0,0,-124.71329999999993,0.6666666666666666,1.0
2003,15,REG,CHI,MIN,1431.386,1507.9833,7,7,1,1,-34.39730000000013,0.7142857142857143,1.0
2003,15,REG,CIN,SF,1480.4209,1501.9566,7,7,0,1,20.664300000000097,0.7142857142857143,1.0
2003,15,REG,IND,ATL,1615.0857,1428.2372,7,7,0,1,229.04850000000005,0.7142857142857143,1.0
2003,15,REG,KC,DET,1614.6781,1368.0372,7,7,0,1,288.8409000000001,0.7142857142857143,1.0
2003,15,REG,NE,JAX,1686.8263,1427.5654,7,7,0,1,301.4609,0.7142857142857143,1.0
2003,15,REG,NYJ,PIT,1493.6133,1480.7656,7,7,0,1,55.047700000000034,0.7142857142857143,1.0
2003,15,REG,LA,SEA,1618.031,1513.1027,6,7,1,1,147.12830000000002,0.7142857142857143,1.0
2003,15,REG,TB,HOU,1539.2623,1423.5907,7,7,0,1,157.87160000000011,0.7142857142857143,1.0
2003,15,REG,TEN,BUF,1601.791,1480.6211,7,7,0,1,163.36989999999986,0.7142857142857143,1.0
2003,15,REG,DEN,CLE,1543.4893,1424.8893,7,6,0,1,160.7999999999999,0.7142857142857143,1.0
2003,15,REG,LV,BAL,1422.8767,1543.5029,7,7,0,1,-78.42619999999992,0.7142857142857143,1.0
2003,15,REG,ARI,CAR,1354.0267,1506.6325,7,7,0,0,-110.40580000000004,0.7142857142857143,1.0
2003,15,REG,LAC,GB,1392.9526,1547.639,7,7,0,0,-112.48639999999982,0.7142857142857143,1.0
2003,15,REG,WAS,DAL,1461.6316,1514.0544,7,7,1,0,-10.22280000000005,0.7142857142857143,1.0
2003,15,REG,NO,NYG,1495.0897,1428.5582,7,7,0,1,108.73150000000005,0.7142857142857143,1.0
2003,15,REG,MIA,PHI,1570.8781,1667.1681,8,8,0,0,-54.09000000000019,0.7142857142857143,1.0
2003,16,REG,TB,ATL,1550.7523,1419.7945,6,6,1,0,173.15780000000012,0.7619047619047619,1.0
2003,16,REG,MIN,KC,1486.0097,1621.0541,6,6,0,1,-92.8444,0.7619047619047619,1.0
2003,16,REG,NYJ,NE,1510.4708,1692.8225,6,6,1,0,-140.15169999999995,0.7619047619047619,1.0
2003,16,REG,BUF,MIA,1469.3886,1553.9669,7,6,1,0,-42.378299999999896,0.7619047619047619,1.0
2003,16,REG,CAR,DET,1520.4827,1361.6612,7,7,0,1,201.0215,0.7619047619047619,1.0
2003,16,REG,CHI,WAS,1453.3596,1442.2199,7,7,0,1,53.33969999999995,0.7619047619047619,1.0
2003,16,REG,CLE,BAL,1413.5369,1519.0635,7,7,1,0,-63.326599999999914,0.7619047619047619,1.0
2003,16,REG,DAL,NYG,1533.4661,1414.6206,7,7,1,1,161.04550000000012,0.7619047619047619,1.0
2003,16,REG,HOU,TEN,1412.1007,1613.0235,7,7,1,0,-158.72280000000006,0.7619047619047619,1.0
2003,16,REG,JAX,NO,1421.5692,1509.0273,7,7,0,1,-45.258100000000056,0.7619047619047619,1.0
2003,16,REG,LA,CIN,1630.034,1499.2328,7,7,0,1,173.0012000000001,0.7619047619047619,1.0
2003,16,REG,PIT,LAC,1463.9081,1379.2107,7,7,0,1,126.89740000000002,0.7619047619047619,1.0
2003,16,REG,PHI,SF,1684.0793,1483.1447,6,7,0,0,243.13460000000003,0.7619047619047619,1.0
2003,16,REG,SEA,ARI,1501.0997,1340.1765,7,7,1,1,203.12319999999994,0.7619047619047619,1.0
2003,16,REG,IND,DEN,1623.5284,1554.8417,7,7,0,0,110.88669999999998,0.7619047619047619,1.0
2003,16,REG,LV,GB,1447.3161,1561.3809,8,8,0,0,-71.8648000000001,0.7619047619047619,1.0
2003,17,REG,NE,BUF,1705.1656,1451.8161,7,6,1,1,295.5495,0.8095238095238095,1.0
2003,17,REG,SF,SEA,1515.2295,1510.5792,6,6,1,0,46.85030000000002,0.8095238095238095,1.0
2003,17,REG,WAS,PHI,1425.2665,1651.9945,6,6,1,0,-184.52800000000008,0.8095238095238095,1.0
2003,17,REG,ATL,JAX,1449.0115,1444.1598,8,7,0,1,47.05170000000017,0.8095238095238095,1.0
2003,17,REG,CIN,CLE,1488.4427,1397.1424,7,7,1,0,133.5003000000001,0.8095238095238095,1.0
2003,17,REG,DET,LA,1352.0939,1640.8241,7,7,0,1,-246.53019999999998,0.8095238095238095,1.0
2003,17,REG,HOU,IND,1400.6508,1597.3535,7,7,1,0,-154.50270000000006,0.8095238095238095,1.0
2003,17,REG,KC,CHI,1595.8332,1470.313,8,7,0,1,167.72019999999992,0.8095238095238095,1.0
2003,17,REG,MIA,NYJ,1571.5394,1498.1277,7,8,1,1,115.61169999999989,0.8095238095238095,1.0
2003,17,REG,NO,DAL,1486.4367,1544.807,7,7,0,1,-16.17030000000004,0.8095238095238095,1.0
2003,17,REG,TEN,TB,1624.4734,1521.5353,7,8,0,1,145.13810000000007,0.8095238095238095,1.0
2003,17,REG,ARI,MIN,1330.697,1511.2306,7,8,0,1,-138.33360000000022,0.8095238095238095,1.0
2003,17,REG,NYG,CAR,1403.2797,1530.05,7,7,0,0,-84.5702999999999,0.8095238095238095,1.0
2003,17,REG,GB,DEN,1577.302,1581.0166,6,7,0,1,38.485399999999984,0.8095238095238095,1.0
2003,17,REG,LAC,LV,1366.2071,1431.395,7,6,1,1,-22.987899999999897,0.8095238095238095,1.0
2003,17,REG,BAL,PIT,1535.458,1476.9117,7,7,1,1,100.74629999999998,0.8095238095238095,1.0
2004,1,REG,NE,IND,1657.9277,1583.1117,7,7,0,1,117.01600000000003,0.047619047619047616,1.0
2004,1,REG,MIA,TEN,1552.3117,1585.2287,7,7,0,0,9.283000000000087,0.047619047619047616,1.0
2004,1,REG,BUF,JAX,1468.6266,1457.3511,7,7,0,0,53.47549999999997,0.047619047619047616,1.0
2004,1,REG,CHI,DET,1476.809,1431.8213,7,7,1,0,87.18769999999991,0.047619047619047616,1.0
2004,1,REG,CLE,BAL,1455.9221,1518.5661,7,7,1,1,-20.444000000000003,0.047619047619047616,1.0
2004,1,REG,HOU,LAC,1434.6408,1433.7571,7,7,0,0,43.083699999999865,0.047619047619047616,1.0
2004,1,REG,NO,SEA,1505.6601,1510.9835,7,7,0,0,36.87660000000001,0.047619047619047616,1.0
2004,1,REG,NYJ,CIN,1491.9686,1477.9089,7,7,0,1,56.259700000000024,0.047619047619047616,1.0
2004,1,REG,PIT,LV,1478.7723,1447.2842,7,7,0,1,73.68810000000003,0.047619047619047616,1.0
2004,1,REG,LA,ARI,1548.5207,1416.1986,7,7,1,1,174.52210000000008,0.047619047619047616,1.0
2004,1,REG,WAS,TB,1450.2347,1506.9015,7,7,0,1,-14.466799999999964,0.047619047619047616,1.0
2004,1,REG,MIN,DAL,1491.4379,1503.773,7,7,0,1,29.86489999999999,0.047619047619047616,1.0
2004,1,REG,PHI,NYG,1589.8029,1434.0724,7,7,1,1,197.93049999999988,0.047619047619047616,1.0
2004,1,REG,SF,ATL,1496.7693,1481.0316,7,7,0,0,57.93769999999991,0.047619047619047616,1.0
2004,1,REG,DEN,KC,1528.3443,1550.0476,7,7,1,1,20.496699999999876,0.047619047619047616,1.0
2004,1,REG,CAR,GB,1567.8503,1557.8499,7,7,0,0,52.20040000000013,0.047619047619047616,1.0
2004,2,REG,ATL,LA,1504.3362,1559.242,7,7,0,1,-12.705799999999996,0.09523809523809523,1.0
2004,2,REG,BAL,PIT,1497.3906,1494.593,7,7,1,1,44.99759999999988,0.09523809523809523,1.0
2004,2,REG,DET,HOU,1456.7375,1412.1733,7,7,0,1,86.76420000000003,0.09523809523809523,1.0
2004,2,REG,GB,CHI,1580.8324,1451.8928,6,7,1,0,171.13959999999992,0.09523809523809523,1.0
2004,2,REG,JAX,DEN,1480.4053,1547.1658,7,7,0,1,-24.56050000000009,0.09523809523809523,1.0
2004,2,REG,KC,CAR,1531.2261,1544.8678,7,6,0,0,28.558300000000102,0.09523809523809523,1.0
2004,2,REG,NO,SF,1483.5452,1473.4647,7,7,0,1,52.28050000000003,0.09523809523809523,1.0
2004,2,REG,NYG,WAS,1424.375,1471.067,7,7,1,1,-4.492000000000004,0.09523809523809523,1.0
2004,2,REG,TEN,IND,1605.7629,1569.604,8,10,1,0,78.3588999999999,0.09523809523809523,1.0
2004,2,REG,TB,SEA,1486.0692,1533.0984,7,7,0,0,-4.829200000000171,0.09523809523809523,1.0
2004,2,REG,ARI,NE,1405.4773,1671.4354,7,10,0,0,-223.75810000000007,0.09523809523809523,1.0
2004,2,REG,DAL,CLE,1485.4879,1477.0976,7,7,0,1,50.59030000000003,0.09523809523809523,1.0
2004,2,REG,LV,BUF,1431.4635,1445.5724,7,7,0,1,28.091100000000054,0.09523809523809523,1.0
2004,2,REG,LAC,NYJ,1456.2246,1508.758,7,7,0,0,-10.333400000000026,0.09523809523809523,1.0
2004,2,REG,CIN,MIA,1461.1195,1531.7775,7,8,0,1,-28.4579999999999,0.09523809523809523,1.0
2004,2,REG,PHI,MIN,1599.5003,1509.723,8,8,0,1,131.97729999999996,0.09523809523809523,1.0
2004,3,REG,ATL,ARI,1525.0673,1396.83,7,7,0,1,170.4373,0.14285714285714285,1.0
2004,3,REG,CIN,BAL,1482.754,1514.8147,7,7,1,0,10.139300000000006,0.14285714285714285,1.0
2004,3,REG,DET,PHI,1471.8443,1612.2486,7,6,0,0,-98.20429999999992,0.14285714285714285,1.0
2004,3,REG,KC,HOU,1509.5858,1397.0665,7,7,0,0,154.71930000000015,0.14285714285714285,1.0
2004,3,REG,MIN,CHI,1496.9747,1481.018,6,7,1,1,58.15669999999996,0.14285714285714285,1.0
2004,3,REG,NYG,CLE,1444.6336,1459.9894,7,7,0,1,26.844199999999958,0.14285714285714285,1.0
2004,3,REG,LA,NO,1538.5109,1500.5582,7,7,0,0,80.15270000000005,0.14285714285714285,1.0
2004,3,REG,TEN,JAX,1581.3272,1501.8168,7,7,1,0,121.7103999999999,0.14285714285714285,1.0
2004,3,REG,DEN,LAC,1525.7543,1436.8193,7,7,1,1,131.13499999999993,0.14285714285714285,1.0
2004,3,REG,IND,GB,1594.0397,1551.7072,7,7,0,1,84.53249999999998,0.14285714285714285,1.0
2004,3,REG,SEA,SF,1552.8204,1456.4517,7,7,1,1,138.56869999999998,0.14285714285714285,1.0
2004,3,REG,MIA,PIT,1510.143,1477.1689,7,7,0,0,75.17410000000014,0.14285714285714285,1.0
2004,3,REG,LV,TB,1449.85,1466.3472,7,7,0,1,25.702799999999982,0.14285714285714285,1.0
2004,3,REG,WAS,DAL,1450.8084,1502.5961,8,8,1,0,-9.587700000000083,0.14285714285714285,1.0
2004,4,REG,BUF,NE,1427.1859,1680.0827,14,14,1,0,-210.6968,0.19047619047619047,1.0
2004,4,REG,CHI,PHI,1464.3348,1626.7414,7,7,0,0,-120.20660000000002,0.19047619047619047,1.0
2004,4,REG,CLE,WAS,1441.5316,1431.3602,7,6,0,1,52.37139999999995,0.19047619047619047,1.0
2004,4,REG,GB,NYG,1536.4795,1463.0914,7,7,0,0,115.5880999999999,0.19047619047619047,1.0
2004,4,REG,HOU,LV,1425.4274,1468.3731,7,7,0,1,-0.7456999999999852,0.19047619047619047,1.0
2004,4,REG,JAX,IND,1528.5498,1609.2674,7,7,1,0,-38.517599999999945,0.19047619047619047,1.0
2004,4,REG,PIT,CIN,1501.43,1462.1705,7,7,1,1,81.45950000000012,0.19047619047619047,1.0
2004,4,REG,ARI,NO,1385.9232,1525.092,7,7,0,1,-96.96880000000014,0.19047619047619047,1.0
2004,4,REG,CAR,ATL,1566.5081,1535.9741,14,7,1,0,72.73400000000011,0.19047619047619047,1.0
2004,4,REG,MIA,NYJ,1485.8819,1528.1633,7,14,1,0,-0.08139999999984582,0.19047619047619047,1.0
2004,4,REG,LAC,TEN,1424.0289,1554.5942,7,7,0,1,-88.36529999999998,0.19047619047619047,1.0
2004,4,REG,TB,DEN,1447.8241,1538.5447,7,7,0,0,-48.520599999999874,0.19047619047619047,1.0
2004,4,REG,SF,LA,1444.0307,1513.9771,7,7,1,0,-27.746400000000037,0.19047619047619047,1.0
2004,4,REG,BAL,KC,1535.3982,1481.2249,8,8,0,0,96.37330000000016,0.19047619047619047,1.0
2004,5,REG,ATL,DET,1560.1009,1457.3515,7,14,0,0,144.9493999999999,0.23809523809523808,1.0
2004,5,REG,DAL,NYG,1522.0443,1489.5101,13,7,1,0,74.73420000000006,0.23809523809523808,1.0
2004,5,REG,HOU,MIN,1445.4703,1513.6579,7,14,0,0,-25.987599999999972,0.23809523809523808,1.0
2004,5,REG,IND,LV,1627.0592,1448.3302,7,7,0,1,220.9289999999998,0.23809523809523808,1.0
2004,5,REG,NE,MIA,1689.2505,1465.8866,7,7,1,1,265.56390000000005,0.23809523809523808,1.0
2004,5,REG,NO,TB,1499.6506,1430.5992,7,7,1,0,111.25139999999983,0.23809523809523808,1.0
2004,5,REG,PIT,CLE,1516.8249,1458.5395,7,7,1,1,100.48539999999998,0.23809523809523808,1.0
2004,5,REG,NYJ,BUF,1548.1586,1418.0181,7,7,1,1,172.34049999999996,0.23809523809523808,1.0
2004,5,REG,LAC,JAX,1449.0087,1510.758,7,7,0,1,-19.549299999999945,0.23809523809523808,1.0
2004,5,REG,DEN,CAR,1555.7696,1542.3813,7,7,0,1,55.588300000000075,0.23809523809523808,1.0
2004,5,REG,SEA,LA,1565.2414,1532.3833,14,7,1,0,75.05810000000015,0.23809523809523808,1.0
2004,5,REG,SF,ARI,1425.6245,1411.3646,7,7,1,1,56.45989999999979,0.23809523809523808,1.0
2004,5,REG,WAS,BAL,1414.3523,1509.9885,7,6,0,0,-53.436199999999914,0.23809523809523808,1.0
2004,5,REG,GB,TEN,1510.0608,1529.6144,8,8,0,0,22.646400000000042,0.23809523809523808,1.0
2004,6,REG,ATL,LAC,1532.2096,1470.1329,7,7,0,1,104.27669999999985,0.2857142857142857,1.0
2004,6,REG,BUF,MIA,1407.198,1458.7593,7,7,1,1,-9.361299999999844,0.2857142857142857,1.0
2004,6,REG,CHI,WAS,1450.991,1397.4043,14,7,0,0,95.78670000000007,0.2857142857142857,1.0
2004,6,REG,CLE,CIN,1444.1678,1446.7756,7,14,1,1,39.592200000000005,0.2857142857142857,1.0
2004,6,REG,DET,GB,1485.2428,1488.759,7,6,1,0,38.68379999999998,0.2857142857142857,1.0
2004,6,REG,JAX,KC,1489.6338,1506.6346,7,13,0,1,25.199199999999976,0.2857142857142857,1.0
2004,6,REG,NE,SEA,1696.3778,1540.9867,7,7,0,1,197.59110000000004,0.2857142857142857,1.0
2004,6,REG,NYJ,SF,1558.9787,1442.4027,7,7,0,1,158.77599999999978,0.2857142857142857,1.0
2004,6,REG,PHI,CAR,1640.0852,1525.5542,14,7,0,1,156.73099999999994,0.2857142857142857,1.0
2004,6,REG,TEN,HOU,1550.9162,1426.9635,6,7,1,0,166.1526999999998,0.2857142857142857,1.0
2004,6,REG,DAL,PIT,1497.8074,1531.1966,7,7,0,0,8.81079999999993,0.2857142857142857,1.0
2004,6,REG,LV,DEN,1439.572,1572.5967,7,7,1,0,-90.82470000000016,0.2857142857142857,1.0
2004,6,REG,NO,MIN,1473.4567,1532.1647,7,7,0,0,-16.50800000000008,0.2857142857142857,1.0
2004,6,REG,LA,TB,1556.638,1456.7931,8,8,0,1,142.0448999999998,0.2857142857142857,1.0
2004,7,REG,BAL,BUF,1526.9365,1427.7367,14,7,0,1,141.39980000000008,0.3333333333333333,1.0
2004,7,REG,CAR,LAC,1514.0104,1455.9616,7,7,0,0,100.2487999999998,0.3333333333333333,1.0
2004,7,REG,CLE,PHI,1461.8985,1651.629,7,7,0,0,-147.5304999999999,0.3333333333333333,1.0
2004,7,REG,IND,JAX,1635.8174,1508.1858,14,7,1,0,169.83159999999992,0.3333333333333333,1.0
2004,7,REG,KC,ATL,1488.0826,1546.3809,7,7,0,1,-16.09830000000015,0.3333333333333333,1.0
2004,7,REG,MIA,LA,1438.2206,1568.8883,7,6,0,1,-88.46769999999997,0.3333333333333333,1.0
2004,7,REG,MIN,TEN,1551.2151,1522.0198,7,7,0,1,71.39529999999986,0.3333333333333333,1.0
2004,7,REG,NYG,DET,1513.747,1463.0251,14,7,0,0,92.92190000000001,0.3333333333333333,1.0
2004,7,REG,TB,CHI,1444.5428,1425.6127,6,7,0,1,61.13010000000004,0.3333333333333333,1.0
2004,7,REG,NE,NYJ,1706.0895,1570.4261,7,7,1,1,177.86340000000013,0.3333333333333333,1.0
2004,7,REG,ARI,SEA,1394.5864,1531.275,14,7,1,1,-94.48860000000018,0.3333333333333333,1.0
2004,7,REG,GB,DAL,1510.9767,1477.3003,7,7,0,1,75.87639999999983,0.3333333333333333,1.0
2004,7,REG,LV,NO,1424.6844,1454.4063,7,7,0,0,12.478099999999998,0.3333333333333333,1.0
2004,7,REG,CIN,DEN,1429.0449,1587.4843,8,8,0,1,-116.23939999999997,0.3333333333333333,1.0
2004,8,REG,BUF,ARI,1415.4548,1419.8954,7,7,0,1,37.75939999999987,0.38095238095238093,1.0
2004,8,REG,DAL,DET,1461.6,1488.2501,7,7,0,1,15.549899999999937,0.38095238095238093,1.0
2004,8,REG,HOU,JAX,1455.8599,1537.2513,14,7,1,1,-39.19139999999997,0.38095238095238093,1.0
2004,8,REG,KC,IND,1509.0086,1606.7519,7,7,0,1,-55.54330000000009,0.38095238095238093,1.0
2004,8,REG,MIN,NYG,1567.1621,1488.522,7,7,0,0,120.84010000000008,0.38095238095238093,1.0
2004,8,REG,PHI,BAL,1663.6126,1539.2184,7,7,0,1,166.59419999999994,0.38095238095238093,1.0
2004,8,REG,TEN,CIN,1506.0728,1455.4972,7,6,0,1,92.7755999999999,0.38095238095238093,1.0
2004,8,REG,WAS,GB,1422.7826,1526.677,14,7,0,0,-61.6943999999999,0.38095238095238093,1.0
2004,8,REG,DEN,ATL,1561.032,1525.4549,6,7,0,0,77.77709999999998,0.38095238095238093,1.0
2004,8,REG,SEA,CAR,1505.966,1488.3946,7,7,0,1,59.771399999999815,0.38095238095238093,1.0
2004,8,REG,PIT,NE,1551.7037,1716.6605,14,7,0,1,-122.75679999999993,0.38095238095238093,1.0
2004,8,REG,LAC,LV,1481.5774,1403.9664,7,7,1,1,119.81099999999988,0.38095238095238093,1.0
2004,8,REG,CHI,SF,1409.0958,1430.9553,7,14,0,1,20.340499999999977,0.38095238095238093,1.0
2004,8,REG,NYJ,MIA,1559.8551,1463.2059,8,8,1,1,138.84920000000005,0.38095238095238093,1.0
2004,9,REG,BUF,NYJ,1433.2897,1572.2623,7,6,1,1,-96.77260000000005,0.42857142857142855,1.0
2004,9,REG,CAR,LV,1471.8018,1390.6023,7,7,0,0,123.39949999999995,0.42857142857142855,1.0
2004,9,REG,CIN,DAL,1440.7144,1480.7055,7,7,0,1,2.2089000000000425,0.42857142857142855,1.0
2004,9,REG,DET,WAS,1469.1446,1406.2972,7,7,0,0,105.04740000000011,0.42857142857142855,1.0
2004,9,REG,MIA,ARI,1450.7987,1402.0605,6,7,0,0,90.93820000000001,0.42857142857142855,1.0
2004,9,REG,PIT,PHI,1578.4901,1674.6958,7,7,0,1,-54.005699999999976,0.42857142857142855,1.0
2004,9,REG,TB,KC,1461.0597,1532.179,14,7,0,1,-28.919300000000064,0.42857142857142855,1.0
2004,9,REG,NYG,CHI,1515.2106,1427.9262,7,7,0,0,129.4844,0.42857142857142855,1.0
2004,9,REG,LAC,NO,1494.9415,1475.1243,7,14,0,1,62.01719999999996,0.42857142857142855,1.0
2004,9,REG,SF,SEA,1412.1249,1522.5588,7,7,1,0,-68.23389999999999,0.42857142857142855,1.0
2004,9,REG,DEN,HOU,1536.6281,1478.1064,7,7,0,1,100.72170000000001,0.42857142857142855,1.0
2004,9,REG,LA,NE,1543.903,1689.8741,14,7,0,0,-103.77109999999998,0.42857142857142855,1.0
2004,9,REG,BAL,CLE,1528.1352,1449.9149,7,14,1,1,120.42029999999995,0.42857142857142855,1.0
2004,9,REG,IND,MIN,1583.5815,1540.4735,8,8,0,1,85.30799999999995,0.42857142857142855,1.0
2004,10,REG,ATL,TB,1549.8588,1482.7206,14,7,1,1,109.33819999999987,0.47619047619047616,1.0
2004,10,REG,CLE,PIT,1436.582,1601.5741,7,7,1,0,-122.79209999999993,0.47619047619047616,1.0
2004,10,REG,IND,HOU,1598.7671,1463.7473,6,7,1,1,177.21980000000002,0.47619047619047616,1.0
2004,10,REG,JAX,DET,1515.0048,1443.2754,14,7,0,1,113.92939999999994,0.47619047619047616,1.0
2004,10,REG,NO,KC,1458.6569,1510.5181,7,7,0,1,-9.66120000000005,0.47619047619047616,1.0
2004,10,REG,NYJ,BAL,1546.8313,1541.4681,7,7,0,0,47.56320000000001,0.47619047619047616,1.0
2004,10,REG,LA,SEA,1529.705,1538.6807,7,7,1,1,33.22430000000004,0.47619047619047616,1.0
2004,10,REG,TEN,CHI,1520.8556,1455.053,14,7,0,0,108.00259999999999,0.47619047619047616,1.0
2004,10,REG,WAS,CIN,1432.1664,1460.5872,7,7,0,0,13.779200000000131,0.47619047619047616,1.0
2004,10,REG,ARI,NYG,1427.179,1488.0838,7,7,0,1,-18.70480000000002,0.47619047619047616,1.0
2004,10,REG,GB,MIN,1543.1624,1525.2879,14,6,1,1,60.0744999999999,0.47619047619047616,1.0
2004,10,REG,SF,CAR,1396.003,1444.9827,7,7,0,0,-6.779700000000091,0.47619047619047616,1.0
2004,10,REG,NE,BUF,1704.0721,1458.7207,7,7,1,1,287.5514,0.47619047619047616,1.0
2004,10,REG,DAL,PHI,1460.8327,1651.6118,8,8,1,0,-148.57909999999998,0.47619047619047616,1.0
2004,11,REG,BAL,DAL,1564.1891,1448.8997,7,6,0,1,157.4894000000001,0.5238095238095238,1.0
2004,11,REG,BUF,LA,1452.3048,1547.7983,7,7,0,1,-53.29350000000004,0.5238095238095238,1.0
2004,11,REG,CAR,ARI,1464.5925,1448.2547,7,7,0,1,58.53780000000002,0.5238095238095238,1.0
2004,11,REG,CHI,IND,1481.0773,1609.367,7,7,0,0,-86.08970000000004,0.5238095238095238,1.0
2004,11,REG,CIN,PIT,1481.38,1614.7859,7,7,1,0,-91.20589999999997,0.5238095238095238,1.0
2004,11,REG,CLE,NYJ,1423.3702,1524.1103,7,7,0,0,-58.54009999999998,0.5238095238095238,1.0
2004,11,REG,JAX,TEN,1528.6719,1494.8313,7,7,1,0,76.0406,0.5238095238095238,1.0
2004,11,REG,MIN,DET,1508.712,1429.6083,7,7,1,1,121.30369999999989,0.5238095238095238,1.0
2004,11,REG,NO,DEN,1479.2129,1550.9872,7,14,0,0,-29.574300000000036,0.5238095238095238,1.0
2004,11,REG,TB,SF,1468.8147,1376.3932,7,7,0,1,134.6214999999999,0.5238095238095238,1.0
2004,11,REG,LV,LAC,1417.4214,1511.4089,14,14,1,0,-51.78749999999995,0.5238095238095238,1.0
2004,11,REG,SEA,MIA,1520.5874,1425.6802,7,14,0,1,137.10719999999986,0.5238095238095238,1.0
2004,11,REG,NYG,ATL,1467.0081,1563.7647,7,7,0,0,-54.55659999999993,0.5238095238095238,1.0
2004,11,REG,PHI,WAS,1663.5448,1411.3736,6,7,1,1,294.3712,0.5238095238095238,1.0
2004,11,REG,HOU,GB,1453.1474,1559.7383,7,7,0,0,-64.39089999999992,0.5238095238095238,1.0
2004,11,REG,KC,NE,1489.9621,1710.488,8,8,0,0,-178.3259000000001,0.5238095238095238,1.0
2004,12,REG,DET,IND,1416.3206,1624.5103,4,4,0,0,-165.9896999999999,0.5714285714285714,1.0
2004,12,REG,DAL,CHI,1437.3917,1465.934,4,4,0,1,13.657699999999934,0.5714285714285714,1.0
2004,12,REG,CAR,TB,1481.2543,1481.4311,7,7,1,1,42.023200000000045,0.5714285714285714,1.0
2004,12,REG,CIN,CLE,1466.5129,1406.7085,7,7,1,1,102.00439999999999,0.5714285714285714,1.0
2004,12,REG,HOU,TEN,1436.8122,1519.14,7,7,1,1,-40.12780000000002,0.5714285714285714,1.0
2004,12,REG,KC,LAC,1479.4118,1528.4497,6,7,1,0,-6.837899999999806,0.5714285714285714,1.0
2004,12,REG,MIN,JAX,1521.9997,1504.3632,7,7,0,1,59.83650000000007,0.5714285714285714,1.0
2004,12,REG,NYG,PHI,1450.1231,1669.752,7,7,1,0,-177.42889999999994,0.5714285714285714,1.0
2004,12,REG,PIT,WAS,1629.653,1405.1664,7,7,0,1,266.68659999999994,0.5714285714285714,1.0
2004,12,REG,ATL,NO,1580.6497,1460.9112,7,7,1,1,161.93849999999992,0.5714285714285714,1.0
2004,12,REG,ARI,NYJ,1431.5929,1540.772,7,7,0,0,-66.97909999999983,0.5714285714285714,1.0
2004,12,REG,NE,BAL,1721.0383,1575.6971,6,7,0,1,187.54119999999983,0.5714285714285714,1.0
2004,12,REG,SEA,BUF,1533.0806,1475.3488,7,7,0,0,99.93180000000002,0.5714285714285714,1.0
2004,12,REG,SF,MIA,1363.7768,1413.187,7,7,0,0,-7.210199999999801,0.5714285714285714,1.0
2004,12,REG,DEN,LV,1569.2889,1400.3806,7,7,1,0,211.10830000000004,0.5714285714285714,1.0
2004,12,REG,GB,LA,1576.0735,1524.7543,8,8,0,1,93.51919999999991,0.5714285714285714,1.0
2004,13,REG,BAL,CIN,1565.5536,1480.8041,7,7,1,0,126.9494999999999,0.6190476190476191,1.0
2004,13,REG,CHI,MIN,1446.7198,1538.5889,10,7,1,1,-49.66909999999989,0.6190476190476191,1.0
2004,13,REG,CLE,NE,1392.4173,1731.1818,7,7,0,0,-296.5645,0.6190476190476191,1.0
2004,13,REG,DET,ARI,1405.2095,1415.4015,10,7,0,1,32.007999999999996,0.6190476190476191,1.0
2004,13,REG,IND,TEN,1635.6214,1496.8403,10,7,1,1,180.9810999999999,0.6190476190476191,1.0
2004,13,REG,MIA,BUF,1432.772,1500.9478,7,7,1,0,-25.97579999999998,0.6190476190476191,1.0
2004,13,REG,NO,CAR,1449.612,1498.847,7,7,1,0,-7.034999999999897,0.6190476190476191,1.0
2004,13,REG,NYJ,HOU,1556.9634,1459.1119,7,7,0,1,140.05149999999998,0.6190476190476191,1.0
2004,13,REG,LA,SF,1510.0113,1344.1918,6,7,1,1,208.01949999999982,0.6190476190476191,1.0
2004,13,REG,TB,ATL,1463.8384,1591.9489,7,7,1,1,-85.9105,0.6190476190476191,1.0
2004,13,REG,LV,KC,1431.2296,1459.8054,7,7,1,0,13.62419999999993,0.6190476190476191,1.0
2004,13,REG,LAC,DEN,1548.0561,1538.4399,7,7,1,1,51.81619999999994,0.6190476190476191,1.0
2004,13,REG,PHI,GB,1680.3425,1590.8165,7,6,0,1,131.72600000000006,0.6190476190476191,1.0
2004,13,REG,WAS,NYG,1398.0769,1439.5326,7,7,1,1,0.7443000000000239,0.6190476190476191,1.0
2004,13,REG,JAX,PIT,1487.774,1636.7425,7,7,0,0,-106.76850000000017,0.6190476190476191,1.0
2004,13,REG,SEA,DAL,1507.4816,1456.6059,8,11,0,0,93.07570000000005,0.6190476190476191,1.0
2004,14,REG,ATL,LV,1567.1019,1410.4457,7,7,0,1,198.8561999999999,0.6666666666666666,1.0
2004,14,REG,BAL,NYG,1538.5545,1419.5754,7,7,0,1,161.1791,0.6666666666666666,1.0
2004,14,REG,BUF,CLE,1519.4553,1386.276,7,7,0,1,175.3793,0.6666666666666666,1.0
2004,14,REG,DAL,NO,1481.8392,1430.0169,6,7,0,0,94.02229999999982,0.6666666666666666,1.0
2004,14,REG,HOU,IND,1446.7639,1646.0534,7,7,1,0,-157.0895000000001,0.6666666666666666,1.0
2004,14,REG,JAX,CHI,1473.7337,1469.5597,7,7,0,1,46.37399999999998,0.6666666666666666,1.0
2004,14,REG,MIN,SEA,1515.749,1482.2483,7,6,0,0,75.70070000000005,0.6666666666666666,1.0
2004,14,REG,NE,CIN,1737.3231,1507.8032,7,7,0,1,271.7199,0.6666666666666666,1.0
2004,14,REG,DEN,MIA,1521.4008,1414.2645,7,7,0,1,149.33629999999988,0.6666666666666666,1.0
2004,14,REG,PIT,NYJ,1650.7828,1569.3114,7,7,0,1,123.6713999999999,0.6666666666666666,1.0
2004,14,REG,ARI,SF,1397.2388,1334.9147,7,7,1,0,104.52410000000005,0.6666666666666666,1.0
2004,14,REG,CAR,LA,1518.4421,1519.2884,7,7,0,1,41.353700000000075,0.6666666666666666,1.0
2004,14,REG,GB,DET,1578.0557,1423.3722,7,7,1,1,196.88349999999986,0.6666666666666666,1.0
2004,14,REG,LAC,TB,1565.0952,1488.6854,7,7,0,1,118.60979999999991,0.6666666666666666,1.0
2004,14,REG,WAS,PHI,1418.0341,1693.1033,7,7,1,0,-232.86919999999992,0.6666666666666666,1.0
2004,14,REG,TEN,KC,1486.4083,1480.5893,8,8,0,0,48.01899999999996,0.6666666666666666,1.0
2004,15,REG,NYG,PIT,1408.2407,1663.9499,6,6,0,0,-213.50920000000002,0.7142857142857143,1.0
2004,15,REG,SF,WAS,1360.7564,1409.737,6,6,0,0,-6.780600000000092,0.7142857142857143,1.0
2004,15,REG,ATL,CAR,1576.7602,1536.0728,6,6,1,1,82.88740000000003,0.7142857142857143,1.0
2004,15,REG,CHI,HOU,1452.2135,1435.237,7,7,0,0,59.17649999999999,0.7142857142857143,1.0
2004,15,REG,CIN,BUF,1500.8811,1530.1379,7,7,0,0,12.943200000000118,0.7142857142857143,1.0
2004,15,REG,CLE,LAC,1375.5934,1578.5209,7,7,0,0,-160.72750000000002,0.7142857142857143,1.0
2004,15,REG,DET,MIN,1413.6305,1491.459,7,7,1,0,-35.628500000000074,0.7142857142857143,1.0
2004,15,REG,KC,DEN,1503.336,1533.2973,6,7,1,1,12.238700000000065,0.7142857142857143,1.0
2004,15,REG,NYJ,SEA,1556.1443,1506.5383,7,7,0,1,91.806,0.7142857142857143,1.0
2004,15,REG,PHI,DAL,1701.4004,1456.5552,7,7,1,1,287.04519999999997,0.7142857142857143,1.0
2004,15,REG,ARI,LA,1371.3971,1501.6577,7,7,1,1,-88.06060000000006,0.7142857142857143,1.0
2004,15,REG,TB,NO,1475.2597,1455.3009,7,7,1,0,62.15880000000011,0.7142857142857143,1.0
2004,15,REG,GB,JAX,1587.7974,1491.0799,7,7,0,0,138.91749999999996,0.7142857142857143,1.0
2004,15,REG,LV,TEN,1400.7874,1463.6616,7,6,0,1,-20.67419999999997,0.7142857142857143,1.0
2004,15,REG,IND,BAL,1657.5803,1549.8892,7,7,0,1,149.8911,0.7142857142857143,1.0
2004,15,REG,MIA,NE,1402.368,1744.2452,8,8,1,1,-299.67720000000014,0.7142857142857143,1.0
2004,16,REG,MIN,GB,1509.4152,1560.2012,5,5,1,0,-8.586000000000055,0.7619047619047619,1.0
2004,16,REG,KC,LV,1522.6318,1421.9761,6,6,1,1,142.8557,0.7619047619047619,1.0
2004,16,REG,TEN,DEN,1442.4729,1514.0015,6,6,0,0,-29.328600000000094,0.7619047619047619,1.0
2004,16,REG,CIN,NYG,1480.1364,1399.1868,7,8,0,1,123.14960000000015,0.7619047619047619,1.0
2004,16,REG,DET,CHI,1395.6743,1428.8396,7,7,1,1,9.034699999999887,0.7619047619047619,1.0
2004,16,REG,IND,LAC,1669.4501,1589.8767,7,7,0,1,121.7734,0.7619047619047619,1.0
2004,16,REG,JAX,HOU,1518.6761,1458.6109,7,7,1,0,102.26520000000001,0.7619047619047619,1.0
2004,16,REG,NO,ATL,1478.8414,1592.0773,7,8,1,1,-71.0358999999999,0.7619047619047619,1.0
2004,16,REG,PIT,BAL,1673.0038,1538.0194,8,7,1,1,177.18440000000004,0.7619047619047619,1.0
2004,16,REG,NYJ,NE,1570.9792,1710.2939,7,6,1,0,-97.1146999999999,0.7619047619047619,1.0
2004,16,REG,SF,BUF,1341.1467,1550.8826,8,7,0,0,-167.5358999999999,0.7619047619047619,1.0
2004,16,REG,DAL,WAS,1450.1236,1429.3467,7,8,1,1,62.976899999999844,0.7619047619047619,1.0
2004,16,REG,SEA,ARI,1491.7034,1396.3604,7,7,1,1,137.54300000000006,0.7619047619047619,1.0
2004,16,REG,TB,CAR,1451.7192,1520.7557,7,8,1,0,-26.83649999999993,0.7619047619047619,1.0
2004,16,REG,MIA,CLE,1436.3193,1364.2376,6,7,0,1,114.28170000000019,0.7619047619047619,1.0
2004,16,REG,LA,PHI,1476.6944,1707.832,8,8,0,1,-188.93760000000003,0.7619047619047619,1.0
2004,17,REG,BAL,MIA,1527.418,1449.9681,7,7,0,1,119.64989999999985,0.8095238095238095,1.0
2004,17,REG,BUF,PIT,1561.9224,1683.6052,7,7,0,0,-79.48280000000004,0.8095238095238095,1.0
2004,17,REG,CAR,NO,1539.2139,1502.8745,7,7,1,0,78.53940000000007,0.8095238095238095,1.0
2004,17,REG,CHI,GB,1409.3596,1579.7071,7,9,1,0,-128.1475000000001,0.8095238095238095,1.0
2004,17,REG,HOU,CLE,1484.3334,1350.5888,7,7,0,0,175.94459999999998,0.8095238095238095,1.0
2004,17,REG,NE,SF,1724.8447,1330.1069,7,7,0,1,436.9378000000001,0.8095238095238095,1.0
2004,17,REG,PHI,CIN,1677.9147,1493.33,6,7,0,0,226.7847000000001,0.8095238095238095,1.0
2004,17,REG,LA,NYJ,1506.6117,1556.4284,6,7,0,1,-7.61670000000008,0.8095238095238095,1.0
2004,17,REG,TEN,DET,1424.1572,1415.1543,8,7,0,1,51.202900000000184,0.8095238095238095,1.0
2004,17,REG,WAS,MIN,1412.9328,1489.9093,7,9,0,1,-34.776499999999984,0.8095238095238095,1.0
2004,17,REG,ARI,TB,1383.8888,1433.261,7,7,0,1,-7.172200000000018,0.8095238095238095,1.0
2004,17,REG,SEA,ATL,1504.175,1568.0442,7,7,0,1,-21.66920000000009,0.8095238095238095,1.0
2004,17,REG,DEN,IND,1532.3172,1682.7139,8,7,0,1,-108.1967,0.8095238095238095,1.0
2004,17,REG,LV,JAX,1409.7654,1492.9536,8,7,0,0,-40.98820000000005,0.8095238095238095,1.0
2004,17,REG,LAC,KC,1576.6129,1534.8425,7,8,1,1,83.97040000000011,0.8095238095238095,1.0
2004,17,REG,NYG,DAL,1385.9932,1466.5375,7,7,1,1,-38.34430000000002,0.8095238095238095,1.0
2005,1,REG,NE,LV,1673.6588,1436.5084,7,7,0,1,279.3504,0.047619047619047616,1.0
2005,1,REG,BUF,HOU,1529.0918,1474.2343,7,7,0,1,97.05749999999985,0.047619047619047616,1.0
2005,1,REG,CAR,NO,1510.101,1517.6321,7,7,1,0,34.66890000000008,0.047619047619047616,1.0
2005,1,REG,CLE,CIN,1429.199,1516.1201,7,7,1,0,-44.72110000000002,0.047619047619047616,1.0
2005,1,REG,JAX,SEA,1507.603,1500.4185,7,7,0,1,49.384500000000074,0.047619047619047616,1.0
2005,1,REG,KC,NYJ,1512.9906,1533.4815,7,7,0,1,21.709099999999992,0.047619047619047616,1.0
2005,1,REG,MIA,DEN,1463.1974,1527.3773,7,7,0,1,-21.979900000000086,0.047619047619047616,1.0
2005,1,REG,MIN,TB,1495.4684,1448.9489,7,7,0,0,88.71949999999988,0.047619047619047616,1.0
2005,1,REG,PIT,TEN,1613.6466,1465.9785,7,7,0,1,189.86810000000008,0.047619047619047616,1.0
2005,1,REG,WAS,CHI,1462.1968,1439.0915,7,7,0,1,65.30529999999995,0.047619047619047616,1.0
2005,1,REG,DET,GB,1440.0884,1535.9972,7,7,1,1,-53.708799999999925,0.047619047619047616,1.0
2005,1,REG,NYG,ARI,1446.155,1443.821,7,7,0,1,44.53400000000006,0.047619047619047616,1.0
2005,1,REG,LAC,DAL,1538.0022,1467.8435,7,7,0,0,112.35869999999996,0.047619047619047616,1.0
2005,1,REG,SF,LA,1397.509,1520.5962,7,7,1,1,-80.88719999999994,0.047619047619047616,1.0
2005,1,REG,BAL,IND,1525.7142,1593.7005,7,7,0,0,-25.786300000000026,0.047619047619047616,1.0
2005,1,REG,ATL,PHI,1533.1076,1595.0926,7,7,0,1,-19.784999999999897,0.047619047619047616,1.0
2005,2,REG,CAR,NE,1488.1119,1680.3331,7,10,0,1,-150.02119999999996,0.09523809523809523,1.0
2005,2,REG,CHI,DET,1422.8071,1463.1557,7,7,1,1,1.8513999999999697,0.09523809523809523,1.0
2005,2,REG,CIN,MIN,1533.5599,1470.4695,7,7,0,1,105.29040000000005,0.09523809523809523,1.0
2005,2,REG,HOU,PIT,1459.6804,1623.689,7,7,0,0,-121.80860000000011,0.09523809523809523,1.0
2005,2,REG,IND,JAX,1612.2188,1524.7792,7,7,1,1,129.63960000000014,0.09523809523809523,1.0
2005,2,REG,PHI,SF,1573.9549,1422.0829,6,7,0,1,194.07199999999983,0.09523809523809523,1.0
2005,2,REG,TB,BUF,1473.9478,1543.6457,7,7,0,1,-27.497900000000115,0.09523809523809523,1.0
2005,2,REG,TEN,BAL,1455.9361,1507.1959,7,7,0,1,-9.059800000000038,0.09523809523809523,1.0
2005,2,REG,ARI,LA,1426.3706,1496.0223,7,7,1,0,-27.451700000000116,0.09523809523809523,1.0
2005,2,REG,SEA,ATL,1483.2423,1554.2453,7,6,0,1,-28.803000000000154,0.09523809523809523,1.0
2005,2,REG,DEN,LAC,1506.1137,1511.7507,7,7,1,1,36.56300000000006,0.09523809523809523,1.0
2005,2,REG,GB,CLE,1512.9299,1411.7592,7,7,0,0,143.3707000000001,0.09523809523809523,1.0
2005,2,REG,NYJ,MIA,1514.7296,1484.461,7,7,1,1,72.46859999999988,0.09523809523809523,1.0
2005,2,REG,LV,KC,1429.8341,1531.7425,10,7,1,0,-59.708400000000026,0.09523809523809523,1.0
2005,2,REG,DAL,WAS,1494.095,1478.4812,8,8,1,0,57.813800000000086,0.09523809523809523,1.0
2005,2,REG,NO,NYG,1539.6212,1463.6054,8,8,0,0,118.21580000000013,0.09523809523809523,1.0
2005,3,REG,BUF,ATL,1522.0661,1532.5911,7,7,0,0,31.674999999999912,0.14285714285714285,1.0
2005,3,REG,CHI,CIN,1442.7005,1547.6779,7,7,0,0,-62.777399999999986,0.14285714285714285,1.0
2005,3,REG,GB,TB,1485.1154,1495.5274,7,7,0,0,31.78799999999997,0.14285714285714285,1.0
2005,3,REG,IND,CLE,1625.0842,1439.5737,7,7,0,1,227.71050000000008,0.14285714285714285,1.0
2005,3,REG,MIA,CAR,1468.5732,1516.2483,7,7,0,1,-5.475099999999927,0.14285714285714285,1.0
2005,3,REG,MIN,NO,1456.3515,1513.0671,7,6,0,1,-14.515599999999992,0.14285714285714285,1.0
2005,3,REG,NYJ,JAX,1530.6174,1511.9138,7,7,0,0,60.903600000000054,0.14285714285714285,1.0
2005,3,REG,PHI,LV,1583.8164,1413.2377,7,7,0,1,212.77870000000001,0.14285714285714285,1.0
2005,3,REG,LA,TEN,1514.4453,1476.4575,7,7,0,1,80.18780000000011,0.14285714285714285,1.0
2005,3,REG,SEA,ARI,1504.8965,1407.9476,7,7,1,1,139.14890000000008,0.14285714285714285,1.0
2005,3,REG,SF,DAL,1412.2214,1470.7974,7,6,0,0,-16.37600000000002,0.14285714285714285,1.0
2005,3,REG,PIT,NE,1636.951,1652.1967,7,7,0,0,26.95430000000006,0.14285714285714285,1.0
2005,3,REG,LAC,NYG,1493.8477,1490.1595,7,6,0,1,45.888200000000055,0.14285714285714285,1.0
2005,3,REG,DEN,KC,1524.0167,1548.3389,8,8,1,1,17.877799999999937,0.14285714285714285,1.0
2005,4,REG,CIN,HOU,1564.103,1446.4184,7,14,0,1,159.88460000000003,0.19047619047619047,1.0
2005,4,REG,JAX,DEN,1535.3842,1542.9885,7,6,0,0,34.595700000000036,0.19047619047619047,1.0
2005,4,REG,NE,LAC,1673.7452,1511.2214,7,7,0,0,204.72380000000015,0.19047619047619047,1.0
2005,4,REG,NO,BUF,1492.232,1500.2478,7,7,0,1,34.184199999999876,0.19047619047619047,1.0
2005,4,REG,NYG,LA,1472.7858,1529.9096,7,7,0,1,-14.923799999999844,0.19047619047619047,1.0
2005,4,REG,TB,DET,1517.3522,1443.2623,7,14,0,1,116.28989999999995,0.19047619047619047,1.0
2005,4,REG,TEN,IND,1460.9932,1633.5783,7,7,1,0,-130.38510000000002,0.19047619047619047,1.0
2005,4,REG,WAS,SEA,1501.7788,1517.2889,13,7,0,1,26.689900000000037,0.19047619047619047,1.0
2005,4,REG,BAL,NYJ,1486.6745,1507.147,14,7,0,1,21.72750000000015,0.19047619047619047,1.0
2005,4,REG,ATL,MIN,1554.4094,1477.1866,7,7,0,1,119.42280000000001,0.19047619047619047,1.0
2005,4,REG,KC,PHI,1529.3671,1592.8997,6,7,0,0,-21.3326,0.19047619047619047,1.0
2005,4,REG,LV,DAL,1404.1544,1489.8554,7,7,0,1,-43.50100000000002,0.19047619047619047,1.0
2005,4,REG,ARI,SF,1395.5552,1393.1634,7,7,1,1,44.591800000000106,0.19047619047619047,1.0
2005,4,REG,CAR,GB,1495.9332,1463.2906,8,8,0,1,74.8425999999999,0.19047619047619047,1.0
2005,5,REG,ATL,NE,1567.7934,1643.1582,7,7,0,0,-33.16480000000006,0.23809523809523808,1.0
2005,5,REG,BUF,MIA,1482.2093,1488.8883,7,14,1,1,35.520999999999916,0.23809523809523808,1.0
2005,5,REG,CLE,CHI,1431.0796,1426.2754,14,14,0,1,47.00420000000004,0.23809523809523808,1.0
2005,5,REG,DET,BAL,1429.7172,1505.4254,7,7,0,1,-33.50820000000003,0.23809523809523808,1.0
2005,5,REG,GB,NO,1447.5335,1510.2705,6,7,0,1,-20.537000000000077,0.23809523809523808,1.0
2005,5,REG,HOU,TEN,1435.0231,1448.1652,7,7,1,0,29.057900000000203,0.23809523809523808,1.0
2005,5,REG,NYJ,TB,1488.3961,1530.8973,7,7,0,1,-0.3012000000001507,0.23809523809523808,1.0
2005,5,REG,LA,SEA,1509.051,1498.8223,7,7,1,0,52.42869999999989,0.23809523809523808,1.0
2005,5,REG,SF,IND,1375.7163,1646.4063,7,7,0,0,-228.49000000000007,0.23809523809523808,1.0
2005,5,REG,ARI,CAR,1413.0023,1511.6903,7,6,0,0,-56.48799999999987,0.23809523809523808,1.0
2005,5,REG,DAL,PHI,1467.3643,1611.6732,7,7,1,1,-102.10889999999999,0.23809523809523808,1.0
2005,5,REG,DEN,WAS,1564.9734,1520.2454,7,7,0,1,86.92800000000007,0.23809523809523808,1.0
2005,5,REG,JAX,CIN,1513.3993,1575.4983,7,7,0,1,-19.89899999999993,0.23809523809523808,1.0
2005,5,REG,LAC,PIT,1541.8084,1615.4025,8,15,0,0,-31.394100000000023,0.23809523809523808,1.0
2005,6,REG,BAL,CLE,1483.5025,1448.3902,7,7,1,1,77.31230000000001,0.2857142857142857,1.0
2005,6,REG,CHI,MIN,1408.9648,1463.8026,7,14,1,1,-12.637800000000013,0.2857142857142857,1.0
2005,6,REG,DAL,NYG,1493.0786,1493.6444,7,14,1,1,41.63420000000015,0.2857142857142857,1.0
2005,6,REG,DET,CAR,1451.6401,1528.4669,7,7,0,0,-34.62679999999982,0.2857142857142857,1.0
2005,6,REG,KC,WAS,1510.5936,1505.1475,14,7,0,1,47.64609999999989,0.2857142857142857,1.0
2005,6,REG,NO,ATL,1489.0897,1549.6967,7,7,1,0,-18.406999999999968,0.2857142857142857,1.0
2005,6,REG,PIT,JAX,1633.6002,1534.5435,6,7,0,0,141.25670000000008,0.2857142857142857,1.0
2005,6,REG,TB,MIA,1510.88,1470.926,7,7,0,1,82.15400000000018,0.2857142857142857,1.0
2005,6,REG,TEN,CIN,1469.834,1554.3541,7,7,0,0,-42.320099999999954,0.2857142857142857,1.0
2005,6,REG,BUF,NYJ,1500.1716,1508.4134,7,7,1,1,33.95819999999999,0.2857142857142857,1.0
2005,6,REG,DEN,NE,1580.0713,1661.2549,7,7,0,1,-38.98359999999984,0.2857142857142857,1.0
2005,6,REG,LV,LAC,1426.6455,1523.6107,14,6,1,0,-54.765199999999865,0.2857142857142857,1.0
2005,6,REG,SEA,HOU,1521.8176,1413.3543,7,7,0,1,150.6633000000001,0.2857142857142857,1.0
2005,6,REG,IND,LA,1654.8704,1486.0557,8,8,0,1,211.01470000000012,0.2857142857142857,1.0
2005,7,REG,MIA,KC,1455.569,1527.8679,5,5,0,0,-30.0989,0.3333333333333333,1.0
2005,7,REG,CIN,PIT,1571.9299,1605.8891,7,7,1,0,8.240799999999993,0.3333333333333333,1.0
2005,7,REG,CLE,DET,1432.7686,1433.6268,7,7,0,0,41.341800000000106,0.3333333333333333,1.0
2005,7,REG,HOU,IND,1401.5215,1664.0252,7,6,1,0,-220.3037,0.3333333333333333,1.0
2005,7,REG,MIN,GB,1443.0754,1468.7143,7,14,1,1,16.561099999999854,0.3333333333333333,1.0
2005,7,REG,PHI,LAC,1585.9589,1540.484,14,7,0,1,87.67490000000016,0.3333333333333333,1.0
2005,7,REG,LA,NO,1476.9009,1470.1483,6,7,0,1,48.95260000000003,0.3333333333333333,1.0
2005,7,REG,WAS,SF,1487.8732,1367.2522,7,14,0,1,162.82100000000008,0.3333333333333333,1.0
2005,7,REG,SEA,DAL,1533.6504,1510.6933,7,7,0,1,65.15710000000009,0.3333333333333333,1.0
2005,7,REG,ARI,TEN,1396.2257,1452.2582,14,7,0,1,-13.832500000000024,0.3333333333333333,1.0
2005,7,REG,CHI,BAL,1429.692,1499.1241,7,7,0,1,-27.23209999999999,0.3333333333333333,1.0
2005,7,REG,NYG,DEN,1476.0297,1602.306,7,7,0,1,-84.07629999999999,0.3333333333333333,1.0
2005,7,REG,LV,BUF,1409.7722,1518.223,7,7,0,1,-66.25079999999984,0.3333333333333333,1.0
2005,7,REG,ATL,NYJ,1568.6381,1490.362,8,8,0,1,120.47609999999982,0.3333333333333333,1.0
2005,8,REG,CAR,MIN,1546.4802,1462.1228,14,7,0,1,126.55739999999987,0.38095238095238093,1.0
2005,8,REG,CIN,GB,1551.4556,1449.6669,7,7,0,1,143.98870000000005,0.38095238095238093,1.0
2005,8,REG,DAL,ARI,1494.4007,1417.0215,7,7,0,1,119.57919999999986,0.38095238095238093,1.0
2005,8,REG,DET,CHI,1455.9955,1451.2564,7,7,1,0,46.93910000000001,0.38095238095238093,1.0
2005,8,REG,HOU,CLE,1392.7387,1410.3999,7,7,0,1,24.538800000000222,0.38095238095238093,1.0
2005,8,REG,NYG,WAS,1500.7772,1499.1313,7,7,1,1,43.845899999999986,0.38095238095238093,1.0
2005,8,REG,LA,JAX,1494.1015,1562.2546,7,14,0,1,-25.953099999999992,0.38095238095238093,1.0
2005,8,REG,TEN,LV,1431.4624,1433.5403,7,7,0,0,40.1221,0.38095238095238093,1.0
2005,8,REG,NO,MIA,1452.9477,1437.2973,7,9,0,0,57.85039999999999,0.38095238095238093,1.0
2005,8,REG,LAC,KC,1525.4265,1546.1396,7,9,1,1,21.486900000000063,0.38095238095238093,1.0
2005,8,REG,DEN,PHI,1577.5585,1601.0164,7,7,0,1,18.74210000000012,0.38095238095238093,1.0
2005,8,REG,SF,TB,1355.9941,1526.237,7,14,0,1,-128.0429000000002,0.38095238095238093,1.0
2005,8,REG,NE,BUF,1639.0202,1494.4549,14,7,1,1,186.76529999999997,0.38095238095238093,1.0
2005,8,REG,PIT,BAL,1626.3634,1477.5597,8,8,1,1,191.00369999999992,0.38095238095238093,1.0
2005,9,REG,BAL,CIN,1467.5664,1563.611,6,7,1,0,-53.84460000000017,0.42857142857142855,1.0
2005,9,REG,CLE,TEN,1391.8101,1409.163,7,7,0,1,24.847099999999912,0.42857142857142855,1.0
2005,9,REG,JAX,HOU,1540.7634,1411.3285,7,7,1,1,171.63489999999996,0.42857142857142855,1.0
2005,9,REG,KC,LV,1527.3749,1455.8397,7,7,1,1,113.73520000000003,0.42857142857142855,1.0
2005,9,REG,MIA,ATL,1460.597,1581.9682,7,13,0,0,-79.17120000000004,0.42857142857142855,1.0
2005,9,REG,MIN,DET,1449.102,1433.3098,7,7,1,1,57.992200000000096,0.42857142857142855,1.0
2005,9,REG,NYJ,LAC,1477.0319,1544.1912,13,7,0,0,-24.959300000000027,0.42857142857142855,1.0
2005,9,REG,TB,CAR,1499.1828,1559.501,7,7,1,0,-18.11819999999993,0.42857142857142855,1.0
2005,9,REG,ARI,SEA,1403.6455,1549.943,7,14,1,0,-104.0974999999999,0.42857142857142855,1.0
2005,9,REG,NO,CHI,1429.648,1473.9421,7,7,0,0,-2.0941000000000685,0.42857142857142855,1.0
2005,9,REG,SF,NYG,1383.0483,1518.2665,7,7,0,0,-93.01820000000002,0.42857142857142855,1.0
2005,9,REG,GB,PIT,1437.5115,1636.3567,7,6,0,0,-156.6452,0.42857142857142855,1.0
2005,9,REG,WAS,PHI,1481.642,1582.0942,7,7,1,1,-58.252199999999945,0.42857142857142855,1.0
2005,9,REG,NE,IND,1649.1975,1672.808,8,15,0,0,18.5895,0.42857142857142855,1.0
2005,10,REG,BUF,KC,1484.2776,1541.052,14,7,0,1,-14.574400000000011,0.47619047619047616,1.0
2005,10,REG,CHI,SF,1493.8216,1368.2785,7,7,0,1,167.74310000000008,0.47619047619047616,1.0
2005,10,REG,DET,ARI,1416.6174,1389.4647,7,7,0,1,69.3527000000001,0.47619047619047616,1.0
2005,10,REG,IND,HOU,1693.8771,1400.4763,6,7,1,1,335.6007999999999,0.47619047619047616,1.0
2005,10,REG,JAX,BAL,1551.6156,1450.6414,7,7,0,1,143.1742000000001,0.47619047619047616,1.0
2005,10,REG,MIA,NE,1445.0772,1628.1284,7,6,1,0,-140.85120000000012,0.47619047619047616,1.0
2005,10,REG,NYG,MIN,1533.0363,1465.7944,7,7,0,0,109.44189999999999,0.47619047619047616,1.0
2005,10,REG,CAR,NYJ,1578.459,1458.4662,7,7,0,1,162.19279999999998,0.47619047619047616,1.0
2005,10,REG,LV,DEN,1442.1626,1596.4807,7,14,1,0,-112.11809999999996,0.47619047619047616,1.0
2005,10,REG,ATL,GB,1597.488,1425.9636,7,7,0,0,213.7244,0.47619047619047616,1.0
2005,10,REG,SEA,LA,1564.1238,1515.5927,7,14,1,1,90.73110000000015,0.47619047619047616,1.0
2005,10,REG,TB,WAS,1480.2248,1504.9642,7,7,0,1,17.46060000000007,0.47619047619047616,1.0
2005,10,REG,PIT,CLE,1647.9046,1410.3822,7,7,1,1,279.72240000000005,0.47619047619047616,1.0
2005,10,REG,PHI,DAL,1558.772,1507.7767,8,15,1,0,93.19530000000005,0.47619047619047616,1.0
2005,11,REG,ATL,TB,1566.5332,1499.2205,7,7,1,0,109.51270000000018,0.5238095238095238,1.0
2005,11,REG,BAL,PIT,1438.4463,1654.567,7,7,1,1,-173.92069999999995,0.5238095238095238,1.0
2005,11,REG,CHI,CAR,1504.8519,1589.7463,7,7,0,1,-42.69440000000013,0.5238095238095238,1.0
2005,11,REG,CLE,MIA,1403.7198,1432.7684,7,7,0,1,13.151400000000152,0.5238095238095238,1.0
2005,11,REG,DAL,DET,1533.0164,1432.6773,6,7,0,1,142.5390999999999,0.5238095238095238,1.0
2005,11,REG,NE,NO,1640.4372,1409.7685,7,14,0,1,272.86870000000016,0.5238095238095238,1.0
2005,11,REG,NYG,PHI,1506.9367,1533.5323,7,6,1,1,15.604399999999899,0.5238095238095238,1.0
2005,11,REG,LA,ARI,1500.7,1373.4048,7,7,1,0,169.4952,0.5238095238095238,1.0
2005,11,REG,TEN,JAX,1390.5909,1563.8107,14,7,1,0,-131.0198000000001,0.5238095238095238,1.0
2005,11,REG,WAS,LV,1485.9685,1428.4016,7,7,0,0,99.76690000000004,0.5238095238095238,1.0
2005,11,REG,SF,SEA,1357.2482,1579.0165,7,7,1,0,-179.56829999999997,0.5238095238095238,1.0
2005,11,REG,CIN,IND,1580.536,1698.9388,14,7,0,0,-76.20279999999984,0.5238095238095238,1.0
2005,11,REG,DEN,NYJ,1610.2417,1447.1789,7,7,0,1,205.2627999999999,0.5238095238095238,1.0
2005,11,REG,LAC,BUF,1562.7569,1505.1161,14,7,0,1,99.84080000000013,0.5238095238095238,1.0
2005,11,REG,HOU,KC,1395.4146,1520.2135,7,7,0,0,-82.5989,0.5238095238095238,1.0
2005,11,REG,GB,MIN,1456.9184,1491.894,8,8,1,0,7.224400000000017,0.5238095238095238,1.0
2005,12,REG,DET,ATL,1420.4512,1540.4299,4,4,0,0,-77.77870000000011,0.5714285714285714,1.0
2005,12,REG,DAL,DEN,1545.2425,1619.6324,4,4,0,0,-32.189899999999895,0.5714285714285714,1.0
2005,12,REG,BUF,CAR,1490.7103,1567.3009,7,7,0,0,-34.39059999999999,0.5714285714285714,1.0
2005,12,REG,CIN,BAL,1564.8536,1467.6978,7,7,1,1,139.3558,0.5714285714285714,1.0
2005,12,REG,HOU,LA,1380.0818,1471.6499,7,7,0,0,-49.368099999999956,0.5714285714285714,1.0
2005,12,REG,KC,NE,1535.5463,1647.3215,7,7,0,1,-69.57520000000004,0.5714285714285714,1.0
2005,12,REG,MIN,CLE,1512.3098,1422.9631,6,7,0,1,131.54670000000004,0.5714285714285714,1.0
2005,12,REG,TB,CHI,1525.3238,1527.2973,7,7,0,0,40.226499999999945,0.5714285714285714,1.0
2005,12,REG,TEN,SF,1377.7947,1346.7533,7,7,0,1,73.24139999999984,0.5714285714285714,1.0
2005,12,REG,WAS,LAC,1460.3783,1577.1627,7,7,0,0,-74.5844,0.5714285714285714,1.0
2005,12,REG,ARI,JAX,1402.4549,1576.6069,7,7,0,0,-131.95200000000006,0.5714285714285714,1.0
2005,12,REG,LV,MIA,1453.9918,1413.5251,7,7,0,0,82.66669999999995,0.5714285714285714,1.0
2005,12,REG,PHI,GB,1514.43,1436.5026,7,6,0,1,120.12740000000004,0.5714285714285714,1.0
2005,12,REG,SEA,NYG,1589.5114,1526.039,7,7,0,1,105.67240000000011,0.5714285714285714,1.0
2005,12,REG,NYJ,NO,1437.7882,1402.8842,7,7,0,0,77.104,0.5714285714285714,1.0
2005,12,REG,IND,PIT,1714.6212,1625.3155,8,8,0,1,131.5057000000001,0.5714285714285714,1.0
2005,13,REG,BAL,HOU,1455.3156,1362.9047,7,7,0,1,134.61089999999984,0.6190476190476191,1.0
2005,13,REG,CAR,ATL,1585.3277,1556.0259,7,10,1,1,71.50179999999996,0.6190476190476191,1.0
2005,13,REG,CHI,GB,1549.6026,1423.1547,7,7,1,1,168.64789999999988,0.6190476190476191,1.0
2005,13,REG,CLE,JAX,1410.1933,1589.3564,7,7,0,0,-136.9631,0.6190476190476191,1.0
2005,13,REG,DET,MIN,1404.8552,1525.0796,10,7,1,0,-78.02440000000006,0.6190476190476191,1.0
2005,13,REG,IND,TEN,1727.3931,1393.6399,6,7,1,1,375.9532000000001,0.6190476190476191,1.0
2005,13,REG,MIA,BUF,1438.196,1472.6835,7,7,1,1,7.712499999999821,0.6190476190476191,1.0
2005,13,REG,NO,TB,1427.2512,1503.0185,7,7,1,0,-33.567299999999975,0.6190476190476191,1.0
2005,13,REG,NYG,DAL,1511.9411,1527.0902,7,10,1,1,27.050899999999913,0.6190476190476191,1.0
2005,13,REG,PIT,CIN,1612.5436,1577.2358,6,7,1,0,77.50780000000005,0.6190476190476191,1.0
2005,13,REG,SF,ARI,1330.9081,1389.7054,7,7,1,0,-16.597299999999947,0.6190476190476191,1.0
2005,13,REG,LA,WAS,1488.827,1444.607,7,7,0,0,86.42000000000003,0.6190476190476191,1.0
2005,13,REG,KC,DEN,1559.4987,1637.7847,7,10,1,1,-36.08599999999983,0.6190476190476191,1.0
2005,13,REG,NE,NYJ,1623.3691,1413.4212,7,7,1,1,252.14789999999988,0.6190476190476191,1.0
2005,13,REG,LAC,LV,1592.934,1429.3209,7,7,1,1,205.81310000000002,0.6190476190476191,1.0
2005,13,REG,PHI,SEA,1527.7779,1603.6093,8,8,0,0,-33.63140000000003,0.6190476190476191,1.0
2005,14,REG,BUF,NE,1453.1274,1630.9601,7,7,1,0,-135.63269999999994,0.6666666666666666,1.0
2005,14,REG,CAR,TB,1601.2689,1521.0922,7,7,1,0,122.37669999999999,0.6666666666666666,1.0
2005,14,REG,CIN,CLE,1601.6249,1397.693,7,7,1,1,246.13190000000003,0.6666666666666666,1.0
2005,14,REG,JAX,IND,1601.8567,1731.5137,7,7,1,0,-87.45699999999992,0.6666666666666666,1.0
2005,14,REG,MIN,LA,1540.6622,1463.9524,7,7,0,1,118.90980000000009,0.6666666666666666,1.0
2005,14,REG,NYJ,LV,1405.8302,1419.953,7,7,0,1,28.077200000000133,0.6666666666666666,1.0
2005,14,REG,PIT,CHI,1588.1545,1560.5913,7,7,0,1,69.76320000000005,0.6666666666666666,1.0
2005,14,REG,TEN,HOU,1389.5193,1350.2877,7,7,1,1,81.43159999999985,0.6666666666666666,1.0
2005,14,REG,ARI,WAS,1408.7507,1469.4816,7,7,0,0,-18.530900000000017,0.6666666666666666,1.0
2005,14,REG,PHI,NYG,1509.7079,1530.3871,6,7,1,0,21.520800000000193,0.6666666666666666,1.0
2005,14,REG,SEA,SF,1621.6793,1311.8628,6,7,1,1,352.0164999999999,0.6666666666666666,1.0
2005,14,REG,DAL,KC,1508.6442,1581.5685,7,7,0,1,-30.724300000000127,0.6666666666666666,1.0
2005,14,REG,DEN,BAL,1615.7149,1467.9326,7,7,0,1,189.98229999999984,0.6666666666666666,1.0
2005,14,REG,LAC,MIA,1602.3019,1457.7521,7,7,0,0,186.7498,0.6666666666666666,1.0
2005,14,REG,GB,DET,1412.166,1389.2726,7,7,1,1,65.09339999999993,0.6666666666666666,1.0
2005,14,REG,ATL,NO,1540.0847,1409.1775,8,8,1,1,173.1072000000001,0.6666666666666666,1.0
2005,15,REG,NE,TB,1643.5263,1547.8592,6,6,0,1,137.86709999999988,0.7142857142857143,1.0
2005,15,REG,NYG,KC,1551.6244,1559.8045,6,6,0,1,34.019899999999964,0.7142857142857143,1.0
2005,15,REG,BUF,DEN,1440.5612,1625.7523,6,6,0,0,-142.99110000000002,0.7142857142857143,1.0
2005,15,REG,HOU,ARI,1334.8913,1389.8164,7,7,0,1,-12.725099999999927,0.7142857142857143,1.0
2005,15,REG,IND,LAC,1746.583,1572.4799,7,7,0,0,216.30310000000003,0.7142857142857143,1.0
2005,15,REG,JAX,SF,1586.7874,1307.2043,7,7,0,1,321.7830999999998,0.7142857142857143,1.0
2005,15,REG,MIA,NYJ,1487.5741,1424.2175,7,7,1,1,105.55660000000007,0.7142857142857143,1.0
2005,15,REG,MIN,PIT,1554.0725,1604.1917,7,7,0,0,-7.919200000000089,0.7142857142857143,1.0
2005,15,REG,NO,CAR,1398.3922,1574.5019,6,7,1,0,-133.9097,0.7142857142857143,1.0
2005,15,REG,LA,PHI,1450.5421,1488.4706,7,7,0,0,4.27149999999979,0.7142857142857143,1.0
2005,15,REG,TEN,SEA,1404.9157,1626.3378,7,7,0,0,-179.2221,0.7142857142857143,1.0
2005,15,REG,DET,CIN,1372.9764,1609.4311,7,7,0,0,-194.2547,0.7142857142857143,1.0
2005,15,REG,LV,CLE,1401.5657,1389.8868,7,7,0,0,53.878900000000115,0.7142857142857143,1.0
2005,15,REG,WAS,DAL,1488.4159,1530.4082,7,7,1,1,0.20769999999988897,0.7142857142857143,1.0
2005,15,REG,CHI,ATL,1544.5541,1550.87,7,6,0,1,35.884100000000174,0.7142857142857143,1.0
2005,15,REG,BAL,GB,1457.8952,1428.4622,8,8,0,1,71.633,0.7142857142857143,1.0
2005,16,REG,CAR,DAL,1587.1537,1510.4202,6,6,0,0,118.93350000000005,0.7619047619047619,1.0
2005,16,REG,CIN,BUF,1619.2848,1428.3572,6,7,0,0,233.12759999999997,0.7619047619047619,1.0
2005,16,REG,CLE,PIT,1412.9637,1623.7359,6,6,1,0,-168.5721999999999,0.7619047619047619,1.0
2005,16,REG,HOU,JAX,1355.6235,1592.2114,6,6,1,0,-194.3879,0.7619047619047619,1.0
2005,16,REG,KC,LAC,1541.7566,1603.5382,7,6,1,1,-19.581600000000023,0.7619047619047619,1.0
2005,16,REG,MIA,TEN,1501.6781,1394.4054,6,6,0,1,149.47269999999997,0.7619047619047619,1.0
2005,16,REG,NO,DET,1385.7404,1363.1227,6,6,0,0,64.81770000000002,0.7619047619047619,1.0
2005,16,REG,LA,SF,1430.2962,1301.7803,6,6,1,0,170.7159000000001,0.7619047619047619,1.0
2005,16,REG,TB,ATL,1535.4036,1532.9283,7,6,1,1,44.675300000000064,0.7619047619047619,1.0
2005,16,REG,WAS,NYG,1508.4039,1569.6723,6,7,1,1,-19.068399999999926,0.7619047619047619,1.0
2005,16,REG,ARI,PHI,1369.0842,1508.7165,6,6,0,1,-97.43229999999998,0.7619047619047619,1.0
2005,16,REG,DEN,LV,1637.9563,1378.4888,7,6,1,1,301.66749999999996,0.7619047619047619,1.0
2005,16,REG,SEA,IND,1636.8481,1715.5247,6,6,0,1,-36.476600000000005,0.7619047619047619,1.0
2005,16,REG,GB,CHI,1412.5283,1562.4958,6,7,1,0,-107.76749999999997,0.7619047619047619,1.0
2005,16,REG,BAL,MIN,1473.8291,1534.5283,6,7,0,1,-18.499200000000016,0.7619047619047619,1.0
2005,16,REG,NYJ,NE,1410.1135,1655.9819,8,9,1,0,-203.66840000000008,0.7619047619047619,1.0
2005,17,REG,LAC,DEN,1582.4122,1643.9464,7,7,1,0,-19.334200000000052,0.8095238095238095,1.0
2005,17,REG,LV,NYG,1372.4987,1548.5757,7,7,0,0,-133.877,0.8095238095238095,1.0
2005,17,REG,ATL,CAR,1515.4859,1560.5628,8,8,1,0,-2.8769000000000204,0.8095238095238095,1.0
2005,17,REG,CLE,BAL,1401.9715,1494.893,8,7,1,1,-50.72149999999992,0.8095238095238095,1.0
2005,17,REG,GB,SEA,1398.5403,1658.9402,7,8,0,1,-218.19990000000013,0.8095238095238095,1.0
2005,17,REG,IND,ARI,1693.4326,1394.5503,8,8,0,1,341.0823,0.8095238095238095,1.0
2005,17,REG,KC,CIN,1562.8826,1587.5721,8,8,0,1,17.510499999999823,0.8095238095238095,1.0
2005,17,REG,NE,MIA,1665.4387,1513.568,6,8,1,0,194.07069999999993,0.8095238095238095,1.0
2005,17,REG,NYJ,BUF,1400.6567,1460.0699,6,8,1,1,-17.213199999999958,0.8095238095238095,1.0
2005,17,REG,PIT,DET,1634.7281,1386.8112,8,8,0,1,290.11689999999993,0.8095238095238095,1.0
2005,17,REG,TB,NO,1552.846,1362.0519,8,8,1,1,232.99410000000006,0.8095238095238095,1.0
2005,17,REG,JAX,TEN,1602.0594,1382.5155,8,8,1,1,261.7439000000001,0.8095238095238095,1.0
2005,17,REG,SF,HOU,1330.8862,1345.7755,8,8,0,1,27.310699999999954,0.8095238095238095,1.0
2005,17,REG,MIN,CHI,1513.4644,1576.4838,7,7,1,1,-20.819399999999902,0.8095238095238095,1.0
2005,17,REG,PHI,WAS,1483.2504,1529.5005,8,8,1,0,-4.050100000000199,0.8095238095238095,1.0
2005,17,REG,DAL,LA,1537.0111,1401.1903,8,8,0,0,178.02079999999995,0.8095238095238095,1.0
2006,1,REG,PIT,MIA,1644.5868,1527.4639,7,7,0,1,159.32290000000006,0.047619047619047616,1.0
2006,1,REG,CAR,ATL,1566.8745,1498.6309,7,7,1,0,110.44359999999979,0.047619047619047616,1.0
2006,1,REG,CLE,NO,1456.1624,1413.4957,7,7,0,0,84.8667,0.047619047619047616,1.0
2006,1,REG,DET,SEA,1429.5247,1588.3424,7,7,0,0,-116.61770000000006,0.047619047619047616,1.0
2006,1,REG,HOU,PHI,1397.6466,1479.3301,7,7,0,0,-39.483499999999864,0.047619047619047616,1.0
2006,1,REG,KC,CIN,1550.3653,1529.2396,7,7,0,0,63.32569999999983,0.047619047619047616,1.0
2006,1,REG,NE,BUF,1581.7037,1464.6879,7,7,1,1,159.21580000000012,0.047619047619047616,1.0
2006,1,REG,LA,DEN,1459.6158,1595.4899,7,7,0,1,-93.6741,0.047619047619047616,1.0
2006,1,REG,TB,BAL,1521.2999,1484.4363,7,7,0,0,79.06359999999991,0.047619047619047616,1.0
2006,1,REG,TEN,NYJ,1426.3951,1454.2281,7,7,0,0,14.36699999999992,0.047619047619047616,1.0
2006,1,REG,ARI,SF,1435.0158,1410.8304,7,7,1,1,66.38539999999985,0.047619047619047616,1.0
2006,1,REG,GB,CHI,1459.0445,1520.3643,7,7,1,0,-19.119799999999984,0.047619047619047616,1.0
2006,1,REG,JAX,DAL,1555.2201,1505.7851,7,7,0,1,91.63499999999995,0.047619047619047616,1.0
2006,1,REG,NYG,IND,1522.6243,1602.6909,7,7,0,0,-37.866600000000105,0.047619047619047616,1.0
2006,1,REG,WAS,MIN,1536.7899,1522.0368,7,7,0,0,56.95309999999991,0.047619047619047616,1.0
2006,1,REG,LV,LAC,1417.1471,1539.3544,7,7,1,0,-80.00730000000003,0.047619047619047616,1.0
2006,2,REG,ATL,TB,1524.7827,1496.8256,7,7,1,1,70.15710000000009,0.09523809523809523,1.0
2006,2,REG,BAL,LV,1508.9106,1401.673,7,6,0,1,149.43759999999992,0.09523809523809523,1.0
2006,2,REG,CHI,DET,1539.2648,1415.9965,7,7,1,1,165.46829999999994,0.09523809523809523,1.0
2006,2,REG,CIN,CLE,1552.8451,1431.372,7,7,1,1,163.67309999999992,0.09523809523809523,1.0
2006,2,REG,GB,NO,1440.144,1438.2861,7,7,0,0,44.057899999999975,0.09523809523809523,1.0
2006,2,REG,IND,HOU,1620.5197,1379.9097,7,7,1,1,282.8100000000001,0.09523809523809523,1.0
2006,2,REG,MIA,BUF,1516.0422,1453.2612,10,7,1,0,104.98100000000018,0.09523809523809523,1.0
2006,2,REG,MIN,CAR,1545.2862,1540.7227,6,7,0,1,46.76349999999998,0.09523809523809523,1.0
2006,2,REG,PHI,NYG,1497.067,1504.7955,7,7,1,0,34.47150000000006,0.09523809523809523,1.0
2006,2,REG,SEA,ARI,1601.8706,1451.2402,7,7,1,1,192.8304,0.09523809523809523,1.0
2006,2,REG,SF,LA,1394.606,1484.8811,7,7,1,1,-48.07510000000006,0.09523809523809523,1.0
2006,2,REG,DEN,KC,1570.2246,1526.7598,7,7,1,1,85.66479999999997,0.09523809523809523,1.0
2006,2,REG,NYJ,NE,1475.0547,1593.1304,7,7,1,0,-75.8757000000001,0.09523809523809523,1.0
2006,2,REG,LAC,TEN,1554.8285,1405.5685,6,7,0,1,191.45999999999998,0.09523809523809523,1.0
2006,2,REG,DAL,WAS,1490.941,1513.5405,7,6,1,1,19.60049999999997,0.09523809523809523,1.0
2006,2,REG,JAX,PIT,1570.0642,1656.0085,8,11,0,1,-43.74429999999988,0.09523809523809523,1.0
2006,3,REG,BUF,NYJ,1479.127,1459.3543,7,7,1,0,61.97269999999999,0.14285714285714285,1.0
2006,3,REG,DET,GB,1404.8613,1417.6213,7,7,1,0,29.440000000000012,0.14285714285714285,1.0
2006,3,REG,HOU,WAS,1373.3454,1494.6676,7,7,0,0,-79.12220000000006,0.14285714285714285,1.0
2006,3,REG,IND,JAX,1627.084,1592.5691,7,6,1,1,76.71490000000013,0.14285714285714285,1.0
2006,3,REG,MIA,TEN,1490.1764,1395.5949,7,7,0,1,136.7815,0.14285714285714285,1.0
2006,3,REG,MIN,CHI,1562.6104,1550.4,7,7,1,0,54.41039999999994,0.14285714285714285,1.0
2006,3,REG,PIT,CIN,1633.5036,1564.0635,6,7,1,0,111.64010000000003,0.14285714285714285,1.0
2006,3,REG,TB,CAR,1480.8102,1523.3985,7,7,1,0,-0.38830000000011466,0.14285714285714285,1.0
2006,3,REG,CLE,BAL,1420.1536,1520.8022,7,7,1,0,-58.448599999999985,0.14285714285714285,1.0
2006,3,REG,ARI,LA,1441.3255,1462.1312,7,7,1,0,21.394299999999888,0.14285714285714285,1.0
2006,3,REG,SEA,NYG,1611.7853,1526.7734,7,7,0,1,127.21189999999997,0.14285714285714285,1.0
2006,3,REG,SF,PHI,1417.3559,1475.0891,7,7,0,0,-15.533199999999894,0.14285714285714285,1.0
2006,3,REG,NE,DEN,1608.8308,1585.3909,7,7,0,0,65.63989999999986,0.14285714285714285,1.0
2006,3,REG,NO,ATL,1460.8088,1540.7981,8,8,1,1,-37.789299999999955,0.14285714285714285,1.0
2006,4,REG,ATL,ARI,1518.6313,1420.0955,6,7,0,1,140.7358000000001,0.19047619047619047,1.0
2006,4,REG,BAL,LAC,1537.469,1564.8021,7,14,0,1,14.866899999999944,0.19047619047619047,1.0
2006,4,REG,BUF,MIN,1455.5969,1539.5036,7,7,0,1,-41.7067,0.19047619047619047,1.0
2006,4,REG,CAR,NO,1543.3761,1482.9756,7,6,1,1,102.60049999999997,0.19047619047619047,1.0
2006,4,REG,HOU,MIA,1357.8229,1502.6857,7,7,0,1,-102.6628000000001,0.19047619047619047,1.0
2006,4,REG,KC,SF,1511.5935,1398.2495,14,7,0,1,155.54400000000004,0.19047619047619047,1.0
2006,4,REG,NYJ,IND,1482.8844,1642.7383,7,7,0,0,-117.65390000000006,0.19047619047619047,1.0
2006,4,REG,TEN,DAL,1383.0856,1509.8139,7,14,0,0,-84.52829999999999,0.19047619047619047,1.0
2006,4,REG,LA,DET,1483.3612,1383.1706,7,7,0,1,142.39060000000012,0.19047619047619047,1.0
2006,4,REG,CIN,NE,1590.2776,1585.0966,7,7,0,0,47.380999999999815,0.19047619047619047,1.0
2006,4,REG,LV,CLE,1389.7814,1403.4868,14,7,0,0,28.494600000000176,0.19047619047619047,1.0
2006,4,REG,WAS,JAX,1510.1901,1576.9148,7,7,0,1,-24.52469999999998,0.19047619047619047,1.0
2006,4,REG,CHI,SEA,1573.5068,1624.773,7,7,0,1,-9.066199999999796,0.19047619047619047,1.0
2006,4,REG,PHI,GB,1494.1955,1439.312,8,8,0,1,97.08350000000014,0.19047619047619047,1.0
2006,5,REG,CAR,CLE,1557.6358,1425.1234,7,7,0,1,174.71240000000006,0.23809523809523808,1.0
2006,5,REG,CHI,BUF,1594.0286,1477.9863,7,7,0,1,158.24230000000006,0.23809523809523808,1.0
2006,5,REG,GB,LA,1424.7595,1495.5946,6,7,0,0,-28.63510000000001,0.23809523809523808,1.0
2006,5,REG,IND,TEN,1656.2131,1367.8577,7,7,1,1,330.5553999999999,0.23809523809523808,1.0
2006,5,REG,MIN,DET,1517.1142,1370.9372,7,7,1,1,188.3769999999999,0.23809523809523808,1.0
2006,5,REG,NE,MIA,1607.8073,1476.9422,7,7,1,1,173.06509999999997,0.23809523809523808,1.0
2006,5,REG,NO,TB,1468.7159,1460.8326,7,14,1,1,50.083299999999966,0.23809523809523808,1.0
2006,5,REG,NYG,WAS,1513.7857,1531.5995,14,7,1,1,24.386199999999874,0.23809523809523808,1.0
2006,5,REG,ARI,KC,1407.7811,1523.1935,7,7,0,0,-73.21240000000016,0.23809523809523808,1.0
2006,5,REG,JAX,NYJ,1555.5054,1469.4096,7,7,0,1,128.29580000000004,0.23809523809523808,1.0
2006,5,REG,SF,LV,1386.6495,1368.1448,7,7,0,1,60.70469999999996,0.23809523809523808,1.0
2006,5,REG,PHI,DAL,1508.748,1525.0418,6,7,1,1,25.906200000000084,0.23809523809523808,1.0
2006,5,REG,LAC,PIT,1545.6574,1607.2895,7,14,0,1,-19.432100000000034,0.23809523809523808,1.0
2006,5,REG,DEN,BAL,1609.1251,1556.6137,15,8,0,1,94.71139999999987,0.23809523809523808,1.0
2006,6,REG,ATL,NYG,1530.9457,1532.3842,14,7,0,0,40.76150000000003,0.2857142857142857,1.0
2006,6,REG,BAL,CAR,1541.9346,1568.3485,6,7,0,0,15.78609999999999,0.2857142857142857,1.0
2006,6,REG,DAL,HOU,1506.5303,1383.5664,7,14,0,1,165.16389999999996,0.2857142857142857,1.0
2006,6,REG,DET,BUF,1360.8301,1466.5138,7,7,0,1,-63.48370000000004,0.2857142857142857,1.0
2006,6,REG,NO,PHI,1485.8527,1527.2595,7,7,0,1,0.7932000000000272,0.2857142857142857,1.0
2006,6,REG,LA,SEA,1513.95,1604.2512,7,14,1,0,-48.10119999999988,0.2857142857142857,1.0
2006,6,REG,TB,CIN,1443.6958,1567.5669,7,14,0,1,-81.67110000000007,0.2857142857142857,1.0
2006,6,REG,WAS,TEN,1513.001,1362.6662,7,7,0,0,192.53480000000008,0.2857142857142857,1.0
2006,6,REG,NYJ,MIA,1456.4766,1466.155,7,7,1,1,32.52159999999999,0.2857142857142857,1.0
2006,6,REG,PIT,KC,1586.1721,1539.0403,7,7,0,1,89.33180000000011,0.2857142857142857,1.0
2006,6,REG,SF,LAC,1403.1902,1566.7748,7,7,0,0,-121.3845999999999,0.2857142857142857,1.0
2006,6,REG,DEN,LV,1623.8042,1351.6041,6,7,1,1,314.4001,0.2857142857142857,1.0
2006,6,REG,ARI,CHI,1391.9343,1605.5011,8,8,0,0,-171.36680000000007,0.2857142857142857,1.0
2006,7,REG,ATL,PIT,1508.61,1601.1401,7,7,0,1,-50.33010000000017,0.3333333333333333,1.0
2006,7,REG,BUF,NE,1442.8995,1618.5945,7,14,1,0,-133.49499999999995,0.3333333333333333,1.0
2006,7,REG,CIN,CAR,1542.9503,1589.2566,7,7,0,1,-4.106299999999962,0.3333333333333333,1.0
2006,7,REG,HOU,JAX,1372.4171,1568.4384,7,14,1,1,-153.82130000000012,0.3333333333333333,1.0
2006,7,REG,KC,LAC,1524.0723,1580.0584,7,7,1,1,-13.786099999999848,0.3333333333333333,1.0
2006,7,REG,MIA,GB,1448.0216,1406.4041,7,14,0,0,83.81750000000007,0.3333333333333333,1.0
2006,7,REG,NYJ,DET,1474.61,1384.4444,7,7,0,1,132.3655999999998,0.3333333333333333,1.0
2006,7,REG,TB,PHI,1468.3124,1507.3052,7,7,0,1,3.2072000000000145,0.3333333333333333,1.0
2006,7,REG,CLE,DEN,1414.4107,1629.4305,14,7,0,0,-172.81980000000004,0.3333333333333333,1.0
2006,7,REG,IND,WAS,1661.4046,1482.9284,14,7,0,1,220.67620000000005,0.3333333333333333,1.0
2006,7,REG,LV,ARI,1345.9778,1381.0699,7,6,0,1,7.10789999999993,0.3333333333333333,1.0
2006,7,REG,SEA,MIN,1621.4998,1527.2213,7,14,0,0,136.4785000000001,0.3333333333333333,1.0
2006,7,REG,DAL,NYG,1517.6796,1554.7199,8,8,1,0,5.159699999999887,0.3333333333333333,1.0
2006,8,REG,CHI,SF,1616.3655,1389.9066,13,14,0,1,268.6589000000001,0.38095238095238093,1.0
2006,8,REG,CIN,ATL,1563.1867,1531.4871,7,7,0,0,73.89959999999992,0.38095238095238093,1.0
2006,8,REG,GB,ARI,1431.1375,1361.479,7,7,0,1,111.8585,0.38095238095238093,1.0
2006,8,REG,KC,SEA,1544.8655,1594.0241,7,7,0,1,-6.958599999999976,0.38095238095238093,1.0
2006,8,REG,NO,BAL,1505.807,1521.0265,14,14,0,0,26.980500000000077,0.38095238095238093,1.0
2006,8,REG,NYG,TB,1575.0169,1488.1278,6,7,0,1,129.0891000000001,0.38095238095238093,1.0
2006,8,REG,PHI,JAX,1487.4898,1540.1203,7,7,0,0,-10.43049999999998,0.38095238095238093,1.0
2006,8,REG,TEN,HOU,1392.7388,1400.7352,14,7,1,1,34.20360000000001,0.38095238095238093,1.0
2006,8,REG,LAC,LA,1559.2652,1496.7014,7,14,0,1,104.76380000000013,0.38095238095238093,1.0
2006,8,REG,CLE,NYJ,1403.6123,1487.3389,7,7,0,1,-41.52659999999996,0.38095238095238093,1.0
2006,8,REG,DEN,IND,1640.2289,1670.1727,7,7,0,0,12.256199999999993,0.38095238095238093,1.0
2006,8,REG,LV,PIT,1365.5687,1578.263,7,7,0,1,-170.4942999999999,0.38095238095238093,1.0
2006,8,REG,CAR,DAL,1569.0202,1497.3826,7,6,0,0,113.83760000000002,0.38095238095238093,1.0
2006,8,REG,MIN,NE,1554.697,1631.267,8,8,0,0,-34.37000000000016,0.38095238095238093,1.0
2006,9,REG,BAL,CIN,1542.5765,1538.9957,7,7,1,1,45.78079999999996,0.42857142857142855,1.0
2006,9,REG,BUF,GB,1430.227,1444.912,14,7,0,1,27.515000000000057,0.42857142857142855,1.0
2006,9,REG,CHI,MIA,1623.389,1423.2882,7,14,0,0,242.30079999999992,0.42857142857142855,1.0
2006,9,REG,DET,ATL,1371.7155,1555.6781,14,7,0,1,-141.76260000000008,0.42857142857142855,1.0
2006,9,REG,JAX,TEN,1559.5201,1410.7762,7,7,1,1,190.94389999999993,0.42857142857142855,1.0
2006,9,REG,NYG,HOU,1587.91,1382.6978,7,7,0,1,247.41220000000015,0.42857142857142855,1.0
2006,9,REG,LA,KC,1482.5557,1565.266,7,7,0,0,-40.510300000000186,0.42857142857142855,1.0
2006,9,REG,TB,NO,1475.2347,1484.257,7,7,1,0,33.177699999999916,0.42857142857142855,1.0
2006,9,REG,WAS,DAL,1474.1603,1523.7108,14,7,1,1,-7.3505000000000535,0.42857142857142855,1.0
2006,9,REG,SF,MIN,1382.8831,1536.6691,7,6,0,1,-111.58600000000006,0.42857142857142855,1.0
2006,9,REG,PIT,DEN,1549.1672,1619.5237,7,7,0,0,-28.156499999999866,0.42857142857142855,1.0
2006,9,REG,LAC,CLE,1573.4109,1425.9914,7,7,0,1,189.61949999999996,0.42857142857142855,1.0
2006,9,REG,NE,IND,1649.2949,1690.8779,6,7,0,0,0.6170000000001465,0.42857142857142855,1.0
2006,9,REG,SEA,LV,1573.6236,1394.6645,8,8,0,1,221.1590999999998,0.42857142857142855,1.0
2006,10,REG,ATL,CLE,1527.9422,1415.9382,7,7,0,0,154.2039999999999,0.47619047619047616,1.0
2006,10,REG,CIN,LAC,1521.6159,1583.4641,7,7,0,0,-19.648199999999903,0.47619047619047616,1.0
2006,10,REG,DET,SF,1399.4514,1409.0944,7,7,0,0,32.556999999999974,0.47619047619047616,1.0
2006,10,REG,IND,BUF,1710.9134,1448.6464,7,7,0,1,304.4669999999998,0.47619047619047616,1.0
2006,10,REG,JAX,HOU,1569.516,1374.9378,7,7,1,0,236.77820000000014,0.47619047619047616,1.0
2006,10,REG,MIA,KC,1455.3425,1582.9446,7,7,0,1,-85.40210000000006,0.47619047619047616,1.0
2006,10,REG,MIN,GB,1510.4578,1426.4926,7,7,1,0,126.16519999999987,0.47619047619047616,1.0
2006,10,REG,NE,NYJ,1629.2594,1464.9598,7,14,1,0,206.49959999999982,0.47619047619047616,1.0
2006,10,REG,PHI,WAS,1468.09,1494.5834,14,7,1,1,15.706599999999938,0.47619047619047616,1.0
2006,10,REG,TEN,BAL,1400.7803,1559.9563,7,7,0,0,-116.97600000000016,0.47619047619047616,1.0
2006,10,REG,LV,DEN,1385.9154,1637.9064,6,7,1,0,-209.791,0.47619047619047616,1.0
2006,10,REG,ARI,DAL,1347.7045,1503.2877,14,7,0,0,-113.38320000000003,0.47619047619047616,1.0
2006,10,REG,PIT,NO,1530.7845,1506.1611,7,7,0,1,66.82339999999995,0.47619047619047616,1.0
2006,10,REG,SEA,LA,1582.3727,1464.8771,6,7,1,1,159.69559999999996,0.47619047619047616,1.0
2006,10,REG,NYG,CHI,1595.67,1591.3347,7,7,0,0,46.535299999999964,0.47619047619047616,1.0
2006,10,REG,CAR,TB,1542.692,1453.3306,15,8,1,1,131.5614,0.47619047619047616,1.0
2006,11,REG,BAL,ATL,1573.466,1499.6058,7,7,0,1,116.06019999999985,0.5238095238095238,1.0
2006,11,REG,CAR,LA,1555.4611,1453.4729,6,7,0,1,144.1882,0.5238095238095238,1.0
2006,11,REG,CLE,PIT,1444.2746,1546.9846,7,7,1,0,-60.51000000000003,0.5238095238095238,1.0
2006,11,REG,GB,NE,1453.452,1598.599,7,7,0,0,-102.94699999999993,0.5238095238095238,1.0
2006,11,REG,HOU,BUF,1406.7877,1442.7379,7,7,0,0,6.249800000000008,0.5238095238095238,1.0
2006,11,REG,KC,LV,1558.1251,1376.7107,7,7,1,1,223.61439999999988,0.5238095238095238,1.0
2006,11,REG,MIA,MIN,1480.162,1483.4984,7,7,0,1,38.86360000000009,0.5238095238095238,1.0
2006,11,REG,NO,CIN,1489.961,1502.7457,7,7,0,0,29.415300000000073,0.5238095238095238,1.0
2006,11,REG,NYJ,CHI,1495.6202,1613.9976,7,7,0,0,-76.17739999999985,0.5238095238095238,1.0
2006,11,REG,PHI,TEN,1487.1865,1387.2706,7,7,0,0,142.11589999999995,0.5238095238095238,1.0
2006,11,REG,TB,WAS,1440.5615,1475.4869,6,7,0,1,7.274599999999921,0.5238095238095238,1.0
2006,11,REG,ARI,DET,1334.0091,1377.5827,7,7,0,1,-1.3735999999999393,0.5238095238095238,1.0
2006,11,REG,SF,SEA,1430.9631,1593.7769,7,7,1,1,-120.61380000000013,0.5238095238095238,1.0
2006,11,REG,DAL,IND,1516.9831,1716.8219,7,7,0,1,-157.6388,0.5238095238095238,1.0
2006,11,REG,DEN,LAC,1647.1111,1602.3343,7,7,1,0,86.9768000000001,0.5238095238095238,1.0
2006,11,REG,JAX,NYG,1537.6661,1573.0071,8,8,0,1,6.858999999999881,0.5238095238095238,1.0
2006,12,REG,DET,MIA,1357.5036,1497.9341,4,4,0,0,-98.23049999999994,0.5714285714285714,1.0
2006,12,REG,DAL,TB,1545.4822,1460.1428,4,4,0,1,127.53939999999984,0.5714285714285714,1.0
2006,12,REG,KC,DEN,1566.778,1622.2063,4,4,1,1,-13.228300000000033,0.5714285714285714,1.0
2006,12,REG,ATL,NO,1486.0489,1468.2718,7,7,1,0,59.97710000000002,0.5714285714285714,1.0
2006,12,REG,BAL,PIT,1587.0229,1563.5362,7,7,1,1,65.68669999999993,0.5714285714285714,1.0
2006,12,REG,BUF,JAX,1463.0976,1557.2713,7,6,0,1,-51.97370000000005,0.5714285714285714,1.0
2006,12,REG,CLE,CIN,1427.723,1524.4349,7,7,1,0,-54.51190000000001,0.5714285714285714,1.0
2006,12,REG,MIN,ARI,1465.7263,1354.0882,7,7,0,1,153.8381000000001,0.5714285714285714,1.0
2006,12,REG,NYJ,HOU,1479.9364,1386.428,7,7,0,1,135.70839999999993,0.5714285714285714,1.0
2006,12,REG,LA,SF,1441.3272,1457.6401,7,7,1,1,25.887099999999876,0.5714285714285714,1.0
2006,12,REG,WAS,CAR,1455.9056,1567.6068,7,7,0,1,-69.50119999999997,0.5714285714285714,1.0
2006,12,REG,LAC,LV,1627.2391,1368.0578,7,7,1,1,301.38129999999995,0.5714285714285714,1.0
2006,12,REG,NE,CHI,1612.8404,1629.6814,7,7,0,1,25.35900000000011,0.5714285714285714,1.0
2006,12,REG,TEN,NYG,1415.0238,1553.4019,7,6,0,1,-96.17810000000013,0.5714285714285714,1.0
2006,12,REG,IND,PHI,1688.3228,1459.4333,7,7,0,1,271.0895,0.5714285714285714,1.0
2006,12,REG,SEA,GB,1567.0999,1439.2106,8,8,0,1,170.0892999999998,0.5714285714285714,1.0
2006,13,REG,CIN,BAL,1541.3224,1603.2861,4,4,1,1,-19.763700000000014,0.6190476190476191,1.0
2006,13,REG,BUF,LAC,1486.0673,1633.2376,7,7,0,0,-104.9703,0.6190476190476191,1.0
2006,13,REG,CHI,MIN,1611.1386,1477.4074,7,7,1,1,175.93119999999993,0.6190476190476191,1.0
2006,13,REG,CLE,KC,1410.8355,1587.5391,7,10,0,1,-134.50360000000006,0.6190476190476191,1.0
2006,13,REG,GB,NYJ,1428.2879,1492.4988,6,7,0,0,-22.010900000000035,0.6190476190476191,1.0
2006,13,REG,NE,DET,1631.3832,1343.0122,7,10,0,1,330.5710000000001,0.6190476190476191,1.0
2006,13,REG,NO,SF,1491.6905,1439.1275,7,7,0,1,94.76299999999988,0.6190476190476191,1.0
2006,13,REG,LA,ARI,1459.8398,1342.4071,7,7,1,0,159.63270000000006,0.6190476190476191,1.0
2006,13,REG,TEN,IND,1440.423,1695.2657,7,7,1,1,-212.64269999999993,0.6190476190476191,1.0
2006,13,REG,WAS,ATL,1479.8539,1462.6302,7,7,0,0,59.42370000000001,0.6190476190476191,1.0
2006,13,REG,MIA,JAX,1512.4255,1534.3016,10,7,0,0,20.32390000000005,0.6190476190476191,1.0
2006,13,REG,LV,HOU,1362.0593,1373.8656,7,7,0,0,30.39369999999981,0.6190476190476191,1.0
2006,13,REG,NYG,DAL,1528.0027,1558.4534,7,10,1,0,11.749299999999906,0.6190476190476191,1.0
2006,13,REG,PIT,TB,1547.273,1447.1716,7,10,0,1,142.3014,0.6190476190476191,1.0
2006,13,REG,DEN,SEA,1601.4452,1578.0226,10,6,0,0,65.6226000000001,0.6190476190476191,1.0
2006,13,REG,PHI,CAR,1452.4904,1543.6585,8,8,0,1,-48.96810000000009,0.6190476190476191,1.0
2006,14,REG,PIT,CLE,1559.5107,1438.2132,4,4,1,1,163.49750000000012,0.6666666666666666,1.0
2006,14,REG,CAR,NYG,1520.8582,1507.3266,6,7,0,0,55.7315999999998,0.6666666666666666,1.0
2006,14,REG,CIN,LV,1562.4589,1340.3141,10,7,0,1,264.3448,0.6666666666666666,1.0
2006,14,REG,DET,MIN,1337.8211,1466.7497,7,7,1,0,-86.72860000000018,0.6666666666666666,1.0
2006,14,REG,HOU,TEN,1395.6108,1471.3342,7,7,1,0,-33.52340000000008,0.6666666666666666,1.0
2006,14,REG,JAX,IND,1555.4702,1664.3545,7,7,1,1,-66.68429999999994,0.6666666666666666,1.0
2006,14,REG,KC,BAL,1560.1614,1582.1496,7,10,0,0,20.211799999999997,0.6666666666666666,1.0
2006,14,REG,MIA,NE,1491.2569,1636.5743,7,7,1,1,-103.1173999999999,0.6666666666666666,1.0
2006,14,REG,TB,ATL,1434.9339,1486.0179,7,7,1,0,-8.884000000000057,0.6666666666666666,1.0
2006,14,REG,WAS,PHI,1456.4662,1475.2907,7,6,1,0,23.37550000000006,0.6666666666666666,1.0
2006,14,REG,ARI,SEA,1371.0,1601.7559,7,7,1,1,-188.55590000000012,0.6666666666666666,1.0
2006,14,REG,SF,GB,1424.4511,1409.5533,7,7,0,0,57.097799999999964,0.6666666666666666,1.0
2006,14,REG,NYJ,BUF,1511.2334,1471.9325,7,7,1,0,81.50090000000019,0.6666666666666666,1.0
2006,14,REG,LAC,DEN,1647.3724,1577.7119,7,7,1,1,111.86049999999996,0.6666666666666666,1.0
2006,14,REG,DAL,NO,1579.1295,1506.3669,7,7,0,0,114.96260000000002,0.6666666666666666,1.0
2006,14,REG,LA,CHI,1431.2469,1621.7963,8,8,0,0,-148.3493999999999,0.6666666666666666,1.0
2006,15,REG,SEA,SF,1571.8552,1401.1936,4,4,1,0,212.8615999999999,0.7142857142857143,1.0
2006,15,REG,ATL,DAL,1505.5066,1552.7431,6,6,0,0,-5.036499999999975,0.7142857142857143,1.0
2006,15,REG,BAL,CLE,1603.3118,1426.9866,7,10,1,1,218.52519999999998,0.7142857142857143,1.0
2006,15,REG,BUF,MIA,1496.5399,1517.0245,7,7,1,1,21.715400000000002,0.7142857142857143,1.0
2006,15,REG,CAR,PIT,1497.6773,1570.7373,7,10,0,0,-30.859999999999943,0.7142857142857143,1.0
2006,15,REG,CHI,TB,1633.7403,1415.4452,6,7,0,1,260.4950999999998,0.7142857142857143,1.0
2006,15,REG,GB,DET,1432.8108,1322.7124,7,7,1,1,152.29840000000007,0.7142857142857143,1.0
2006,15,REG,MIN,NYJ,1481.8584,1486.626,7,7,0,0,37.4324000000001,0.7142857142857143,1.0
2006,15,REG,NE,HOU,1610.8067,1377.5346,7,7,0,1,275.4721000000001,0.7142857142857143,1.0
2006,15,REG,NO,WAS,1532.7533,1435.1226,7,7,0,0,139.83070000000015,0.7142857142857143,1.0
2006,15,REG,TEN,JAX,1489.4104,1579.2624,7,7,1,1,-47.652000000000086,0.7142857142857143,1.0
2006,15,REG,ARI,DEN,1400.9007,1563.9375,7,7,0,0,-120.83680000000008,0.7142857142857143,1.0
2006,15,REG,NYG,PHI,1530.5075,1496.6343,7,7,1,0,76.0732,0.7142857142857143,1.0
2006,15,REG,LV,LA,1333.1456,1419.3029,7,6,0,0,-43.95729999999985,0.7142857142857143,1.0
2006,15,REG,LAC,KC,1661.1468,1538.9992,7,7,1,1,164.3476,0.7142857142857143,1.0
2006,15,REG,IND,CIN,1640.5623,1569.6274,8,8,0,1,113.13489999999997,0.7142857142857143,1.0
2006,16,REG,GB,MIN,1444.5653,1459.7119,4,4,1,1,27.053399999999968,0.7619047619047619,1.0
2006,16,REG,LV,KC,1315.6626,1527.8121,6,6,1,0,-169.9495,0.7619047619047619,1.0
2006,16,REG,ATL,CAR,1485.7965,1479.4491,8,7,1,0,48.54739999999988,0.7619047619047619,1.0
2006,16,REG,BUF,TEN,1515.2915,1512.1364,7,7,0,0,45.35509999999995,0.7619047619047619,1.0
2006,16,REG,CLE,TB,1418.1334,1408.1454,7,7,0,0,52.18799999999983,0.7619047619047619,1.0
2006,16,REG,DET,CHI,1310.9579,1641.0401,7,7,1,0,-287.88219999999984,0.7619047619047619,1.0
2006,16,REG,HOU,IND,1370.7353,1654.2706,7,6,1,1,-241.33530000000002,0.7619047619047619,1.0
2006,16,REG,JAX,NE,1556.5364,1617.606,7,7,0,0,-18.869600000000034,0.7619047619047619,1.0
2006,16,REG,NYG,NO,1506.197,1505.1122,7,7,0,0,43.28479999999986,0.7619047619047619,1.0
2006,16,REG,PIT,BAL,1588.9655,1612.165,7,7,1,0,19.00050000000006,0.7619047619047619,1.0
2006,16,REG,LA,WAS,1436.7859,1462.7637,7,7,0,1,16.222200000000115,0.7619047619047619,1.0
2006,16,REG,SF,ARI,1432.1136,1387.5891,10,7,1,0,86.72449999999999,0.7619047619047619,1.0
2006,16,REG,DEN,CIN,1577.2491,1555.9191,7,6,0,1,63.52999999999993,0.7619047619047619,1.0
2006,16,REG,SEA,LAC,1540.9352,1672.3339,10,7,0,0,-89.19870000000019,0.7619047619047619,1.0
2006,16,REG,DAL,PHI,1572.4532,1520.9448,9,8,1,0,93.70839999999994,0.7619047619047619,1.0
2006,16,REG,MIA,NYJ,1498.2729,1508.7725,8,8,1,0,31.700399999999902,0.7619047619047619,1.0
2006,17,REG,WAS,NYG,1443.6968,1483.7181,6,6,1,0,2.1786999999998926,0.8095238095238095,1.0
2006,17,REG,CIN,PIT,1539.536,1567.8728,7,7,1,0,13.863199999999964,0.8095238095238095,1.0
2006,17,REG,DAL,DET,1547.186,1304.5523,6,7,0,0,284.83369999999985,0.8095238095238095,1.0
2006,17,REG,HOU,CLE,1402.7541,1395.1516,7,7,0,1,49.802500000000194,0.8095238095238095,1.0
2006,17,REG,KC,JAX,1538.7412,1537.6216,8,7,0,1,43.319599999999994,0.8095238095238095,1.0
2006,17,REG,MIN,LA,1441.2661,1455.8528,10,7,0,0,27.613300000000166,0.8095238095238095,1.0
2006,17,REG,NO,CAR,1527.5911,1502.2257,7,7,1,0,67.56540000000014,0.8095238095238095,1.0
2006,17,REG,NYJ,LV,1530.5923,1304.7335,6,8,0,1,268.05879999999996,0.8095238095238095,1.0
2006,17,REG,TB,SEA,1431.1272,1525.96,7,7,0,0,-52.63280000000013,0.8095238095238095,1.0
2006,17,REG,TEN,NE,1534.7325,1636.5208,7,7,0,0,-59.58829999999993,0.8095238095238095,1.0
2006,17,REG,BAL,BUF,1633.2577,1492.6954,7,7,0,1,182.76230000000004,0.8095238095238095,1.0
2006,17,REG,DEN,SF,1593.6322,1407.2225,7,7,0,0,228.60969999999992,0.8095238095238095,1.0
2006,17,REG,IND,MIA,1622.2518,1476.4531,7,6,0,1,187.99870000000004,0.8095238095238095,1.0
2006,17,REG,PHI,ATL,1546.212,1463.0199,6,7,0,1,125.39209999999999,0.8095238095238095,1.0
2006,17,REG,LAC,ARI,1687.3091,1412.4802,7,7,0,1,317.02889999999996,0.8095238095238095,1.0
2006,17,REG,CHI,GB,1647.4457,1463.0111,7,10,1,0,226.63460000000003,0.8095238095238095,1.0
2007,1,REG,IND,NO,1632.1431,1510.4748,7,7,0,1,163.86830000000003,0.047619047619047616,1.0
2007,1,REG,BUF,DEN,1490.6453,1538.495,7,7,0,0,-5.6496999999999815,0.047619047619047616,1.0
2007,1,REG,CLE,PIT,1428.0394,1554.4422,7,7,1,0,-84.20280000000007,0.047619047619047616,1.0
2007,1,REG,GB,PHI,1497.9253,1531.5992,7,7,0,1,8.5261,0.047619047619047616,1.0
2007,1,REG,HOU,KC,1453.184,1525.3188,7,7,0,1,-29.93480000000004,0.047619047619047616,1.0
2007,1,REG,JAX,TEN,1513.3014,1512.1176,7,7,1,0,43.38380000000002,0.047619047619047616,1.0
2007,1,REG,MIN,ATL,1453.0479,1471.2041,7,7,0,1,24.043800000000104,0.047619047619047616,1.0
2007,1,REG,NYJ,NE,1515.5426,1605.0801,7,7,1,0,-47.337499999999906,0.047619047619047616,1.0
2007,1,REG,LA,CAR,1487.7034,1516.8801,7,7,0,0,13.02330000000002,0.047619047619047616,1.0
2007,1,REG,WAS,MIA,1455.3828,1481.0378,7,7,0,1,16.54500000000003,0.047619047619047616,1.0
2007,1,REG,LV,DET,1379.8539,1404.071,7,7,0,0,17.982900000000157,0.047619047619047616,1.0
2007,1,REG,LAC,CHI,1599.7691,1577.673,7,7,0,1,64.29609999999998,0.047619047619047616,1.0
2007,1,REG,SEA,TB,1527.9753,1449.7204,7,7,0,1,120.45490000000014,0.047619047619047616,1.0
2007,1,REG,DAL,NYG,1497.9729,1493.09,7,7,1,1,47.082900000000066,0.047619047619047616,1.0
2007,1,REG,CIN,BAL,1512.483,1571.4662,7,7,1,1,-16.78320000000012,0.047619047619047616,1.0
2007,1,REG,SF,ARI,1464.4978,1445.396,7,7,1,1,61.30180000000014,0.047619047619047616,1.0
2007,2,REG,CAR,HOU,1537.6294,1474.9029,7,7,0,0,104.92649999999999,0.09523809523809523,1.0
2007,2,REG,CLE,CIN,1412.7938,1533.4484,7,6,1,1,-78.45460000000007,0.09523809523809523,1.0
2007,2,REG,JAX,ATL,1490.8169,1452.586,7,7,0,1,80.43090000000002,0.09523809523809523,1.0
2007,2,REG,NYG,GB,1475.7838,1517.4346,7,7,0,0,0.5491999999998853,0.09523809523809523,1.0
2007,2,REG,PIT,BUF,1569.6878,1470.9705,7,7,0,1,140.9173,0.09523809523809523,1.0
2007,2,REG,LA,SF,1466.9541,1481.0052,7,6,1,0,28.14889999999987,0.09523809523809523,1.0
2007,2,REG,TB,NO,1436.3893,1499.2654,7,10,1,1,-20.67609999999995,0.09523809523809523,1.0
2007,2,REG,TEN,IND,1534.6021,1643.3525,7,10,1,0,-66.5503999999999,0.09523809523809523,1.0
2007,2,REG,ARI,SEA,1428.8886,1541.3064,6,7,1,1,-70.21779999999994,0.09523809523809523,1.0
2007,2,REG,DET,MIN,1425.1053,1471.666,7,7,1,1,-4.360699999999994,0.09523809523809523,1.0
2007,2,REG,MIA,DAL,1461.9895,1515.2791,7,7,0,0,-11.089600000000061,0.09523809523809523,1.0
2007,2,REG,BAL,NYJ,1550.5008,1498.2508,6,7,0,1,94.45,0.09523809523809523,1.0
2007,2,REG,CHI,KC,1561.3325,1503.5999,7,7,0,1,99.93260000000005,0.09523809523809523,1.0
2007,2,REG,DEN,LV,1558.1698,1358.8196,7,7,1,1,241.55019999999985,0.09523809523809523,1.0
2007,2,REG,NE,LAC,1622.3719,1616.1096,7,7,0,1,48.4623000000001,0.09523809523809523,1.0
2007,2,REG,PHI,WAS,1512.0899,1474.4311,8,8,1,0,79.85879999999993,0.09523809523809523,1.0
2007,3,REG,BAL,ARI,1565.1939,1452.8765,7,7,0,1,154.5173999999999,0.14285714285714285,1.0
2007,3,REG,GB,LAC,1537.4662,1598.8814,7,7,0,1,-19.21519999999991,0.14285714285714285,1.0
2007,3,REG,HOU,IND,1500.7658,1659.5677,7,7,1,0,-116.60190000000016,0.14285714285714285,1.0
2007,3,REG,KC,MIN,1489.1989,1451.415,7,7,0,1,79.98390000000013,0.14285714285714285,1.0
2007,3,REG,NE,BUF,1639.6001,1458.665,7,7,1,1,223.13510000000014,0.14285714285714285,1.0
2007,3,REG,NYJ,MIA,1483.5577,1442.6277,7,7,1,1,83.13000000000007,0.14285714285714285,1.0
2007,3,REG,PHI,DET,1487.5721,1445.3563,6,7,0,1,84.41580000000017,0.14285714285714285,1.0
2007,3,REG,PIT,SF,1581.9933,1502.622,7,7,0,1,121.57130000000002,0.14285714285714285,1.0
2007,3,REG,TB,LA,1457.5781,1445.3373,7,7,0,1,54.44080000000004,0.14285714285714285,1.0
2007,3,REG,DEN,JAX,1566.1431,1506.2679,7,7,0,0,102.07519999999995,0.14285714285714285,1.0
2007,3,REG,LV,CLE,1350.8463,1437.2348,7,7,0,1,-44.18850000000002,0.14285714285714285,1.0
2007,3,REG,SEA,CIN,1517.3185,1509.0074,7,7,0,1,50.51110000000013,0.14285714285714285,1.0
2007,3,REG,ATL,CAR,1437.135,1511.7665,7,7,1,0,-32.43149999999996,0.14285714285714285,1.0
2007,3,REG,WAS,NYG,1498.9489,1455.7522,6,7,1,0,85.3967000000002,0.14285714285714285,1.0
2007,3,REG,CHI,DAL,1575.7335,1534.6409,7,7,0,0,83.29259999999995,0.14285714285714285,1.0
2007,3,REG,NO,TEN,1478.0766,1518.3869,8,8,0,0,1.8897000000001327,0.14285714285714285,1.0
2007,4,REG,ATL,HOU,1418.9965,1487.2368,7,7,0,1,-26.04029999999993,0.19047619047619047,1.0
2007,4,REG,BUF,NYJ,1449.9934,1498.8616,7,7,1,1,-6.668199999999885,0.19047619047619047,1.0
2007,4,REG,CLE,BAL,1414.7047,1576.8426,7,7,1,1,-119.93789999999994,0.19047619047619047,1.0
2007,4,REG,DAL,LA,1559.3458,1428.4458,7,7,0,1,173.10000000000008,0.19047619047619047,1.0
2007,4,REG,DET,CHI,1430.1222,1551.0286,7,7,1,1,-78.70640000000007,0.19047619047619047,1.0
2007,4,REG,MIA,LV,1427.3238,1373.3764,7,7,0,0,96.14739999999979,0.19047619047619047,1.0
2007,4,REG,MIN,GB,1435.9396,1558.5712,7,7,1,0,-80.43160000000016,0.19047619047619047,1.0
2007,4,REG,CAR,TB,1529.905,1474.4696,7,7,1,0,97.63540000000008,0.19047619047619047,1.0
2007,4,REG,SF,SEA,1489.3479,1534.4312,7,7,1,0,-2.8833000000000055,0.19047619047619047,1.0
2007,4,REG,ARI,PIT,1441.2278,1595.2674,7,7,0,1,-111.83960000000006,0.19047619047619047,1.0
2007,4,REG,IND,DEN,1673.0967,1540.4306,7,7,0,1,174.86610000000013,0.19047619047619047,1.0
2007,4,REG,LAC,KC,1577.7764,1504.6743,7,7,1,0,115.30210000000007,0.19047619047619047,1.0
2007,4,REG,NYG,PHI,1480.5714,1502.8062,7,7,1,1,19.965200000000053,0.19047619047619047,1.0
2007,4,REG,CIN,NE,1491.8947,1648.2717,8,8,0,0,-114.17699999999995,0.19047619047619047,1.0
2007,5,REG,HOU,MIA,1465.7406,1401.9262,7,7,0,1,106.01439999999998,0.23809523809523808,1.0
2007,5,REG,KC,JAX,1531.0782,1531.9804,7,14,0,0,41.29780000000001,0.23809523809523808,1.0
2007,5,REG,NE,CLE,1661.926,1441.3471,6,7,0,1,262.77889999999996,0.23809523809523808,1.0
2007,5,REG,NO,CAR,1457.9678,1504.4281,13,7,1,0,-4.260300000000186,0.23809523809523808,1.0
2007,5,REG,NYG,NYJ,1499.4234,1478.4778,7,7,0,1,63.145600000000016,0.23809523809523808,1.0
2007,5,REG,PIT,SEA,1569.0429,1554.2652,7,7,0,1,56.97769999999987,0.23809523809523808,1.0
2007,5,REG,LA,ARI,1417.6602,1467.4523,7,7,1,0,-7.592099999999888,0.23809523809523808,1.0
2007,5,REG,TEN,ATL,1538.4957,1440.4927,13,7,0,1,140.20299999999992,0.23809523809523808,1.0
2007,5,REG,WAS,DET,1474.1297,1454.577,14,7,0,1,61.75269999999996,0.23809523809523808,1.0
2007,5,REG,IND,TB,1683.8025,1499.9465,7,7,0,1,226.05599999999998,0.23809523809523808,1.0
2007,5,REG,DEN,LAC,1529.7248,1551.3725,7,7,1,0,20.552300000000017,0.23809523809523808,1.0
2007,5,REG,SF,BAL,1469.5139,1550.2002,7,7,0,0,-38.48630000000007,0.23809523809523808,1.0
2007,5,REG,GB,CHI,1574.0222,1526.5738,7,7,1,0,89.64840000000022,0.23809523809523808,1.0
2007,5,REG,BUF,DAL,1470.3772,1570.1314,8,8,0,0,-57.55420000000008,0.23809523809523808,1.0
2007,6,REG,BAL,LA,1567.9938,1398.0972,7,7,0,1,212.09660000000002,0.2857142857142857,1.0
2007,6,REG,CHI,MIN,1551.6228,1420.4886,7,14,1,0,173.33420000000018,0.2857142857142857,1.0
2007,6,REG,CLE,MIA,1434.1254,1387.8463,7,7,0,1,88.47909999999997,0.2857142857142857,1.0
2007,6,REG,GB,WAS,1548.9732,1490.6119,7,7,0,1,100.5612999999998,0.2857142857142857,1.0
2007,6,REG,JAX,HOU,1554.3466,1479.8205,7,7,1,1,116.72610000000005,0.2857142857142857,1.0
2007,6,REG,KC,CIN,1508.712,1478.2404,7,13,0,1,72.67160000000008,0.2857142857142857,1.0
2007,6,REG,NYJ,PHI,1462.0733,1483.9542,7,14,0,0,20.31910000000012,0.2857142857142857,1.0
2007,6,REG,TB,TEN,1491.3885,1550.8363,7,7,0,1,-17.247799999999913,0.2857142857142857,1.0
2007,6,REG,ARI,CAR,1487.0153,1524.1829,7,7,0,0,5.03240000000001,0.2857142857142857,1.0
2007,6,REG,DAL,NE,1586.8483,1669.1477,6,7,0,0,-40.099399999999875,0.2857142857142857,1.0
2007,6,REG,LAC,LV,1572.5542,1398.774,7,14,1,1,215.98020000000014,0.2857142857142857,1.0
2007,6,REG,SEA,NO,1537.516,1438.213,7,7,0,0,141.5030000000001,0.2857142857142857,1.0
2007,6,REG,ATL,NYG,1428.1521,1515.8279,8,8,0,0,-45.47579999999998,0.2857142857142857,1.0
2007,7,REG,BUF,BAL,1453.6603,1577.1047,13,7,0,1,-81.24440000000008,0.3333333333333333,1.0
2007,7,REG,DET,TB,1438.0948,1512.3805,14,7,0,1,-32.0856999999999,0.3333333333333333,1.0
2007,7,REG,HOU,TEN,1466.2979,1529.8443,7,7,1,0,-21.346399999999946,0.3333333333333333,1.0
2007,7,REG,MIA,NE,1372.8322,1686.8496,7,7,1,0,-271.81739999999996,0.3333333333333333,1.0
2007,7,REG,NO,ATL,1465.9362,1410.755,7,6,1,1,97.38119999999999,0.3333333333333333,1.0
2007,7,REG,NYG,SF,1533.225,1451.7203,6,14,0,1,123.70469999999996,0.3333333333333333,1.0
2007,7,REG,WAS,ARI,1476.2443,1466.7256,7,7,0,1,51.718700000000084,0.3333333333333333,1.0
2007,7,REG,CIN,NYJ,1462.3638,1440.905,7,7,0,1,63.65880000000011,0.3333333333333333,1.0
2007,7,REG,LV,KC,1389.8194,1524.5886,7,7,1,0,-92.56919999999995,0.3333333333333333,1.0
2007,7,REG,DAL,MIN,1569.1464,1449.7136,7,7,0,1,161.63280000000003,0.3333333333333333,1.0
2007,7,REG,PHI,CHI,1505.1225,1522.3978,7,7,0,0,24.924699999999987,0.3333333333333333,1.0
2007,7,REG,SEA,LA,1509.7928,1388.9863,7,7,1,1,163.0064999999999,0.3333333333333333,1.0
2007,7,REG,DEN,PIT,1508.5431,1585.7921,14,14,0,1,-35.04899999999979,0.3333333333333333,1.0
2007,7,REG,JAX,IND,1567.8692,1692.3605,8,15,1,0,-82.29129999999991,0.3333333333333333,1.0
2007,8,REG,CAR,IND,1544.4726,1707.7101,14,6,0,0,-121.03749999999995,0.38095238095238093,1.0
2007,8,REG,CHI,DET,1543.8301,1459.9366,7,7,1,0,126.0934999999999,0.38095238095238093,1.0
2007,8,REG,CIN,PIT,1478.7398,1563.7813,7,7,1,0,-42.84150000000004,0.38095238095238093,1.0
2007,8,REG,MIA,NYG,1365.9133,1546.3904,7,7,0,0,-138.27710000000008,0.38095238095238093,1.0
2007,8,REG,MIN,PHI,1438.4001,1483.6902,7,7,0,0,-3.0900999999999357,0.38095238095238093,1.0
2007,8,REG,LA,CLE,1377.7369,1449.1395,7,14,0,0,-29.20259999999989,0.38095238095238093,1.0
2007,8,REG,TEN,LV,1548.617,1375.0255,7,7,0,1,215.79149999999998,0.38095238095238093,1.0
2007,8,REG,NYJ,BUF,1424.529,1478.2537,7,7,1,0,-11.524699999999982,0.38095238095238093,1.0
2007,8,REG,LAC,HOU,1581.5088,1447.5252,14,7,0,1,176.1836,0.38095238095238093,1.0
2007,8,REG,TB,JAX,1490.5387,1552.5196,7,6,0,0,-19.780900000000017,0.38095238095238093,1.0
2007,8,REG,NE,WAS,1693.7685,1493.2889,7,7,0,1,242.67959999999988,0.38095238095238093,1.0
2007,8,REG,SF,NO,1438.5549,1480.4728,7,7,0,0,0.28210000000008506,0.38095238095238093,1.0
2007,8,REG,DEN,GB,1530.5539,1563.3408,8,15,0,0,9.41310000000017,0.38095238095238093,1.0
2007,9,REG,ATL,SF,1396.2184,1418.5387,14,7,0,1,19.879699999999914,0.42857142857142855,1.0
2007,9,REG,BUF,CIN,1497.5905,1461.1935,7,7,0,1,78.59699999999994,0.42857142857142855,1.0
2007,9,REG,DET,DEN,1486.8924,1510.0122,7,6,0,1,19.080200000000062,0.42857142857142855,1.0
2007,9,REG,KC,GB,1539.3825,1583.8825,14,6,0,0,-2.299999999999997,0.42857142857142855,1.0
2007,9,REG,MIN,LAC,1418.578,1592.1552,7,7,0,1,-131.37719999999996,0.42857142857142855,1.0
2007,9,REG,NO,JAX,1500.489,1571.3821,7,7,0,1,-28.6931,0.42857142857142855,1.0
2007,9,REG,NYJ,WAS,1405.1922,1485.357,7,7,0,0,-37.96480000000001,0.42857142857142855,1.0
2007,9,REG,TB,ARI,1471.6762,1449.681,7,14,0,1,64.19520000000007,0.42857142857142855,1.0
2007,9,REG,TEN,CAR,1557.5792,1531.1713,7,7,0,1,68.60789999999993,0.42857142857142855,1.0
2007,9,REG,CLE,SEA,1467.4624,1521.0422,7,14,0,1,-11.379800000000202,0.42857142857142855,1.0
2007,9,REG,IND,NE,1721.0114,1701.7004,7,7,0,0,61.51100000000015,0.42857142857142855,1.0
2007,9,REG,LV,HOU,1366.0633,1436.8788,7,7,0,0,-28.615499999999926,0.42857142857142855,1.0
2007,9,REG,PHI,DAL,1503.5123,1580.4599,7,14,1,0,-34.74759999999996,0.42857142857142855,1.0
2007,9,REG,PIT,BAL,1581.3276,1552.5113,8,15,1,1,71.01630000000019,0.42857142857142855,1.0
2007,10,REG,CAR,ATL,1515.0701,1415.0753,7,7,1,0,142.19479999999993,0.47619047619047616,1.0
2007,10,REG,GB,MIN,1603.7501,1445.7997,7,7,1,1,200.15039999999993,0.47619047619047616,1.0
2007,10,REG,KC,DEN,1519.5149,1491.1094,7,7,1,0,70.60549999999985,0.47619047619047616,1.0
2007,10,REG,MIA,BUF,1353.4779,1513.1417,14,7,1,0,-117.46379999999981,0.47619047619047616,1.0
2007,10,REG,NO,LA,1522.137,1359.414,7,14,0,0,204.92299999999994,0.47619047619047616,1.0
2007,10,REG,PIT,CLE,1597.2956,1488.1172,6,7,1,1,151.3784,0.47619047619047616,1.0
2007,10,REG,TEN,JAX,1573.6804,1549.7341,7,7,1,0,66.14630000000007,0.47619047619047616,1.0
2007,10,REG,WAS,PHI,1503.1802,1485.5059,7,7,1,0,59.874299999999906,0.47619047619047616,1.0
2007,10,REG,BAL,CIN,1536.5433,1445.6423,6,7,1,0,133.10100000000006,0.47619047619047616,1.0
2007,10,REG,ARI,DET,1433.3349,1505.7952,7,7,0,1,-30.26029999999996,0.47619047619047616,1.0
2007,10,REG,NYG,DAL,1558.8258,1598.4663,14,7,1,0,2.5595000000000283,0.47619047619047616,1.0
2007,10,REG,LV,CHI,1347.7068,1516.8743,7,14,0,0,-126.96750000000002,0.47619047619047616,1.0
2007,10,REG,LAC,IND,1564.9335,1697.5071,7,7,0,1,-90.37359999999994,0.47619047619047616,1.0
2007,10,REG,SEA,SF,1500.3874,1399.6818,8,8,1,1,142.9056,0.47619047619047616,1.0
2007,11,REG,ATL,TB,1442.8323,1488.0223,7,14,1,0,-2.9900000000000517,0.5238095238095238,1.0
2007,11,REG,BAL,CLE,1509.2354,1476.3187,7,7,1,0,75.1167,0.5238095238095238,1.0
2007,11,REG,CIN,ARI,1472.9502,1455.0724,7,7,0,0,60.07779999999998,0.5238095238095238,1.0
2007,11,REG,DET,NYG,1484.0577,1538.6785,7,7,0,0,-12.420799999999915,0.5238095238095238,1.0
2007,11,REG,GB,CAR,1613.3539,1487.3131,7,7,0,1,168.24079999999998,0.5238095238095238,1.0
2007,11,REG,HOU,NO,1455.2353,1491.5417,14,7,0,1,5.893600000000063,0.5238095238095238,1.0
2007,11,REG,IND,KC,1672.419,1495.5056,7,7,0,1,219.11340000000013,0.5238095238095238,1.0
2007,11,REG,JAX,LAC,1573.4964,1590.0216,7,7,0,1,25.674799999999962,0.5238095238095238,1.0
2007,11,REG,MIN,LV,1436.1959,1334.7068,7,7,0,1,143.6891,0.5238095238095238,1.0
2007,11,REG,PHI,MIA,1508.9188,1339.9933,7,7,0,1,211.12549999999982,0.5238095238095238,1.0
2007,11,REG,NYJ,PIT,1387.369,1609.0941,14,7,0,1,-179.52510000000012,0.5238095238095238,1.0
2007,11,REG,DAL,WAS,1618.6136,1479.7673,7,7,1,1,181.04629999999992,0.5238095238095238,1.0
2007,11,REG,SEA,CHI,1512.5956,1529.8743,6,7,0,1,24.92130000000016,0.5238095238095238,1.0
2007,11,REG,SF,LA,1387.4736,1390.0093,6,7,1,0,39.6643000000001,0.5238095238095238,1.0
2007,11,REG,BUF,NE,1526.6263,1725.2047,7,14,1,0,-156.3784000000001,0.5238095238095238,1.0
2007,11,REG,DEN,TEN,1515.1187,1549.9181,8,8,0,1,7.400599999999898,0.5238095238095238,1.0
2007,12,REG,DET,GB,1464.7724,1624.3613,4,4,1,0,-117.38889999999996,0.5714285714285714,1.0
2007,12,REG,DAL,NYJ,1629.0427,1416.8722,4,4,0,1,254.37049999999994,0.5714285714285714,1.0
2007,12,REG,ATL,IND,1423.0044,1681.2489,4,4,0,0,-216.04450000000003,0.5714285714285714,1.0
2007,12,REG,CAR,NO,1476.3057,1471.8809,7,7,1,0,46.62479999999978,0.5714285714285714,1.0
2007,12,REG,CIN,TEN,1449.5259,1530.344,7,6,0,1,-38.618099999999956,0.5714285714285714,1.0
2007,12,REG,CLE,HOU,1500.5766,1474.8961,7,7,0,1,67.88050000000017,0.5714285714285714,1.0
2007,12,REG,JAX,BUF,1592.0211,1515.0658,7,7,0,1,119.15529999999985,0.5714285714285714,1.0
2007,12,REG,KC,LV,1486.6757,1322.5368,7,7,1,0,206.3388999999999,0.5714285714285714,1.0
2007,12,REG,NYG,MIN,1557.9638,1448.3659,7,7,0,0,151.79789999999997,0.5714285714285714,1.0
2007,12,REG,LA,SEA,1412.2827,1531.1635,7,7,1,0,-76.68080000000013,0.5714285714285714,1.0
2007,12,REG,TB,WAS,1507.8502,1469.3382,7,7,0,1,80.71200000000017,0.5714285714285714,1.0
2007,12,REG,ARI,SF,1478.4967,1365.2002,7,7,1,0,155.4964999999999,0.5714285714285714,1.0
2007,12,REG,CHI,DEN,1511.3064,1534.6928,7,6,0,1,18.81359999999991,0.5714285714285714,1.0
2007,12,REG,LAC,BAL,1571.4969,1484.9775,7,7,0,1,128.71940000000012,0.5714285714285714,1.0
2007,12,REG,NE,PHI,1736.7652,1518.0691,7,7,0,1,260.8961000000001,0.5714285714285714,1.0
2007,12,REG,PIT,MIA,1579.5909,1330.843,8,8,0,1,290.94789999999983,0.5714285714285714,1.0
2007,13,REG,DAL,GB,1636.5553,1637.8498,7,7,0,1,40.90550000000003,0.6190476190476191,1.0
2007,13,REG,CAR,SF,1453.6378,1393.5979,7,7,0,1,102.23989999999999,0.6190476190476191,1.0
2007,13,REG,IND,JAX,1690.2009,1605.4188,10,7,1,1,126.98210000000013,0.6190476190476191,1.0
2007,13,REG,KC,LAC,1456.0219,1584.4086,7,7,1,0,-86.18670000000002,0.6190476190476191,1.0
2007,13,REG,MIA,NYJ,1324.5318,1409.3596,6,10,1,0,-42.62780000000002,0.6190476190476191,1.0
2007,13,REG,MIN,DET,1476.5875,1451.2839,7,10,1,1,67.50360000000019,0.6190476190476191,1.0
2007,13,REG,PHI,SEA,1510.783,1546.8197,7,7,0,0,6.163299999999893,0.6190476190476191,1.0
2007,13,REG,LA,ATL,1396.6265,1414.0524,7,10,0,1,24.774100000000047,0.6190476190476191,1.0
2007,13,REG,TEN,HOU,1508.1301,1458.7546,7,7,1,1,91.5755000000001,0.6190476190476191,1.0
2007,13,REG,WAS,BUF,1453.9025,1501.6681,7,7,0,0,-5.565600000000174,0.6190476190476191,1.0
2007,13,REG,ARI,CLE,1450.099,1516.7181,7,7,0,1,-24.419100000000114,0.6190476190476191,1.0
2007,13,REG,LV,DEN,1353.1906,1515.7747,7,7,1,1,-120.38410000000003,0.6190476190476191,1.0
2007,13,REG,CHI,NYG,1530.2245,1529.7422,7,7,0,0,42.682300000000126,0.6190476190476191,1.0
2007,13,REG,NO,TB,1494.5488,1523.2859,7,7,1,0,13.462899999999948,0.6190476190476191,1.0
2007,13,REG,PIT,CIN,1585.9021,1471.7398,6,7,1,1,156.36229999999995,0.6190476190476191,1.0
2007,13,REG,BAL,NE,1472.0658,1744.0513,8,8,0,0,-229.7855,0.6190476190476191,1.0
2007,14,REG,WAS,CHI,1434.2229,1507.7798,4,4,0,1,-31.35690000000004,0.6666666666666666,1.0
2007,14,REG,BUF,MIA,1521.3477,1306.9734,7,7,1,1,256.57429999999994,0.6666666666666666,1.0
2007,14,REG,CIN,LA,1460.1786,1415.2028,7,7,0,1,87.17579999999994,0.6666666666666666,1.0
2007,14,REG,DET,DAL,1435.1216,1654.2114,7,10,0,0,-176.88979999999998,0.6666666666666666,1.0
2007,14,REG,GB,LV,1620.1937,1379.8558,10,7,0,1,282.5379,0.6666666666666666,1.0
2007,14,REG,HOU,TB,1443.9073,1544.0605,7,7,0,1,-57.95319999999997,0.6666666666666666,1.0
2007,14,REG,JAX,CAR,1592.4195,1467.9166,7,7,0,1,166.70289999999994,0.6666666666666666,1.0
2007,14,REG,PHI,NYG,1490.4282,1552.1869,7,7,1,0,-19.55869999999986,0.6666666666666666,1.0
2007,14,REG,TEN,LAC,1522.9774,1599.5466,7,7,0,0,-34.36919999999991,0.6666666666666666,1.0
2007,14,REG,SEA,ARI,1567.1745,1471.5024,7,7,1,1,137.8721,0.6666666666666666,1.0
2007,14,REG,SF,MIN,1379.3191,1492.7498,7,7,0,0,-71.23070000000011,0.6666666666666666,1.0
2007,14,REG,DEN,KC,1489.1095,1440.8839,7,7,1,1,90.42559999999999,0.6666666666666666,1.0
2007,14,REG,NE,PIT,1752.4657,1597.4633,6,7,0,1,197.20240000000007,0.6666666666666666,1.0
2007,14,REG,NYJ,CLE,1426.918,1495.3147,7,7,0,0,-26.196700000000007,0.6666666666666666,1.0
2007,14,REG,BAL,IND,1463.6514,1703.2002,6,7,0,0,-197.34880000000004,0.6666666666666666,1.0
2007,14,REG,ATL,NO,1395.4761,1473.7742,8,8,1,0,-36.098099999999974,0.6666666666666666,1.0
2007,15,REG,HOU,DEN,1467.2128,1504.0186,4,4,0,1,5.394199999999913,0.7142857142857143,1.0
2007,15,REG,SF,CIN,1363.363,1475.2631,6,6,0,1,-69.70009999999984,0.7142857142857143,1.0
2007,15,REG,CAR,SEA,1456.8384,1579.6299,7,7,0,1,-80.59149999999981,0.7142857142857143,1.0
2007,15,REG,CLE,BUF,1513.8095,1528.7832,7,7,0,1,27.226299999999995,0.7142857142857143,1.0
2007,15,REG,KC,TEN,1425.9748,1504.9494,7,7,0,0,-36.77460000000001,0.7142857142857143,1.0
2007,15,REG,MIA,BAL,1299.5379,1453.9294,7,7,0,1,-112.19149999999995,0.7142857142857143,1.0
2007,15,REG,NE,NYJ,1762.1939,1408.4232,7,7,1,1,395.9707,0.7142857142857143,1.0
2007,15,REG,NO,ARI,1491.7037,1459.047,6,7,0,1,74.8567,0.7142857142857143,1.0
2007,15,REG,PIT,JAX,1587.7351,1603.4977,7,7,0,0,26.43740000000021,0.7142857142857143,1.0
2007,15,REG,LA,GB,1400.1183,1626.7666,7,7,0,0,-184.44829999999985,0.7142857142857143,1.0
2007,15,REG,TB,ATL,1520.755,1377.5466,7,6,1,1,185.4084000000002,0.7142857142857143,1.0
2007,15,REG,LV,IND,1373.2829,1712.9222,7,7,0,0,-297.43930000000006,0.7142857142857143,1.0
2007,15,REG,DAL,PHI,1664.8261,1471.5529,7,7,1,0,235.47320000000008,0.7142857142857143,1.0
2007,15,REG,LAC,DET,1617.5746,1424.5069,7,7,0,1,235.26769999999982,0.7142857142857143,1.0
2007,15,REG,NYG,WAS,1571.0622,1456.0231,7,10,1,0,157.23909999999995,0.7142857142857143,1.0
2007,15,REG,MIN,CHI,1508.7059,1485.9796,8,11,1,1,64.92630000000004,0.7142857142857143,1.0
2007,16,REG,LA,PIT,1389.8394,1566.2162,4,4,0,0,-134.17680000000001,0.7619047619047619,1.0
2007,16,REG,CAR,DAL,1481.3962,1633.0251,6,6,0,0,-109.42890000000016,0.7619047619047619,1.0
2007,16,REG,BUF,NYG,1510.3473,1542.582,7,7,0,0,9.9652999999998,0.7619047619047619,1.0
2007,16,REG,CHI,GB,1469.6742,1637.0455,6,7,1,1,-125.17130000000002,0.7619047619047619,1.0
2007,16,REG,CIN,CLE,1451.3038,1532.2454,8,7,1,1,-38.741600000000105,0.7619047619047619,1.0
2007,16,REG,DET,KC,1416.3002,1408.0838,7,7,0,1,50.4163999999998,0.7619047619047619,1.0
2007,16,REG,IND,HOU,1719.0374,1486.9023,7,10,1,1,274.33509999999995,0.7619047619047619,1.0
2007,16,REG,JAX,LV,1625.0166,1367.1677,7,7,0,1,300.04889999999995,0.7619047619047619,1.0
2007,16,REG,NO,PHI,1507.4601,1503.3539,7,7,0,0,46.30619999999995,0.7619047619047619,1.0
2007,16,REG,ARI,ATL,1443.2906,1367.3099,7,7,0,1,118.18070000000007,0.7619047619047619,1.0
2007,16,REG,SF,TB,1387.3223,1530.9917,8,7,0,1,-101.4694,0.7619047619047619,1.0
2007,16,REG,NE,MIA,1765.9077,1325.7807,7,7,1,1,482.32699999999994,0.7619047619047619,1.0
2007,16,REG,SEA,BAL,1555.0721,1427.6866,7,7,0,1,169.58550000000008,0.7619047619047619,1.0
2007,16,REG,TEN,NYJ,1522.8404,1404.7094,7,7,0,1,160.33100000000007,0.7619047619047619,1.0
2007,16,REG,MIN,WAS,1525.0113,1484.5033,6,7,0,0,82.70799999999981,0.7619047619047619,1.0
2007,16,REG,LAC,DEN,1625.7813,1484.3291,8,11,1,1,183.65220000000016,0.7619047619047619,1.0
2007,17,REG,NYG,NE,1563.1555,1768.252,6,6,0,0,-162.8964999999999,0.8095238095238095,1.0
2007,17,REG,ATL,SEA,1353.8622,1566.0179,7,7,0,1,-169.95570000000004,0.8095238095238095,1.0
2007,17,REG,CHI,NO,1496.5833,1484.8102,7,7,0,1,53.973100000000116,0.8095238095238095,1.0
2007,17,REG,CLE,SF,1510.0245,1413.0028,7,7,0,1,139.2217,0.8095238095238095,1.0
2007,17,REG,GB,DET,1610.1364,1433.4182,7,7,1,1,218.9182,0.8095238095238095,1.0
2007,17,REG,HOU,JAX,1480.0659,1631.0543,7,7,1,1,-108.78839999999995,0.8095238095238095,1.0
2007,17,REG,MIA,CIN,1323.4364,1473.5247,7,7,0,0,-107.88829999999989,0.8095238095238095,1.0
2007,17,REG,PHI,BUF,1526.0038,1489.7738,7,7,0,1,78.43000000000002,0.8095238095238095,1.0
2007,17,REG,TB,CAR,1505.3112,1467.4951,7,8,1,0,80.01610000000001,0.8095238095238095,1.0
2007,17,REG,ARI,LA,1456.7383,1377.2009,7,10,1,1,121.73739999999994,0.8095238095238095,1.0
2007,17,REG,BAL,PIT,1416.7408,1578.8547,7,10,1,1,-119.91390000000006,0.8095238095238095,1.0
2007,17,REG,DEN,MIN,1474.0152,1500.3382,6,7,0,1,15.877000000000137,0.8095238095238095,1.0
2007,17,REG,NYJ,KC,1393.335,1390.9658,7,7,0,1,44.569200000000095,0.8095238095238095,1.0
2007,17,REG,LV,LAC,1361.13,1636.0952,7,6,1,0,-232.76519999999988,0.8095238095238095,1.0
2007,17,REG,WAS,DAL,1509.1764,1646.9262,7,8,1,1,-95.54980000000005,0.8095238095238095,1.0
2007,17,REG,IND,TEN,1725.8738,1534.2148,7,7,1,0,233.8590000000001,0.8095238095238095,1.0
2008,1,REG,NYG,WAS,1602.0885,1509.4039,7,7,1,1,134.88460000000003,0.047619047619047616,1.0
2008,1,REG,ATL,DET,1431.0,1455.9884,7,7,0,1,17.211600000000047,0.047619047619047616,1.0
2008,1,REG,BAL,CIN,1467.2692,1493.7438,7,7,1,1,15.725399999999993,0.047619047619047616,1.0
2008,1,REG,BUF,SEA,1485.768,1525.7286,7,7,0,1,2.239400000000117,0.047619047619047616,1.0
2008,1,REG,MIA,NYJ,1386.9128,1447.71,7,7,1,0,-18.597199999999972,0.047619047619047616,1.0
2008,1,REG,NE,KC,1663.7854,1425.3504,7,7,0,1,280.63499999999993,0.047619047619047616,1.0
2008,1,REG,NO,TB,1481.9754,1476.5066,7,7,1,1,47.668800000000104,0.047619047619047616,1.0
2008,1,REG,PHI,LA,1526.1785,1419.6012,7,7,0,1,148.7772999999999,0.047619047619047616,1.0
2008,1,REG,PIT,HOU,1518.6063,1504.9188,7,7,0,1,55.8875,0.047619047619047616,1.0
2008,1,REG,TEN,JAX,1531.2215,1571.0757,7,7,1,1,2.345800000000011,0.047619047619047616,1.0
2008,1,REG,CLE,DAL,1514.688,1556.1331,7,7,0,0,0.7549000000000916,0.047619047619047616,1.0
2008,1,REG,LAC,CAR,1606.2174,1496.4529,7,7,0,0,151.9645,0.047619047619047616,1.0
2008,1,REG,SF,ARI,1441.6084,1483.2423,7,7,1,0,0.5661000000001906,0.047619047619047616,1.0
2008,1,REG,IND,CHI,1600.2214,1509.3407,7,7,0,0,133.08069999999992,0.047619047619047616,1.0
2008,1,REG,GB,MIN,1565.4333,1489.9909,7,7,1,1,117.64239999999991,0.047619047619047616,1.0
2008,1,REG,LV,DEN,1412.9374,1497.1011,7,7,1,0,-41.96370000000006,0.047619047619047616,1.0
2008,2,REG,CAR,CHI,1524.6825,1536.6475,7,7,0,1,30.234999999999857,0.09523809523809523,1.0
2008,2,REG,CIN,TEN,1474.6484,1551.0865,7,7,0,0,-34.23809999999985,0.09523809523809523,1.0
2008,2,REG,DET,GB,1436.9784,1578.9087,7,6,1,0,-99.73029999999999,0.09523809523809523,1.0
2008,2,REG,JAX,BUF,1551.2107,1505.6391,7,7,0,0,87.77159999999999,0.09523809523809523,1.0
2008,2,REG,KC,LV,1418.7171,1395.3413,7,6,1,0,65.57580000000003,0.09523809523809523,1.0
2008,2,REG,MIN,IND,1476.5155,1572.9146,6,7,0,0,-54.19910000000009,0.09523809523809523,1.0
2008,2,REG,LA,NYG,1407.6778,1614.6918,7,10,0,0,-164.81400000000014,0.09523809523809523,1.0
2008,2,REG,WAS,NO,1496.8006,1499.2485,10,7,0,1,39.75210000000011,0.09523809523809523,1.0
2008,2,REG,SEA,SF,1505.8575,1421.5758,7,7,1,0,126.4817,0.09523809523809523,1.0
2008,2,REG,TB,ATL,1459.2335,1450.01,7,7,1,1,51.42350000000006,0.09523809523809523,1.0
2008,2,REG,ARI,MIA,1503.2749,1367.9823,7,7,0,1,177.49259999999998,0.09523809523809523,1.0
2008,2,REG,DEN,LAC,1514.6972,1577.9878,6,7,1,1,-21.090600000000038,0.09523809523809523,1.0
2008,2,REG,NYJ,NE,1466.6405,1670.4187,7,7,1,0,-161.57819999999998,0.09523809523809523,1.0
2008,2,REG,CLE,PIT,1494.6445,1535.4166,7,7,1,0,1.4279000000000934,0.09523809523809523,1.0
2008,2,REG,DAL,PHI,1576.1766,1538.1019,8,8,1,1,80.27470000000012,0.09523809523809523,1.0
2008,3,REG,ATL,KC,1432.9487,1394.9864,7,7,0,1,80.16229999999992,0.14285714285714285,1.0
2008,3,REG,BUF,LV,1530.5868,1419.072,7,7,0,1,153.71480000000014,0.14285714285714285,1.0
2008,3,REG,CHI,TB,1518.3836,1476.2948,7,7,0,0,84.2888,0.14285714285714285,1.0
2008,3,REG,MIN,CAR,1459.6104,1542.9464,7,7,0,1,-41.13600000000001,0.14285714285714285,1.0
2008,3,REG,NE,MIA,1681.7347,1357.3947,7,7,1,0,366.5399999999999,0.14285714285714285,1.0
2008,3,REG,NYG,CIN,1625.8573,1456.6129,7,7,0,1,211.4443999999998,0.14285714285714285,1.0
2008,3,REG,TEN,HOU,1569.122,1488.1085,7,14,1,1,123.21350000000002,0.14285714285714285,1.0
2008,3,REG,WAS,ARI,1514.5222,1513.8625,7,7,0,1,42.85970000000016,0.14285714285714285,1.0
2008,3,REG,DEN,NO,1535.9098,1481.5269,7,7,0,1,96.58289999999984,0.14285714285714285,1.0
2008,3,REG,SEA,LA,1478.8821,1396.5123,7,7,1,1,124.56979999999994,0.14285714285714285,1.0
2008,3,REG,SF,DET,1448.5512,1422.5667,7,7,0,1,68.18450000000003,0.14285714285714285,1.0
2008,3,REG,BAL,CLE,1486.3646,1474.5623,14,7,1,1,54.00230000000006,0.14285714285714285,1.0
2008,3,REG,IND,JAX,1589.8197,1526.263,7,7,1,0,105.7567000000001,0.14285714285714285,1.0
2008,3,REG,PHI,PIT,1522.6424,1555.4988,6,7,0,1,9.343599999999881,0.14285714285714285,1.0
2008,3,REG,GB,DAL,1593.3204,1591.6361,7,6,0,0,43.884300000000124,0.14285714285714285,1.0
2008,3,REG,LAC,NYJ,1556.7752,1455.3245,8,8,0,1,143.65070000000009,0.14285714285714285,1.0
2008,4,REG,CAR,ATL,1520.5894,1448.4144,7,7,1,1,114.37500000000018,0.19047619047619047,1.0
2008,4,REG,CIN,CLE,1447.4755,1457.6461,7,7,1,0,32.02940000000008,0.19047619047619047,1.0
2008,4,REG,JAX,HOU,1552.1695,1474.9181,7,7,1,1,119.45139999999988,0.19047619047619047,1.0
2008,4,REG,KC,DEN,1379.5207,1550.489,7,7,1,1,-128.7683,0.19047619047619047,1.0
2008,4,REG,NO,SF,1466.9477,1464.6758,7,7,0,1,44.47189999999996,0.19047619047619047,1.0
2008,4,REG,NYJ,ARI,1443.1526,1496.3173,6,7,0,1,-10.964700000000036,0.19047619047619047,1.0
2008,4,REG,TB,GB,1501.0539,1570.8076,7,7,0,1,-27.553699999999978,0.19047619047619047,1.0
2008,4,REG,TEN,MIN,1582.3124,1481.9674,7,7,0,1,142.54500000000002,0.19047619047619047,1.0
2008,4,REG,LV,LAC,1407.3851,1568.9471,7,6,1,0,-119.36200000000012,0.19047619047619047,1.0
2008,4,REG,LA,BUF,1383.3909,1542.2737,7,7,0,0,-116.68279999999986,0.19047619047619047,1.0
2008,4,REG,DAL,WAS,1614.1489,1532.0674,7,7,1,0,124.28150000000001,0.19047619047619047,1.0
2008,4,REG,CHI,PHI,1493.6245,1542.1047,7,7,0,1,-6.2802000000001925,0.19047619047619047,1.0
2008,4,REG,PIT,BAL,1536.0365,1503.2808,8,8,1,1,74.95569999999994,0.19047619047619047,1.0
2008,5,REG,BAL,TEN,1487.5299,1594.5382,6,7,0,0,-64.80829999999996,0.23809523809523808,1.0
2008,5,REG,CAR,KC,1534.2334,1406.6115,7,7,0,1,169.82190000000008,0.23809523809523808,1.0
2008,5,REG,DET,CHI,1406.4421,1513.986,14,7,1,0,-65.34390000000012,0.23809523809523808,1.0
2008,5,REG,GB,ATL,1549.2248,1434.7704,7,7,0,0,156.65439999999984,0.23809523809523808,1.0
2008,5,REG,HOU,IND,1461.5356,1563.9132,7,14,1,0,-60.17760000000003,0.23809523809523808,1.0
2008,5,REG,MIA,LAC,1393.0695,1582.3342,14,7,0,1,-147.06469999999996,0.23809523809523808,1.0
2008,5,REG,NYG,SEA,1634.9947,1492.0035,14,14,0,1,185.19119999999992,0.23809523809523808,1.0
2008,5,REG,PHI,WAS,1521.7432,1558.9313,7,7,1,0,5.011899999999926,0.23809523809523808,1.0
2008,5,REG,DEN,TB,1523.3982,1522.6367,7,7,0,1,42.96150000000007,0.23809523809523808,1.0
2008,5,REG,ARI,BUF,1475.6863,1555.7985,7,7,0,1,-37.91220000000003,0.23809523809523808,1.0
2008,5,REG,DAL,CIN,1587.285,1425.6369,7,7,0,1,203.8481000000001,0.23809523809523808,1.0
2008,5,REG,SF,NE,1447.2219,1646.0599,7,14,0,0,-156.63799999999998,0.23809523809523808,1.0
2008,5,REG,JAX,PIT,1565.552,1551.7874,7,6,0,0,55.964599999999976,0.23809523809523808,1.0
2008,5,REG,NO,MIN,1484.4016,1469.7416,8,8,0,0,56.85999999999986,0.23809523809523808,1.0
2008,6,REG,ATL,CHI,1463.223,1530.2682,7,7,0,1,-24.84520000000002,0.2857142857142857,1.0
2008,6,REG,HOU,MIA,1444.9655,1421.0634,7,7,0,1,66.10210000000002,0.2857142857142857,1.0
2008,6,REG,IND,BAL,1580.4833,1471.2179,7,7,0,1,151.4654,0.2857142857142857,1.0
2008,6,REG,MIN,DET,1492.9858,1390.1599,6,7,1,1,145.0258999999998,0.2857142857142857,1.0
2008,6,REG,NO,LV,1461.1574,1393.998,6,14,0,1,109.35940000000001,0.2857142857142857,1.0
2008,6,REG,NYJ,CIN,1463.7836,1416.1876,14,7,0,1,89.796,0.2857142857142857,1.0
2008,6,REG,TB,CAR,1505.0972,1545.1683,7,7,1,1,2.128899999999888,0.2857142857142857,1.0
2008,6,REG,WAS,LA,1579.2198,1369.8661,7,14,0,0,251.5537000000001,0.2857142857142857,1.0
2008,6,REG,DEN,JAX,1540.9377,1542.358,7,7,0,0,40.779700000000005,0.2857142857142857,1.0
2008,6,REG,ARI,DAL,1497.8601,1596.7343,7,7,0,1,-56.67419999999997,0.2857142857142857,1.0
2008,6,REG,SEA,GB,1481.7573,1520.7722,7,7,0,0,3.1850999999998777,0.2857142857142857,1.0
2008,6,REG,SF,PHI,1435.6737,1501.4547,7,7,0,0,-23.580999999999946,0.2857142857142857,1.0
2008,6,REG,LAC,NE,1554.3403,1657.6081,7,7,0,1,-61.06779999999985,0.2857142857142857,1.0
2008,6,REG,CLE,NYG,1479.4847,1645.2409,15,8,0,1,-123.55620000000003,0.2857142857142857,1.0
2008,7,REG,BUF,LAC,1533.6247,1577.8199,14,7,0,1,-1.9951999999998833,0.3333333333333333,1.0
2008,7,REG,CAR,NO,1525.2908,1475.0621,7,7,1,1,92.42869999999989,0.3333333333333333,1.0
2008,7,REG,CHI,MIN,1508.8404,1505.0907,7,7,1,1,45.94970000000008,0.3333333333333333,1.0
2008,7,REG,CIN,PIT,1401.2446,1574.9814,7,14,1,0,-131.53679999999991,0.3333333333333333,1.0
2008,7,REG,KC,TEN,1395.6766,1610.8502,14,14,0,0,-172.9736000000001,0.3333333333333333,1.0
2008,7,REG,MIA,BAL,1404.8233,1459.4236,7,7,0,0,-12.400300000000058,0.3333333333333333,1.0
2008,7,REG,NYG,SF,1618.4138,1417.0291,6,7,0,1,243.58470000000005,0.3333333333333333,1.0
2008,7,REG,LA,DAL,1402.2541,1573.5005,7,7,0,1,-129.0464,0.3333333333333333,1.0
2008,7,REG,HOU,DET,1461.2056,1378.055,7,7,0,1,125.35059999999994,0.3333333333333333,1.0
2008,7,REG,GB,IND,1540.9555,1592.2776,7,7,0,1,-9.122099999999861,0.3333333333333333,1.0
2008,7,REG,LV,NYJ,1380.0933,1478.7266,7,7,0,1,-56.43329999999996,0.3333333333333333,1.0
2008,7,REG,WAS,CLE,1546.8318,1506.3118,7,6,0,1,82.71999999999998,0.3333333333333333,1.0
2008,7,REG,TB,SEA,1524.9747,1461.574,7,7,0,1,105.60069999999992,0.3333333333333333,1.0
2008,7,REG,NE,DEN,1634.1285,1518.601,8,8,0,1,157.7274999999999,0.3333333333333333,1.0
2008,8,REG,BAL,LV,1478.7101,1403.3136,7,7,0,1,117.59650000000006,0.38095238095238093,1.0
2008,8,REG,CAR,ARI,1540.0922,1521.0939,7,14,0,1,61.198299999999975,0.38095238095238093,1.0
2008,8,REG,DAL,TB,1546.3957,1539.0764,7,7,0,1,49.519300000000115,0.38095238095238093,1.0
2008,8,REG,DET,WAS,1364.9732,1562.158,7,7,0,0,-154.9848,0.38095238095238093,1.0
2008,8,REG,MIA,BUF,1385.5368,1553.7396,7,7,1,1,-126.00280000000002,0.38095238095238093,1.0
2008,8,REG,NE,LA,1645.6253,1429.3589,6,7,0,1,258.46639999999996,0.38095238095238093,1.0
2008,8,REG,NO,LAC,1460.2607,1557.705,7,7,0,1,-55.24429999999988,0.38095238095238093,1.0
2008,8,REG,NYJ,KC,1455.5063,1384.8852,7,7,0,1,112.82110000000007,0.38095238095238093,1.0
2008,8,REG,PHI,ATL,1520.0993,1484.6508,14,14,0,1,77.6485000000002,0.38095238095238093,1.0
2008,8,REG,HOU,CIN,1474.2874,1388.4743,7,7,0,1,128.01309999999984,0.38095238095238093,1.0
2008,8,REG,JAX,CLE,1564.6947,1490.9856,14,7,0,0,115.90910000000004,0.38095238095238093,1.0
2008,8,REG,PIT,NYG,1587.7517,1626.3126,7,7,0,0,3.639100000000056,0.38095238095238093,1.0
2008,8,REG,SF,SEA,1409.1303,1447.4723,7,7,1,0,3.858000000000132,0.38095238095238093,1.0
2008,8,REG,TEN,IND,1621.6416,1571.7526,8,8,1,1,92.0889999999999,0.38095238095238093,1.0
2008,9,REG,BUF,NYJ,1526.7884,1469.2308,7,7,1,0,99.75759999999987,0.42857142857142855,1.0
2008,9,REG,CHI,DET,1526.2106,1353.3467,14,7,1,1,215.06390000000005,0.42857142857142855,1.0
2008,9,REG,CIN,JAX,1375.527,1538.2594,7,7,0,1,-120.53239999999987,0.42857142857142855,1.0
2008,9,REG,CLE,BAL,1517.4209,1492.1879,7,7,1,0,67.43300000000018,0.42857142857142855,1.0
2008,9,REG,KC,TB,1371.1607,1521.9078,7,7,0,0,-108.54710000000004,0.42857142857142855,1.0
2008,9,REG,MIN,HOU,1487.7205,1487.2347,14,7,0,1,42.68579999999993,0.42857142857142855,1.0
2008,9,REG,LA,ARI,1421.9891,1504.5808,7,7,1,0,-40.39169999999994,0.42857142857142855,1.0
2008,9,REG,TEN,GB,1636.4613,1561.4805,6,14,0,1,117.18080000000005,0.42857142857142855,1.0
2008,9,REG,DEN,MIA,1507.1042,1412.488,13,7,0,0,136.81619999999992,0.42857142857142855,1.0
2008,9,REG,NYG,DAL,1646.5221,1563.5643,7,7,1,1,125.15779999999991,0.42857142857142855,1.0
2008,9,REG,LV,ATL,1389.8358,1469.0476,7,7,0,0,-37.01180000000004,0.42857142857142855,1.0
2008,9,REG,SEA,PHI,1467.6944,1535.7025,7,7,0,0,-25.80810000000001,0.42857142857142855,1.0
2008,9,REG,IND,NE,1556.9329,1652.9951,6,7,0,1,-53.86220000000007,0.42857142857142855,1.0
2008,9,REG,WAS,PIT,1573.7845,1567.5422,8,8,0,0,48.44229999999989,0.42857142857142855,1.0
2008,10,REG,CLE,DEN,1493.5872,1479.6118,4,4,0,0,56.17540000000004,0.47619047619047616,1.0
2008,10,REG,ATL,NO,1486.9251,1483.4143,7,14,1,1,45.71080000000002,0.47619047619047616,1.0
2008,10,REG,CHI,TEN,1535.2019,1649.9605,7,7,0,0,-72.55859999999988,0.47619047619047616,1.0
2008,10,REG,DET,JAX,1344.3554,1511.5866,7,7,0,0,-125.03120000000017,0.47619047619047616,1.0
2008,10,REG,HOU,BAL,1469.6796,1516.0216,7,7,0,0,-4.142000000000095,0.47619047619047616,1.0
2008,10,REG,MIA,SEA,1439.9804,1449.1773,7,7,0,1,33.00309999999986,0.47619047619047616,1.0
2008,10,REG,MIN,GB,1505.2756,1547.9813,7,7,1,1,-0.5056999999999761,0.47619047619047616,1.0
2008,10,REG,NE,BUF,1629.9191,1501.1987,7,7,1,1,170.92040000000014,0.47619047619047616,1.0
2008,10,REG,NYJ,LA,1494.8205,1404.3038,7,7,0,1,132.71670000000012,0.47619047619047616,1.0
2008,10,REG,LV,CAR,1371.9583,1556.6053,7,14,0,0,-142.44699999999995,0.47619047619047616,1.0
2008,10,REG,PIT,IND,1590.3128,1580.0089,6,7,0,0,52.50389999999989,0.47619047619047616,1.0
2008,10,REG,LAC,KC,1534.5514,1357.2135,14,7,1,1,219.53789999999998,0.47619047619047616,1.0
2008,10,REG,PHI,NYG,1554.2196,1659.6137,7,7,1,0,-63.194100000000205,0.47619047619047616,1.0
2008,10,REG,ARI,SF,1522.2661,1388.9082,8,15,1,1,175.55789999999996,0.47619047619047616,1.0
2008,11,REG,NE,NYJ,1640.8039,1507.5318,4,4,1,0,175.47210000000013,0.5238095238095238,1.0
2008,11,REG,ATL,DEN,1504.3089,1502.8176,7,10,0,0,43.69129999999991,0.5238095238095238,1.0
2008,11,REG,CAR,DET,1568.8359,1331.2574,7,7,0,1,279.77850000000007,0.5238095238095238,1.0
2008,11,REG,CIN,PHI,1402.1998,1537.8178,14,7,0,0,-93.41799999999994,0.5238095238095238,1.0
2008,11,REG,GB,CHI,1527.9522,1519.319,7,7,1,1,50.83319999999999,0.5238095238095238,1.0
2008,11,REG,IND,HOU,1603.0085,1449.918,7,7,1,1,195.2905,0.5238095238095238,1.0
2008,11,REG,KC,NO,1348.4004,1466.0305,7,7,0,0,-75.43010000000008,0.5238095238095238,1.0
2008,11,REG,MIA,LV,1458.0863,1359.7277,7,7,0,1,140.5586,0.5238095238095238,1.0
2008,11,REG,NYG,BAL,1676.0155,1535.7832,7,7,0,1,182.43229999999988,0.5238095238095238,1.0
2008,11,REG,TB,MIN,1535.855,1525.3047,14,7,0,1,52.75030000000011,0.5238095238095238,1.0
2008,11,REG,SEA,ARI,1431.0714,1532.9407,7,6,1,0,-59.669300000000064,0.5238095238095238,1.0
2008,11,REG,SF,LA,1378.2336,1391.5925,6,7,1,1,28.841100000000054,0.5238095238095238,1.0
2008,11,REG,JAX,TEN,1524.6846,1665.8434,7,7,1,0,-98.95879999999993,0.5238095238095238,1.0
2008,11,REG,PIT,LAC,1567.3132,1543.3645,7,7,0,1,66.14870000000015,0.5238095238095238,1.0
2008,11,REG,WAS,DAL,1551.0139,1550.4727,13,14,1,0,42.74119999999989,0.5238095238095238,1.0
2008,11,REG,BUF,CLE,1490.3139,1470.3814,8,11,0,0,62.13250000000012,0.5238095238095238,1.0
2008,12,REG,PIT,CIN,1583.5507,1387.4514,4,4,1,1,238.29930000000007,0.5714285714285714,1.0
2008,12,REG,BAL,PHI,1525.4155,1552.5662,7,7,0,1,15.049300000000088,0.5714285714285714,1.0
2008,12,REG,CLE,HOU,1493.9204,1440.1085,6,7,0,0,96.01189999999993,0.5714285714285714,1.0
2008,12,REG,DAL,SF,1572.9207,1396.5772,7,7,0,1,218.54349999999994,0.5714285714285714,1.0
2008,12,REG,DET,TB,1324.5968,1552.8416,7,7,0,0,-186.04479999999995,0.5714285714285714,1.0
2008,12,REG,JAX,MIN,1510.2319,1508.3181,7,7,0,0,44.11380000000004,0.5714285714285714,1.0
2008,12,REG,KC,BUF,1332.6755,1466.7749,7,6,0,0,-91.89939999999983,0.5714285714285714,1.0
2008,12,REG,MIA,NE,1470.4094,1611.4823,7,10,1,0,-98.87289999999989,0.5714285714285714,1.0
2008,12,REG,LA,CHI,1373.2489,1502.2245,7,7,0,0,-86.77559999999998,0.5714285714285714,1.0
2008,12,REG,TEN,NYJ,1680.2961,1536.8534,7,10,0,0,185.64270000000005,0.5714285714285714,1.0
2008,12,REG,DEN,LV,1525.3195,1347.4046,7,7,1,0,220.11489999999998,0.5714285714285714,1.0
2008,12,REG,ARI,NYG,1549.5392,1686.3832,7,7,0,0,-94.64400000000005,0.5714285714285714,1.0
2008,12,REG,ATL,CAR,1481.807,1575.4965,7,7,1,1,-51.48949999999995,0.5714285714285714,1.0
2008,12,REG,SEA,WAS,1414.4729,1528.5659,7,7,0,0,-71.89300000000007,0.5714285714285714,1.0
2008,12,REG,LAC,IND,1527.127,1612.818,7,7,0,0,-43.49100000000003,0.5714285714285714,1.0
2008,12,REG,NO,GB,1481.7554,1545.0467,8,8,0,1,-21.09130000000009,0.5714285714285714,1.0
2008,13,REG,DET,TEN,1314.388,1650.5225,4,4,0,0,-293.9345000000001,0.6190476190476191,1.0
2008,13,REG,DAL,SEA,1581.7732,1398.5533,4,4,0,1,225.41990000000004,0.6190476190476191,1.0
2008,13,REG,PHI,ARI,1533.432,1534.8565,4,4,0,1,40.77549999999992,0.6190476190476191,1.0
2008,13,REG,BUF,SF,1481.6048,1387.7247,7,7,0,0,136.08010000000007,0.6190476190476191,1.0
2008,13,REG,CIN,BAL,1379.358,1544.5497,10,7,1,0,-122.99170000000008,0.6190476190476191,1.0
2008,13,REG,CLE,IND,1468.53,1630.3275,7,7,0,0,-119.59750000000012,0.6190476190476191,1.0
2008,13,REG,GB,CAR,1523.8341,1552.554,6,7,0,0,13.48009999999995,0.6190476190476191,1.0
2008,13,REG,LA,MIA,1358.1428,1455.9522,7,7,0,0,-55.609399999999866,0.6190476190476191,1.0
2008,13,REG,TB,NO,1563.0504,1502.968,7,6,1,1,102.28240000000001,0.6190476190476191,1.0
2008,13,REG,WAS,NYG,1544.4855,1701.0659,7,7,1,0,-114.38040000000005,0.6190476190476191,1.0
2008,13,REG,LAC,ATL,1509.6175,1504.7495,7,7,0,0,47.06800000000017,0.6190476190476191,1.0
2008,13,REG,NE,PIT,1625.9395,1591.6441,7,10,0,0,76.49539999999998,0.6190476190476191,1.0
2008,13,REG,NYJ,DEN,1566.627,1494.1098,7,7,0,0,114.7172,0.6190476190476191,1.0
2008,13,REG,LV,KC,1378.6143,1317.8456,7,7,1,0,102.96869999999986,0.6190476190476191,1.0
2008,13,REG,MIN,CHI,1530.8439,1517.3306,7,7,1,1,55.713300000000075,0.6190476190476191,1.0
2008,13,REG,HOU,JAX,1465.4989,1487.7061,8,8,1,1,19.992799999999946,0.6190476190476191,1.0
2008,14,REG,LAC,LV,1486.9245,1352.8546,4,4,1,1,176.26990000000018,0.6666666666666666,1.0
2008,14,REG,CHI,JAX,1500.5105,1468.8557,7,6,0,1,73.85480000000003,0.6666666666666666,1.0
2008,14,REG,DET,MIN,1308.1676,1547.664,10,7,1,0,-197.2964,0.6666666666666666,1.0
2008,14,REG,GB,HOU,1503.0585,1484.3493,7,6,0,0,60.90920000000001,0.6666666666666666,1.0
2008,14,REG,IND,CIN,1643.7025,1366.1563,7,7,0,1,319.7462,0.6666666666666666,1.0
2008,14,REG,NO,ATL,1488.6915,1527.4425,7,7,1,1,3.448999999999799,0.6666666666666666,1.0
2008,14,REG,NYG,PHI,1714.7096,1551.0955,7,10,1,0,205.8141,0.6666666666666666,1.0
2008,14,REG,TEN,CLE,1656.7429,1455.155,10,7,0,1,243.78789999999998,0.6666666666666666,1.0
2008,14,REG,BUF,MIA,1454.1488,1472.7781,7,7,1,0,23.570699999999945,0.6666666666666666,1.0
2008,14,REG,DEN,KC,1520.4835,1343.6053,7,7,1,1,219.0782000000001,0.6666666666666666,1.0
2008,14,REG,SEA,NE,1389.9707,1601.6059,10,7,0,0,-169.43519999999995,0.6666666666666666,1.0
2008,14,REG,SF,NYJ,1415.1807,1540.2533,7,7,0,1,-82.87260000000019,0.6666666666666666,1.0
2008,14,REG,ARI,LA,1517.193,1341.3169,10,7,1,1,218.07609999999994,0.6666666666666666,1.0
2008,14,REG,PIT,DAL,1615.9777,1590.3558,7,10,0,1,67.82189999999987,0.6666666666666666,1.0
2008,14,REG,BAL,WAS,1557.7514,1530.8418,7,7,0,1,69.10960000000019,0.6666666666666666,1.0
2008,14,REG,CAR,TB,1573.3296,1577.3269,8,8,1,1,38.20270000000001,0.6666666666666666,1.0
2008,15,REG,CHI,NO,1516.322,1508.493,4,4,0,1,50.028999999999954,0.7142857142857143,1.0
2008,15,REG,ATL,TB,1507.641,1559.5172,7,6,1,1,-9.676199999999923,0.7142857142857143,1.0
2008,15,REG,CIN,WAS,1360.6771,1514.7684,7,7,0,1,-111.89129999999982,0.7142857142857143,1.0
2008,15,REG,HOU,TEN,1507.82,1664.6343,7,7,1,1,-114.6143,0.7142857142857143,1.0
2008,15,REG,IND,DET,1649.1817,1298.4434,7,7,0,1,392.93829999999997,0.7142857142857143,1.0
2008,15,REG,JAX,GB,1453.0442,1479.5878,7,7,0,1,15.656400000000033,0.7142857142857143,1.0
2008,15,REG,KC,LAC,1334.774,1497.567,7,10,1,0,-120.59300000000012,0.7142857142857143,1.0
2008,15,REG,MIA,SF,1494.1329,1439.8628,7,7,0,1,96.47009999999996,0.7142857142857143,1.0
2008,15,REG,NYJ,BUF,1515.5712,1432.794,7,7,1,1,124.9772,0.7142857142857143,1.0
2008,15,REG,LA,SEA,1332.4459,1379.0181,7,7,1,0,-4.372200000000063,0.7142857142857143,1.0
2008,15,REG,ARI,MIN,1526.064,1557.3882,7,7,0,0,10.875799999999984,0.7142857142857143,1.0
2008,15,REG,BAL,PIT,1573.8248,1632.1224,7,7,1,0,-16.097599999999872,0.7142857142857143,1.0
2008,15,REG,CAR,DEN,1591.1393,1529.3148,6,7,0,1,104.02449999999995,0.7142857142857143,1.0
2008,15,REG,LV,NE,1342.2121,1612.5585,10,7,0,0,-228.14640000000014,0.7142857142857143,1.0
2008,15,REG,DAL,NYG,1574.2111,1684.0775,7,7,1,1,-67.66640000000011,0.7142857142857143,1.0
2008,15,REG,PHI,CLE,1581.7276,1447.2636,8,8,0,1,176.66399999999993,0.7142857142857143,1.0
2008,16,REG,JAX,IND,1472.1436,1652.9547,4,4,1,0,-138.6110999999999,0.7619047619047619,1.0
2008,16,REG,DAL,BAL,1598.0578,1554.7508,6,6,0,0,85.50700000000002,0.7619047619047619,1.0
2008,16,REG,CLE,CIN,1436.6388,1386.9043,6,7,1,0,91.93450000000003,0.7619047619047619,1.0
2008,16,REG,DET,NO,1294.6704,1491.3532,7,10,0,0,-154.48280000000005,0.7619047619047619,1.0
2008,16,REG,KC,MIA,1321.4499,1508.7181,7,7,0,0,-145.0682,0.7619047619047619,1.0
2008,16,REG,NE,ARI,1621.0358,1505.4381,7,7,0,1,157.79770000000002,0.7619047619047619,1.0
2008,16,REG,LA,SF,1312.6976,1425.2776,7,7,1,0,-70.37999999999992,0.7619047619047619,1.0
2008,16,REG,TB,LAC,1538.9603,1510.8911,7,7,0,0,70.26919999999991,0.7619047619047619,1.0
2008,16,REG,TEN,PIT,1638.2659,1651.1964,7,7,0,1,29.269500000000065,0.7619047619047619,1.0
2008,16,REG,DEN,BUF,1515.1302,1419.6932,7,7,0,0,137.6370000000001,0.7619047619047619,1.0
2008,16,REG,LV,HOU,1333.7348,1534.1884,7,7,0,1,-158.25360000000006,0.7619047619047619,1.0
2008,16,REG,SEA,NYJ,1398.7664,1528.672,7,7,0,1,-87.70560000000005,0.7619047619047619,1.0
2008,16,REG,MIN,ATL,1578.0141,1528.1979,7,7,0,0,92.01620000000021,0.7619047619047619,1.0
2008,16,REG,WAS,PHI,1488.5412,1592.3524,7,6,1,1,-61.611200000000096,0.7619047619047619,1.0
2008,16,REG,NYG,CAR,1660.2308,1605.3239,7,7,0,1,97.10689999999995,0.7619047619047619,1.0
2008,16,REG,CHI,GB,1533.4618,1460.4884,11,8,1,1,115.17340000000009,0.7619047619047619,1.0
2008,17,REG,ATL,LA,1553.3743,1296.6945,7,7,0,1,298.8797999999999,0.8095238095238095,1.0
2008,17,REG,BUF,NE,1447.2262,1632.5292,7,7,1,0,-143.1029999999999,0.8095238095238095,1.0
2008,17,REG,CIN,KC,1412.0763,1309.347,7,7,0,1,144.92929999999996,0.8095238095238095,1.0
2008,17,REG,GB,DET,1446.8857,1283.02,6,7,1,1,206.06570000000005,0.8095238095238095,1.0
2008,17,REG,HOU,CHI,1505.6604,1547.0645,7,6,0,1,0.7959000000000316,0.8095238095238095,1.0
2008,17,REG,IND,TEN,1665.3736,1656.585,10,7,1,1,50.98859999999986,0.8095238095238095,1.0
2008,17,REG,MIN,NYG,1552.8377,1674.782,7,7,0,1,-79.74429999999988,0.8095238095238095,1.0
2008,17,REG,NO,CAR,1503.0036,1590.7727,7,7,1,0,-45.56909999999998,0.8095238095238095,1.0
2008,17,REG,PIT,CLE,1632.8773,1411.4668,7,7,1,1,263.6105000000002,0.8095238095238095,1.0
2008,17,REG,TB,LV,1514.9695,1362.2628,7,7,0,0,194.90669999999994,0.8095238095238095,1.0
2008,17,REG,ARI,SEA,1493.9447,1423.7106,7,7,1,1,112.4340999999999,0.8095238095238095,1.0
2008,17,REG,BAL,JAX,1579.576,1459.7247,8,10,0,1,162.05130000000003,0.8095238095238095,1.0
2008,17,REG,NYJ,MIA,1503.7278,1520.821,7,7,1,0,25.10679999999998,0.8095238095238095,1.0
2008,17,REG,PHI,DAL,1568.8425,1573.2326,7,8,1,1,37.80989999999993,0.8095238095238095,1.0
2008,17,REG,SF,WAS,1441.2807,1512.0511,7,7,0,1,-28.57039999999988,0.8095238095238095,1.0
2008,17,REG,LAC,DEN,1534.8819,1487.5972,7,7,1,1,89.48470000000016,0.8095238095238095,1.0
2009,1,REG,PIT,TEN,1618.5242,1567.7856,7,7,0,1,92.93860000000014,0.047619047619047616,1.0
2009,1,REG,ATL,MIA,1522.112,1512.4638,7,7,0,1,51.84820000000009,0.047619047619047616,1.0
2009,1,REG,BAL,KC,1574.9669,1379.5824,7,7,0,1,237.58449999999988,0.047619047619047616,1.0
2009,1,REG,CAR,PHI,1547.0272,1570.759,7,7,0,0,18.46819999999998,0.047619047619047616,1.0
2009,1,REG,CIN,DEN,1455.7515,1484.8224,7,7,0,0,13.129100000000065,0.047619047619047616,1.0
2009,1,REG,CLE,MIN,1443.804,1531.891,7,7,0,0,-45.886999999999986,0.047619047619047616,1.0
2009,1,REG,HOU,NYJ,1516.6088,1490.611,7,7,0,0,68.19779999999987,0.047619047619047616,1.0
2009,1,REG,IND,JAX,1592.6505,1470.2985,7,7,1,1,164.55199999999985,0.047619047619047616,1.0
2009,1,REG,NO,DET,1492.6071,1365.4375,7,7,0,1,169.36959999999993,0.047619047619047616,1.0
2009,1,REG,TB,DAL,1492.1172,1534.4804,7,7,0,0,-0.16320000000000334,0.047619047619047616,1.0
2009,1,REG,ARI,SF,1544.7645,1478.993,7,7,1,0,107.97150000000006,0.047619047619047616,1.0
2009,1,REG,NYG,WAS,1573.7624,1495.4861,7,7,1,1,120.4763,0.047619047619047616,1.0
2009,1,REG,SEA,LA,1447.2196,1375.6133,7,7,1,1,113.80629999999992,0.047619047619047616,1.0
2009,1,REG,GB,CHI,1474.9859,1517.5062,7,7,1,1,-0.32030000000013104,0.047619047619047616,1.0
2009,1,REG,NE,BUF,1588.0767,1462.2566,7,7,1,1,168.02010000000013,0.047619047619047616,1.0
2009,1,REG,LV,LAC,1436.7022,1538.9325,7,7,1,0,-60.03029999999994,0.047619047619047616,1.0
2009,2,REG,ATL,CAR,1539.1493,1525.9651,7,7,1,1,55.38420000000015,0.09523809523809523,1.0
2009,2,REG,DET,MIN,1354.4819,1549.2648,7,7,1,0,-152.58289999999994,0.09523809523809523,1.0
2009,2,REG,GB,CIN,1495.0043,1434.9961,7,7,0,0,102.20819999999999,0.09523809523809523,1.0
2009,2,REG,JAX,ARI,1459.1209,1518.7418,7,7,0,0,-17.420900000000117,0.09523809523809523,1.0
2009,2,REG,KC,LV,1371.4624,1420.1238,7,6,1,0,-6.461400000000182,0.09523809523809523,1.0
2009,2,REG,NYJ,NE,1514.4871,1599.0942,7,6,1,1,-42.40709999999994,0.09523809523809523,1.0
2009,2,REG,PHI,NO,1591.8211,1503.5627,7,7,0,0,130.45839999999993,0.09523809523809523,1.0
2009,2,REG,TEN,HOU,1553.0115,1492.7327,10,7,1,0,102.47880000000005,0.09523809523809523,1.0
2009,2,REG,WAS,LA,1482.1561,1361.9398,7,7,0,1,162.4162999999998,0.09523809523809523,1.0
2009,2,REG,BUF,TB,1451.2391,1472.1266,6,7,0,1,21.312499999999957,0.09523809523809523,1.0
2009,2,REG,SF,SEA,1505.0157,1460.8931,7,7,1,1,86.32259999999992,0.09523809523809523,1.0
2009,2,REG,CHI,PIT,1497.4878,1633.2983,7,10,0,1,-93.61049999999982,0.09523809523809523,1.0
2009,2,REG,DEN,CLE,1505.5778,1426.4302,7,7,0,1,121.34760000000001,0.09523809523809523,1.0
2009,2,REG,LAC,BAL,1555.5109,1583.0869,6,7,0,0,14.623999999999981,0.09523809523809523,1.0
2009,2,REG,DAL,NYG,1554.471,1587.0924,7,7,1,0,9.578600000000009,0.09523809523809523,1.0
2009,2,REG,MIA,IND,1495.4265,1603.8281,8,8,0,0,-66.20159999999991,0.09523809523809523,1.0
2009,3,REG,BAL,CLE,1603.9282,1413.1447,7,7,1,1,232.9835,0.14285714285714285,1.0
2009,3,REG,DET,WAS,1342.741,1493.433,7,7,0,1,-108.492,0.14285714285714285,1.0
2009,3,REG,HOU,JAX,1518.4665,1440.1229,7,7,1,0,120.54359999999993,0.14285714285714285,1.0
2009,3,REG,MIN,SF,1561.0057,1520.1464,7,7,0,1,83.05929999999985,0.14285714285714285,1.0
2009,3,REG,NE,ATL,1576.6651,1555.9879,7,7,0,1,62.87719999999986,0.14285714285714285,1.0
2009,3,REG,NYJ,TEN,1536.9162,1527.2777,7,7,0,1,51.8384999999998,0.14285714285714285,1.0
2009,3,REG,PHI,KC,1564.6454,1351.8343,7,7,0,1,255.0111000000001,0.14285714285714285,1.0
2009,3,REG,LA,GB,1350.6629,1469.2848,7,7,0,0,-76.42189999999987,0.14285714285714285,1.0
2009,3,REG,TB,NYG,1453.3519,1607.6436,7,7,0,0,-112.09170000000022,0.14285714285714285,1.0
2009,3,REG,BUF,NO,1470.0138,1530.7384,7,7,0,0,-18.524600000000007,0.14285714285714285,1.0
2009,3,REG,SEA,CHI,1445.7624,1522.7497,7,7,0,0,-34.7873,0.14285714285714285,1.0
2009,3,REG,CIN,PIT,1460.7156,1608.0364,7,7,1,1,-105.12079999999996,0.14285714285714285,1.0
2009,3,REG,LV,DEN,1439.7519,1518.8633,7,7,1,0,-36.9114,0.14285714285714285,1.0
2009,3,REG,LAC,MIA,1534.6696,1479.1919,7,6,0,1,97.67769999999992,0.14285714285714285,1.0
2009,3,REG,ARI,IND,1537.7398,1620.0627,7,6,0,0,-40.12289999999989,0.14285714285714285,1.0
2009,3,REG,DAL,CAR,1533.9198,1509.1265,8,8,0,1,66.99329999999982,0.14285714285714285,1.0
2009,4,REG,CHI,DET,1540.7538,1368.7909,7,7,1,1,214.16289999999998,0.19047619047619047,1.0
2009,4,REG,CLE,CIN,1404.8519,1486.5887,7,7,1,0,-39.53680000000013,0.19047619047619047,1.0
2009,4,REG,HOU,LV,1491.7931,1421.8687,7,7,0,1,112.12440000000011,0.19047619047619047,1.0
2009,4,REG,IND,SEA,1637.7633,1427.7583,7,7,0,1,252.2050000000001,0.19047619047619047,1.0
2009,4,REG,JAX,TEN,1466.7963,1510.2398,7,7,1,1,-1.2435000000000827,0.19047619047619047,1.0
2009,4,REG,KC,NYG,1344.3442,1621.406,7,7,0,0,-234.86179999999996,0.19047619047619047,1.0
2009,4,REG,NE,BAL,1593.0846,1612.221,7,7,0,1,23.06359999999991,0.19047619047619047,1.0
2009,4,REG,WAS,TB,1467.3831,1439.5895,7,7,0,1,69.99359999999997,0.19047619047619047,1.0
2009,4,REG,MIA,BUF,1464.6711,1451.0792,7,7,1,1,55.791900000000126,0.19047619047619047,1.0
2009,4,REG,NO,NYJ,1549.673,1553.9541,7,7,0,1,37.91890000000008,0.19047619047619047,1.0
2009,4,REG,DEN,DAL,1536.7465,1550.1105,7,6,0,1,28.83599999999997,0.19047619047619047,1.0
2009,4,REG,SF,LA,1504.8386,1334.9925,7,7,1,1,212.04609999999997,0.19047619047619047,1.0
2009,4,REG,PIT,LAC,1582.1633,1549.1904,7,7,0,1,75.17289999999998,0.19047619047619047,1.0
2009,4,REG,MIN,GB,1576.3135,1484.9552,8,8,1,1,133.55829999999986,0.19047619047619047,1.0
2009,5,REG,BAL,CIN,1593.5467,1504.3226,7,7,1,0,131.42410000000012,0.23809523809523808,1.0
2009,5,REG,BUF,CLE,1434.2635,1387.118,7,7,0,0,89.34550000000009,0.23809523809523808,1.0
2009,5,REG,CAR,WAS,1492.9358,1483.4076,13,7,0,1,51.72819999999997,0.23809523809523808,1.0
2009,5,REG,DET,PIT,1359.7634,1597.9023,7,7,0,0,-195.93889999999993,0.23809523809523808,1.0
2009,5,REG,KC,DAL,1336.1223,1531.7666,7,7,0,0,-153.44429999999994,0.23809523809523808,1.0
2009,5,REG,NYG,LV,1629.6279,1408.108,7,7,0,1,263.7199,0.23809523809523808,1.0
2009,5,REG,PHI,TB,1572.1355,1423.565,14,7,0,1,190.77050000000003,0.23809523809523808,1.0
2009,5,REG,LA,MIN,1325.8795,1588.9828,7,6,0,0,-220.9033,0.23809523809523808,1.0
2009,5,REG,SF,ATL,1513.9516,1539.5684,7,14,0,0,16.58319999999999,0.23809523809523808,1.0
2009,5,REG,ARI,HOU,1520.0392,1505.5538,14,7,0,1,56.68540000000003,0.23809523809523808,1.0
2009,5,REG,DEN,NE,1555.0904,1611.7589,7,7,0,1,-14.468499999999992,0.23809523809523808,1.0
2009,5,REG,SEA,JAX,1420.1694,1486.8679,7,7,0,1,-24.498499999999964,0.23809523809523808,1.0
2009,5,REG,TEN,IND,1490.1682,1645.3522,7,7,1,0,-112.98399999999997,0.23809523809523808,1.0
2009,5,REG,MIA,NYJ,1481.4868,1536.1283,8,8,1,1,-12.441500000000175,0.23809523809523808,1.0
2009,6,REG,CIN,HOU,1531.5467,1488.7882,7,7,0,0,84.95850000000014,0.2857142857142857,1.0
2009,6,REG,GB,DET,1472.2859,1349.9816,13,7,1,1,164.5043,0.2857142857142857,1.0
2009,6,REG,JAX,LA,1465.46,1317.1203,7,7,0,1,190.53969999999998,0.2857142857142857,1.0
2009,6,REG,MIN,BAL,1597.742,1566.3226,7,7,0,1,73.6194,0.2857142857142857,1.0
2009,6,REG,NO,NYG,1567.4988,1636.8176,14,7,0,1,-27.118800000000007,0.2857142857142857,1.0
2009,6,REG,PIT,CLE,1607.6841,1412.1507,7,7,1,1,237.73340000000002,0.2857142857142857,1.0
2009,6,REG,TB,CAR,1413.5616,1509.9799,7,7,1,0,-54.21830000000004,0.2857142857142857,1.0
2009,6,REG,WAS,KC,1466.3635,1324.4225,7,7,0,0,184.14100000000002,0.2857142857142857,1.0
2009,6,REG,LV,PHI,1400.9183,1582.1389,7,7,0,1,-139.0205999999999,0.2857142857142857,1.0
2009,6,REG,SEA,ARI,1441.5773,1536.8048,7,7,1,0,-53.02749999999996,0.2857142857142857,1.0
2009,6,REG,NE,TEN,1590.9265,1476.4521,7,7,0,1,156.67440000000005,0.2857142857142857,1.0
2009,6,REG,NYJ,BUF,1515.4124,1409.2308,6,7,1,0,148.38159999999988,0.2857142857142857,1.0
2009,6,REG,ATL,CHI,1560.5223,1549.7813,7,14,0,1,52.94099999999999,0.2857142857142857,1.0
2009,6,REG,LAC,DEN,1533.4514,1575.9228,15,8,1,0,-0.27140000000012776,0.2857142857142857,1.0
2009,7,REG,CLE,GB,1404.0362,1483.4657,7,7,0,0,-37.22949999999996,0.3333333333333333,1.0
2009,7,REG,HOU,SF,1513.5836,1492.9977,7,14,0,1,62.78590000000004,0.3333333333333333,1.0
2009,7,REG,KC,LAC,1354.1301,1513.467,7,6,1,0,-117.13690000000001,0.3333333333333333,1.0
2009,7,REG,PIT,MIN,1615.7986,1613.5664,7,7,0,1,44.43220000000015,0.3333333333333333,1.0
2009,7,REG,LA,IND,1307.107,1659.0683,7,14,0,0,-309.76129999999995,0.3333333333333333,1.0
2009,7,REG,TB,NE,1396.6576,1602.473,7,7,0,0,-163.61539999999997,0.3333333333333333,1.0
2009,7,REG,CAR,BUF,1526.8839,1437.2883,7,7,0,0,131.7956000000001,0.3333333333333333,1.0
2009,7,REG,LV,NYJ,1428.5196,1487.3549,7,7,0,0,-16.63529999999996,0.3333333333333333,1.0
2009,7,REG,CIN,CHI,1506.7513,1532.8055,7,7,0,1,16.145799999999966,0.3333333333333333,1.0
2009,7,REG,DAL,ATL,1543.4664,1577.4981,14,7,0,1,8.168300000000002,0.3333333333333333,1.0
2009,7,REG,MIA,NO,1502.2027,1589.0567,13,7,0,0,-44.65400000000004,0.3333333333333333,1.0
2009,7,REG,NYG,ARI,1615.2597,1553.7758,7,7,0,0,103.68390000000018,0.3333333333333333,1.0
2009,7,REG,WAS,PHI,1436.6559,1554.5376,8,8,1,0,-75.68170000000013,0.3333333333333333,1.0
2009,8,REG,BAL,DEN,1550.4982,1595.9072,14,13,0,1,-3.2090000000001027,0.38095238095238093,1.0
2009,8,REG,BUF,HOU,1464.531,1530.0082,7,7,0,0,-23.277200000000036,0.38095238095238093,1.0
2009,8,REG,CHI,CLE,1513.7343,1386.1711,7,7,0,1,169.76320000000004,0.38095238095238093,1.0
2009,8,REG,DAL,SEA,1562.9963,1424.6063,7,14,0,1,180.5900000000001,0.38095238095238093,1.0
2009,8,REG,DET,LA,1338.8018,1301.3503,14,7,0,0,79.6514999999999,0.38095238095238093,1.0
2009,8,REG,IND,SF,1664.825,1476.5731,7,7,0,1,230.45189999999997,0.38095238095238093,1.0
2009,8,REG,NYJ,MIA,1506.398,1484.7591,7,7,1,0,63.838899999999924,0.38095238095238093,1.0
2009,8,REG,PHI,NYG,1570.2486,1589.4623,6,7,1,1,22.986299999999986,0.38095238095238093,1.0
2009,8,REG,LAC,LV,1526.9684,1409.4765,7,7,1,1,159.69189999999998,0.38095238095238093,1.0
2009,8,REG,TEN,JAX,1464.9056,1475.4733,14,14,1,1,31.632299999999944,0.38095238095238093,1.0
2009,8,REG,ARI,CAR,1579.5732,1499.6412,7,7,0,0,122.13200000000002,0.38095238095238093,1.0
2009,8,REG,GB,MIN,1501.3308,1596.1103,7,7,1,0,-52.579500000000095,0.38095238095238093,1.0
2009,8,REG,NO,ATL,1606.5003,1557.9682,8,8,1,1,90.7320999999999,0.38095238095238093,1.0
2009,9,REG,ATL,WAS,1543.0756,1420.9449,6,13,0,1,164.33069999999992,0.42857142857142855,1.0
2009,9,REG,CHI,ARI,1524.6719,1552.8187,7,7,0,0,14.053200000000018,0.42857142857142855,1.0
2009,9,REG,CIN,BAL,1525.8225,1570.6829,14,7,1,1,-2.660400000000024,0.42857142857142855,1.0
2009,9,REG,IND,HOU,1673.214,1548.6703,7,7,1,1,166.74369999999993,0.42857142857142855,1.0
2009,9,REG,JAX,KC,1457.2892,1340.6287,7,14,0,1,158.86049999999994,0.42857142857142855,1.0
2009,9,REG,NE,MIA,1613.6941,1508.3932,14,7,1,1,147.50089999999994,0.42857142857142855,1.0
2009,9,REG,TB,GB,1385.4365,1484.3346,14,7,0,1,-56.69809999999988,0.42857142857142855,1.0
2009,9,REG,NO,CAR,1621.3929,1526.3957,6,7,1,1,137.1972,0.42857142857142855,1.0
2009,9,REG,SEA,DET,1414.1569,1314.2954,7,7,0,1,142.06149999999997,0.42857142857142855,1.0
2009,9,REG,NYG,LAC,1570.7836,1538.3727,7,7,0,0,74.61090000000009,0.42857142857142855,1.0
2009,9,REG,SF,TEN,1468.1841,1483.0897,7,7,0,0,27.294399999999953,0.42857142857142855,1.0
2009,9,REG,PHI,DAL,1588.9273,1573.4457,7,7,1,0,57.681600000000074,0.42857142857142855,1.0
2009,9,REG,DEN,PIT,1575.7225,1633.2547,8,15,0,0,-15.332199999999872,0.42857142857142855,1.0
2009,10,REG,SF,CHI,1446.6161,1503.8634,4,4,0,1,-15.047299999999993,0.47619047619047616,1.0
2009,10,REG,CAR,ATL,1513.907,1554.2635,7,7,1,1,1.8434999999999064,0.47619047619047616,1.0
2009,10,REG,MIA,TB,1496.4082,1408.6716,7,7,0,1,129.93660000000017,0.47619047619047616,1.0
2009,10,REG,MIN,DET,1613.1065,1302.0459,14,7,1,1,353.2606,0.47619047619047616,1.0
2009,10,REG,NYJ,JAX,1482.7639,1468.7326,14,7,0,0,56.23129999999988,0.47619047619047616,1.0
2009,10,REG,PIT,CIN,1652.3727,1545.9756,6,7,1,0,148.5970999999999,0.47619047619047616,1.0
2009,10,REG,LA,NO,1325.8567,1633.8816,14,7,0,0,-265.8248999999999,0.47619047619047616,1.0
2009,10,REG,TEN,BUF,1504.6577,1445.8689,7,14,0,1,100.98880000000004,0.47619047619047616,1.0
2009,10,REG,WAS,DEN,1409.757,1556.6045,7,6,0,1,-104.64749999999985,0.47619047619047616,1.0
2009,10,REG,LV,KC,1398.0722,1329.1853,14,7,1,0,111.08689999999997,0.47619047619047616,1.0
2009,10,REG,ARI,SEA,1573.6272,1426.4064,7,7,1,1,189.42079999999982,0.47619047619047616,1.0
2009,10,REG,GB,DAL,1461.0995,1596.7359,7,7,0,1,-93.43639999999986,0.47619047619047616,1.0
2009,10,REG,LAC,PHI,1562.6028,1565.6371,7,7,0,1,39.16569999999997,0.47619047619047616,1.0
2009,10,REG,IND,NE,1684.2903,1625.6791,7,7,0,1,100.81119999999983,0.47619047619047616,1.0
2009,10,REG,CLE,BAL,1375.2335,1550.5298,15,8,1,0,-133.09629999999999,0.47619047619047616,1.0
2009,11,REG,CAR,MIA,1533.8009,1509.2587,4,4,0,0,66.74219999999987,0.5238095238095238,1.0
2009,11,REG,BAL,IND,1563.2222,1698.6447,6,7,0,0,-93.22250000000012,0.5238095238095238,1.0
2009,11,REG,DAL,WAS,1571.4833,1435.6052,7,7,1,1,178.07810000000012,0.5238095238095238,1.0
2009,11,REG,DET,CLE,1297.4168,1362.5411,7,6,0,1,-22.924299999999945,0.5238095238095238,1.0
2009,11,REG,GB,SF,1486.3521,1467.4818,7,10,0,1,61.070300000000046,0.5238095238095238,1.0
2009,11,REG,JAX,BUF,1491.9416,1431.5239,7,7,0,1,102.6177000000002,0.5238095238095238,1.0
2009,11,REG,KC,PIT,1355.3706,1624.3048,7,7,0,1,-226.73419999999993,0.5238095238095238,1.0
2009,11,REG,MIN,SEA,1617.7356,1416.3446,7,7,0,1,243.59100000000007,0.5238095238095238,1.0
2009,11,REG,NYG,ATL,1546.5535,1534.3696,14,7,0,1,54.3839,0.5238095238095238,1.0
2009,11,REG,TB,NO,1395.8211,1641.0001,7,7,1,0,-202.9790000000001,0.5238095238095238,1.0
2009,11,REG,LA,ARI,1318.7382,1583.689,7,7,1,0,-222.75080000000008,0.5238095238095238,1.0
2009,11,REG,DEN,LAC,1530.7563,1580.3577,7,7,1,0,-7.4014000000000095,0.5238095238095238,1.0
2009,11,REG,NE,NYJ,1611.3247,1459.5549,7,7,1,1,193.9697999999998,0.5238095238095238,1.0
2009,11,REG,LV,CIN,1371.8869,1574.0435,7,7,0,1,-159.95660000000004,0.5238095238095238,1.0
2009,11,REG,CHI,PHI,1482.9977,1547.8822,10,7,0,0,-22.684500000000114,0.5238095238095238,1.0
2009,11,REG,HOU,TEN,1537.594,1519.0027,15,8,1,0,60.79130000000005,0.5238095238095238,1.0
2009,12,REG,DET,GB,1318.7345,1502.8724,4,4,1,0,-141.93789999999996,0.5714285714285714,1.0
2009,12,REG,DAL,LV,1582.0447,1400.495,4,4,0,1,223.74970000000002,0.5714285714285714,1.0
2009,12,REG,DEN,NYG,1511.1823,1563.4482,4,4,0,1,-10.065900000000099,0.5714285714285714,1.0
2009,12,REG,ATL,TB,1517.4749,1386.3356,7,7,1,1,173.3392999999998,0.5714285714285714,1.0
2009,12,REG,BUF,MIA,1417.2651,1533.0541,7,10,1,1,-73.58899999999998,0.5714285714285714,1.0
2009,12,REG,CIN,CLE,1545.4354,1341.2234,7,7,1,1,246.41199999999998,0.5714285714285714,1.0
2009,12,REG,HOU,IND,1514.1299,1713.4036,6,7,1,0,-157.0737000000002,0.5714285714285714,1.0
2009,12,REG,NYJ,CAR,1449.6891,1510.0055,7,10,0,1,-18.116399999999928,0.5714285714285714,1.0
2009,12,REG,PHI,WAS,1566.5782,1425.0438,7,7,1,1,183.7344,0.5714285714285714,1.0
2009,12,REG,LA,SEA,1310.0515,1408.4461,7,7,1,0,-56.19459999999985,0.5714285714285714,1.0
2009,12,REG,LAC,KC,1599.9317,1386.8389,7,7,1,1,255.2928000000001,0.5714285714285714,1.0
2009,12,REG,SF,JAX,1450.9615,1506.2004,7,7,0,1,-13.038900000000055,0.5714285714285714,1.0
2009,12,REG,MIN,CHI,1625.6341,1464.3017,7,7,1,1,203.5324,0.5714285714285714,1.0
2009,12,REG,TEN,ARI,1542.4668,1592.3757,6,7,0,1,-7.708900000000128,0.5714285714285714,1.0
2009,12,REG,BAL,PIT,1548.4633,1592.8365,7,7,1,1,-2.1731999999999942,0.5714285714285714,1.0
2009,12,REG,NO,NE,1650.4856,1621.1905,8,8,0,1,71.49510000000005,0.5714285714285714,1.0
2009,13,REG,BUF,NYJ,1441.439,1470.731,4,4,1,0,12.908000000000087,0.6190476190476191,1.0
2009,13,REG,ATL,PHI,1528.2497,1576.8885,7,7,0,0,-6.438799999999944,0.6190476190476191,1.0
2009,13,REG,CAR,TB,1488.9636,1375.5608,7,7,1,1,155.60280000000006,0.6190476190476191,1.0
2009,13,REG,CHI,LA,1454.8393,1293.2584,7,7,0,1,203.78090000000014,0.6190476190476191,1.0
2009,13,REG,CIN,DET,1553.2315,1306.479,7,10,0,1,288.95250000000004,0.6190476190476191,1.0
2009,13,REG,IND,TEN,1724.9312,1562.9105,7,7,1,1,204.22070000000002,0.6190476190476191,1.0
2009,13,REG,JAX,HOU,1485.4502,1502.6023,7,7,1,1,25.047899999999984,0.6190476190476191,1.0
2009,13,REG,KC,DEN,1379.3587,1531.7616,7,10,1,0,-110.20290000000004,0.6190476190476191,1.0
2009,13,REG,MIA,NE,1508.8802,1605.249,7,6,1,1,-54.16879999999996,0.6190476190476191,1.0
2009,13,REG,PIT,LV,1572.7114,1391.8474,7,10,0,0,223.0639999999998,0.6190476190476191,1.0
2009,13,REG,WAS,NO,1414.7335,1666.4271,7,6,0,0,-209.49360000000007,0.6190476190476191,1.0
2009,13,REG,CLE,LAC,1333.4273,1607.4119,7,7,0,0,-231.7846,0.6190476190476191,1.0
2009,13,REG,NYG,DAL,1542.8689,1590.6923,10,10,1,1,-5.6233999999999895,0.6190476190476191,1.0
2009,13,REG,SEA,SF,1425.2392,1471.7117,7,7,1,1,-4.272500000000079,0.6190476190476191,1.0
2009,13,REG,ARI,MIN,1571.932,1635.0965,7,7,0,1,-20.964500000000086,0.6190476190476191,1.0
2009,13,REG,GB,BAL,1515.1279,1568.5884,11,8,0,1,-11.260500000000135,0.6190476190476191,1.0
2009,14,REG,CLE,PIT,1325.0891,1541.3858,4,4,1,1,-174.0967000000001,0.6666666666666666,1.0
2009,14,REG,ATL,NO,1508.6203,1675.6439,7,7,1,0,-124.82359999999998,0.6666666666666666,1.0
2009,14,REG,BAL,DET,1547.9404,1300.1065,6,7,0,1,290.03389999999985,0.6666666666666666,1.0
2009,14,REG,CHI,GB,1464.2914,1535.7759,7,6,1,0,-29.284500000000023,0.6666666666666666,1.0
2009,14,REG,HOU,SEA,1484.0417,1445.4851,7,7,0,1,80.75659999999989,0.6666666666666666,1.0
2009,14,REG,IND,DEN,1734.3651,1545.6223,7,7,0,1,230.94279999999998,0.6666666666666666,1.0
2009,14,REG,JAX,MIA,1504.0108,1531.9734,7,7,0,0,14.237399999999937,0.6666666666666666,1.0
2009,14,REG,KC,BUF,1365.498,1420.6963,7,10,0,0,-12.998300000000015,0.6666666666666666,1.0
2009,14,REG,MIN,CIN,1613.8911,1559.604,7,7,0,1,96.48710000000001,0.6666666666666666,1.0
2009,14,REG,NE,CAR,1582.1558,1500.5608,7,7,0,1,123.79500000000003,0.6666666666666666,1.0
2009,14,REG,TB,NYJ,1363.9636,1491.4737,7,10,0,0,-85.31009999999996,0.6666666666666666,1.0
2009,14,REG,LV,WAS,1423.173,1405.5167,7,7,0,0,59.856300000000104,0.6666666666666666,1.0
2009,14,REG,TEN,LA,1553.4766,1283.8063,7,7,0,1,311.8703,0.6666666666666666,1.0
2009,14,REG,DAL,LAC,1570.3686,1615.7501,7,7,0,0,-3.181499999999957,0.6666666666666666,1.0
2009,14,REG,NYG,PHI,1563.1926,1596.5179,7,7,1,0,8.874700000000033,0.6666666666666666,1.0
2009,14,REG,SF,ARI,1451.4658,1593.1374,8,8,1,1,-99.47160000000012,0.6666666666666666,1.0
2009,15,REG,JAX,IND,1483.1917,1742.7354,4,4,1,0,-217.34369999999996,0.7142857142857143,1.0
2009,15,REG,NO,DAL,1688.7525,1550.5517,6,6,0,0,180.40080000000006,0.7142857142857143,1.0
2009,15,REG,BUF,NE,1439.9484,1595.3166,7,7,1,0,-113.16820000000011,0.7142857142857143,1.0
2009,15,REG,DET,ARI,1293.7672,1567.5628,7,6,0,0,-231.59559999999993,0.7142857142857143,1.0
2009,15,REG,KC,CLE,1346.2459,1354.3486,7,10,0,0,34.09729999999986,0.7142857142857143,1.0
2009,15,REG,NYJ,ATL,1506.6592,1495.5117,7,7,0,0,53.34750000000004,0.7142857142857143,1.0
2009,15,REG,LA,HOU,1278.1092,1499.4749,7,7,0,0,-179.16569999999984,0.7142857142857143,1.0
2009,15,REG,TEN,MIA,1559.1737,1552.7925,7,7,0,1,48.58120000000004,0.7142857142857143,1.0
2009,15,REG,DEN,LV,1537.252,1399.7611,7,7,1,0,179.6909,0.7142857142857143,1.0
2009,15,REG,LAC,CIN,1635.567,1545.0197,7,7,0,1,132.74729999999994,0.7142857142857143,1.0
2009,15,REG,BAL,CHI,1554.2797,1445.9732,7,7,0,1,150.50650000000013,0.7142857142857143,1.0
2009,15,REG,PHI,SF,1617.0287,1477.0404,7,6,0,1,182.18829999999997,0.7142857142857143,1.0
2009,15,REG,PIT,GB,1512.1263,1554.0941,10,7,0,1,0.23219999999987806,0.7142857142857143,1.0
2009,15,REG,SEA,TB,1430.0519,1348.7781,7,7,0,0,123.47379999999994,0.7142857142857143,1.0
2009,15,REG,CAR,MIN,1487.4,1628.4754,7,7,0,1,-98.87539999999994,0.7142857142857143,1.0
2009,15,REG,WAS,NYG,1428.9286,1542.6818,8,8,1,0,-71.5532000000001,0.7142857142857143,1.0
2009,16,REG,TEN,LAC,1576.3952,1648.2768,5,5,0,0,-29.68160000000016,0.7619047619047619,1.0
2009,16,REG,ATL,BUF,1518.5587,1426.2419,7,7,0,1,134.51680000000005,0.7619047619047619,1.0
2009,16,REG,CIN,KC,1532.3099,1324.2894,7,7,0,1,250.22050000000007,0.7619047619047619,1.0
2009,16,REG,CLE,LV,1376.3051,1429.2717,7,7,0,1,-10.766599999999968,0.7619047619047619,1.0
2009,16,REG,GB,SEA,1534.1075,1403.229,7,7,0,1,173.07850000000002,0.7619047619047619,1.0
2009,16,REG,MIA,HOU,1535.571,1509.9877,7,7,0,0,67.78330000000001,0.7619047619047619,1.0
2009,16,REG,NE,JAX,1609.0231,1474.2915,7,10,0,1,176.93160000000006,0.7619047619047619,1.0
2009,16,REG,NO,TB,1659.2103,1375.601,8,7,1,0,325.80929999999984,0.7619047619047619,1.0
2009,16,REG,NYG,CAR,1558.6201,1512.9429,6,7,0,0,87.87720000000009,0.7619047619047619,1.0
2009,16,REG,PIT,BAL,1532.1129,1566.12,7,7,1,1,8.192900000000193,0.7619047619047619,1.0
2009,16,REG,ARI,LA,1575.9082,1267.5964,7,7,1,1,350.51180000000016,0.7619047619047619,1.0
2009,16,REG,SF,DET,1466.6619,1285.4218,7,7,0,1,223.44009999999997,0.7619047619047619,1.0
2009,16,REG,IND,NYJ,1751.6356,1483.6122,10,7,0,0,310.2234,0.7619047619047619,1.0
2009,16,REG,PHI,DEN,1627.4072,1507.7414,7,7,0,1,161.86579999999998,0.7619047619047619,1.0
2009,16,REG,WAS,DAL,1412.9903,1580.0939,6,8,1,0,-124.90360000000014,0.7619047619047619,1.0
2009,16,REG,CHI,MIN,1434.1329,1602.9325,8,8,1,1,-126.59959999999982,0.7619047619047619,1.0
2009,17,REG,BUF,IND,1413.6203,1717.3792,7,7,0,1,-261.55890000000005,0.8095238095238095,1.0
2009,17,REG,CAR,NO,1537.8963,1624.5265,7,7,1,1,-44.43019999999983,0.8095238095238095,1.0
2009,17,REG,CLE,JAX,1396.9247,1463.6787,7,7,0,1,-24.553999999999903,0.8095238095238095,1.0
2009,17,REG,DET,CHI,1276.7621,1461.1143,7,6,1,0,-142.15220000000005,0.8095238095238095,1.0
2009,17,REG,HOU,NE,1533.8409,1619.6359,7,7,0,1,-43.59500000000007,0.8095238095238095,1.0
2009,17,REG,MIA,PIT,1511.7178,1551.6414,7,7,0,0,2.2763999999999243,0.8095238095238095,1.0
2009,17,REG,MIN,NYG,1575.9511,1533.6667,6,7,0,1,84.48440000000001,0.8095238095238095,1.0
2009,17,REG,LA,SF,1262.9022,1475.3216,7,7,1,0,-170.2194,0.8095238095238095,1.0
2009,17,REG,TB,ATL,1410.2848,1531.1803,7,7,1,0,-78.69550000000008,0.8095238095238095,1.0
2009,17,REG,ARI,GB,1580.6024,1544.8941,7,7,0,0,77.90830000000001,0.8095238095238095,1.0
2009,17,REG,DAL,PHI,1593.1984,1638.7098,7,7,1,1,-3.3114000000000914,0.8095238095238095,1.0
2009,17,REG,DEN,KC,1496.4388,1316.63,7,7,1,0,222.00879999999978,0.8095238095238095,1.0
2009,17,REG,LV,BAL,1408.6521,1546.5915,7,7,0,0,-95.73939999999997,0.8095238095238095,1.0
2009,17,REG,LAC,WAS,1666.5723,1399.8858,9,7,0,1,308.8865,0.8095238095238095,1.0
2009,17,REG,SEA,TEN,1392.4424,1558.0997,7,9,0,0,-123.45730000000007,0.8095238095238095,1.0
2009,17,REG,NYJ,CIN,1517.8686,1539.9693,7,7,0,1,20.099300000000042,0.8095238095238095,1.0
2010,1,REG,NO,MIN,1603.877,1558.0022,7,7,0,1,88.07480000000005,0.047619047619047616,1.0
2010,1,REG,BUF,MIA,1469.0541,1496.1921,7,7,1,0,15.062000000000083,0.047619047619047616,1.0
2010,1,REG,CHI,DET,1485.2556,1359.9503,7,7,1,1,167.50529999999998,0.047619047619047616,1.0
2010,1,REG,HOU,IND,1535.0424,1612.4061,7,7,1,1,-35.16369999999988,0.047619047619047616,1.0
2010,1,REG,JAX,DEN,1466.6006,1480.3327,7,7,0,1,28.467900000000057,0.047619047619047616,1.0
2010,1,REG,NE,CIN,1541.9392,1498.4142,7,7,0,1,85.7250000000001,0.047619047619047616,1.0
2010,1,REG,NYG,CAR,1512.3018,1537.5041,7,7,0,1,16.997699999999853,0.047619047619047616,1.0
2010,1,REG,PIT,ATL,1544.3034,1529.2757,7,7,0,1,57.2277000000001,0.047619047619047616,1.0
2010,1,REG,TB,CLE,1438.0834,1452.2415,7,7,0,1,28.0418999999999,0.047619047619047616,1.0
2010,1,REG,TEN,LV,1544.0066,1437.6567,7,7,0,1,148.54989999999992,0.047619047619047616,1.0
2010,1,REG,PHI,GB,1559.4821,1529.6258,7,7,0,0,72.05629999999992,0.047619047619047616,1.0
2010,1,REG,SEA,SF,1428.7986,1492.983,7,7,1,1,-21.984399999999866,0.047619047619047616,1.0
2010,1,REG,LA,ARI,1352.4312,1536.455,7,7,1,0,-141.82379999999995,0.047619047619047616,1.0
2010,1,REG,WAS,DAL,1437.7026,1567.6824,7,7,1,1,-87.77979999999984,0.047619047619047616,1.0
2010,1,REG,NYJ,BAL,1550.3948,1546.5308,7,7,0,0,46.064000000000036,0.047619047619047616,1.0
2010,1,REG,KC,LAC,1409.9886,1584.3255,7,7,1,1,-132.13690000000003,0.047619047619047616,1.0
2010,2,REG,ATL,ARI,1512.5405,1548.7161,7,7,0,1,6.0243999999999716,0.09523809523809523,1.0
2010,2,REG,CAR,TB,1518.4818,1456.4727,7,7,1,0,104.20909999999999,0.09523809523809523,1.0
2010,2,REG,CIN,BAL,1483.2512,1569.167,7,6,1,1,-43.71579999999999,0.09523809523809523,1.0
2010,2,REG,CLE,KC,1433.8522,1437.2483,7,6,0,0,38.80390000000007,0.09523809523809523,1.0
2010,2,REG,DAL,CHI,1542.7342,1496.2968,7,7,0,0,88.63740000000003,0.09523809523809523,1.0
2010,2,REG,DET,PHI,1348.9091,1535.3927,7,7,0,0,-144.28360000000004,0.09523809523809523,1.0
2010,2,REG,GB,BUF,1553.7152,1448.1876,7,7,0,1,147.7276000000001,0.09523809523809523,1.0
2010,2,REG,MIN,MIA,1542.9663,1517.0586,10,7,0,0,68.10769999999998,0.09523809523809523,1.0
2010,2,REG,TEN,PIT,1555.941,1561.0386,7,7,0,0,37.102399999999946,0.09523809523809523,1.0
2010,2,REG,DEN,SEA,1461.9678,1450.0624,7,7,0,1,54.105399999999875,0.09523809523809523,1.0
2010,2,REG,LV,LA,1425.7223,1340.1701,7,7,0,1,127.75219999999986,0.09523809523809523,1.0
2010,2,REG,NYJ,NE,1527.7586,1557.1022,6,7,1,1,12.856399999999852,0.09523809523809523,1.0
2010,2,REG,LAC,JAX,1557.0658,1484.9655,6,7,0,1,114.30030000000006,0.09523809523809523,1.0
2010,2,REG,WAS,HOU,1462.6508,1557.0597,7,7,0,0,-52.20890000000013,0.09523809523809523,1.0
2010,2,REG,IND,NYG,1590.3888,1531.3241,7,7,0,1,101.2646999999999,0.09523809523809523,1.0
2010,2,REG,SF,NO,1471.7192,1618.9129,8,11,0,0,-104.99370000000003,0.09523809523809523,1.0
2010,3,REG,BAL,CLE,1546.6637,1411.6277,7,7,1,1,177.23600000000005,0.14285714285714285,1.0
2010,3,REG,CAR,CIN,1492.6567,1505.7545,7,7,0,0,29.102199999999996,0.14285714285714285,1.0
2010,3,REG,HOU,DAL,1574.0767,1517.7397,7,7,0,0,98.53699999999999,0.14285714285714285,1.0
2010,3,REG,KC,SF,1459.4728,1457.5856,7,6,0,1,44.087199999999896,0.14285714285714285,1.0
2010,3,REG,MIN,DET,1519.0952,1336.7681,7,7,1,1,224.52709999999996,0.14285714285714285,1.0
2010,3,REG,NE,BUF,1537.8419,1436.2135,7,7,1,1,143.82839999999982,0.14285714285714285,1.0
2010,3,REG,NO,ATL,1633.0465,1532.1937,6,7,1,0,143.05279999999988,0.14285714285714285,1.0
2010,3,REG,NYG,TEN,1516.9937,1533.8133,7,7,0,0,25.380399999999966,0.14285714285714285,1.0
2010,3,REG,TB,PIT,1482.2978,1583.1663,7,7,0,0,-58.66850000000004,0.14285714285714285,1.0
2010,3,REG,JAX,PHI,1471.3176,1547.5337,7,7,0,0,-34.01609999999987,0.14285714285714285,1.0
2010,3,REG,LA,WAS,1327.2097,1445.6338,7,7,0,1,-76.22409999999995,0.14285714285714285,1.0
2010,3,REG,ARI,LV,1529.0629,1438.6827,7,7,0,1,132.58019999999982,0.14285714285714285,1.0
2010,3,REG,DEN,IND,1478.8782,1604.7192,7,7,0,0,-83.64099999999989,0.14285714285714285,1.0
2010,3,REG,SEA,LAC,1433.152,1570.7137,7,7,0,1,-95.36169999999997,0.14285714285714285,1.0
2010,3,REG,MIA,NYJ,1540.9297,1547.0189,7,7,1,0,36.110799999999884,0.14285714285714285,1.0
2010,3,REG,CHI,GB,1521.2913,1565.6893,8,8,1,1,-2.197999999999908,0.14285714285714285,1.0
2010,4,REG,ATL,SF,1559.9927,1440.1099,7,7,0,1,162.08280000000008,0.19047619047619047,1.0
2010,4,REG,BUF,NYJ,1424.0503,1569.0902,7,7,1,0,-102.83989999999999,0.19047619047619047,1.0
2010,4,REG,CLE,CIN,1401.0286,1527.4259,7,7,1,1,-84.19729999999986,0.19047619047619047,1.0
2010,4,REG,GB,DET,1545.5628,1328.1508,6,7,1,1,259.612,0.19047619047619047,1.0
2010,4,REG,NO,CAR,1605.2475,1470.9853,7,7,1,1,176.46219999999988,0.19047619047619047,1.0
2010,4,REG,PIT,BAL,1599.8208,1557.2628,7,7,1,0,84.758,0.19047619047619047,1.0
2010,4,REG,LA,SEA,1351.5284,1458.5076,7,7,1,1,-64.77919999999999,0.19047619047619047,1.0
2010,4,REG,TEN,DEN,1555.2717,1463.6021,7,7,0,0,133.86959999999993,0.19047619047619047,1.0
2010,4,REG,JAX,IND,1453.2695,1619.9953,7,7,1,1,-124.52579999999993,0.19047619047619047,1.0
2010,4,REG,LV,HOU,1425.9646,1548.5518,7,7,0,0,-80.38719999999994,0.19047619047619047,1.0
2010,4,REG,PHI,WAS,1565.5818,1421.3151,7,7,1,0,186.4666999999999,0.19047619047619047,1.0
2010,4,REG,LAC,ARI,1545.3581,1541.781,7,7,0,1,45.777099999999976,0.19047619047619047,1.0
2010,4,REG,NYG,CHI,1495.5353,1541.4178,7,6,0,1,-3.6824999999999335,0.19047619047619047,1.0
2010,4,REG,MIA,NE,1518.8584,1550.0051,8,8,1,0,11.053299999999993,0.19047619047619047,1.0
2010,5,REG,BAL,DEN,1582.0473,1490.9483,7,7,0,1,133.29899999999992,0.23809523809523808,1.0
2010,5,REG,BUF,JAX,1409.8032,1480.1458,7,7,0,0,-28.142599999999945,0.23809523809523808,1.0
2010,5,REG,CAR,CHI,1460.3514,1521.2058,7,7,0,0,-18.65439999999994,0.23809523809523808,1.0
2010,5,REG,CIN,TB,1502.6718,1465.6433,7,14,0,0,79.22850000000012,0.23809523809523808,1.0
2010,5,REG,CLE,ATL,1425.7827,1571.2852,7,7,0,0,-103.30250000000005,0.23809523809523808,1.0
2010,5,REG,DET,LA,1320.8206,1375.2148,7,7,0,1,-12.194199999999952,0.23809523809523808,1.0
2010,5,REG,HOU,NYG,1564.0052,1515.7473,7,7,0,0,90.45790000000007,0.23809523809523808,1.0
2010,5,REG,IND,KC,1593.119,1476.9485,7,14,0,1,158.37049999999994,0.23809523809523808,1.0
2010,5,REG,WAS,GB,1451.1247,1552.893,7,7,0,1,-59.56829999999995,0.23809523809523808,1.0
2010,5,REG,ARI,NO,1524.401,1615.8814,7,7,0,1,-49.280399999999915,0.23809523809523808,1.0
2010,5,REG,DAL,TEN,1543.2646,1527.9255,14,7,0,0,57.53909999999992,0.23809523809523808,1.0
2010,5,REG,LV,LAC,1410.5112,1562.7381,7,7,1,1,-110.02690000000011,0.23809523809523808,1.0
2010,5,REG,SF,PHI,1428.8174,1535.7722,7,7,0,0,-64.7548000000002,0.23809523809523808,1.0
2010,5,REG,NYJ,MIN,1583.3373,1527.7125,8,15,0,1,97.82479999999983,0.23809523809523808,1.0
2010,6,REG,CHI,SEA,1540.133,1434.8212,7,14,0,0,147.51179999999994,0.2857142857142857,1.0
2010,6,REG,GB,MIA,1529.4972,1498.2223,7,13,0,0,73.47490000000012,0.2857142857142857,1.0
2010,6,REG,HOU,KC,1538.9126,1465.482,7,7,0,1,115.63060000000014,0.2857142857142857,1.0
2010,6,REG,NE,BAL,1570.6412,1594.7296,13,7,0,1,18.111600000000138,0.2857142857142857,1.0
2010,6,REG,NYG,DET,1540.8399,1341.5223,7,7,0,1,241.51759999999985,0.2857142857142857,1.0
2010,6,REG,PHI,ATL,1552.0872,1585.5079,7,7,0,1,8.779299999999878,0.2857142857142857,1.0
2010,6,REG,PIT,CLE,1575.0363,1411.56,14,7,1,1,205.67630000000003,0.2857142857142857,1.0
2010,6,REG,LA,LAC,1354.5131,1536.608,7,7,0,1,-139.89490000000006,0.2857142857142857,1.0
2010,6,REG,TB,NO,1490.1266,1593.0635,7,7,1,0,-60.73689999999992,0.2857142857142857,1.0
2010,6,REG,DEN,NYJ,1478.266,1597.8503,7,6,0,0,-77.38429999999998,0.2857142857142857,1.0
2010,6,REG,SF,LV,1412.5024,1436.6413,7,7,0,1,18.06110000000008,0.2857142857142857,1.0
2010,6,REG,MIN,DAL,1513.1995,1519.9823,6,7,0,1,35.41720000000005,0.2857142857142857,1.0
2010,6,REG,WAS,IND,1474.5205,1604.5855,7,7,0,0,-87.86499999999982,0.2857142857142857,1.0
2010,6,REG,JAX,TEN,1498.5293,1551.2078,8,8,1,0,-10.478499999999983,0.2857142857142857,1.0
2010,7,REG,ATL,CIN,1566.0132,1478.1885,7,14,0,1,130.0247000000001,0.3333333333333333,1.0
2010,7,REG,BAL,BUF,1575.7712,1391.4197,7,14,0,1,226.55149999999998,0.3333333333333333,1.0
2010,7,REG,CAR,SF,1441.4242,1431.4637,14,7,0,1,52.160499999999914,0.3333333333333333,1.0
2010,7,REG,CHI,WAS,1512.1175,1459.4733,7,7,0,0,94.84419999999996,0.3333333333333333,1.0
2010,7,REG,KC,JAX,1451.9029,1479.1323,7,6,0,1,14.970600000000061,0.3333333333333333,1.0
2010,7,REG,MIA,PIT,1522.3899,1584.4099,7,7,0,0,-19.820000000000206,0.3333333333333333,1.0
2010,7,REG,NO,CLE,1609.6024,1402.1864,7,7,0,0,249.61599999999993,0.3333333333333333,1.0
2010,7,REG,TB,LA,1473.5877,1382.1574,7,7,0,1,133.63029999999998,0.3333333333333333,1.0
2010,7,REG,TEN,PHI,1570.6048,1571.5819,6,7,0,1,41.222900000000166,0.3333333333333333,1.0
2010,7,REG,SEA,ARI,1462.8367,1547.2189,7,14,1,1,-42.18220000000001,0.3333333333333333,1.0
2010,7,REG,DEN,LV,1462.6484,1417.68,7,7,1,0,87.16839999999998,0.3333333333333333,1.0
2010,7,REG,LAC,NE,1508.9637,1589.5996,7,7,0,0,-38.43589999999999,0.3333333333333333,1.0
2010,7,REG,GB,MIN,1505.3296,1531.1678,7,7,1,1,16.361800000000088,0.3333333333333333,1.0
2010,7,REG,DAL,NYG,1502.014,1548.8144,8,8,1,0,-4.600400000000079,0.3333333333333333,1.0
2010,8,REG,CIN,MIA,1465.3424,1503.5296,7,7,0,0,4.0127999999999275,0.38095238095238093,1.0
2010,8,REG,DAL,JAX,1482.2788,1459.9935,6,7,0,0,64.48530000000001,0.38095238095238093,1.0
2010,8,REG,DET,WAS,1333.5478,1484.8013,14,7,0,1,-109.05350000000003,0.38095238095238093,1.0
2010,8,REG,KC,BUF,1471.0417,1382.8809,7,7,0,1,130.36079999999987,0.38095238095238093,1.0
2010,8,REG,NYJ,GB,1613.4679,1524.3884,14,7,0,0,131.27950000000004,0.38095238095238093,1.0
2010,8,REG,SF,DEN,1414.4439,1437.7333,7,7,0,1,18.91059999999989,0.38095238095238093,1.0
2010,8,REG,LA,CAR,1369.4916,1458.444,7,7,0,1,-46.752399999999895,0.38095238095238093,1.0
2010,8,REG,LAC,TEN,1491.1673,1588.2429,7,7,0,1,-54.87559999999989,0.38095238095238093,1.0
2010,8,REG,ARI,TB,1524.8026,1486.2535,7,7,0,0,80.74909999999996,0.38095238095238093,1.0
2010,8,REG,NE,MIN,1607.396,1512.109,7,7,0,1,137.48700000000002,0.38095238095238093,1.0
2010,8,REG,LV,SEA,1442.5951,1485.253,7,7,0,1,-0.45789999999992403,0.38095238095238093,1.0
2010,8,REG,NO,PIT,1577.2834,1603.2702,7,7,0,1,16.2132000000001,0.38095238095238093,1.0
2010,8,REG,IND,HOU,1619.6327,1552.4917,15,15,1,1,109.34100000000008,0.38095238095238093,1.0
2010,9,REG,ATL,TB,1578.8593,1510.8199,14,7,1,1,110.23940000000012,0.42857142857142855,1.0
2010,9,REG,BAL,MIA,1584.31,1523.7606,14,7,0,1,102.74939999999988,0.42857142857142855,1.0
2010,9,REG,BUF,CHI,1370.0517,1486.7895,7,14,0,0,-74.5378000000001,0.42857142857142855,1.0
2010,9,REG,CAR,NO,1435.7688,1596.3508,7,7,1,0,-118.38199999999988,0.42857142857142855,1.0
2010,9,REG,CLE,NE,1434.5054,1619.8704,14,7,0,1,-143.16500000000002,0.42857142857142855,1.0
2010,9,REG,DET,NYJ,1359.6271,1586.2511,7,7,0,0,-184.42400000000004,0.42857142857142855,1.0
2010,9,REG,HOU,LAC,1538.586,1514.3002,6,7,0,0,66.48580000000011,0.42857142857142855,1.0
2010,9,REG,MIN,ARI,1499.6346,1500.2362,7,7,0,1,41.59840000000004,0.42857142857142855,1.0
2010,9,REG,SEA,NYG,1465.2266,1568.5496,7,13,0,0,-61.12300000000009,0.42857142857142855,1.0
2010,9,REG,LV,KC,1462.6215,1483.8709,7,7,1,1,20.95060000000008,0.42857142857142855,1.0
2010,9,REG,PHI,IND,1553.9438,1633.5384,14,6,0,1,-37.3945999999999,0.42857142857142855,1.0
2010,9,REG,GB,DAL,1551.6052,1458.6088,7,7,0,1,135.19639999999998,0.42857142857142855,1.0
2010,9,REG,CIN,PIT,1445.1114,1584.2028,8,8,1,0,-96.89140000000002,0.42857142857142855,1.0
2010,10,REG,ATL,BAL,1592.7181,1598.5619,4,4,0,1,36.35620000000013,0.47619047619047616,1.0
2010,10,REG,BUF,DET,1354.2778,1349.3472,7,7,0,1,47.13060000000014,0.47619047619047616,1.0
2010,10,REG,CHI,MIN,1502.5634,1517.2514,7,7,1,1,27.5119999999999,0.47619047619047616,1.0
2010,10,REG,CLE,NYJ,1462.3098,1596.531,7,7,0,0,-92.02119999999995,0.47619047619047616,1.0
2010,10,REG,IND,CIN,1611.3941,1430.5487,7,6,0,1,223.04539999999992,0.47619047619047616,1.0
2010,10,REG,JAX,HOU,1483.6635,1514.8048,14,7,1,1,11.05870000000023,0.47619047619047616,1.0
2010,10,REG,MIA,TEN,1509.5087,1565.11,7,14,0,1,-13.401299999999807,0.47619047619047616,1.0
2010,10,REG,TB,CAR,1496.9611,1422.3314,7,7,1,1,116.82969999999996,0.47619047619047616,1.0
2010,10,REG,DEN,KC,1418.8208,1465.0755,14,7,1,1,-4.054699999999954,0.47619047619047616,1.0
2010,10,REG,ARI,SEA,1482.6194,1448.7093,7,7,1,0,76.11010000000006,0.47619047619047616,1.0
2010,10,REG,NYG,DAL,1585.0669,1446.0209,7,7,1,0,181.24600000000004,0.47619047619047616,1.0
2010,10,REG,SF,LA,1433.3564,1392.1668,14,14,1,1,83.38959999999993,0.47619047619047616,1.0
2010,10,REG,PIT,NE,1598.7655,1592.066,6,7,0,0,48.89949999999995,0.47619047619047616,1.0
2010,10,REG,WAS,PHI,1458.722,1576.0881,15,8,1,0,-75.16609999999996,0.47619047619047616,1.0
2010,11,REG,MIA,CHI,1530.2798,1520.983,4,4,0,0,51.49680000000008,0.5238095238095238,1.0
2010,11,REG,CAR,BAL,1408.8141,1580.6471,7,10,0,0,-129.63299999999987,0.5238095238095238,1.0
2010,11,REG,CIN,BUF,1421.8736,1371.5813,7,7,0,0,92.49229999999984,0.5238095238095238,1.0
2010,11,REG,DAL,DET,1475.6006,1332.0437,7,7,0,1,185.75690000000003,0.5238095238095238,1.0
2010,11,REG,JAX,CLE,1503.0271,1447.4865,7,7,0,1,97.74060000000004,0.5238095238095238,1.0
2010,11,REG,KC,ARI,1444.8421,1458.3069,7,7,0,1,28.735200000000034,0.5238095238095238,1.0
2010,11,REG,MIN,GB,1498.8318,1564.1931,7,14,1,0,-23.161300000000026,0.5238095238095238,1.0
2010,11,REG,NYJ,HOU,1611.3543,1495.4412,7,7,0,1,158.11309999999997,0.5238095238095238,1.0
2010,11,REG,PIT,LV,1575.9691,1481.4169,7,14,0,1,136.75220000000007,0.5238095238095238,1.0
2010,11,REG,TEN,WAS,1544.3389,1442.9826,7,6,0,0,143.5562999999999,0.5238095238095238,1.0
2010,11,REG,NO,SEA,1609.7882,1473.0218,14,7,0,1,178.96639999999996,0.5238095238095238,1.0
2010,11,REG,SF,TB,1448.6462,1510.4784,7,7,0,0,-19.632200000000054,0.5238095238095238,1.0
2010,11,REG,LA,ATL,1376.877,1610.6329,7,10,0,0,-191.55590000000012,0.5238095238095238,1.0
2010,11,REG,NE,IND,1614.8624,1620.0692,7,7,0,1,36.99320000000007,0.5238095238095238,1.0
2010,11,REG,PHI,NYG,1591.8275,1555.4872,6,7,1,1,78.54030000000007,0.5238095238095238,1.0
2010,11,REG,LAC,DEN,1538.0814,1439.0542,15,8,1,1,141.22719999999998,0.5238095238095238,1.0
2010,12,REG,DET,NE,1321.8223,1632.7409,4,4,0,0,-268.7186,0.5714285714285714,1.0
2010,12,REG,DAL,NO,1485.822,1620.3099,4,4,0,0,-92.28790000000008,0.5714285714285714,1.0
2010,12,REG,NYJ,CIN,1622.8329,1396.6716,4,4,0,1,268.3613000000002,0.5714285714285714,1.0
2010,12,REG,ATL,GB,1620.6024,1582.8618,7,7,0,1,79.94060000000009,0.5714285714285714,1.0
2010,12,REG,BUF,PIT,1396.7833,1588.4798,7,7,0,0,-149.49650000000003,0.5714285714285714,1.0
2010,12,REG,CLE,CAR,1432.969,1395.9483,7,7,0,1,79.22070000000004,0.5714285714285714,1.0
2010,12,REG,HOU,TEN,1483.9626,1516.5154,7,7,1,1,9.647200000000069,0.5714285714285714,1.0
2010,12,REG,NYG,JAX,1539.9329,1517.5446,7,7,0,1,64.58830000000007,0.5714285714285714,1.0
2010,12,REG,WAS,MIN,1470.8061,1480.1631,7,7,0,0,32.84300000000003,0.5714285714285714,1.0
2010,12,REG,LV,MIA,1468.9062,1507.3369,7,10,0,0,3.7692999999998875,0.5714285714285714,1.0
2010,12,REG,SEA,KC,1462.5001,1463.1917,7,7,0,0,41.508399999999895,0.5714285714285714,1.0
2010,12,REG,BAL,TB,1593.5129,1529.3495,7,7,0,1,106.36339999999991,0.5714285714285714,1.0
2010,12,REG,CHI,PHI,1543.9259,1607.3818,10,7,0,1,-21.255900000000153,0.5714285714285714,1.0
2010,12,REG,DEN,LA,1426.7639,1366.9075,6,7,0,0,102.0563999999999,0.5714285714285714,1.0
2010,12,REG,IND,LAC,1602.1907,1550.3717,7,6,0,0,94.01900000000019,0.5714285714285714,1.0
2010,12,REG,ARI,SF,1439.9573,1429.7751,8,8,1,0,52.38219999999997,0.5714285714285714,1.0
2010,13,REG,PHI,HOU,1586.1597,1503.4074,4,4,0,1,124.95229999999988,0.6190476190476191,1.0
2010,13,REG,CIN,NO,1389.6381,1635.1189,10,10,0,0,-203.28080000000006,0.6190476190476191,1.0
2010,13,REG,DET,CHI,1314.8007,1565.148,10,7,1,0,-208.14729999999992,0.6190476190476191,1.0
2010,13,REG,GB,SF,1567.384,1452.7678,7,6,0,1,156.81619999999992,0.6190476190476191,1.0
2010,13,REG,KC,DEN,1485.5698,1401.0524,7,7,1,1,126.71739999999996,0.6190476190476191,1.0
2010,13,REG,MIA,CLE,1527.5539,1448.4861,7,7,0,0,121.26780000000004,0.6190476190476191,1.0
2010,13,REG,MIN,BUF,1502.0481,1384.8945,7,7,0,1,159.35359999999986,0.6190476190476191,1.0
2010,13,REG,NYG,WAS,1556.2571,1448.9211,7,7,1,1,149.536,0.6190476190476191,1.0
2010,13,REG,TEN,JAX,1497.0706,1501.2204,7,7,1,0,38.05020000000009,0.6190476190476191,1.0
2010,13,REG,LAC,LV,1575.6555,1448.6892,7,7,1,0,169.16630000000004,0.6190476190476191,1.0
2010,13,REG,ARI,LA,1416.9646,1392.619,6,7,1,0,66.5456000000001,0.6190476190476191,1.0
2010,13,REG,IND,DAL,1576.9069,1471.013,7,10,0,0,148.09390000000002,0.6190476190476191,1.0
2010,13,REG,SEA,CAR,1440.122,1380.4312,7,7,0,1,101.89080000000008,0.6190476190476191,1.0
2010,13,REG,TB,ATL,1515.2879,1636.0802,7,7,1,0,-78.59230000000007,0.6190476190476191,1.0
2010,13,REG,BAL,PIT,1607.5745,1600.3686,7,7,1,0,49.40589999999993,0.6190476190476191,1.0
2010,13,REG,NE,NYJ,1639.7625,1629.8664,11,11,1,1,52.096099999999936,0.6190476190476191,1.0
2010,14,REG,TEN,IND,1474.889,1548.8633,4,4,1,0,-31.774300000000082,0.6666666666666666,1.0
2010,14,REG,BUF,CLE,1373.4743,1475.1965,7,7,0,1,-59.52219999999993,0.6666666666666666,1.0
2010,14,REG,CAR,ATL,1366.1339,1651.6317,7,7,1,0,-243.29779999999988,0.6666666666666666,1.0
2010,14,REG,DET,GB,1305.5288,1578.9238,7,7,1,1,-231.195,0.6666666666666666,1.0
2010,14,REG,JAX,LV,1523.402,1477.7242,7,7,0,1,87.87779999999994,0.6666666666666666,1.0
2010,14,REG,PIT,CIN,1623.1936,1380.1652,7,7,1,1,285.22840000000014,0.6666666666666666,1.0
2010,14,REG,WAS,TB,1437.0342,1499.7364,7,7,0,0,-20.502199999999945,0.6666666666666666,1.0
2010,14,REG,NO,LA,1644.5918,1416.4035,7,7,0,1,270.3883,0.6666666666666666,1.0
2010,14,REG,SF,SEA,1441.228,1454.4193,7,7,1,1,29.008700000000047,0.6666666666666666,1.0
2010,14,REG,ARI,DEN,1393.1801,1388.0397,7,7,0,1,47.3404,0.6666666666666666,1.0
2010,14,REG,CHI,NE,1574.4199,1656.7859,7,6,0,0,-40.16599999999998,0.6666666666666666,1.0
2010,14,REG,NYJ,MIA,1612.843,1500.8435,6,7,1,0,154.1995000000001,0.6666666666666666,1.0
2010,14,REG,LAC,KC,1546.6205,1498.5825,7,7,1,1,90.23800000000001,0.6666666666666666,1.0
2010,14,REG,DAL,PHI,1499.0566,1599.2617,7,10,1,0,-58.00510000000013,0.6666666666666666,1.0
2010,14,REG,MIN,NYG,1513.4683,1568.144,8,8,0,0,-12.475700000000003,0.6666666666666666,1.0
2010,14,REG,HOU,BAL,1490.3054,1584.7495,11,8,0,0,-52.24409999999993,0.6666666666666666,1.0
2010,15,REG,LAC,SF,1561.5397,1459.562,4,4,0,1,144.17770000000013,0.7142857142857143,1.0
2010,15,REG,BAL,NO,1601.7646,1651.5579,6,7,0,1,-7.593300000000042,0.7142857142857143,1.0
2010,15,REG,CAR,ARI,1358.2246,1410.4717,7,7,0,1,-10.047100000000043,0.7142857142857143,1.0
2010,15,REG,CIN,CLE,1373.677,1451.8033,7,7,1,1,-35.926300000000126,0.7142857142857143,1.0
2010,15,REG,DAL,WAS,1482.365,1418.213,7,7,1,1,106.35200000000005,0.7142857142857143,1.0
2010,15,REG,IND,JAX,1567.0393,1538.4485,10,7,1,1,70.79079999999995,0.7142857142857143,1.0
2010,15,REG,MIA,BUF,1529.1796,1396.8675,7,7,1,0,174.51209999999986,0.7142857142857143,1.0
2010,15,REG,NYG,PHI,1587.4261,1615.9533,6,7,1,0,13.67280000000001,0.7142857142857143,1.0
2010,15,REG,LA,KC,1409.4374,1483.6633,7,7,0,0,-32.02589999999991,0.7142857142857143,1.0
2010,15,REG,TB,DET,1518.5576,1337.1681,7,7,0,0,223.5895,0.7142857142857143,1.0
2010,15,REG,TEN,HOU,1456.713,1473.2903,10,6,1,1,25.62270000000008,0.7142857142857143,1.0
2010,15,REG,SEA,ATL,1436.0853,1659.541,7,7,0,0,-181.2557,0.7142857142857143,1.0
2010,15,REG,LV,DEN,1462.6777,1370.7481,7,7,1,1,134.12959999999993,0.7142857142857143,1.0
2010,15,REG,PIT,NYJ,1629.6818,1584.5069,7,7,0,0,87.37489999999998,0.7142857142857143,1.0
2010,15,REG,NE,GB,1674.484,1547.2845,7,7,0,1,169.39949999999993,0.7142857142857143,1.0
2010,15,REG,MIN,CHI,1494.1862,1556.7218,7,8,1,0,-20.33559999999993,0.7142857142857143,1.0
2010,16,REG,PIT,CAR,1604.7555,1378.8028,4,4,0,1,268.15270000000004,0.7619047619047619,1.0
2010,16,REG,ARI,DAL,1389.8935,1496.4272,6,6,0,1,-64.33370000000018,0.7619047619047619,1.0
2010,16,REG,BUF,NE,1426.1458,1685.4383,7,7,1,0,-217.09250000000003,0.7619047619047619,1.0
2010,16,REG,CHI,NYJ,1575.5525,1609.4332,6,7,0,1,8.31930000000007,0.7619047619047619,1.0
2010,16,REG,CLE,BAL,1429.7426,1622.2016,7,7,1,0,-150.25900000000007,0.7619047619047619,1.0
2010,16,REG,JAX,WAS,1522.4681,1404.1508,7,7,0,0,160.51730000000015,0.7619047619047619,1.0
2010,16,REG,KC,TEN,1501.8249,1475.2407,7,7,0,1,68.78420000000001,0.7619047619047619,1.0
2010,16,REG,MIA,DET,1499.9013,1368.5142,7,7,0,0,173.5870999999999,0.7619047619047619,1.0
2010,16,REG,LA,SF,1391.2758,1447.4158,7,10,1,1,-13.940000000000097,0.7619047619047619,1.0
2010,16,REG,CIN,LAC,1395.7377,1573.6859,7,10,0,1,-135.74820000000005,0.7619047619047619,1.0
2010,16,REG,DEN,HOU,1358.1072,1454.7626,7,7,0,1,-54.4554000000001,0.7619047619047619,1.0
2010,16,REG,LV,IND,1475.3186,1583.0197,7,7,0,0,-65.5011,0.7619047619047619,1.0
2010,16,REG,GB,NYG,1536.3302,1566.6394,7,7,0,1,11.890800000000084,0.7619047619047619,1.0
2010,16,REG,TB,SEA,1487.2115,1425.6655,7,7,0,1,103.74599999999982,0.7619047619047619,1.0
2010,16,REG,ATL,NO,1669.9608,1631.1209,8,8,1,0,81.03990000000017,0.7619047619047619,1.0
2010,16,REG,PHI,MIN,1636.74,1475.3555,9,8,0,0,203.5845000000001,0.7619047619047619,1.0
2010,17,REG,ATL,CAR,1645.3786,1371.7624,6,10,1,1,315.8161999999999,0.8095238095238095,1.0
2010,17,REG,BAL,CIN,1634.0538,1423.1772,7,7,1,1,253.07659999999981,0.8095238095238095,1.0
2010,17,REG,CLE,PIT,1417.8904,1611.7959,7,10,1,0,-151.7055000000001,0.8095238095238095,1.0
2010,17,REG,DET,MIN,1397.7506,1505.8952,7,5,1,1,-65.94459999999985,0.8095238095238095,1.0
2010,17,REG,KC,LV,1517.9163,1459.0451,7,7,1,0,101.07120000000005,0.8095238095238095,1.0
2010,17,REG,NE,MIA,1694.3485,1470.6649,7,7,1,1,265.88360000000006,0.8095238095238095,1.0
2010,17,REG,NO,TB,1655.7031,1501.4108,6,7,1,0,196.49229999999983,0.8095238095238095,1.0
2010,17,REG,NYJ,BUF,1589.912,1417.2356,7,7,1,1,214.87640000000005,0.8095238095238095,1.0
2010,17,REG,DEN,LAC,1381.2165,1546.2464,7,7,1,0,-122.8299,0.8095238095238095,1.0
2010,17,REG,GB,CHI,1555.646,1595.0737,7,7,1,1,2.772300000000044,0.8095238095238095,1.0
2010,17,REG,HOU,JAX,1431.6533,1493.8337,7,7,1,1,-19.98039999999996,0.8095238095238095,1.0
2010,17,REG,IND,TEN,1599.2932,1459.1493,7,7,1,1,182.34390000000002,0.8095238095238095,1.0
2010,17,REG,PHI,DAL,1606.2003,1472.7656,5,8,1,0,175.6347,0.8095238095238095,1.0
2010,17,REG,SF,ARI,1426.6138,1413.5551,7,8,1,1,55.25870000000005,0.8095238095238095,1.0
2010,17,REG,WAS,NYG,1432.7852,1547.3236,7,7,1,0,-72.33839999999991,0.8095238095238095,1.0
2010,17,REG,SEA,LA,1411.4662,1412.0778,7,7,1,1,41.58840000000005,0.8095238095238095,1.0
2011,1,REG,GB,NO,1610.0696,1556.1156,7,7,0,1,96.15399999999995,0.047619047619047616,1.0
2011,1,REG,BAL,PIT,1582.2059,1587.6899,7,7,1,1,36.71599999999985,0.047619047619047616,1.0
2011,1,REG,CHI,ATL,1540.422,1573.7439,7,7,0,1,8.878100000000089,0.047619047619047616,1.0
2011,1,REG,CLE,CIN,1444.9046,1450.6115,7,7,1,0,36.4931000000001,0.047619047619047616,1.0
2011,1,REG,HOU,IND,1472.9213,1550.4609,7,7,1,1,-35.33960000000006,0.047619047619047616,1.0
2011,1,REG,JAX,TEN,1484.8509,1470.5066,7,7,1,1,56.54429999999998,0.047619047619047616,1.0
2011,1,REG,KC,BUF,1486.4997,1446.1821,7,7,0,0,82.51760000000009,0.047619047619047616,1.0
2011,1,REG,LA,PHI,1437.9163,1531.1658,7,7,0,0,-51.049499999999895,0.047619047619047616,1.0
2011,1,REG,TB,DET,1520.2315,1454.141,7,7,0,0,108.29050000000002,0.047619047619047616,1.0
2011,1,REG,ARI,CAR,1439.2657,1420.9452,7,7,0,1,60.520499999999814,0.047619047619047616,1.0
2011,1,REG,LAC,MIN,1536.9138,1490.5265,7,7,0,1,88.5873000000001,0.047619047619047616,1.0
2011,1,REG,SF,SEA,1467.3156,1470.6984,7,7,1,1,38.817199999999914,0.047619047619047616,1.0
2011,1,REG,WAS,NYG,1451.3741,1539.1712,7,7,1,1,-45.5971,0.047619047619047616,1.0
2011,1,REG,NYJ,DAL,1583.1216,1502.4967,7,7,0,1,122.82490000000003,0.047619047619047616,1.0
2011,1,REG,MIA,NE,1479.369,1603.0405,7,7,1,0,-81.47150000000015,0.047619047619047616,1.0
2011,1,REG,DEN,LV,1422.044,1492.0627,7,7,1,0,-27.81869999999985,0.047619047619047616,1.0
2011,2,REG,BUF,LV,1470.8448,1510.4647,7,6,0,1,2.580100000000087,0.09523809523809523,1.0
2011,2,REG,CAR,GB,1404.3942,1624.6716,7,10,0,0,-178.07739999999995,0.09523809523809523,1.0
2011,2,REG,DET,KC,1480.1804,1461.837,7,7,0,1,60.54339999999998,0.09523809523809523,1.0
2011,2,REG,IND,CLE,1528.4336,1422.8116,7,7,0,0,147.82200000000006,0.09523809523809523,1.0
2011,2,REG,MIN,TB,1475.5183,1494.1921,7,7,0,0,23.526199999999974,0.09523809523809523,1.0
2011,2,REG,NO,CHI,1541.5136,1559.911,10,7,0,1,23.80259999999994,0.09523809523809523,1.0
2011,2,REG,NYJ,JAX,1596.3318,1501.6244,7,7,0,1,136.9074,0.09523809523809523,1.0
2011,2,REG,PIT,SEA,1569.7956,1452.9236,7,7,0,1,159.07199999999983,0.09523809523809523,1.0
2011,2,REG,TEN,BAL,1453.7331,1600.1002,7,7,0,1,-104.16710000000016,0.09523809523809523,1.0
2011,2,REG,WAS,ARI,1473.9839,1455.8167,7,7,0,1,60.36719999999987,0.09523809523809523,1.0
2011,2,REG,SF,DAL,1485.0904,1489.2865,7,7,0,0,38.003900000000115,0.09523809523809523,1.0
2011,2,REG,DEN,CIN,1403.642,1472.7045,6,7,0,1,-26.862499999999997,0.09523809523809523,1.0
2011,2,REG,MIA,HOU,1463.9748,1494.9486,6,7,0,0,11.22620000000002,0.09523809523809523,1.0
2011,2,REG,NE,LAC,1618.4347,1551.922,6,7,0,1,108.7127,0.09523809523809523,1.0
2011,2,REG,ATL,PHI,1554.2549,1548.2481,7,7,0,1,48.20679999999989,0.09523809523809523,1.0
2011,2,REG,NYG,LA,1516.5614,1420.834,8,8,0,1,137.92739999999998,0.09523809523809523,1.0
2011,3,REG,BUF,NE,1490.6963,1632.3732,7,7,1,1,-99.47689999999993,0.14285714285714285,1.0
2011,3,REG,CAR,JAX,1393.8328,1489.1213,7,7,0,1,-53.08850000000011,0.14285714285714285,1.0
2011,3,REG,CIN,SF,1451.1612,1462.9114,7,7,0,0,30.449800000000053,0.14285714285714285,1.0
2011,3,REG,CLE,MIA,1450.8421,1443.3288,7,7,0,1,49.713300000000075,0.14285714285714285,1.0
2011,3,REG,MIN,DET,1454.1661,1496.7301,7,7,1,0,-0.3640000000000754,0.14285714285714285,1.0
2011,3,REG,NO,HOU,1560.1456,1515.5946,7,7,0,1,86.75100000000016,0.14285714285714285,1.0
2011,3,REG,PHI,NYG,1531.0054,1529.014,7,6,1,0,44.191400000000115,0.14285714285714285,1.0
2011,3,REG,TEN,DEN,1479.556,1425.1853,7,7,0,1,96.57069999999995,0.14285714285714285,1.0
2011,3,REG,LV,NYJ,1490.6132,1608.8349,7,7,0,1,-76.02170000000005,0.14285714285714285,1.0
2011,3,REG,LAC,KC,1537.9835,1445.2873,7,7,1,1,134.89620000000008,0.14285714285714285,1.0
2011,3,REG,LA,BAL,1408.3814,1574.2773,6,7,0,0,-123.69589999999998,0.14285714285714285,1.0
2011,3,REG,CHI,GB,1541.279,1635.233,7,7,1,0,-51.75399999999995,0.14285714285714285,1.0
2011,3,REG,SEA,ARI,1441.4901,1439.2572,7,7,1,1,44.432899999999975,0.14285714285714285,1.0
2011,3,REG,TB,ATL,1515.5443,1571.4976,7,7,1,1,-13.753299999999896,0.14285714285714285,1.0
2011,3,REG,IND,PIT,1500.4031,1581.2291,7,7,0,0,-38.62600000000002,0.14285714285714285,1.0
2011,3,REG,DAL,WAS,1511.4655,1490.5434,8,8,1,1,63.1221,0.14285714285714285,1.0
2011,4,REG,CHI,CAR,1524.2364,1416.8653,7,7,0,1,149.57110000000006,0.19047619047619047,1.0
2011,4,REG,CIN,BUF,1429.4128,1516.2711,7,7,0,1,-44.65829999999987,0.19047619047619047,1.0
2011,4,REG,CLE,TEN,1467.9997,1494.1358,7,7,0,0,16.06390000000006,0.19047619047619047,1.0
2011,4,REG,DAL,DET,1527.8714,1516.7091,6,7,0,0,53.36229999999996,0.19047619047619047,1.0
2011,4,REG,HOU,PIT,1500.4871,1599.0147,7,7,0,1,-56.32759999999989,0.19047619047619047,1.0
2011,4,REG,JAX,NO,1466.0888,1575.2531,7,7,0,0,-66.96429999999991,0.19047619047619047,1.0
2011,4,REG,KC,MIN,1432.6845,1434.1871,7,7,0,1,40.69739999999997,0.19047619047619047,1.0
2011,4,REG,PHI,SF,1508.4752,1484.6598,7,7,0,0,66.01540000000018,0.19047619047619047,1.0
2011,4,REG,LA,WAS,1395.2156,1474.1375,7,6,0,0,-36.72190000000005,0.19047619047619047,1.0
2011,4,REG,ARI,NYG,1421.8011,1551.5442,7,7,0,0,-87.54310000000014,0.19047619047619047,1.0
2011,4,REG,SEA,ATL,1458.9462,1550.7063,7,7,0,0,-49.56009999999996,0.19047619047619047,1.0
2011,4,REG,GB,DEN,1652.2756,1410.6055,7,7,0,1,283.87010000000004,0.19047619047619047,1.0
2011,4,REG,LV,NE,1514.9208,1606.7984,7,7,0,0,-49.6775999999998,0.19047619047619047,1.0
2011,4,REG,LAC,MIA,1550.5863,1426.1712,7,7,0,1,166.61509999999993,0.19047619047619047,1.0
2011,4,REG,BAL,NYJ,1587.4431,1584.5273,7,7,0,1,45.11579999999999,0.19047619047619047,1.0
2011,4,REG,TB,IND,1536.3356,1482.6175,8,8,0,1,95.91810000000005,0.19047619047619047,1.0
2011,5,REG,BUF,PHI,1493.7144,1484.7201,7,7,0,1,51.19430000000007,0.23809523809523808,1.0
2011,5,REG,CAR,NO,1404.9801,1591.4454,7,7,1,0,-144.26530000000008,0.23809523809523808,1.0
2011,5,REG,HOU,LV,1523.7015,1497.7611,7,7,0,0,68.14039999999996,0.23809523809523808,1.0
2011,5,REG,IND,KC,1468.0029,1450.3524,6,7,0,0,59.85049999999997,0.23809523809523808,1.0
2011,5,REG,JAX,CIN,1449.8965,1451.9695,7,7,0,0,40.12700000000014,0.23809523809523808,1.0
2011,5,REG,MIN,ARI,1416.5192,1406.7365,7,7,0,1,51.98269999999998,0.23809523809523808,1.0
2011,5,REG,NYG,SEA,1566.6088,1441.7799,7,7,0,0,167.02889999999996,0.23809523809523808,1.0
2011,5,REG,PIT,TEN,1575.8003,1515.0599,7,7,0,1,102.94040000000014,0.23809523809523808,1.0
2011,5,REG,SF,TB,1508.4149,1550.9502,7,6,0,1,-0.3353000000000037,0.23809523809523808,1.0
2011,5,REG,DEN,LAC,1404.0747,1561.6685,7,7,1,0,-115.3938000000001,0.23809523809523808,1.0
2011,5,REG,NE,NYJ,1623.9581,1567.1099,7,7,1,1,99.04820000000014,0.23809523809523808,1.0
2011,5,REG,ATL,GB,1567.8726,1658.8064,7,7,0,0,-48.733800000000016,0.23809523809523808,1.0
2011,5,REG,DET,CHI,1539.757,1536.1216,8,8,1,1,45.83540000000012,0.23809523809523808,1.0
2011,6,REG,ATL,CAR,1550.6597,1392.8382,7,7,1,1,200.0215,0.2857142857142857,1.0
2011,6,REG,CIN,IND,1474.2692,1444.5913,7,7,0,1,71.87789999999991,0.2857142857142857,1.0
2011,6,REG,DET,SF,1557.1337,1528.4342,6,7,0,0,70.89950000000017,0.2857142857142857,1.0
2011,6,REG,GB,LA,1676.0193,1377.3216,7,14,0,1,340.89769999999993,0.2857142857142857,1.0
2011,6,REG,NYG,BUF,1537.672,1510.7886,7,7,0,1,69.08339999999994,0.2857142857142857,1.0
2011,6,REG,PIT,JAX,1590.0421,1427.5968,7,7,0,1,204.64529999999985,0.2857142857142857,1.0
2011,6,REG,WAS,PHI,1492.0315,1467.6459,14,7,1,0,66.58560000000007,0.2857142857142857,1.0
2011,6,REG,BAL,HOU,1604.8605,1499.8286,14,7,0,1,147.23189999999994,0.2857142857142857,1.0
2011,6,REG,LV,CLE,1521.634,1447.0756,7,14,0,1,116.75840000000012,0.2857142857142857,1.0
2011,6,REG,NE,DAL,1638.406,1504.8235,7,14,0,1,175.78249999999997,0.2857142857142857,1.0
2011,6,REG,TB,NO,1530.9309,1603.5873,7,7,1,1,-30.456399999999846,0.2857142857142857,1.0
2011,6,REG,CHI,MIN,1518.7449,1433.549,6,7,1,1,127.39589999999994,0.2857142857142857,1.0
2011,6,REG,NYJ,MIA,1552.662,1415.089,8,15,1,1,179.77300000000008,0.2857142857142857,1.0
2011,7,REG,CAR,WAS,1383.229,1468.2448,7,7,0,1,-42.815799999999896,0.3333333333333333,1.0
2011,7,REG,CLE,SEA,1433.5547,1470.7167,7,14,0,1,5.037999999999968,0.3333333333333333,1.0
2011,7,REG,DET,ATL,1533.1081,1560.2689,7,7,0,0,15.039199999999894,0.3333333333333333,1.0
2011,7,REG,MIA,DEN,1404.6033,1390.4834,6,14,0,0,56.31989999999992,0.3333333333333333,1.0
2011,7,REG,NYJ,LAC,1563.1477,1575.2598,6,14,0,1,30.087899999999948,0.3333333333333333,1.0
2011,7,REG,TB,CHI,1552.6796,1531.7233,7,7,0,0,63.15629999999983,0.3333333333333333,1.0
2011,7,REG,TEN,HOU,1500.8181,1487.8306,14,7,1,0,55.18749999999996,0.3333333333333333,1.0
2011,7,REG,ARI,PIT,1389.7067,1599.4583,14,7,0,0,-167.55160000000006,0.3333333333333333,1.0
2011,7,REG,LV,KC,1535.1549,1473.764,7,14,1,0,103.5909000000001,0.3333333333333333,1.0
2011,7,REG,DAL,LA,1494.1591,1372.3931,7,7,0,1,163.96600000000007,0.3333333333333333,1.0
2011,7,REG,MIN,GB,1420.5706,1680.9478,7,7,1,0,-218.1771999999999,0.3333333333333333,1.0
2011,7,REG,NO,IND,1581.8386,1428.6709,7,7,0,1,195.36769999999996,0.3333333333333333,1.0
2011,7,REG,JAX,BAL,1418.1806,1616.8585,8,8,0,1,-156.47790000000015,0.3333333333333333,1.0
2011,8,REG,BAL,ARI,1588.4143,1378.6676,6,7,0,1,251.9466999999999,0.38095238095238093,1.0
2011,8,REG,CAR,MIN,1405.6813,1411.7036,7,7,0,0,36.177699999999916,0.38095238095238093,1.0
2011,8,REG,HOU,JAX,1510.981,1446.6248,7,6,1,1,106.55619999999995,0.38095238095238093,1.0
2011,8,REG,NYG,MIA,1553.7468,1381.3894,14,7,0,1,214.55739999999986,0.38095238095238093,1.0
2011,8,REG,LA,NO,1361.1883,1591.6448,7,7,0,1,-188.25650000000002,0.38095238095238093,1.0
2011,8,REG,TEN,IND,1477.6677,1418.8647,7,7,1,1,101.00299999999989,0.38095238095238093,1.0
2011,8,REG,BUF,WAS,1494.7138,1445.7925,14,7,0,1,91.12129999999998,0.38095238095238093,1.0
2011,8,REG,DEN,DET,1413.6973,1512.2429,7,7,0,0,-56.34559999999992,0.38095238095238093,1.0
2011,8,REG,PIT,NE,1610.4974,1649.0704,7,14,0,1,3.62699999999991,0.38095238095238093,1.0
2011,8,REG,SEA,CIN,1451.0067,1490.1896,7,14,0,0,3.017099999999985,0.38095238095238093,1.0
2011,8,REG,SF,CLE,1552.4598,1453.2647,14,7,0,1,141.39510000000013,0.38095238095238093,1.0
2011,8,REG,PHI,DAL,1491.4326,1505.3639,14,7,1,1,28.268700000000038,0.38095238095238093,1.0
2011,8,REG,KC,LAC,1499.5565,1556.9875,8,8,1,1,-15.231000000000037,0.38095238095238093,1.0
2011,9,REG,BUF,NYJ,1509.5855,1581.42,7,14,1,0,-29.63450000000016,0.42857142857142855,1.0
2011,9,REG,DAL,SEA,1486.9876,1430.833,7,7,0,1,98.35459999999985,0.42857142857142855,1.0
2011,9,REG,HOU,CLE,1525.0325,1440.9826,7,7,0,1,126.24989999999998,0.42857142857142855,1.0
2011,9,REG,IND,ATL,1404.5205,1581.1341,7,14,0,0,-134.41359999999992,0.42857142857142855,1.0
2011,9,REG,KC,MIA,1520.4327,1372.3777,6,7,0,0,190.25500000000005,0.42857142857142855,1.0
2011,9,REG,NO,TB,1561.7571,1529.0836,7,14,1,1,74.8735000000001,0.42857142857142855,1.0
2011,9,REG,WAS,SF,1430.9208,1564.7419,7,7,0,0,-91.62109999999988,0.42857142857142855,1.0
2011,9,REG,LV,DEN,1509.3624,1396.9127,14,7,1,0,154.64969999999988,0.42857142857142855,1.0
2011,9,REG,TEN,CIN,1492.0119,1510.3633,7,7,0,0,23.84859999999999,0.42857142857142855,1.0
2011,9,REG,ARI,LA,1371.0695,1391.076,7,7,1,1,22.193500000000043,0.42857142857142855,1.0
2011,9,REG,NE,NYG,1629.2792,1562.7585,7,7,0,0,108.72070000000004,0.42857142857142855,1.0
2011,9,REG,LAC,GB,1536.1113,1689.8148,6,14,0,0,-111.50350000000007,0.42857142857142855,1.0
2011,9,REG,PIT,BAL,1630.2886,1596.0124,7,7,1,0,76.47620000000002,0.42857142857142855,1.0
2011,9,REG,PHI,CHI,1509.8089,1555.3193,8,15,0,0,-3.310400000000115,0.42857142857142855,1.0
2011,10,REG,LAC,LV,1522.3183,1481.0049,4,4,1,0,83.5134,0.47619047619047616,1.0
2011,10,REG,ATL,NO,1593.7609,1577.5125,7,7,1,0,58.44839999999995,0.47619047619047616,1.0
2011,10,REG,CAR,TEN,1383.6062,1470.6412,14,7,0,0,-44.83500000000008,0.47619047619047616,1.0
2011,10,REG,CIN,PIT,1531.734,1605.956,7,7,1,0,-32.02199999999998,0.47619047619047616,1.0
2011,10,REG,CLE,LA,1427.9463,1372.3518,7,7,0,0,97.79450000000016,0.47619047619047616,1.0
2011,10,REG,DAL,BUF,1501.4724,1491.2873,7,7,0,1,52.38510000000015,0.47619047619047616,1.0
2011,10,REG,IND,JAX,1391.8937,1432.5733,7,14,1,0,1.5204000000000661,0.47619047619047616,1.0
2011,10,REG,KC,DEN,1490.4583,1425.2702,7,7,1,0,107.38810000000008,0.47619047619047616,1.0
2011,10,REG,MIA,WAS,1402.3521,1416.076,7,7,0,1,28.476100000000045,0.47619047619047616,1.0
2011,10,REG,PHI,ARI,1489.9995,1389.7937,6,7,0,0,142.40579999999994,0.47619047619047616,1.0
2011,10,REG,TB,HOU,1513.3282,1538.0688,7,7,0,0,17.459399999999917,0.47619047619047616,1.0
2011,10,REG,SEA,BAL,1416.3482,1620.345,7,7,0,1,-161.79680000000013,0.47619047619047616,1.0
2011,10,REG,CHI,DET,1575.1287,1529.0275,6,14,1,1,88.30120000000007,0.47619047619047616,1.0
2011,10,REG,SF,NYG,1579.5867,1588.8204,7,7,0,1,32.966300000000004,0.47619047619047616,1.0
2011,10,REG,NYJ,NE,1599.7182,1603.2173,7,7,1,0,38.700900000000004,0.47619047619047616,1.0
2011,10,REG,GB,MIN,1703.6078,1433.7787,8,15,1,1,312.0290999999999,0.47619047619047616,1.0
2011,11,REG,DEN,NYJ,1451.2623,1577.4996,4,4,0,1,-84.0373,0.5238095238095238,1.0
2011,11,REG,BAL,CIN,1591.6508,1513.5721,7,7,1,1,120.2786999999998,0.5238095238095238,1.0
2011,11,REG,CLE,JAX,1402.4609,1452.6608,7,7,0,1,-7.999900000000068,0.5238095238095238,1.0
2011,11,REG,DET,CAR,1514.0038,1366.1729,7,7,0,1,190.03089999999992,0.5238095238095238,1.0
2011,11,REG,GB,TB,1709.3004,1492.324,6,7,0,1,259.1764,0.5238095238095238,1.0
2011,11,REG,MIA,BUF,1420.7165,1474.2802,7,7,1,1,-11.363699999999923,0.5238095238095238,1.0
2011,11,REG,MIN,LV,1428.0861,1505.7218,6,10,0,0,-35.43570000000004,0.5238095238095238,1.0
2011,11,REG,WAS,DAL,1397.7116,1518.4795,7,7,1,0,-78.56789999999982,0.5238095238095238,1.0
2011,11,REG,SF,ARI,1597.6947,1417.5611,7,7,1,1,222.3336000000001,0.5238095238095238,1.0
2011,11,REG,LA,SEA,1397.8372,1445.0424,7,7,1,0,-5.005200000000102,0.5238095238095238,1.0
2011,11,REG,ATL,TEN,1570.4277,1488.0745,7,7,0,1,124.55320000000002,0.5238095238095238,1.0
2011,11,REG,CHI,LAC,1590.1524,1497.6014,7,10,0,1,134.75099999999992,0.5238095238095238,1.0
2011,11,REG,NYG,PHI,1570.7124,1462.2321,7,7,1,0,150.68029999999993,0.5238095238095238,1.0
2011,11,REG,NE,KC,1625.4359,1464.4662,8,8,0,1,203.16969999999986,0.5238095238095238,1.0
2011,12,REG,DET,GB,1524.0391,1716.6456,4,4,1,0,-150.4065000000001,0.5714285714285714,1.0
2011,12,REG,DAL,MIA,1534.0323,1441.3704,4,4,0,1,134.86190000000005,0.5714285714285714,1.0
2011,12,REG,BAL,SF,1604.991,1606.3977,4,4,0,1,40.7933,0.5714285714285714,1.0
2011,12,REG,ATL,MIN,1583.55,1410.1189,7,7,0,1,215.6311,0.5714285714285714,1.0
2011,12,REG,CIN,CLE,1500.2319,1422.9213,7,7,1,1,119.51060000000003,0.5714285714285714,1.0
2011,12,REG,IND,CAR,1371.8062,1356.1376,14,7,0,0,57.86859999999997,0.5714285714285714,1.0
2011,12,REG,JAX,HOU,1432.2004,1559.073,7,14,1,0,-84.67260000000014,0.5714285714285714,1.0
2011,12,REG,NYJ,BUF,1552.7542,1453.6263,10,7,1,1,141.32790000000017,0.5714285714285714,1.0
2011,12,REG,LA,ARI,1378.1253,1408.8581,7,7,1,0,11.467200000000005,0.5714285714285714,1.0
2011,12,REG,TEN,TB,1474.9522,1484.9788,7,7,0,1,32.17339999999986,0.5714285714285714,1.0
2011,12,REG,LV,CHI,1523.689,1602.7624,7,7,0,1,-36.87339999999999,0.5714285714285714,1.0
2011,12,REG,SEA,WAS,1464.7543,1382.1588,7,7,0,0,124.79550000000013,0.5714285714285714,1.0
2011,12,REG,PHI,NE,1490.4002,1634.9134,7,6,0,0,-102.31319999999987,0.5714285714285714,1.0
2011,12,REG,LAC,DEN,1484.9914,1476.0077,7,10,1,0,51.1837,0.5714285714285714,1.0
2011,12,REG,KC,PIT,1454.9887,1624.1179,6,14,0,0,-126.92919999999985,0.5714285714285714,1.0
2011,12,REG,NO,NYG,1600.8457,1542.5443,15,8,0,1,100.50140000000006,0.5714285714285714,1.0
2011,13,REG,SEA,PHI,1437.8643,1476.1253,4,4,0,1,3.9390000000000356,0.6190476190476191,1.0
2011,13,REG,BUF,TEN,1441.3409,1493.1054,7,7,0,0,-9.564499999999995,0.6190476190476191,1.0
2011,13,REG,CHI,KC,1580.6477,1441.9867,7,7,0,0,180.86100000000005,0.6190476190476191,1.0
2011,13,REG,HOU,ATL,1574.2931,1592.5186,7,7,0,1,23.974499999999992,0.6190476190476191,1.0
2011,13,REG,MIA,LV,1428.7659,1545.8037,10,7,0,1,-74.83779999999983,0.6190476190476191,1.0
2011,13,REG,MIN,DEN,1401.1503,1498.9329,7,7,0,0,-55.5826,0.6190476190476191,1.0
2011,13,REG,NE,IND,1649.1883,1348.5055,7,7,0,1,342.88280000000003,0.6190476190476191,1.0
2011,13,REG,PIT,CIN,1637.1199,1513.6114,7,7,1,1,165.7084999999999,0.6190476190476191,1.0
2011,13,REG,TB,CAR,1466.8256,1379.4383,7,7,1,0,129.58729999999986,0.6190476190476191,1.0
2011,13,REG,WAS,NYJ,1409.0488,1565.0396,7,7,0,0,-113.79080000000003,0.6190476190476191,1.0
2011,13,REG,CLE,BAL,1409.5418,1622.6535,7,10,1,0,-170.91169999999994,0.6190476190476191,1.0
2011,13,REG,ARI,DAL,1429.518,1546.6368,7,10,0,1,-74.91879999999996,0.6190476190476191,1.0
2011,13,REG,NYG,GB,1528.1735,1728.4907,6,10,0,0,-158.11719999999997,0.6190476190476191,1.0
2011,13,REG,SF,LA,1588.7352,1357.4654,10,7,1,1,273.4698,0.6190476190476191,1.0
2011,13,REG,NO,DET,1615.2165,1512.194,6,10,0,1,145.22250000000003,0.6190476190476191,1.0
2011,13,REG,JAX,LAC,1416.9803,1462.0662,8,8,0,0,-2.885900000000035,0.6190476190476191,1.0
2011,14,REG,PIT,CLE,1648.244,1398.6566,4,4,1,1,291.7873999999999,0.6666666666666666,1.0
2011,14,REG,BAL,IND,1633.5387,1343.6262,7,7,0,1,332.1125000000001,0.6666666666666666,1.0
2011,14,REG,CAR,ATL,1406.5702,1573.8965,7,7,1,0,-125.12629999999994,0.6666666666666666,1.0
2011,14,REG,CIN,HOU,1502.4873,1592.9152,7,7,0,0,-48.227899999999906,0.6666666666666666,1.0
2011,14,REG,DET,MIN,1500.0986,1384.3229,7,7,1,1,157.97570000000013,0.6666666666666666,1.0
2011,14,REG,JAX,TB,1397.1464,1439.6937,6,7,0,1,-0.3472999999999473,0.6666666666666666,1.0
2011,14,REG,MIA,PHI,1453.0085,1456.352,7,10,0,0,38.856499999999826,0.6666666666666666,1.0
2011,14,REG,NYJ,KC,1578.7139,1471.5493,7,7,0,1,149.36460000000005,0.6666666666666666,1.0
2011,14,REG,TEN,NO,1512.555,1627.3119,7,7,0,0,-72.55689999999986,0.6666666666666666,1.0
2011,14,REG,WAS,NE,1395.3745,1654.0676,7,7,0,0,-216.4931000000002,0.6666666666666666,1.0
2011,14,REG,ARI,SF,1453.765,1595.5998,7,7,1,1,-99.63479999999986,0.6666666666666666,1.0
2011,14,REG,DEN,CHI,1515.7603,1551.0851,7,7,0,1,6.875199999999907,0.6666666666666666,1.0
2011,14,REG,GB,LV,1739.9691,1521.5611,7,7,0,1,260.6080000000001,0.6666666666666666,1.0
2011,14,REG,LAC,BUF,1481.9001,1421.8913,6,7,0,1,102.20880000000007,0.6666666666666666,1.0
2011,14,REG,DAL,NYG,1522.3898,1516.6951,7,7,1,0,47.894700000000014,0.6666666666666666,1.0
2011,14,REG,SEA,LA,1457.6376,1350.6008,11,8,1,1,149.23680000000007,0.6666666666666666,1.0
2011,15,REG,ATL,JAX,1586.9897,1417.1664,4,4,0,1,212.0233,0.7142857142857143,1.0
2011,15,REG,TB,DAL,1419.6737,1499.6501,6,6,0,0,-37.77640000000001,0.7142857142857143,1.0
2011,15,REG,BUF,MIA,1407.6109,1430.781,7,7,1,0,19.029899999999955,0.7142857142857143,1.0
2011,15,REG,CHI,SEA,1531.4808,1469.5389,7,6,0,0,104.14190000000004,0.7142857142857143,1.0
2011,15,REG,HOU,CAR,1610.1567,1393.477,7,7,0,0,258.8796999999999,0.7142857142857143,1.0
2011,15,REG,IND,TEN,1338.475,1496.672,7,7,1,1,-115.99700000000011,0.7142857142857143,1.0
2011,15,REG,KC,GB,1459.6542,1747.265,7,7,0,1,-245.41080000000017,0.7142857142857143,1.0
2011,15,REG,MIN,NO,1372.8378,1643.1949,7,7,0,0,-228.15709999999996,0.7142857142857143,1.0
2011,15,REG,NYG,WAS,1539.4348,1386.4404,7,7,1,0,195.19440000000003,0.7142857142857143,1.0
2011,15,REG,LA,CIN,1338.6995,1485.2458,6,7,0,0,-104.34629999999997,0.7142857142857143,1.0
2011,15,REG,LV,DET,1514.2652,1511.5837,7,7,0,0,44.881500000000145,0.7142857142857143,1.0
2011,15,REG,ARI,CLE,1479.3482,1392.371,7,10,0,1,129.1771999999998,0.7142857142857143,1.0
2011,15,REG,DEN,NE,1535.3646,1663.0017,7,7,0,0,-85.43709999999992,0.7142857142857143,1.0
2011,15,REG,PHI,NYJ,1478.5795,1590.609,7,7,0,1,-69.82949999999987,0.7142857142857143,1.0
2011,15,REG,LAC,BAL,1496.1805,1638.6899,7,7,0,1,-100.30940000000014,0.7142857142857143,1.0
2011,15,REG,SF,PIT,1570.0166,1654.5296,8,11,0,1,-42.313000000000144,0.7142857142857143,1.0
2011,16,REG,IND,HOU,1364.9148,1577.5122,4,4,1,1,-170.3973999999999,0.7619047619047619,1.0
2011,16,REG,BAL,CLE,1613.0709,1379.4823,6,6,1,1,275.78860000000003,0.7619047619047619,1.0
2011,16,REG,BUF,DEN,1386.5165,1520.186,6,6,0,1,-91.46949999999997,0.7619047619047619,1.0
2011,16,REG,CAR,TB,1426.1215,1401.8398,6,7,1,1,66.4817,0.7619047619047619,1.0
2011,16,REG,CIN,ARI,1499.4135,1492.2369,6,6,0,1,49.37660000000001,0.7619047619047619,1.0
2011,16,REG,KC,LV,1491.8218,1491.6959,6,6,1,0,42.325900000000004,0.7619047619047619,1.0
2011,16,REG,NE,MIA,1678.1803,1451.8754,6,6,1,1,268.5049000000001,0.7619047619047619,1.0
2011,16,REG,NYJ,NYG,1566.6426,1509.2483,6,6,0,0,99.59429999999993,0.7619047619047619,1.0
2011,16,REG,PIT,LA,1632.1058,1324.5318,5,6,0,1,349.77400000000006,0.7619047619047619,1.0
2011,16,REG,TEN,JAX,1470.2322,1408.0525,6,9,1,1,104.37969999999991,0.7619047619047619,1.0
2011,16,REG,WAS,MIN,1416.6269,1364.3609,6,6,0,0,94.46600000000008,0.7619047619047619,1.0
2011,16,REG,DET,LAC,1534.153,1521.7995,6,6,0,1,54.55349999999994,0.7619047619047619,1.0
2011,16,REG,DAL,PHI,1517.484,1502.5459,7,6,1,0,57.13809999999985,0.7619047619047619,1.0
2011,16,REG,SEA,SF,1495.3605,1592.4404,6,5,1,0,-54.87989999999995,0.7619047619047619,1.0
2011,16,REG,GB,CHI,1715.0974,1505.6592,7,7,1,1,251.63820000000004,0.7619047619047619,1.0
2011,16,REG,NO,ATL,1651.6718,1596.1036,8,11,1,1,97.76820000000016,0.7619047619047619,1.0
2011,17,REG,GB,DET,1722.7064,1551.0382,7,8,1,1,213.86820000000006,0.8095238095238095,1.0
2011,17,REG,HOU,TEN,1548.4208,1484.3981,10,8,1,0,106.22269999999999,0.8095238095238095,1.0
2011,17,REG,JAX,IND,1393.8866,1394.0062,8,10,1,1,42.08040000000001,0.8095238095238095,1.0
2011,17,REG,MIA,NYJ,1444.8467,1541.0615,8,8,1,1,-54.014799999999966,0.8095238095238095,1.0
2011,17,REG,MIN,CHI,1389.6686,1498.0502,8,7,1,0,-66.18159999999993,0.8095238095238095,1.0
2011,17,REG,NE,BUF,1685.209,1411.6635,8,8,1,1,315.74549999999994,0.8095238095238095,1.0
2011,17,REG,NO,CAR,1666.1878,1442.3405,6,8,1,1,266.0472999999999,0.8095238095238095,1.0
2011,17,REG,PHI,WAS,1525.8057,1391.3192,8,8,1,1,176.68649999999997,0.8095238095238095,1.0
2011,17,REG,LA,SF,1319.8199,1609.3073,8,8,1,0,-247.2874,0.8095238095238095,1.0
2011,17,REG,ARI,SEA,1475.0603,1478.4936,8,8,1,1,38.766700000000085,0.8095238095238095,1.0
2011,17,REG,ATL,TB,1581.5876,1385.6208,6,8,1,1,238.16680000000014,0.8095238095238095,1.0
2011,17,REG,CIN,BAL,1516.5901,1619.86,8,8,1,0,-61.069900000000004,0.8095238095238095,1.0
2011,17,REG,CLE,PIT,1372.6932,1636.8177,8,8,1,0,-221.92450000000014,0.8095238095238095,1.0
2011,17,REG,DEN,KC,1495.039,1469.3973,8,8,1,0,67.8416999999999,0.8095238095238095,1.0
2011,17,REG,LV,LAC,1514.1204,1504.9143,8,8,1,0,51.40610000000011,0.8095238095238095,1.0
2011,17,REG,NYG,DAL,1534.8294,1494.2242,8,8,1,1,82.80519999999997,0.8095238095238095,1.0
2012,1,REG,NYG,DAL,1602.5769,1488.5816,7,7,1,0,156.19530000000003,0.047619047619047616,1.0
2012,1,REG,CHI,IND,1509.8115,1427.0901,7,7,0,1,124.92140000000013,0.047619047619047616,1.0
2012,1,REG,CLE,PHI,1419.6245,1523.0977,7,7,0,0,-61.27320000000013,0.047619047619047616,1.0
2012,1,REG,DET,LA,1518.6867,1388.4732,7,7,0,1,172.41350000000006,0.047619047619047616,1.0
2012,1,REG,HOU,MIA,1517.4695,1481.9987,7,7,0,1,77.67079999999983,0.047619047619047616,1.0
2012,1,REG,KC,ATL,1497.1922,1540.762,7,7,0,0,-1.3697999999999837,0.047619047619047616,1.0
2012,1,REG,MIN,JAX,1425.2997,1448.1256,7,7,0,1,19.374099999999956,0.047619047619047616,1.0
2012,1,REG,NO,WAS,1597.4572,1429.6572,7,7,0,0,209.99999999999994,0.047619047619047616,1.0
2012,1,REG,NYJ,BUF,1512.0262,1444.8847,7,7,1,1,109.34149999999995,0.047619047619047616,1.0
2012,1,REG,TEN,NE,1507.4375,1614.8529,7,7,0,0,-65.21540000000009,0.047619047619047616,1.0
2012,1,REG,ARI,SEA,1496.9427,1477.6696,7,7,1,1,61.473100000000116,0.047619047619047616,1.0
2012,1,REG,GB,SF,1618.4074,1569.5487,7,7,0,0,91.0587,0.047619047619047616,1.0
2012,1,REG,TB,CAR,1427.7535,1462.3777,7,7,1,1,7.575800000000029,0.047619047619047616,1.0
2012,1,REG,DEN,PIT,1497.5,1568.9344,7,7,0,1,-29.234400000000093,0.047619047619047616,1.0
2012,1,REG,BAL,CIN,1581.4003,1489.5297,7,7,1,1,134.07059999999996,0.047619047619047616,1.0
2012,1,REG,LV,LAC,1495.9496,1517.9513,7,7,1,0,20.198299999999975,0.047619047619047616,1.0
2012,2,REG,GB,CHI,1593.2825,1522.9151,4,4,1,1,112.56740000000009,0.09523809523809523,1.0
2012,2,REG,BUF,KC,1430.979,1477.2711,7,7,0,1,-4.092099999999888,0.09523809523809523,1.0
2012,2,REG,CAR,NO,1442.8137,1566.6533,7,7,1,1,-81.63960000000002,0.09523809523809523,1.0
2012,2,REG,CIN,CLE,1476.8859,1403.1156,6,7,1,1,115.97029999999991,0.09523809523809523,1.0
2012,2,REG,IND,MIN,1413.9865,1444.1856,7,7,0,1,12.000899999999959,0.09523809523809523,1.0
2012,2,REG,JAX,HOU,1429.2397,1533.0714,7,7,1,0,-61.63169999999995,0.09523809523809523,1.0
2012,2,REG,MIA,LV,1466.3968,1474.7882,7,6,0,1,33.80860000000003,0.09523809523809523,1.0
2012,2,REG,NE,ARI,1631.1423,1513.4405,7,7,0,0,159.90180000000004,0.09523809523809523,1.0
2012,2,REG,NYG,TB,1574.1461,1447.3175,11,7,0,1,169.0285999999998,0.09523809523809523,1.0
2012,2,REG,PHI,BAL,1539.6066,1594.0441,7,6,0,1,-12.237499999999997,0.09523809523809523,1.0
2012,2,REG,SEA,DAL,1461.1718,1517.0124,7,11,0,1,-13.640599999999992,0.09523809523809523,1.0
2012,2,REG,LA,WAS,1377.6564,1460.4611,7,7,0,1,-40.60469999999991,0.09523809523809523,1.0
2012,2,REG,PIT,NYJ,1547.2555,1525.9319,7,7,0,1,63.523599999999945,0.09523809523809523,1.0
2012,2,REG,LAC,TEN,1539.1127,1491.1481,6,7,0,1,90.1645999999998,0.09523809523809523,1.0
2012,2,REG,SF,DET,1594.6736,1529.5035,7,7,0,1,107.37010000000005,0.09523809523809523,1.0
2012,2,REG,ATL,DEN,1560.6831,1519.1789,8,8,0,1,83.70419999999986,0.09523809523809523,1.0
2012,3,REG,CAR,NYG,1467.4286,1585.1174,4,4,0,0,-75.48880000000013,0.14285714285714285,1.0
2012,3,REG,CHI,LA,1509.1774,1399.9832,10,7,0,1,151.39420000000013,0.14285714285714285,1.0
2012,3,REG,CLE,BUF,1389.554,1451.2145,7,7,0,0,-19.460499999999954,0.14285714285714285,1.0
2012,3,REG,DAL,TB,1496.2276,1436.3462,7,7,0,1,102.08139999999999,0.14285714285714285,1.0
2012,3,REG,IND,JAX,1433.2959,1412.7508,7,7,1,0,62.74510000000005,0.14285714285714285,1.0
2012,3,REG,MIA,NYJ,1484.4567,1509.5484,7,7,1,0,17.108300000000057,0.14285714285714285,1.0
2012,3,REG,MIN,SF,1424.8762,1608.6824,7,7,0,1,-141.6062,0.14285714285714285,1.0
2012,3,REG,NO,KC,1542.0384,1457.0356,7,7,0,0,127.20279999999998,0.14285714285714285,1.0
2012,3,REG,TEN,DET,1476.2249,1515.4947,7,7,0,1,2.930199999999971,0.14285714285714285,1.0
2012,3,REG,WAS,CIN,1438.1343,1490.4475,7,7,0,0,-10.113200000000049,0.14285714285714285,1.0
2012,3,REG,ARI,PHI,1542.046,1560.3108,7,7,0,1,23.93520000000008,0.14285714285714285,1.0
2012,3,REG,LAC,ATL,1554.0359,1575.9558,7,6,0,0,20.280100000000132,0.14285714285714285,1.0
2012,3,REG,DEN,HOU,1503.9062,1549.5603,6,7,0,0,-3.454100000000196,0.14285714285714285,1.0
2012,3,REG,LV,PIT,1456.7283,1563.639,7,7,0,1,-64.7106999999999,0.14285714285714285,1.0
2012,3,REG,BAL,NE,1573.3399,1602.5368,7,7,0,1,13.003099999999861,0.14285714285714285,1.0
2012,3,REG,SEA,GB,1481.9566,1607.0202,8,11,0,1,-82.86359999999995,0.14285714285714285,1.0
2012,4,REG,BAL,CLE,1592.5917,1370.6731,4,4,1,1,264.11859999999996,0.19047619047619047,1.0
2012,4,REG,ATL,CAR,1597.1219,1451.707,7,10,1,1,187.61489999999998,0.19047619047619047,1.0
2012,4,REG,BUF,NE,1470.0954,1583.285,7,7,1,0,-70.98960000000015,0.19047619047619047,1.0
2012,4,REG,DET,MIN,1495.6634,1452.6044,7,7,1,0,85.25899999999997,0.19047619047619047,1.0
2012,4,REG,HOU,TEN,1569.3615,1496.0562,7,7,1,1,115.50529999999999,0.19047619047619047,1.0
2012,4,REG,KC,LAC,1484.0474,1532.8698,7,7,1,0,-6.622400000000013,0.19047619047619047,1.0
2012,4,REG,NYJ,SF,1530.5324,1580.9542,7,7,0,0,-8.221799999999845,0.19047619047619047,1.0
2012,4,REG,LA,SEA,1388.1855,1506.6382,7,6,1,1,-76.25270000000005,0.19047619047619047,1.0
2012,4,REG,ARI,MIA,1560.6704,1463.4727,7,7,0,1,139.39769999999993,0.19047619047619047,1.0
2012,4,REG,DEN,LV,1484.105,1480.4109,7,7,1,1,45.89409999999994,0.19047619047619047,1.0
2012,4,REG,JAX,CIN,1436.3239,1509.8655,7,7,0,0,-31.341600000000014,0.19047619047619047,1.0
2012,4,REG,GB,NO,1582.3386,1515.0266,6,7,0,1,109.51200000000013,0.19047619047619047,1.0
2012,4,REG,TB,WAS,1422.059,1418.7163,7,7,0,0,45.542699999999925,0.19047619047619047,1.0
2012,4,REG,PHI,NYG,1541.6864,1600.839,7,10,1,1,-16.95259999999989,0.19047619047619047,1.0
2012,4,REG,DAL,CHI,1510.5148,1520.9751,8,8,0,0,31.739699999999814,0.19047619047619047,1.0
2012,5,REG,LA,ARI,1412.5058,1573.0506,4,4,1,1,-118.34480000000012,0.23809523809523808,1.0
2012,5,REG,CIN,MIA,1528.0662,1451.0925,7,7,0,0,119.17370000000001,0.23809523809523808,1.0
2012,5,REG,IND,GB,1409.7228,1596.2354,14,7,0,1,-144.31260000000003,0.23809523809523808,1.0
2012,5,REG,KC,BAL,1464.4286,1599.7679,7,10,0,0,-93.13930000000009,0.23809523809523808,1.0
2012,5,REG,NYG,CLE,1579.8639,1363.4969,7,10,0,1,258.56699999999995,0.23809523809523808,1.0
2012,5,REG,PIT,PHI,1539.9564,1562.6615,14,7,0,1,19.4949000000001,0.23809523809523808,1.0
2012,5,REG,WAS,ATL,1441.323,1607.2622,7,7,0,0,-123.7391999999998,0.23809523809523808,1.0
2012,5,REG,CAR,SEA,1441.5667,1482.3179,7,7,0,0,1.4488000000000767,0.23809523809523808,1.0
2012,5,REG,JAX,CHI,1418.1232,1542.7971,7,6,0,0,-82.4739,0.23809523809523808,1.0
2012,5,REG,MIN,TEN,1477.4161,1482.4706,7,7,0,1,37.145499999999814,0.23809523809523808,1.0
2012,5,REG,NE,DEN,1599.2544,1501.4784,7,7,0,1,139.97600000000006,0.23809523809523808,1.0
2012,5,REG,SF,BUF,1600.481,1454.126,7,7,0,1,188.555,0.23809523809523808,1.0
2012,5,REG,NO,LAC,1501.1298,1552.4886,7,7,0,1,-9.158799999999971,0.23809523809523808,1.0
2012,5,REG,NYJ,HOU,1511.0056,1582.9471,8,8,0,0,-29.74150000000013,0.23809523809523808,1.0
2012,6,REG,TEN,PIT,1464.6008,1558.8354,4,4,0,1,-52.0346,0.2857142857142857,1.0
2012,6,REG,ATL,LV,1620.4258,1463.0375,7,14,0,1,199.58830000000006,0.2857142857142857,1.0
2012,6,REG,BAL,DAL,1614.5312,1488.6928,7,13,0,1,168.03839999999985,0.2857142857142857,1.0
2012,6,REG,CLE,CIN,1356.1306,1501.463,7,7,1,1,-103.1324,0.2857142857142857,1.0
2012,6,REG,MIA,LA,1477.6957,1439.0665,7,10,0,1,80.82920000000009,0.2857142857142857,1.0
2012,6,REG,NYJ,IND,1492.7135,1437.5832,6,7,0,1,97.33030000000004,0.2857142857142857,1.0
2012,6,REG,PHI,DET,1543.7825,1470.8517,7,14,0,0,115.1308000000001,0.2857142857142857,1.0
2012,6,REG,TB,KC,1399.4523,1449.6653,14,7,0,1,-8.012999999999963,0.2857142857142857,1.0
2012,6,REG,ARI,BUF,1546.4899,1444.0267,10,7,0,0,144.66320000000013,0.2857142857142857,1.0
2012,6,REG,SEA,NE,1502.4013,1611.6061,7,7,0,1,-67.00479999999997,0.2857142857142857,1.0
2012,6,REG,SF,NYG,1610.5803,1587.2302,7,7,0,0,65.55010000000011,0.2857142857142857,1.0
2012,6,REG,WAS,MIN,1428.1594,1495.2859,7,7,0,1,-24.926500000000075,0.2857142857142857,1.0
2012,6,REG,HOU,GB,1601.2392,1568.375,6,7,0,0,75.06419999999999,0.2857142857142857,1.0
2012,6,REG,LAC,DEN,1531.9615,1489.1267,8,8,1,0,85.03479999999986,0.2857142857142857,1.0
2012,7,REG,SF,SEA,1586.8511,1526.2113,4,4,1,1,102.83980000000015,0.3333333333333333,1.0
2012,7,REG,BUF,TEN,1471.9041,1487.574,7,10,0,0,26.530099999999905,0.3333333333333333,1.0
2012,7,REG,CAR,DAL,1421.4833,1477.6761,14,7,0,0,-13.992799999999804,0.3333333333333333,1.0
2012,7,REG,HOU,BAL,1576.9842,1625.5479,7,7,0,1,-6.363699999999923,0.3333333333333333,1.0
2012,7,REG,IND,CLE,1423.0439,1381.8989,7,7,0,1,83.34499999999998,0.3333333333333333,1.0
2012,7,REG,MIN,ARI,1473.8535,1518.6125,7,7,0,1,-2.5590000000000117,0.3333333333333333,1.0
2012,7,REG,NYG,WAS,1610.9594,1449.5918,7,7,1,1,203.56760000000003,0.3333333333333333,1.0
2012,7,REG,LA,GB,1423.6372,1592.63,7,7,0,0,-126.79280000000021,0.3333333333333333,1.0
2012,7,REG,TB,NO,1419.9135,1521.6569,7,14,1,0,-59.543399999999835,0.3333333333333333,1.0
2012,7,REG,NE,NYJ,1587.7961,1507.2528,7,7,1,1,122.74330000000005,0.3333333333333333,1.0
2012,7,REG,LV,JAX,1453.4101,1402.7836,7,14,0,1,92.82650000000008,0.3333333333333333,1.0
2012,7,REG,CIN,PIT,1475.6947,1535.8622,7,10,1,0,-17.967500000000015,0.3333333333333333,1.0
2012,7,REG,CHI,DET,1558.1367,1497.2468,15,8,1,1,103.08990000000013,0.3333333333333333,1.0
2012,8,REG,MIN,TB,1494.0008,1403.3079,4,4,0,0,132.8929,0.38095238095238093,1.0
2012,8,REG,CHI,CAR,1572.3706,1402.2884,6,7,0,1,212.28220000000005,0.38095238095238093,1.0
2012,8,REG,CLE,LAC,1366.6067,1507.162,7,13,0,1,-98.35529999999999,0.38095238095238093,1.0
2012,8,REG,DET,SEA,1483.0129,1511.9642,6,10,0,1,13.248700000000056,0.38095238095238093,1.0
2012,8,REG,GB,JAX,1605.6389,1388.0035,7,7,0,1,259.8353999999999,0.38095238095238093,1.0
2012,8,REG,NYJ,MIA,1494.0385,1493.125,7,14,1,0,43.113500000000116,0.38095238095238093,1.0
2012,8,REG,PHI,ATL,1517.3874,1630.0532,14,14,0,0,-70.46579999999999,0.38095238095238093,1.0
2012,8,REG,PIT,WAS,1554.8288,1440.1308,7,7,0,1,156.89800000000008,0.38095238095238093,1.0
2012,8,REG,LA,NE,1410.6283,1601.0104,7,7,0,0,-148.18209999999982,0.38095238095238093,1.0
2012,8,REG,TEN,IND,1509.0982,1438.3361,7,7,1,0,112.96209999999992,0.38095238095238093,1.0
2012,8,REG,KC,LV,1429.2041,1468.1902,14,7,1,0,3.2138999999999243,0.38095238095238093,1.0
2012,8,REG,DAL,NYG,1496.871,1620.4204,7,7,1,0,-81.34939999999987,0.38095238095238093,1.0
2012,8,REG,DEN,NO,1513.9262,1538.2625,13,7,0,1,17.863700000000065,0.38095238095238093,1.0
2012,8,REG,ARI,SF,1498.4652,1601.0982,8,11,1,0,-60.43299999999981,0.38095238095238093,1.0
2012,9,REG,LAC,KC,1481.6468,1409.0191,4,4,1,1,114.82770000000001,0.42857142857142855,1.0
2012,9,REG,CIN,DEN,1456.7281,1532.8988,14,7,0,0,-33.970699999999894,0.42857142857142855,1.0
2012,9,REG,CLE,BAL,1392.1219,1605.1816,7,14,1,0,-170.8596999999998,0.42857142857142855,1.0
2012,9,REG,GB,ARI,1612.9614,1481.9093,7,6,0,1,173.25209999999987,0.42857142857142855,1.0
2012,9,REG,HOU,BUF,1597.3505,1450.3799,14,14,0,1,189.1706000000001,0.42857142857142855,1.0
2012,9,REG,IND,MIA,1464.6189,1515.5942,7,7,0,1,-8.775300000000058,0.42857142857142855,1.0
2012,9,REG,JAX,DET,1380.681,1502.2506,7,7,0,0,-79.36960000000003,0.42857142857142855,1.0
2012,9,REG,TEN,CHI,1482.8154,1581.474,7,7,0,0,-56.458599999999976,0.42857142857142855,1.0
2012,9,REG,WAS,CAR,1428.5949,1393.185,7,7,0,0,77.60990000000011,0.42857142857142855,1.0
2012,9,REG,LV,TB,1488.3752,1430.6054,7,10,0,0,99.96980000000003,0.42857142857142855,1.0
2012,9,REG,SEA,MIN,1492.7265,1466.7033,7,10,0,1,68.22320000000009,0.42857142857142855,1.0
2012,9,REG,NYG,PIT,1635.8213,1566.3647,7,7,0,0,111.65659999999998,0.42857142857142855,1.0
2012,9,REG,ATL,DAL,1646.0516,1481.4701,7,7,0,1,206.7815,0.42857142857142855,1.0
2012,9,REG,NO,PHI,1519.2899,1501.389,8,8,0,1,60.100900000000095,0.42857142857142855,1.0
2012,10,REG,JAX,IND,1365.172,1485.1239,4,4,1,0,-77.75190000000002,0.47619047619047616,1.0
2012,10,REG,BAL,LV,1616.0691,1462.7742,7,7,0,1,195.49489999999986,0.47619047619047616,1.0
2012,10,REG,CAR,DEN,1417.5797,1550.9495,7,7,0,0,-91.16979999999994,0.47619047619047616,1.0
2012,10,REG,CIN,NYG,1438.6774,1609.6063,7,7,0,1,-128.7288999999999,0.47619047619047616,1.0
2012,10,REG,MIA,TEN,1495.0892,1466.0371,7,7,0,0,71.25209999999988,0.47619047619047616,1.0
2012,10,REG,MIN,DET,1450.5808,1517.7596,7,7,1,1,-24.978800000000135,0.47619047619047616,1.0
2012,10,REG,NE,BUF,1612.9625,1440.3073,14,7,1,1,214.85520000000014,0.47619047619047616,1.0
2012,10,REG,NO,ATL,1535.8643,1655.3796,6,7,1,1,-77.31530000000002,0.47619047619047616,1.0
2012,10,REG,TB,LAC,1456.2064,1495.2674,7,10,0,1,3.139000000000081,0.47619047619047616,1.0
2012,10,REG,SEA,NYJ,1508.849,1471.5693,7,14,0,1,79.47969999999982,0.47619047619047616,1.0
2012,10,REG,PHI,DAL,1484.8146,1472.1421,6,7,1,0,54.8724999999999,0.47619047619047616,1.0
2012,10,REG,SF,LA,1617.6541,1398.6762,13,14,1,0,261.17789999999985,0.47619047619047616,1.0
2012,10,REG,CHI,HOU,1598.2523,1607.4231,7,7,0,0,33.02920000000013,0.47619047619047616,1.0
2012,10,REG,PIT,KC,1592.5797,1395.3985,8,11,0,1,239.38119999999998,0.47619047619047616,1.0
2012,11,REG,BUF,MIA,1431.3076,1471.0441,4,4,1,1,2.4635000000000247,0.5238095238095238,1.0
2012,11,REG,ATL,ARI,1631.001,1471.1305,7,14,0,1,202.07049999999998,0.5238095238095238,1.0
2012,11,REG,CAR,TB,1402.7106,1476.0257,7,7,1,0,-31.1150999999998,0.5238095238095238,1.0
2012,11,REG,DAL,CLE,1495.2748,1381.2344,7,14,0,1,156.24039999999985,0.5238095238095238,1.0
2012,11,REG,DET,GB,1496.3242,1623.7402,7,14,1,0,-85.21599999999994,0.5238095238095238,1.0
2012,11,REG,HOU,JAX,1629.3187,1349.5745,7,10,1,1,321.9442000000001,0.5238095238095238,1.0
2012,11,REG,KC,CIN,1387.3452,1465.7662,6,7,0,0,-36.221000000000046,0.5238095238095238,1.0
2012,11,REG,LA,NYJ,1431.3998,1456.0663,7,7,0,0,17.53349999999996,0.5238095238095238,1.0
2012,11,REG,WAS,PHI,1404.2002,1461.6819,14,7,1,1,-15.281700000000043,0.5238095238095238,1.0
2012,11,REG,LV,NO,1452.9735,1560.2429,7,7,0,0,-65.0693999999999,0.5238095238095238,1.0
2012,11,REG,DEN,LAC,1565.8186,1475.4481,7,7,1,1,132.57049999999998,0.5238095238095238,1.0
2012,11,REG,NE,IND,1621.9622,1500.7214,7,10,0,1,163.44080000000002,0.5238095238095238,1.0
2012,11,REG,PIT,BAL,1600.633,1625.8698,6,7,1,0,16.9632000000001,0.5238095238095238,1.0
2012,11,REG,SF,CHI,1584.9305,1576.3567,8,8,0,1,50.773799999999895,0.5238095238095238,1.0
2012,12,REG,DET,HOU,1481.1336,1634.7383,4,4,0,0,-111.40470000000009,0.5714285714285714,1.0
2012,12,REG,DAL,WAS,1506.8418,1425.0793,4,4,1,0,123.96249999999982,0.5714285714285714,1.0
2012,12,REG,NYJ,NE,1477.0748,1633.1914,4,4,1,0,-113.91659999999983,0.5714285714285714,1.0
2012,12,REG,CHI,MIN,1559.2588,1472.0162,6,14,1,1,129.44260000000003,0.5714285714285714,1.0
2012,12,REG,CIN,LV,1483.6887,1436.676,7,7,0,1,89.2127,0.5714285714285714,1.0
2012,12,REG,CLE,PIT,1369.6674,1579.6573,7,7,1,1,-167.78990000000005,0.5714285714285714,1.0
2012,12,REG,IND,BUF,1489.4922,1451.1658,7,10,0,1,80.52639999999992,0.5714285714285714,1.0
2012,12,REG,JAX,TEN,1344.1549,1490.0822,7,14,1,1,-103.72730000000006,0.5714285714285714,1.0
2012,12,REG,KC,DEN,1369.4227,1578.5372,7,7,1,0,-166.91449999999992,0.5714285714285714,1.0
2012,12,REG,MIA,SEA,1451.1859,1524.352,10,14,0,1,-30.96610000000014,0.5714285714285714,1.0
2012,12,REG,TB,ATL,1494.2393,1640.5244,7,7,1,0,-104.08510000000005,0.5714285714285714,1.0
2012,12,REG,LAC,BAL,1462.7295,1646.8455,7,7,0,0,-141.916,0.5714285714285714,1.0
2012,12,REG,ARI,LA,1461.6071,1410.3913,7,7,1,0,93.41579999999995,0.5714285714285714,1.0
2012,12,REG,NO,SF,1576.5404,1602.0284,7,6,0,0,16.712000000000174,0.5714285714285714,1.0
2012,12,REG,NYG,GB,1582.5175,1638.9308,14,7,0,1,-14.21330000000016,0.5714285714285714,1.0
2012,12,REG,PHI,CAR,1440.8028,1384.497,8,8,0,0,98.50579999999987,0.5714285714285714,1.0
2012,13,REG,ATL,NO,1654.7058,1555.5791,4,4,1,1,141.32670000000002,0.6190476190476191,1.0
2012,13,REG,BUF,JAX,1435.72,1369.9546,7,7,0,1,107.9654,0.6190476190476191,1.0
2012,13,REG,CHI,SEA,1572.1341,1502.5742,7,7,0,0,111.75989999999997,0.6190476190476191,1.0
2012,13,REG,DET,IND,1467.3355,1504.938,10,7,0,0,4.597499999999812,0.6190476190476191,1.0
2012,13,REG,GB,MIN,1618.1131,1459.1409,7,7,1,1,201.17219999999992,0.6190476190476191,1.0
2012,13,REG,KC,CAR,1358.3543,1410.0202,7,6,0,1,-9.465899999999962,0.6190476190476191,1.0
2012,13,REG,MIA,NE,1472.9637,1646.8591,7,10,1,0,-131.6953999999999,0.6190476190476191,1.0
2012,13,REG,NYJ,ARI,1463.4071,1436.3556,10,7,0,1,69.25149999999981,0.6190476190476191,1.0
2012,13,REG,LA,SF,1435.6428,1622.9897,7,7,1,1,-145.14690000000002,0.6190476190476191,1.0
2012,13,REG,TEN,HOU,1464.2825,1648.5364,7,10,1,0,-142.05389999999994,0.6190476190476191,1.0
2012,13,REG,DEN,TB,1589.6056,1480.0579,7,7,0,1,151.74770000000007,0.6190476190476191,1.0
2012,13,REG,BAL,PIT,1659.1021,1550.6854,7,7,1,0,150.61669999999998,0.6190476190476191,1.0
2012,13,REG,LV,CLE,1421.7015,1398.6393,7,7,0,0,65.26219999999985,0.6190476190476191,1.0
2012,13,REG,LAC,CIN,1450.4729,1498.6632,7,7,0,0,-5.990299999999976,0.6190476190476191,1.0
2012,13,REG,DAL,PHI,1479.9941,1415.2796,10,6,1,1,106.91449999999982,0.6190476190476191,1.0
2012,13,REG,WAS,NYG,1451.927,1603.3352,11,8,1,1,-109.20820000000008,0.6190476190476191,1.0
2012,14,REG,LV,DEN,1397.9883,1601.3864,4,4,1,0,-161.19810000000012,0.6666666666666666,1.0
2012,14,REG,BUF,LA,1449.6976,1463.5437,7,7,0,0,28.353900000000024,0.6666666666666666,1.0
2012,14,REG,CAR,ATL,1389.4754,1666.9913,7,10,1,1,-235.31589999999989,0.6666666666666666,1.0
2012,14,REG,CIN,DAL,1518.3184,1494.0268,7,7,0,0,66.49160000000002,0.6666666666666666,1.0
2012,14,REG,CLE,KC,1422.3525,1378.8991,7,7,0,1,85.65339999999988,0.6666666666666666,1.0
2012,14,REG,IND,TEN,1525.2026,1452.0327,7,7,1,1,115.3699000000001,0.6666666666666666,1.0
2012,14,REG,JAX,NYJ,1355.977,1479.4726,7,7,0,0,-81.29559999999996,0.6666666666666666,1.0
2012,14,REG,MIN,CHI,1449.58,1545.9138,7,7,1,1,-54.13380000000011,0.6666666666666666,1.0
2012,14,REG,PIT,LAC,1578.8504,1430.8177,7,7,0,0,190.23269999999997,0.6666666666666666,1.0
2012,14,REG,TB,PHI,1468.2771,1401.2469,7,7,0,0,109.23019999999993,0.6666666666666666,1.0
2012,14,REG,WAS,BAL,1478.0144,1630.9371,6,7,0,1,-110.72270000000007,0.6666666666666666,1.0
2012,14,REG,SF,MIA,1595.0888,1460.2013,7,7,0,1,177.08750000000003,0.6666666666666666,1.0
2012,14,REG,NYG,NO,1577.2478,1543.2936,6,10,0,1,76.15420000000013,0.6666666666666666,1.0
2012,14,REG,SEA,ARI,1528.7945,1420.2901,7,7,1,1,150.70440000000002,0.6666666666666666,1.0
2012,14,REG,GB,DET,1627.674,1447.0709,7,7,1,1,222.80310000000003,0.6666666666666666,1.0
2012,14,REG,NE,HOU,1659.6215,1660.7862,8,8,0,1,41.035299999999964,0.6666666666666666,1.0
2012,15,REG,PHI,CIN,1427.3354,1494.5369,4,4,0,0,-25.00150000000012,0.7142857142857143,1.0
2012,15,REG,ATL,NYG,1635.1962,1592.9329,7,7,0,1,84.46330000000007,0.7142857142857143,1.0
2012,15,REG,BAL,DEN,1604.7707,1612.7202,7,10,0,0,34.25050000000006,0.7142857142857143,1.0
2012,15,REG,CHI,GB,1522.8226,1636.3586,7,7,1,0,-71.33600000000006,0.7142857142857143,1.0
2012,15,REG,CLE,WAS,1437.5194,1504.1808,7,7,0,0,-24.461400000000182,0.7142857142857143,1.0
2012,15,REG,HOU,IND,1643.1375,1538.7952,6,7,1,1,146.5423,0.7142857142857143,1.0
2012,15,REG,MIA,JAX,1449.5955,1340.5732,7,7,0,1,151.22229999999985,0.7142857142857143,1.0
2012,15,REG,NO,TB,1527.6085,1442.1886,7,7,1,1,127.6199000000001,0.7142857142857143,1.0
2012,15,REG,LA,MIN,1485.1723,1472.6712,7,7,0,0,54.701099999999954,0.7142857142857143,1.0
2012,15,REG,ARI,DET,1408.4593,1438.3863,7,7,0,1,12.273000000000096,0.7142857142857143,1.0
2012,15,REG,BUF,SEA,1428.069,1540.6253,7,7,0,0,-70.35629999999996,0.7142857142857143,1.0
2012,15,REG,LAC,CAR,1460.7911,1421.2705,7,7,0,0,81.72059999999983,0.7142857142857143,1.0
2012,15,REG,DAL,PIT,1517.8083,1548.877,7,7,0,1,11.131299999999968,0.7142857142857143,1.0
2012,15,REG,LV,KC,1386.6545,1363.7322,10,7,1,1,65.12230000000018,0.7142857142857143,1.0
2012,15,REG,NE,SF,1677.2702,1605.6946,6,7,0,0,113.7755999999999,0.7142857142857143,1.0
2012,15,REG,TEN,NYJ,1438.4401,1494.8764,8,8,0,1,-14.236300000000071,0.7142857142857143,1.0
2012,16,REG,DET,ATL,1419.0925,1650.4277,6,6,0,0,-189.1352,0.7619047619047619,1.0
2012,16,REG,CAR,LV,1445.8898,1402.9491,7,7,0,1,85.14069999999988,0.7619047619047619,1.0
2012,16,REG,DAL,NO,1537.1678,1540.5756,7,7,0,0,38.79220000000005,0.7619047619047619,1.0
2012,16,REG,GB,TEN,1652.3089,1459.2591,7,6,0,1,235.2498,0.7619047619047619,1.0
2012,16,REG,HOU,MIN,1655.1689,1495.7943,7,7,0,0,201.57459999999986,0.7619047619047619,1.0
2012,16,REG,JAX,NE,1328.7672,1650.9452,7,7,0,0,-279.9780000000001,0.7619047619047619,1.0
2012,16,REG,KC,IND,1347.4376,1526.7638,7,7,0,0,-137.12619999999998,0.7619047619047619,1.0
2012,16,REG,MIA,BUF,1461.4015,1412.0646,7,7,1,1,91.53690000000002,0.7619047619047619,1.0
2012,16,REG,NYJ,LAC,1474.0574,1436.1718,6,7,0,0,80.08559999999984,0.7619047619047619,1.0
2012,16,REG,PHI,WAS,1408.7721,1522.775,10,7,1,0,-71.80290000000018,0.7619047619047619,1.0
2012,16,REG,PIT,CIN,1529.5175,1513.1002,7,10,1,0,58.617299999999844,0.7619047619047619,1.0
2012,16,REG,TB,LA,1429.2215,1462.0492,7,7,0,0,9.37230000000018,0.7619047619047619,1.0
2012,16,REG,DEN,CLE,1634.6855,1418.9252,7,7,0,1,257.96030000000013,0.7619047619047619,1.0
2012,16,REG,ARI,CHI,1427.7531,1506.8723,7,7,0,0,-36.91920000000009,0.7619047619047619,1.0
2012,16,REG,BAL,NYG,1582.8054,1577.7014,7,7,0,1,47.304000000000045,0.7619047619047619,1.0
2012,16,REG,SEA,SF,1556.6297,1632.0196,7,7,1,1,-33.18990000000012,0.7619047619047619,1.0
2012,17,REG,ATL,TB,1660.5019,1408.6821,8,7,1,0,294.0198,0.8095238095238095,1.0
2012,17,REG,BUF,NYJ,1397.2153,1449.5273,7,7,1,1,-10.111999999999895,0.8095238095238095,1.0
2012,17,REG,CIN,BAL,1536.4428,1600.0991,7,7,1,1,-21.45629999999987,0.8095238095238095,1.0
2012,17,REG,DET,CHI,1409.0183,1524.755,8,7,1,0,-73.53670000000015,0.8095238095238095,1.0
2012,17,REG,IND,HOU,1539.256,1624.713,7,7,1,1,-43.25699999999988,0.8095238095238095,1.0
2012,17,REG,NO,CAR,1562.7994,1461.0845,7,7,1,0,143.91490000000016,0.8095238095238095,1.0
2012,17,REG,NYG,PHI,1560.4077,1392.8476,7,7,1,1,209.7600999999999,0.8095238095238095,1.0
2012,17,REG,PIT,CLE,1506.1749,1411.5379,7,7,1,1,136.83699999999993,0.8095238095238095,1.0
2012,17,REG,TEN,JAX,1451.0518,1322.113,7,7,1,1,171.1387999999999,0.8095238095238095,1.0
2012,17,REG,DEN,KC,1642.0728,1334.9454,7,7,1,1,349.32739999999984,0.8095238095238095,1.0
2012,17,REG,MIN,GB,1526.2502,1660.5162,7,7,1,1,-92.06600000000007,0.8095238095238095,1.0
2012,17,REG,NE,MIA,1657.5994,1476.2508,7,7,1,1,223.54860000000002,0.8095238095238095,1.0
2012,17,REG,LAC,LV,1460.7019,1387.7544,7,7,1,1,115.1475,0.8095238095238095,1.0
2012,17,REG,SEA,LA,1578.5345,1482.5886,7,7,1,1,138.14589999999993,0.8095238095238095,1.0
2012,17,REG,SF,ARI,1610.1148,1409.8704,7,7,1,1,242.44440000000003,0.8095238095238095,1.0
2012,17,REG,WAS,DAL,1538.6995,1514.944,7,7,1,1,65.95549999999999,0.8095238095238095,1.0
2013,1,REG,DEN,BAL,1571.261,1611.7044,7,7,0,1,1.7565999999998922,0.047619047619047616,1.0
2013,1,REG,BUF,NE,1451.9183,1593.4763,7,7,1,0,-99.35799999999999,0.047619047619047616,1.0
2013,1,REG,CAR,SEA,1494.5953,1558.2824,7,7,0,0,-21.487100000000098,0.047619047619047616,1.0
2013,1,REG,CHI,CIN,1525.5904,1524.9688,7,7,0,1,42.82159999999995,0.047619047619047616,1.0
2013,1,REG,CLE,MIA,1440.6588,1481.7972,7,7,0,0,1.061599999999956,0.047619047619047616,1.0
2013,1,REG,DET,MIN,1437.1536,1522.7063,7,7,1,1,-43.352699999999956,0.047619047619047616,1.0
2013,1,REG,IND,LV,1526.3154,1425.7302,7,7,0,1,142.78519999999997,0.047619047619047616,1.0
2013,1,REG,JAX,KC,1387.9829,1399.3737,7,7,0,0,30.809199999999876,0.047619047619047616,1.0
2013,1,REG,NO,ATL,1522.215,1573.1009,7,7,1,1,-8.68589999999999,0.047619047619047616,1.0
2013,1,REG,NYJ,TB,1458.6072,1466.7186,7,7,0,1,34.0886,0.047619047619047616,1.0
2013,1,REG,PIT,TEN,1512.4488,1478.396,7,7,0,0,76.25279999999994,0.047619047619047616,1.0
2013,1,REG,SF,GB,1587.677,1577.8175,7,7,0,1,52.0594999999998,0.047619047619047616,1.0
2013,1,REG,LA,ARI,1483.328,1442.3979,7,7,1,1,83.13010000000004,0.047619047619047616,1.0
2013,1,REG,DAL,NYG,1500.4574,1543.0082,7,7,1,1,-0.35079999999997824,0.047619047619047616,1.0
2013,1,REG,WAS,PHI,1519.5529,1431.425,7,7,1,0,130.32789999999994,0.047619047619047616,1.0
2013,1,REG,LAC,HOU,1485.8236,1562.6333,7,7,0,0,-34.60970000000002,0.047619047619047616,1.0
2013,2,REG,NE,NYJ,1607.9078,1476.6512,4,4,1,1,173.45659999999992,0.09523809523809523,1.0
2013,2,REG,ATL,LA,1552.601,1498.6319,7,7,0,1,96.16910000000003,0.09523809523809523,1.0
2013,2,REG,BAL,CLE,1591.8055,1420.5977,10,7,1,1,213.4077999999999,0.09523809523809523,1.0
2013,2,REG,BUF,CAR,1437.4868,1475.8306,7,7,0,1,3.8561999999999017,0.09523809523809523,1.0
2013,2,REG,CHI,MIN,1543.1378,1500.2236,7,7,1,1,85.11419999999994,0.09523809523809523,1.0
2013,2,REG,GB,WAS,1560.7921,1492.3838,7,6,0,1,110.60829999999983,0.09523809523809523,1.0
2013,2,REG,HOU,TEN,1580.6476,1502.7163,6,7,1,1,120.13129999999997,0.09523809523809523,1.0
2013,2,REG,IND,MIA,1538.5295,1501.8583,7,7,0,0,78.8712,0.09523809523809523,1.0
2013,2,REG,KC,DAL,1421.1426,1520.4776,7,7,0,1,-57.13500000000003,0.09523809523809523,1.0
2013,2,REG,PHI,LAC,1458.5941,1467.8093,6,6,0,0,32.984800000000135,0.09523809523809523,1.0
2013,2,REG,ARI,DET,1427.094,1459.6363,7,7,0,1,9.657700000000162,0.09523809523809523,1.0
2013,2,REG,TB,NO,1448.6746,1542.7149,7,7,1,0,-51.840299999999885,0.09523809523809523,1.0
2013,2,REG,NYG,DEN,1522.988,1591.1599,7,10,0,0,-25.971900000000048,0.09523809523809523,1.0
2013,2,REG,LV,JAX,1413.5161,1366.214,7,7,0,1,89.50210000000011,0.09523809523809523,1.0
2013,2,REG,SEA,SF,1577.0471,1604.7024,7,7,1,1,14.544700000000105,0.09523809523809523,1.0
2013,2,REG,CIN,PIT,1507.4214,1488.1285,8,8,1,1,61.49289999999992,0.09523809523809523,1.0
2013,3,REG,PHI,KC,1436.701,1444.4022,4,4,0,0,34.49880000000003,0.14285714285714285,1.0
2013,3,REG,BAL,HOU,1600.8634,1593.9953,7,7,0,1,49.068099999999916,0.14285714285714285,1.0
2013,3,REG,CAR,NYG,1456.0526,1504.4803,7,7,0,1,-6.227699999999956,0.14285714285714285,1.0
2013,3,REG,CIN,GB,1523.9181,1574.6317,6,7,0,1,-8.513599999999812,0.14285714285714285,1.0
2013,3,REG,DAL,LA,1497.218,1484.0307,7,7,0,1,55.38730000000005,0.14285714285714285,1.0
2013,3,REG,MIN,CLE,1485.0274,1411.5398,7,7,0,0,115.68759999999993,0.14285714285714285,1.0
2013,3,REG,NE,TB,1618.6773,1431.6368,10,7,0,1,229.24050000000005,0.14285714285714285,1.0
2013,3,REG,NO,ARI,1559.7527,1446.5382,7,7,0,1,155.41450000000003,0.14285714285714285,1.0
2013,3,REG,TEN,LAC,1489.3686,1489.7024,7,7,0,1,41.86620000000012,0.14285714285714285,1.0
2013,3,REG,WAS,DET,1478.5442,1440.1921,7,7,0,0,80.55210000000007,0.14285714285714285,1.0
2013,3,REG,MIA,ATL,1526.3221,1567.2022,7,7,0,1,1.3199000000001462,0.14285714285714285,1.0
2013,3,REG,NYJ,BUF,1465.8817,1457.2648,10,7,1,1,50.81689999999999,0.14285714285714285,1.0
2013,3,REG,SEA,JAX,1596.2103,1351.2551,7,7,0,1,287.15519999999987,0.14285714285714285,1.0
2013,3,REG,SF,IND,1585.5392,1514.0657,7,7,0,0,113.67349999999983,0.14285714285714285,1.0
2013,3,REG,PIT,CHI,1471.6318,1558.334,6,7,0,0,-44.502199999999945,0.14285714285714285,1.0
2013,3,REG,DEN,LV,1609.6676,1428.475,8,8,1,1,223.39260000000007,0.14285714285714285,1.0
2013,4,REG,LA,SF,1467.1923,1559.2195,4,4,1,0,-49.82719999999999,0.19047619047619047,1.0
2013,4,REG,BUF,BAL,1440.1694,1618.0574,7,7,0,1,-135.68799999999993,0.19047619047619047,1.0
2013,4,REG,CLE,CIN,1437.9636,1544.4081,7,7,1,1,-64.24450000000006,0.19047619047619047,1.0
2013,4,REG,DET,CHI,1464.7477,1575.7862,7,7,1,1,-68.83850000000011,0.19047619047619047,1.0
2013,4,REG,HOU,SEA,1576.8013,1602.6385,7,7,0,0,16.362800000000064,0.19047619047619047,1.0
2013,4,REG,JAX,IND,1344.8269,1540.3854,7,7,1,0,-153.35849999999988,0.19047619047619047,1.0
2013,4,REG,KC,NYG,1466.3816,1484.1218,10,7,0,1,24.459800000000044,0.19047619047619047,1.0
2013,4,REG,MIN,PIT,1458.6036,1454.1796,7,7,0,1,46.62399999999998,0.19047619047619047,1.0
2013,4,REG,TB,ARI,1423.2015,1434.9321,7,7,0,0,30.469399999999908,0.19047619047619047,1.0
2013,4,REG,TEN,NYJ,1506.9702,1482.9771,7,7,0,1,66.19309999999992,0.19047619047619047,1.0
2013,4,REG,DEN,PHI,1618.3292,1414.7216,6,10,0,1,245.8075999999998,0.19047619047619047,1.0
2013,4,REG,LV,WAS,1419.8134,1453.9886,6,7,0,0,8.024800000000099,0.19047619047619047,1.0
2013,4,REG,LAC,DAL,1472.1008,1514.0564,7,7,0,1,0.24439999999999884,0.19047619047619047,1.0
2013,4,REG,ATL,NE,1547.2782,1627.1126,7,7,0,0,-37.63439999999996,0.19047619047619047,1.0
2013,4,REG,NO,MIA,1571.3588,1546.2461,8,8,0,1,67.31269999999991,0.19047619047619047,1.0
2013,5,REG,CLE,BUF,1461.6202,1467.6059,4,4,0,1,36.21430000000005,0.23809523809523808,1.0
2013,5,REG,CHI,NO,1551.8746,1587.5317,7,6,0,0,6.5429000000001025,0.23809523809523808,1.0
2013,5,REG,CIN,NE,1520.7515,1644.9546,7,7,0,1,-82.00309999999995,0.23809523809523808,1.0
2013,5,REG,GB,DET,1554.1417,1488.6593,14,7,1,1,107.68239999999987,0.23809523809523808,1.0
2013,5,REG,IND,SEA,1552.0893,1623.5797,7,7,0,1,-29.290399999999906,0.23809523809523808,1.0
2013,5,REG,MIA,BAL,1530.0732,1590.6209,6,7,0,0,-18.347699999999847,0.23809523809523808,1.0
2013,5,REG,NYG,PHI,1465.5275,1406.9036,7,7,1,0,100.82389999999982,0.23809523809523808,1.0
2013,5,REG,LA,JAX,1450.0411,1333.123,10,7,0,1,159.11809999999986,0.23809523809523808,1.0
2013,5,REG,TEN,KC,1523.2053,1484.9759,7,7,0,0,80.42940000000017,0.23809523809523808,1.0
2013,5,REG,ARI,CAR,1456.6816,1476.4111,7,14,0,1,22.47049999999986,0.23809523809523808,1.0
2013,5,REG,DAL,DEN,1494.0705,1626.1472,7,7,0,0,-89.87670000000007,0.23809523809523808,1.0
2013,5,REG,SF,HOU,1576.3707,1555.8601,10,7,0,1,62.71059999999984,0.23809523809523808,1.0
2013,5,REG,LV,LAC,1399.3515,1492.0867,7,7,1,1,-50.535200000000074,0.23809523809523808,1.0
2013,5,REG,ATL,NYJ,1529.4362,1466.742,8,8,0,0,104.89420000000014,0.23809523809523808,1.0
2013,6,REG,CHI,NYG,1531.498,1439.8812,4,4,0,1,133.8168,0.2857142857142857,1.0
2013,6,REG,BAL,GB,1609.5657,1568.1341,7,7,0,0,83.63160000000012,0.2857142857142857,1.0
2013,6,REG,BUF,CIN,1449.683,1545.3862,10,7,0,0,-53.50319999999992,0.2857142857142857,1.0
2013,6,REG,CLE,DET,1479.5431,1474.6669,10,7,0,0,47.076200000000156,0.2857142857142857,1.0
2013,6,REG,HOU,LA,1539.4313,1461.4724,7,7,0,0,120.15889999999986,0.2857142857142857,1.0
2013,6,REG,KC,LV,1509.5248,1422.2402,7,7,1,1,129.48459999999994,0.2857142857142857,1.0
2013,6,REG,MIN,CAR,1475.9357,1457.7028,14,7,0,0,60.432899999999975,0.2857142857142857,1.0
2013,6,REG,NYJ,PIT,1492.6032,1436.8475,6,14,0,0,97.95569999999994,0.2857142857142857,1.0
2013,6,REG,TB,PHI,1401.452,1432.5499,14,7,0,0,11.102100000000021,0.2857142857142857,1.0
2013,6,REG,DEN,JAX,1641.0859,1321.6917,7,7,0,1,361.59419999999994,0.2857142857142857,1.0
2013,6,REG,SEA,TEN,1601.8976,1498.6564,7,7,0,1,145.44119999999992,0.2857142857142857,1.0
2013,6,REG,NE,NO,1620.3199,1607.9083,7,7,0,1,54.61159999999991,0.2857142857142857,1.0
2013,6,REG,SF,ARI,1592.7995,1475.3899,7,7,1,1,159.60960000000017,0.2857142857142857,1.0
2013,6,REG,DAL,WAS,1479.1318,1474.4505,7,14,1,1,46.881300000000195,0.2857142857142857,1.0
2013,6,REG,LAC,IND,1469.198,1573.7714,8,8,0,1,-62.37339999999999,0.2857142857142857,1.0
2013,7,REG,ARI,SEA,1463.9817,1613.9824,4,4,1,0,-107.80070000000005,0.3333333333333333,1.0
2013,7,REG,ATL,TB,1503.575,1380.8131,13,7,1,1,164.96189999999996,0.3333333333333333,1.0
2013,7,REG,CAR,LA,1481.1469,1488.1261,7,7,0,1,35.22080000000001,0.3333333333333333,1.0
2013,7,REG,DET,CIN,1497.3604,1562.3304,7,7,0,0,-22.770000000000024,0.3333333333333333,1.0
2013,7,REG,JAX,LAC,1317.2554,1492.7504,7,6,0,0,-133.2949999999999,0.3333333333333333,1.0
2013,7,REG,MIA,BUF,1511.1284,1432.7388,14,7,1,0,120.58959999999998,0.3333333333333333,1.0
2013,7,REG,NYJ,NE,1467.1092,1637.2018,7,7,1,1,-127.89259999999994,0.3333333333333333,1.0
2013,7,REG,PHI,DAL,1453.1888,1496.4494,7,7,1,0,-1.0606000000000648,0.3333333333333333,1.0
2013,7,REG,WAS,CHI,1457.1329,1544.1545,7,10,0,1,-44.82160000000003,0.3333333333333333,1.0
2013,7,REG,TEN,SF,1486.5716,1604.2077,7,7,0,0,-75.43609999999994,0.3333333333333333,1.0
2013,7,REG,GB,CLE,1592.8574,1456.8496,7,7,0,1,178.20780000000008,0.3333333333333333,1.0
2013,7,REG,KC,HOU,1522.398,1512.7776,7,7,0,1,51.82040000000002,0.3333333333333333,1.0
2013,7,REG,PIT,BAL,1462.3415,1584.8424,7,7,1,1,-80.3009,0.3333333333333333,1.0
2013,7,REG,IND,DEN,1550.219,1645.5222,6,7,0,1,-53.10320000000006,0.3333333333333333,1.0
2013,7,REG,NYG,MIN,1427.2247,1452.4916,11,8,0,1,16.933099999999925,0.3333333333333333,1.0
2013,8,REG,TB,CAR,1369.6545,1499.1263,4,4,1,0,-87.2717999999998,0.38095238095238093,1.0
2013,8,REG,DET,DAL,1478.6693,1516.3883,7,7,0,1,4.480999999999952,0.38095238095238093,1.0
2013,8,REG,JAX,SF,1304.5729,1619.9322,7,7,0,0,-273.1593000000001,0.38095238095238093,1.0
2013,8,REG,KC,CLE,1539.4369,1446.294,7,7,0,1,135.34289999999982,0.38095238095238093,1.0
2013,8,REG,NE,MIA,1610.1551,1484.4526,7,7,1,1,167.90249999999986,0.38095238095238093,1.0
2013,8,REG,NO,BUF,1591.0264,1459.4146,14,7,0,1,173.8117999999999,0.38095238095238093,1.0
2013,8,REG,PHI,NYG,1433.2499,1446.2507,7,6,1,0,29.199199999999976,0.38095238095238093,1.0
2013,8,REG,CIN,NYJ,1581.0215,1494.1559,7,7,0,1,129.06560000000007,0.38095238095238093,1.0
2013,8,REG,LV,PIT,1409.367,1486.8834,14,7,0,1,-35.31639999999997,0.38095238095238093,1.0
2013,8,REG,ARI,ATL,1449.9955,1514.7336,10,7,0,1,-22.53810000000003,0.38095238095238093,1.0
2013,8,REG,DEN,WAS,1622.4889,1479.6988,7,7,0,1,184.99010000000015,0.38095238095238093,1.0
2013,8,REG,MIN,GB,1433.4656,1603.413,6,7,1,0,-127.74740000000001,0.38095238095238093,1.0
2013,8,REG,LA,SEA,1470.1467,1627.9686,8,11,1,0,-115.62189999999991,0.38095238095238093,1.0
2013,9,REG,MIA,CIN,1473.4296,1593.9158,4,4,0,1,-78.28620000000005,0.42857142857142855,1.0
2013,9,REG,BUF,KC,1448.6612,1552.0175,7,7,0,0,-61.156299999999916,0.42857142857142855,1.0
2013,9,REG,CAR,ATL,1514.2056,1493.438,10,7,1,1,62.967599999999905,0.42857142857142855,1.0
2013,9,REG,DAL,MIN,1496.6462,1420.5049,7,7,0,1,118.3413,0.42857142857142855,1.0
2013,9,REG,NYJ,NO,1481.2616,1601.7798,7,7,0,1,-78.31819999999998,0.42857142857142855,1.0
2013,9,REG,LA,TEN,1456.5671,1470.8471,6,14,0,0,27.92000000000003,0.42857142857142855,1.0
2013,9,REG,WAS,LAC,1469.4437,1505.4329,7,14,0,1,6.21080000000002,0.42857142857142855,1.0
2013,9,REG,LV,PHI,1431.393,1411.573,7,7,0,0,62.01999999999994,0.42857142857142855,1.0
2013,9,REG,SEA,TB,1641.5482,1354.5752,6,10,0,1,329.17299999999994,0.42857142857142855,1.0
2013,9,REG,CLE,BAL,1433.7134,1560.3005,7,14,1,1,-84.38709999999996,0.42857142857142855,1.0
2013,9,REG,NE,PIT,1621.1781,1464.8574,7,7,0,1,198.52069999999998,0.42857142857142855,1.0
2013,9,REG,HOU,IND,1495.7387,1573.2523,14,14,1,0,-35.313599999999994,0.42857142857142855,1.0
2013,9,REG,GB,CHI,1616.3737,1521.5886,8,15,1,0,136.98510000000005,0.42857142857142855,1.0
2013,10,REG,MIN,WAS,1407.0654,1489.0862,4,4,0,1,-39.820800000000006,0.47619047619047616,1.0
2013,10,REG,ATL,SEA,1477.0235,1646.7758,7,7,0,0,-127.55229999999987,0.47619047619047616,1.0
2013,10,REG,BAL,CIN,1535.5361,1569.484,7,10,1,1,8.252100000000112,0.47619047619047616,1.0
2013,10,REG,CHI,DET,1549.0894,1498.4114,6,14,1,0,92.87800000000011,0.47619047619047616,1.0
2013,10,REG,GB,PHI,1588.8729,1435.1057,6,7,0,0,195.9672,0.47619047619047616,1.0
2013,10,REG,IND,LA,1591.2265,1434.9633,7,7,0,0,198.46320000000009,0.47619047619047616,1.0
2013,10,REG,NYG,LV,1467.9276,1407.8603,14,7,0,1,102.26729999999993,0.47619047619047616,1.0
2013,10,REG,PIT,BUF,1455.185,1432.1457,7,7,0,1,65.23929999999991,0.47619047619047616,1.0
2013,10,REG,TEN,JAX,1492.4509,1297.6981,7,14,1,0,236.95279999999997,0.47619047619047616,1.0
2013,10,REG,SF,CAR,1626.807,1530.6201,14,7,0,0,138.3868999999999,0.47619047619047616,1.0
2013,10,REG,ARI,HOU,1471.2911,1477.7645,14,7,0,1,35.72659999999992,0.47619047619047616,1.0
2013,10,REG,LAC,DEN,1485.7904,1632.744,7,14,1,0,-104.75359999999982,0.47619047619047616,1.0
2013,10,REG,NO,DAL,1577.3463,1510.0857,7,7,0,1,109.46059999999984,0.47619047619047616,1.0
2013,10,REG,TB,MIA,1349.3476,1497.8614,8,11,0,1,-106.31379999999994,0.47619047619047616,1.0
2013,11,REG,TEN,IND,1460.5945,1560.9014,4,4,1,0,-58.10690000000004,0.5238095238095238,1.0
2013,11,REG,BUF,NYJ,1415.8577,1505.6951,7,14,1,1,-47.637399999999886,0.5238095238095238,1.0
2013,11,REG,CHI,BAL,1523.8667,1555.0612,7,7,0,1,11.005499999999941,0.5238095238095238,1.0
2013,11,REG,CIN,CLE,1549.9589,1458.4778,7,14,1,1,133.68110000000019,0.5238095238095238,1.0
2013,11,REG,HOU,LV,1459.8139,1393.583,7,7,0,0,108.43090000000002,0.5238095238095238,1.0
2013,11,REG,JAX,ARI,1329.5545,1489.2417,7,7,0,0,-117.48720000000007,0.5238095238095238,1.0
2013,11,REG,PHI,WAS,1465.3251,1466.8039,7,10,1,1,40.72119999999991,0.5238095238095238,1.0
2013,11,REG,PIT,DET,1471.473,1523.6341,7,7,0,1,-9.96110000000003,0.5238095238095238,1.0
2013,11,REG,TB,ATL,1375.2834,1464.053,6,7,1,1,-46.56960000000008,0.5238095238095238,1.0
2013,11,REG,MIA,LAC,1471.9256,1471.6442,6,7,0,1,42.48140000000008,0.5238095238095238,1.0
2013,11,REG,NO,SF,1591.2458,1599.237,7,7,0,1,34.20879999999984,0.5238095238095238,1.0
2013,11,REG,NYG,GB,1482.2049,1558.6535,7,7,0,1,-34.24859999999994,0.5238095238095238,1.0
2013,11,REG,SEA,MIN,1659.7463,1429.3477,7,10,0,1,272.5986,0.5238095238095238,1.0
2013,11,REG,DEN,KC,1646.8902,1568.533,7,14,1,1,120.55720000000015,0.5238095238095238,1.0
2013,11,REG,CAR,NE,1558.1901,1630.8505,8,15,0,1,-30.46039999999998,0.5238095238095238,1.0
2013,12,REG,ATL,NO,1441.3882,1609.2829,4,4,1,0,-125.69469999999983,0.5714285714285714,1.0
2013,12,REG,BAL,NYJ,1535.6945,1482.9699,7,7,0,1,94.92460000000001,0.5714285714285714,1.0
2013,12,REG,CLE,PIT,1445.8146,1492.0462,7,7,1,0,-4.0316000000000685,0.5714285714285714,1.0
2013,12,REG,DET,TB,1503.0609,1397.9482,7,7,0,0,147.3126999999999,0.5714285714285714,1.0
2013,12,REG,GB,MIN,1536.6884,1422.4545,7,7,1,0,156.43389999999994,0.5714285714285714,1.0
2013,12,REG,HOU,JAX,1433.7672,1316.0711,7,7,1,0,159.8961000000001,0.5714285714285714,1.0
2013,12,REG,KC,LAC,1555.2071,1454.0775,7,7,1,0,143.32959999999997,0.5714285714285714,1.0
2013,12,REG,MIA,CAR,1489.4923,1579.9391,7,6,0,0,-48.246800000000164,0.5714285714285714,1.0
2013,12,REG,LA,CHI,1465.2884,1543.2334,14,7,0,1,-35.74500000000016,0.5714285714285714,1.0
2013,12,REG,ARI,IND,1502.7251,1577.5873,7,10,0,1,-32.6621999999998,0.5714285714285714,1.0
2013,12,REG,LV,TEN,1419.6297,1443.9086,7,10,0,0,17.92109999999998,0.5714285714285714,1.0
2013,12,REG,NYG,DAL,1504.17,1496.1862,7,14,1,0,50.18379999999998,0.5714285714285714,1.0
2013,12,REG,NE,DEN,1609.1015,1660.2161,6,7,0,1,-8.914600000000107,0.5714285714285714,1.0
2013,12,REG,WAS,SF,1449.1373,1581.1999,8,8,0,0,-89.86259999999997,0.5714285714285714,1.0
2013,13,REG,DET,GB,1475.055,1508.2463,4,4,1,1,9.008700000000047,0.6190476190476191,1.0
2013,13,REG,DAL,LV,1519.0551,1398.599,4,4,0,1,162.6561000000001,0.6190476190476191,1.0
2013,13,REG,BAL,PIT,1550.3622,1511.8141,4,4,1,1,80.74809999999998,0.6190476190476191,1.0
2013,13,REG,CAR,TB,1597.1795,1425.9541,7,7,1,1,213.42540000000002,0.6190476190476191,1.0
2013,13,REG,CLE,JAX,1426.0467,1344.6763,7,7,0,0,123.57040000000002,0.6190476190476191,1.0
2013,13,REG,HOU,NE,1405.162,1629.6146,7,7,0,0,-182.2526000000001,0.6190476190476191,1.0
2013,13,REG,IND,TEN,1555.7126,1464.9393,7,7,1,1,132.97330000000005,0.6190476190476191,1.0
2013,13,REG,MIN,CHI,1450.8966,1521.183,7,7,1,1,-28.086399999999955,0.6190476190476191,1.0
2013,13,REG,NYJ,MIA,1468.3022,1472.2519,7,7,1,0,38.25030000000011,0.6190476190476191,1.0
2013,13,REG,PHI,ARI,1482.9917,1524.5998,14,7,0,1,0.5919000000000807,0.6190476190476191,1.0
2013,13,REG,BUF,ATL,1438.5829,1428.3238,14,10,0,0,52.45910000000022,0.6190476190476191,1.0
2013,13,REG,SF,LA,1596.1393,1487.3388,6,7,1,1,151.00050000000005,0.6190476190476191,1.0
2013,13,REG,KC,DEN,1527.3946,1639.703,7,7,1,0,-70.10839999999989,0.6190476190476191,1.0
2013,13,REG,LAC,CIN,1481.89,1562.6221,7,14,0,0,-38.53209999999994,0.6190476190476191,1.0
2013,13,REG,WAS,NYG,1434.1979,1481.3011,6,7,1,0,-4.903200000000012,0.6190476190476191,1.0
2013,13,REG,SEA,NO,1666.6395,1622.3473,15,11,0,1,86.4922000000001,0.6190476190476191,1.0
2013,14,REG,JAX,HOU,1371.5041,1394.7863,4,4,1,1,18.917800000000128,0.6666666666666666,1.0
2013,14,REG,BAL,MIN,1565.7959,1472.5099,10,7,0,1,135.48600000000005,0.6666666666666666,1.0
2013,14,REG,CIN,IND,1580.4131,1568.4111,7,7,0,1,54.201999999999956,0.6666666666666666,1.0
2013,14,REG,GB,ATL,1488.7648,1451.3208,10,7,0,1,79.64399999999996,0.6666666666666666,1.0
2013,14,REG,NE,CLE,1639.9903,1399.2189,7,7,0,1,282.97139999999985,0.6666666666666666,1.0
2013,14,REG,NYJ,LV,1446.1092,1387.3333,7,10,0,1,100.9759000000001,0.6666666666666666,1.0
2013,14,REG,PHI,DET,1502.9576,1494.5365,7,10,0,1,50.62110000000003,0.6666666666666666,1.0
2013,14,REG,PIT,MIA,1496.3804,1494.4449,10,7,0,0,44.13550000000005,0.6666666666666666,1.0
2013,14,REG,TB,BUF,1416.8969,1415.5859,7,7,0,1,43.510999999999925,0.6666666666666666,1.0
2013,14,REG,WAS,KC,1414.4801,1511.3765,7,7,0,0,-54.69640000000008,0.6666666666666666,1.0
2013,14,REG,DEN,TEN,1655.7211,1452.2408,7,7,0,1,245.68029999999993,0.6666666666666666,1.0
2013,14,REG,ARI,LA,1504.6339,1475.5222,7,7,1,1,71.31169999999993,0.6666666666666666,1.0
2013,14,REG,LAC,NYG,1464.099,1501.0189,7,7,0,1,5.280099999999905,0.6666666666666666,1.0
2013,14,REG,SF,SEA,1607.9559,1681.761,7,6,1,1,-31.605100000000036,0.6666666666666666,1.0
2013,14,REG,NO,CAR,1607.2258,1606.2367,6,7,1,1,43.18910000000001,0.6666666666666666,1.0
2013,14,REG,CHI,DAL,1499.5697,1530.3208,8,11,0,1,11.448900000000052,0.6666666666666666,1.0
2013,15,REG,DEN,LAC,1663.5437,1483.7951,4,4,1,0,221.94859999999989,0.7142857142857143,1.0
2013,15,REG,ATL,WAS,1435.8268,1397.6029,7,7,0,1,80.42389999999996,0.7142857142857143,1.0
2013,15,REG,CLE,CHI,1392.6597,1518.9109,7,6,0,0,-84.05120000000015,0.7142857142857143,1.0
2013,15,REG,IND,HOU,1551.5061,1375.8742,7,10,1,1,217.83190000000008,0.7142857142857143,1.0
2013,15,REG,JAX,BUF,1390.4162,1398.0776,10,7,0,0,34.53859999999982,0.7142857142857143,1.0
2013,15,REG,MIA,NE,1516.972,1646.5495,7,7,1,1,-87.3775000000001,0.7142857142857143,1.0
2013,15,REG,MIN,PHI,1459.9364,1520.0641,7,7,0,1,-17.9277,0.7142857142857143,1.0
2013,15,REG,NYG,SEA,1481.3228,1659.9467,7,7,0,0,-136.42390000000006,0.7142857142857143,1.0
2013,15,REG,TB,SF,1434.4052,1629.7702,7,7,0,0,-153.16500000000002,0.7142857142857143,1.0
2013,15,REG,CAR,NYJ,1588.7101,1460.4549,7,7,0,1,170.45520000000005,0.7142857142857143,1.0
2013,15,REG,LV,KC,1372.9876,1528.2537,7,7,1,0,-113.06610000000005,0.7142857142857143,1.0
2013,15,REG,DAL,GB,1510.9796,1504.2588,6,7,0,0,48.92079999999983,0.7142857142857143,1.0
2013,15,REG,LA,NO,1459.5705,1624.7524,7,7,0,1,-122.98190000000004,0.7142857142857143,1.0
2013,15,REG,TEN,ARI,1444.4182,1520.5856,7,7,0,0,-33.96740000000004,0.7142857142857143,1.0
2013,15,REG,PIT,CIN,1473.8533,1597.3181,7,7,1,1,-81.26479999999997,0.7142857142857143,1.0
2013,15,REG,DET,BAL,1477.43,1578.3694,8,8,0,0,-58.739399999999975,0.7142857142857143,1.0
2013,16,REG,BUF,MIA,1420.0593,1541.8984,7,7,1,1,-79.63910000000014,0.7619047619047619,1.0
2013,16,REG,CAR,NO,1599.6161,1597.9546,7,7,1,1,43.861499999999936,0.7619047619047619,1.0
2013,16,REG,CIN,MIN,1572.7236,1480.9675,7,7,0,1,133.95610000000005,0.7619047619047619,1.0
2013,16,REG,HOU,DEN,1366.9935,1632.2618,7,10,0,0,-223.06829999999997,0.7619047619047619,1.0
2013,16,REG,JAX,TEN,1368.4345,1426.3673,7,7,1,0,-15.732799999999813,0.7619047619047619,1.0
2013,16,REG,KC,IND,1541.9655,1560.3868,7,7,0,0,23.77870000000003,0.7619047619047619,1.0
2013,16,REG,NYJ,CLE,1449.5489,1377.4058,7,7,0,1,114.3431,0.7619047619047619,1.0
2013,16,REG,LA,TB,1486.3683,1422.6921,7,7,0,1,105.87620000000011,0.7619047619047619,1.0
2013,16,REG,WAS,DAL,1382.1515,1488.182,7,7,1,0,-63.83050000000007,0.7619047619047619,1.0
2013,16,REG,DET,NYG,1460.7795,1468.7958,6,7,0,0,34.1837,0.7619047619047619,1.0
2013,16,REG,SEA,ARI,1672.4737,1538.6365,7,7,1,0,176.03719999999993,0.7619047619047619,1.0
2013,16,REG,BAL,NE,1595.0199,1621.6231,6,7,0,0,15.596799999999988,0.7619047619047619,1.0
2013,16,REG,GB,PIT,1527.0564,1498.4478,7,7,0,0,70.80860000000003,0.7619047619047619,1.0
2013,16,REG,LAC,LV,1515.077,1359.2758,10,7,1,1,198.0012000000001,0.7619047619047619,1.0
2013,16,REG,PHI,CHI,1499.033,1534.1648,7,7,0,1,7.068199999999891,0.7619047619047619,1.0
2013,16,REG,SF,ATL,1641.4833,1451.2782,8,8,0,1,232.40510000000012,0.7619047619047619,1.0
2013,17,REG,ATL,CAR,1442.9635,1617.1046,6,7,1,0,-131.94109999999984,0.8095238095238095,1.0
2013,17,REG,CIN,BAL,1585.3731,1574.1227,7,7,1,1,53.45040000000013,0.8095238095238095,1.0
2013,17,REG,IND,JAX,1581.7535,1349.3395,7,7,1,1,274.614,0.8095238095238095,1.0
2013,17,REG,MIA,NYJ,1517.3926,1463.1946,7,7,1,0,96.39799999999987,0.8095238095238095,1.0
2013,17,REG,MIN,DET,1468.318,1438.8181,7,7,1,1,71.69990000000003,0.8095238095238095,1.0
2013,17,REG,NYG,WAS,1490.7572,1365.7851,7,7,1,1,167.17209999999994,0.8095238095238095,1.0
2013,17,REG,PIT,CLE,1522.4684,1363.7601,7,7,1,1,200.9083,0.8095238095238095,1.0
2013,17,REG,TEN,HOU,1445.4623,1358.3193,7,7,1,1,129.3429999999998,0.8095238095238095,1.0
2013,17,REG,ARI,SF,1567.9835,1649.798,7,6,1,0,-39.61449999999995,0.8095238095238095,1.0
2013,17,REG,CHI,GB,1514.5716,1503.0358,7,7,1,0,53.735799999999884,0.8095238095238095,1.0
2013,17,REG,NE,BUF,1642.5203,1444.5651,7,7,1,1,240.15519999999987,0.8095238095238095,1.0
2013,17,REG,NO,TB,1580.4661,1408.6049,7,7,1,1,214.06120000000004,0.8095238095238095,1.0
2013,17,REG,LV,DEN,1349.5814,1640.936,7,7,1,0,-249.1545999999999,0.8095238095238095,1.0
2013,17,REG,LAC,KC,1524.7714,1520.5988,7,7,1,1,46.372600000000105,0.8095238095238095,1.0
2013,17,REG,SEA,LA,1643.1267,1500.4555,7,7,1,1,184.8712,0.8095238095238095,1.0
2013,17,REG,DAL,PHI,1504.5484,1518.6262,7,7,1,0,28.122199999999978,0.8095238095238095,1.0
2014,1,REG,SEA,GB,1632.4811,1506.507,7,7,0,1,168.1740999999999,0.047619047619047616,1.0
2014,1,REG,ATL,NO,1459.368,1558.0057,7,7,1,1,-56.43769999999999,0.047619047619047616,1.0
2014,1,REG,BAL,CIN,1535.5453,1544.1067,7,7,1,0,33.638599999999954,0.047619047619047616,1.0
2014,1,REG,CHI,BUF,1496.1416,1463.1642,7,7,0,0,75.17739999999999,0.047619047619047616,1.0
2014,1,REG,HOU,WAS,1408.5034,1414.0771,7,7,0,1,36.626300000000086,0.047619047619047616,1.0
2014,1,REG,KC,TEN,1493.8518,1476.2456,7,7,0,0,59.80619999999995,0.047619047619047616,1.0
2014,1,REG,MIA,NE,1496.429,1589.5592,7,7,1,1,-50.93019999999983,0.047619047619047616,1.0
2014,1,REG,NYJ,LV,1494.4034,1406.3703,7,7,0,1,130.23309999999987,0.047619047619047616,1.0
2014,1,REG,PHI,JAX,1511.2773,1406.7473,7,7,0,1,146.72999999999996,0.047619047619047616,1.0
2014,1,REG,PIT,CLE,1520.4642,1413.7529,7,7,1,1,148.91129999999993,0.047619047619047616,1.0
2014,1,REG,LA,MIN,1495.3571,1491.7889,7,7,0,0,45.768199999999936,0.047619047619047616,1.0
2014,1,REG,DAL,SF,1490.9999,1611.8714,7,7,0,0,-78.67149999999997,0.047619047619047616,1.0
2014,1,REG,TB,CAR,1440.984,1565.283,7,7,1,0,-82.09899999999998,0.047619047619047616,1.0
2014,1,REG,DEN,IND,1598.9107,1552.9226,7,7,0,1,88.1880999999998,0.047619047619047616,1.0
2014,1,REG,DET,NYG,1454.9727,1502.3283,7,7,0,1,-5.155599999999865,0.047619047619047616,1.0
2014,1,REG,ARI,LAC,1531.3925,1535.3411,7,7,0,1,38.25139999999983,0.047619047619047616,1.0
2014,2,REG,BAL,PIT,1513.6149,1532.3812,4,4,1,1,23.4337,0.09523809523809523,1.0
2014,2,REG,BUF,MIA,1487.4255,1519.34,7,7,1,1,10.285500000000141,0.09523809523809523,1.0
2014,2,REG,CAR,DET,1580.643,1475.2695,7,6,0,1,147.5734999999999,0.09523809523809523,1.0
2014,2,REG,CIN,ATL,1566.0371,1482.5885,7,7,0,1,125.64859999999994,0.09523809523809523,1.0
2014,2,REG,CLE,NO,1401.8359,1534.7852,7,7,0,1,-90.74929999999999,0.09523809523809523,1.0
2014,2,REG,MIN,NE,1514.4084,1566.6482,7,7,0,0,-10.039800000000056,0.09523809523809523,1.0
2014,2,REG,NYG,ARI,1482.0315,1549.1994,6,6,0,0,-24.967899999999915,0.09523809523809523,1.0
2014,2,REG,TEN,DAL,1499.6547,1475.4528,7,7,0,0,66.40190000000003,0.09523809523809523,1.0
2014,2,REG,WAS,JAX,1396.1777,1394.725,7,7,0,1,43.65270000000005,0.09523809523809523,1.0
2014,2,REG,LAC,SEA,1517.5342,1643.4916,6,10,0,1,-83.7574,0.09523809523809523,1.0
2014,2,REG,TB,LA,1425.624,1472.7376,7,7,0,0,-4.913599999999903,0.09523809523809523,1.0
2014,2,REG,DEN,KC,1613.9405,1470.4427,7,7,1,1,185.69779999999986,0.09523809523809523,1.0
2014,2,REG,GB,NYJ,1495.4965,1507.239,10,7,0,1,30.45749999999994,0.09523809523809523,1.0
2014,2,REG,LV,HOU,1393.5347,1426.4028,7,7,0,0,9.331899999999862,0.09523809523809523,1.0
2014,2,REG,SF,CHI,1627.4185,1471.8803,7,7,0,0,197.73819999999995,0.09523809523809523,1.0
2014,2,REG,IND,PHI,1537.8928,1523.2996,8,8,0,0,56.79320000000003,0.09523809523809523,1.0
2014,3,REG,ATL,TB,1469.5218,1405.9068,4,4,1,1,105.81500000000001,0.14285714285714285,1.0
2014,3,REG,BUF,LAC,1506.8336,1542.2644,7,7,0,0,6.769199999999913,0.14285714285714285,1.0
2014,3,REG,CIN,TEN,1579.1038,1475.8782,7,7,0,1,145.42559999999997,0.14285714285714285,1.0
2014,3,REG,CLE,BAL,1426.9442,1532.268,7,10,1,0,-63.12380000000012,0.14285714285714285,1.0
2014,3,REG,DET,GB,1463.288,1513.7477,7,7,1,1,-8.259699999999881,0.14285714285714285,1.0
2014,3,REG,JAX,IND,1377.2247,1514.6523,7,6,1,0,-95.22759999999998,0.14285714285714285,1.0
2014,3,REG,NE,LV,1586.0704,1372.9976,7,7,0,1,255.27280000000013,0.14285714285714285,1.0
2014,3,REG,NO,MIN,1509.6769,1494.9862,7,7,0,1,56.89069999999988,0.14285714285714285,1.0
2014,3,REG,NYG,HOU,1463.4663,1446.9399,7,7,0,1,58.72639999999997,0.14285714285714285,1.0
2014,3,REG,PHI,WAS,1546.5401,1413.678,6,7,1,1,175.06209999999982,0.14285714285714285,1.0
2014,3,REG,LA,DAL,1492.4548,1499.2293,7,7,0,0,35.425500000000014,0.14285714285714285,1.0
2014,3,REG,ARI,SF,1567.7646,1597.124,7,7,1,1,12.840599999999952,0.14285714285714285,1.0
2014,3,REG,MIA,KC,1499.9319,1460.2187,7,7,0,0,81.91320000000015,0.14285714285714285,1.0
2014,3,REG,SEA,DEN,1618.7614,1624.1645,7,7,0,1,36.79690000000001,0.14285714285714285,1.0
2014,3,REG,CAR,PIT,1592.6245,1513.7281,7,10,0,0,121.09639999999986,0.14285714285714285,1.0
2014,3,REG,NYJ,CHI,1488.9878,1502.1748,8,8,0,0,29.013000000000105,0.14285714285714285,1.0
2014,4,REG,WAS,NYG,1402.9811,1480.1176,4,4,1,0,-34.936500000000066,0.19047619047619047,1.0
2014,4,REG,BAL,CAR,1548.6738,1565.9228,7,7,0,1,24.95099999999998,0.19047619047619047,1.0
2014,4,REG,CHI,GB,1523.8411,1493.2723,6,7,1,0,72.76880000000001,0.19047619047619047,1.0
2014,4,REG,HOU,BUF,1430.2886,1486.444,7,7,0,1,-13.95539999999987,0.19047619047619047,1.0
2014,4,REG,IND,TEN,1529.3038,1463.7927,7,7,1,1,107.71109999999994,0.19047619047619047,1.0
2014,4,REG,NYJ,DET,1467.3215,1483.7634,6,7,0,0,25.75809999999997,0.19047619047619047,1.0
2014,4,REG,LV,MIA,1365.5167,1475.3021,7,7,0,0,-67.5854000000002,0.19047619047619047,1.0
2014,4,REG,PIT,TB,1540.4298,1391.8164,7,10,0,0,190.81339999999994,0.19047619047619047,1.0
2014,4,REG,LAC,JAX,1562.654,1362.5732,7,7,0,1,242.28079999999994,0.19047619047619047,1.0
2014,4,REG,MIN,ATL,1478.2321,1483.6122,7,10,0,1,36.81989999999992,0.19047619047619047,1.0
2014,4,REG,SF,PHI,1577.8628,1557.237,7,7,0,1,62.82580000000003,0.19047619047619047,1.0
2014,4,REG,DAL,NO,1521.2615,1526.431,7,7,0,1,37.03050000000003,0.19047619047619047,1.0
2014,4,REG,KC,NE,1484.8485,1593.5513,8,8,0,1,-66.50280000000002,0.19047619047619047,1.0
2014,5,REG,GB,MIN,1517.401,1496.1205,4,4,1,1,63.48050000000008,0.23809523809523808,1.0
2014,5,REG,CAR,CHI,1547.3566,1499.7124,7,7,0,1,89.84420000000019,0.23809523809523808,1.0
2014,5,REG,DAL,HOU,1539.1379,1451.0915,7,7,0,1,130.24639999999994,0.23809523809523808,1.0
2014,5,REG,DET,BUF,1505.2434,1465.6411,7,7,0,0,81.80230000000002,0.23809523809523808,1.0
2014,5,REG,IND,BAL,1543.2947,1567.24,7,7,0,1,18.254699999999914,0.23809523809523808,1.0
2014,5,REG,JAX,PIT,1354.6267,1510.4313,7,7,0,0,-113.60459999999993,0.23809523809523808,1.0
2014,5,REG,NO,TB,1508.5546,1421.8149,7,7,1,1,128.93969999999985,0.23809523809523808,1.0
2014,5,REG,NYG,ATL,1498.1132,1465.7238,10,7,0,1,74.58940000000003,0.23809523809523808,1.0
2014,5,REG,PHI,LA,1540.8146,1470.4226,7,14,0,1,112.59199999999983,0.23809523809523808,1.0
2014,5,REG,TEN,CLE,1449.8018,1410.5384,7,14,0,0,81.46340000000005,0.23809523809523808,1.0
2014,5,REG,DEN,ARI,1606.2748,1587.0258,14,14,0,1,61.44900000000003,0.23809523809523808,1.0
2014,5,REG,LAC,NYJ,1570.6005,1445.8415,7,7,0,1,166.959,0.23809523809523808,1.0
2014,5,REG,SF,KC,1594.2852,1508.6306,7,6,0,1,127.85460000000008,0.23809523809523808,1.0
2014,5,REG,NE,CIN,1569.7692,1591.1893,6,14,0,1,20.779899999999955,0.23809523809523808,1.0
2014,5,REG,WAS,SEA,1384.9855,1636.6511,11,15,0,0,-209.46560000000005,0.23809523809523808,1.0
2014,6,REG,HOU,IND,1438.2565,1562.2448,4,4,1,0,-81.78829999999998,0.2857142857142857,1.0
2014,6,REG,BUF,NE,1490.2649,1588.5744,7,7,1,0,-56.10950000000007,0.2857142857142857,1.0
2014,6,REG,CIN,CAR,1572.3841,1562.297,7,7,0,0,52.28709999999997,0.2857142857142857,1.0
2014,6,REG,CLE,PIT,1435.1437,1524.1152,7,7,1,1,-46.771499999999875,0.2857142857142857,1.0
2014,6,REG,MIA,GB,1491.4599,1533.7869,14,10,0,0,-0.12699999999999534,0.2857142857142857,1.0
2014,6,REG,MIN,DET,1479.7346,1480.6196,10,7,1,0,41.31500000000001,0.2857142857142857,1.0
2014,6,REG,NYJ,DEN,1434.7751,1622.7739,7,7,0,0,-145.79879999999986,0.2857142857142857,1.0
2014,6,REG,TB,BAL,1408.9143,1548.2899,7,7,0,0,-97.17560000000007,0.2857142857142857,1.0
2014,6,REG,TEN,JAX,1425.1965,1340.9428,7,7,1,1,126.45369999999998,0.2857142857142857,1.0
2014,6,REG,LV,LAC,1349.3589,1581.6669,14,7,1,0,-190.108,0.2857142857142857,1.0
2014,6,REG,ARI,WAS,1570.5267,1375.7676,7,6,0,1,236.95909999999998,0.2857142857142857,1.0
2014,6,REG,ATL,CHI,1449.9527,1484.772,7,7,0,0,7.380700000000118,0.2857142857142857,1.0
2014,6,REG,SEA,DAL,1645.869,1551.9729,6,7,0,0,136.09609999999992,0.2857142857142857,1.0
2014,6,REG,PHI,NYG,1554.551,1513.8843,7,7,1,1,82.8667,0.2857142857142857,1.0
2014,6,REG,LA,SF,1456.6862,1607.2405,8,8,1,0,-108.35430000000001,0.2857142857142857,1.0
2014,7,REG,NE,NYJ,1605.3723,1422.7077,4,4,1,1,224.86460000000005,0.3333333333333333,1.0
2014,7,REG,BAL,ATL,1562.8375,1429.5279,7,7,0,1,175.50960000000003,0.3333333333333333,1.0
2014,7,REG,BUF,MIN,1473.467,1457.3675,7,7,0,1,58.29950000000004,0.3333333333333333,1.0
2014,7,REG,CHI,MIA,1505.1968,1471.4672,7,7,0,0,75.9295999999999,0.3333333333333333,1.0
2014,7,REG,DET,NO,1502.9867,1521.4552,7,14,0,1,23.731499999999826,0.3333333333333333,1.0
2014,7,REG,GB,CAR,1553.7796,1585.2844,7,7,0,1,10.69520000000007,0.3333333333333333,1.0
2014,7,REG,IND,CIN,1577.6218,1549.3967,10,7,0,1,70.42509999999989,0.3333333333333333,1.0
2014,7,REG,JAX,CLE,1327.9168,1457.8199,7,7,0,1,-87.70309999999999,0.3333333333333333,1.0
2014,7,REG,LA,SEA,1442.7289,1618.4122,6,7,1,1,-133.48329999999993,0.3333333333333333,1.0
2014,7,REG,WAS,TEN,1367.6243,1438.2225,7,7,0,1,-28.39820000000013,0.3333333333333333,1.0
2014,7,REG,LAC,KC,1591.6989,1495.6753,7,14,1,0,138.22359999999998,0.3333333333333333,1.0
2014,7,REG,DAL,NYG,1579.4297,1498.566,7,7,1,1,123.06369999999988,0.3333333333333333,1.0
2014,7,REG,LV,ARI,1339.3269,1578.67,7,7,0,0,-197.14310000000006,0.3333333333333333,1.0
2014,7,REG,DEN,SF,1634.8413,1621.1978,7,6,0,1,55.843500000000134,0.3333333333333333,1.0
2014,7,REG,PIT,HOU,1501.439,1422.8795,8,11,0,1,120.75950000000007,0.3333333333333333,1.0
2014,8,REG,DEN,LAC,1651.6541,1564.1369,4,4,1,1,129.7172,0.38095238095238093,1.0
2014,8,REG,ATL,DET,1418.8512,1521.6227,7,7,0,0,-60.57149999999983,0.38095238095238093,1.0
2014,8,REG,CAR,SEA,1565.8999,1591.0853,7,7,0,0,17.01459999999993,0.38095238095238093,1.0
2014,8,REG,CIN,BAL,1533.3961,1573.5142,7,7,1,1,2.0818999999998624,0.38095238095238093,1.0
2014,8,REG,JAX,MIA,1352.8608,1495.7698,7,7,0,0,-100.7090000000001,0.38095238095238093,1.0
2014,8,REG,KC,LA,1523.2373,1470.0558,7,7,0,1,95.38149999999992,0.38095238095238093,1.0
2014,8,REG,NE,CHI,1613.9765,1480.8942,10,7,0,1,175.28230000000002,0.38095238095238093,1.0
2014,8,REG,NYJ,BUF,1414.1035,1490.1422,10,7,1,0,-33.83870000000006,0.38095238095238093,1.0
2014,8,REG,TB,MIN,1394.3667,1440.6923,14,7,0,0,-4.125599999999892,0.38095238095238093,1.0
2014,8,REG,TEN,HOU,1416.5914,1409.5639,7,6,1,0,49.22749999999992,0.38095238095238093,1.0
2014,8,REG,ARI,PHI,1588.4007,1569.8693,7,14,0,1,60.73139999999985,0.38095238095238093,1.0
2014,8,REG,CLE,LV,1432.8759,1329.5962,7,7,0,1,145.47970000000004,0.38095238095238093,1.0
2014,8,REG,PIT,IND,1514.7546,1593.6224,6,7,0,1,-36.667799999999986,0.38095238095238093,1.0
2014,8,REG,NO,GB,1502.8192,1573.1641,7,7,0,1,-28.14490000000005,0.38095238095238093,1.0
2014,8,REG,DAL,WAS,1592.6277,1389.2554,8,8,1,0,245.57229999999998,0.38095238095238093,1.0
2014,9,REG,CAR,NO,1544.9212,1524.4358,4,4,1,0,62.68540000000003,0.42857142857142855,1.0
2014,9,REG,CIN,JAX,1553.2763,1338.501,7,7,0,1,256.9753,0.42857142857142855,1.0
2014,9,REG,CLE,TB,1444.9588,1374.6042,7,7,0,1,112.55460000000012,0.42857142857142855,1.0
2014,9,REG,DAL,ARI,1560.4542,1604.9399,6,7,0,0,-2.285700000000176,0.42857142857142855,1.0
2014,9,REG,HOU,PHI,1432.3789,1553.3301,7,7,0,0,-78.75119999999997,0.42857142857142855,1.0
2014,9,REG,KC,NYJ,1537.8806,1396.0453,7,7,0,1,184.03529999999995,0.42857142857142855,1.0
2014,9,REG,MIA,LAC,1510.1296,1551.2754,7,10,0,1,1.0541999999999945,0.42857142857142855,1.0
2014,9,REG,MIN,WAS,1460.4548,1421.4289,7,6,0,1,81.22589999999987,0.42857142857142855,1.0
2014,9,REG,SF,LA,1604.385,1455.4125,14,7,1,0,191.17250000000007,0.42857142857142855,1.0
2014,9,REG,NE,DEN,1624.6635,1664.5156,7,10,0,1,2.347900000000166,0.42857142857142855,1.0
2014,9,REG,SEA,LV,1612.064,1317.5133,7,7,0,1,336.7507,0.42857142857142855,1.0
2014,9,REG,PIT,BAL,1536.8576,1553.634,7,7,1,1,25.423600000000036,0.42857142857142855,1.0
2014,9,REG,NYG,IND,1485.368,1571.5194,15,8,0,0,-43.951399999999964,0.42857142857142855,1.0
2014,10,REG,CIN,CLE,1560.6978,1458.6972,4,4,1,0,144.20059999999984,0.47619047619047616,1.0
2014,10,REG,BAL,TEN,1535.0949,1393.7764,7,14,0,1,183.51850000000007,0.47619047619047616,1.0
2014,10,REG,BUF,KC,1508.2004,1548.1776,14,7,0,0,2.222799999999964,0.47619047619047616,1.0
2014,10,REG,DET,MIA,1538.1708,1530.0689,14,7,0,1,50.30190000000012,0.47619047619047616,1.0
2014,10,REG,JAX,DAL,1331.0795,1540.5858,7,7,0,0,-167.30630000000002,0.47619047619047616,1.0
2014,10,REG,NO,SF,1548.0056,1574.371,10,7,0,0,15.834599999999867,0.47619047619047616,1.0
2014,10,REG,NYJ,PIT,1385.7483,1555.3967,7,7,0,1,-127.44840000000003,0.47619047619047616,1.0
2014,10,REG,TB,ATL,1360.8658,1402.3031,7,14,1,0,0.7626999999999526,0.47619047619047616,1.0
2014,10,REG,LV,DEN,1312.4808,1644.6508,7,7,1,0,-289.96999999999986,0.47619047619047616,1.0
2014,10,REG,ARI,LA,1624.8083,1485.4265,7,7,1,1,181.58179999999987,0.47619047619047616,1.0
2014,10,REG,SEA,NYG,1617.0965,1467.8846,7,6,0,1,191.4119,0.47619047619047616,1.0
2014,10,REG,GB,CHI,1551.5475,1470.2072,14,14,1,1,123.54029999999985,0.47619047619047616,1.0
2014,10,REG,PHI,CAR,1568.8729,1521.3514,8,11,0,1,89.72150000000006,0.47619047619047616,1.0
2014,11,REG,MIA,BUF,1512.9444,1488.0724,4,4,1,1,67.07200000000007,0.5238095238095238,1.0
2014,11,REG,CAR,ATL,1506.4044,1422.347,6,7,1,0,126.25739999999992,0.5238095238095238,1.0
2014,11,REG,CHI,MIN,1457.0335,1475.8624,7,14,1,1,23.371100000000027,0.5238095238095238,1.0
2014,11,REG,CLE,HOU,1486.5521,1416.8361,10,14,0,0,111.91600000000012,0.5238095238095238,1.0
2014,11,REG,KC,SEA,1568.3056,1627.0722,7,7,0,1,-16.56660000000015,0.5238095238095238,1.0
2014,11,REG,NO,CIN,1527.0947,1532.8429,7,10,0,0,36.451800000000006,0.5238095238095238,1.0
2014,11,REG,NYG,SF,1457.9089,1595.2819,7,7,0,0,-95.17300000000004,0.5238095238095238,1.0
2014,11,REG,LA,DEN,1475.0211,1650.992,7,7,0,1,-133.77090000000004,0.5238095238095238,1.0
2014,11,REG,WAS,TB,1406.0213,1340.8219,14,7,0,0,107.3994000000002,0.5238095238095238,1.0
2014,11,REG,LAC,LV,1531.3361,1306.1396,14,7,1,1,267.3965,0.5238095238095238,1.0
2014,11,REG,ARI,DET,1635.2137,1555.2953,7,7,0,1,122.11840000000002,0.5238095238095238,1.0
2014,11,REG,GB,PHI,1564.7212,1583.8199,7,6,0,1,23.101299999999995,0.5238095238095238,1.0
2014,11,REG,IND,NE,1589.0028,1644.5283,13,14,0,0,-13.325499999999963,0.5238095238095238,1.0
2014,11,REG,TEN,PIT,1383.4566,1528.3725,8,8,0,0,-102.71589999999996,0.5238095238095238,1.0
2014,12,REG,LV,KC,1299.0739,1589.2585,4,4,1,1,-247.98459999999983,0.5714285714285714,1.0
2014,12,REG,ATL,CLE,1449.3111,1460.3236,7,7,0,0,31.187499999999957,0.5714285714285714,1.0
2014,12,REG,CHI,TB,1475.6902,1366.8146,7,7,0,1,151.07560000000007,0.5714285714285714,1.0
2014,12,REG,HOU,CIN,1443.0646,1554.9336,7,7,0,0,-69.66900000000014,0.5714285714285714,1.0
2014,12,REG,IND,JAX,1569.7695,1320.0291,7,14,1,1,291.9404000000001,0.5714285714285714,1.0
2014,12,REG,MIN,GB,1457.2057,1583.3933,7,7,1,0,-83.98759999999997,0.5714285714285714,1.0
2014,12,REG,NE,DET,1663.7616,1542.0491,7,7,0,1,163.91250000000008,0.5714285714285714,1.0
2014,12,REG,PHI,TEN,1565.1478,1369.203,7,6,0,1,238.14479999999998,0.5714285714285714,1.0
2014,12,REG,LAC,LA,1538.4018,1502.3623,7,7,0,1,78.23950000000009,0.5714285714285714,1.0
2014,12,REG,SEA,ARI,1606.1193,1648.4599,7,7,1,1,-0.14059999999999206,0.5714285714285714,1.0
2014,12,REG,DEN,MIA,1623.6508,1529.1307,7,10,0,1,136.72009999999995,0.5714285714285714,1.0
2014,12,REG,SF,WAS,1609.9363,1380.0286,7,7,0,1,272.10769999999997,0.5714285714285714,1.0
2014,12,REG,NYG,DAL,1443.2545,1551.6362,7,14,1,0,-66.1816999999999,0.5714285714285714,1.0
2014,12,REG,BUF,NYJ,1471.8861,1412.7725,11,15,1,1,101.31359999999991,0.5714285714285714,1.0
2014,12,REG,NO,BAL,1505.004,1545.4147,8,15,0,0,1.7892999999998693,0.5714285714285714,1.0
2014,13,REG,DET,CHI,1530.8418,1487.5032,4,4,1,1,85.53859999999982,0.6190476190476191,1.0
2014,13,REG,DAL,PHI,1567.8719,1573.247,4,4,1,0,36.82490000000003,0.6190476190476191,1.0
2014,13,REG,SF,SEA,1616.8456,1626.1274,4,4,1,0,32.91820000000003,0.6190476190476191,1.0
2014,13,REG,BAL,LAC,1565.5177,1553.9726,6,7,0,0,53.74510000000005,0.6190476190476191,1.0
2014,13,REG,BUF,CLE,1486.2139,1482.1141,6,7,0,1,46.29979999999996,0.6190476190476191,1.0
2014,13,REG,HOU,TEN,1427.0222,1361.1038,7,7,1,1,108.11840000000002,0.6190476190476191,1.0
2014,13,REG,IND,WAS,1576.0504,1373.1193,7,7,0,1,245.1311,0.6190476190476191,1.0
2014,13,REG,JAX,NYG,1313.7482,1427.0188,7,7,0,1,-71.07060000000006,0.6190476190476191,1.0
2014,13,REG,MIN,CAR,1441.9484,1479.4403,7,14,0,1,4.708100000000016,0.6190476190476191,1.0
2014,13,REG,PIT,NO,1542.6261,1484.901,13,6,0,0,99.92509999999989,0.6190476190476191,1.0
2014,13,REG,LA,LV,1486.7915,1331.3344,7,10,0,1,197.65710000000007,0.6190476190476191,1.0
2014,13,REG,TB,CIN,1355.0016,1570.976,7,7,0,0,-173.77440000000007,0.6190476190476191,1.0
2014,13,REG,ATL,ARI,1427.5206,1628.4518,7,7,0,1,-158.7312,0.6190476190476191,1.0
2014,13,REG,GB,NE,1598.6506,1674.9689,7,7,0,1,-34.11830000000013,0.6190476190476191,1.0
2014,13,REG,KC,DEN,1556.998,1636.1631,10,7,1,0,-36.965099999999936,0.6190476190476191,1.0
2014,13,REG,NYJ,MIA,1398.4447,1516.6184,7,8,1,0,-75.97370000000005,0.6190476190476191,1.0
2014,14,REG,CHI,DAL,1472.3301,1545.76,7,7,0,0,-31.229900000000086,0.6666666666666666,1.0
2014,14,REG,CIN,PIT,1581.7311,1517.0275,7,7,1,0,106.90360000000005,0.6666666666666666,1.0
2014,14,REG,CLE,IND,1464.7637,1583.8929,7,7,0,0,-76.92920000000008,0.6666666666666666,1.0
2014,14,REG,DET,TB,1546.0149,1344.2465,10,7,0,1,243.96839999999992,0.6666666666666666,1.0
2014,14,REG,JAX,HOU,1337.7832,1440.9918,7,7,1,0,-61.00859999999993,0.6666666666666666,1.0
2014,14,REG,MIA,BAL,1532.3134,1542.4483,6,7,0,0,32.06509999999999,0.6666666666666666,1.0
2014,14,REG,MIN,NYJ,1461.6774,1382.7497,7,6,0,1,121.12769999999996,0.6666666666666666,1.0
2014,14,REG,NO,CAR,1510.4996,1459.7113,7,7,1,0,92.98830000000017,0.6666666666666666,1.0
2014,14,REG,TEN,NYG,1347.1342,1402.9838,7,7,0,0,-13.649600000000007,0.6666666666666666,1.0
2014,14,REG,WAS,LA,1365.2768,1496.5004,7,7,0,0,-89.0235999999998,0.6666666666666666,1.0
2014,14,REG,ARI,KC,1599.9013,1539.1179,7,7,0,1,102.98340000000003,0.6666666666666666,1.0
2014,14,REG,DEN,BUF,1654.0432,1503.5643,7,7,0,1,192.67890000000006,0.6666666666666666,1.0
2014,14,REG,LV,SF,1321.6255,1594.9563,7,10,0,1,-231.13079999999997,0.6666666666666666,1.0
2014,14,REG,PHI,SEA,1595.3589,1648.0167,10,10,0,0,-10.45779999999995,0.6666666666666666,1.0
2014,14,REG,LAC,NE,1577.042,1653.0112,7,7,0,0,-33.7692,0.6666666666666666,1.0
2014,14,REG,GB,ATL,1620.6083,1456.0711,8,8,0,1,206.7372000000002,0.6666666666666666,1.0
2014,15,REG,LA,ARI,1511.4851,1614.1408,4,4,1,0,-60.455699999999794,0.7142857142857143,1.0
2014,15,REG,ATL,PIT,1446.7413,1542.9942,6,7,0,0,-54.05290000000018,0.7142857142857143,1.0
2014,15,REG,BAL,JAX,1564.2889,1321.2595,7,7,0,1,285.2294000000001,0.7142857142857143,1.0
2014,15,REG,BUF,GB,1493.6431,1629.9381,7,6,0,1,-94.09500000000007,0.7142857142857143,1.0
2014,15,REG,CAR,TB,1484.9399,1336.3617,7,7,1,1,190.77820000000014,0.7142857142857143,1.0
2014,15,REG,CLE,CIN,1449.1211,1555.7644,7,7,1,0,-64.44329999999995,0.7142857142857143,1.0
2014,15,REG,IND,HOU,1599.5355,1457.5155,7,7,1,1,184.21999999999997,0.7142857142857143,1.0
2014,15,REG,KC,LV,1524.8784,1353.2624,7,7,1,1,213.81599999999997,0.7142857142857143,1.0
2014,15,REG,NE,MIA,1671.0734,1510.4728,7,7,1,1,202.80059999999997,0.7142857142857143,1.0
2014,15,REG,NYG,WAS,1422.1985,1350.2921,7,7,1,1,114.10640000000008,0.7142857142857143,1.0
2014,15,REG,LAC,DEN,1558.9798,1663.9644,7,7,1,0,-62.7846,0.7142857142857143,1.0
2014,15,REG,TEN,NYJ,1327.9195,1369.453,7,7,0,0,0.6664999999999992,0.7142857142857143,1.0
2014,15,REG,DET,MIN,1553.8997,1474.9741,7,7,1,1,121.12560000000003,0.7142857142857143,1.0
2014,15,REG,SEA,SF,1667.4149,1563.3194,7,7,1,1,146.2954999999999,0.7142857142857143,1.0
2014,15,REG,PHI,DAL,1575.9607,1563.9671,7,10,1,0,54.19360000000002,0.7142857142857143,1.0
2014,15,REG,CHI,NO,1454.123,1485.271,11,8,0,0,11.052000000000092,0.7142857142857143,1.0
2014,16,REG,JAX,TEN,1314.7713,1307.8811,4,4,1,1,49.09020000000005,0.7619047619047619,1.0
2014,16,REG,WAS,PHI,1336.6342,1552.8661,6,6,1,1,-174.0319,0.7619047619047619,1.0
2014,16,REG,SF,LAC,1551.2761,1542.5551,6,6,0,0,50.92100000000001,0.7619047619047619,1.0
2014,16,REG,CAR,CLE,1494.9429,1432.7888,7,7,0,1,104.35409999999997,0.7619047619047619,1.0
2014,16,REG,CHI,DET,1433.487,1567.1965,6,7,1,0,-91.50949999999993,0.7619047619047619,1.0
2014,16,REG,HOU,BAL,1447.2266,1570.7771,7,7,0,1,-81.35050000000005,0.7619047619047619,1.0
2014,16,REG,MIA,MIN,1500.9799,1461.6773,7,7,0,1,81.50259999999999,0.7619047619047619,1.0
2014,16,REG,NO,ATL,1505.907,1429.828,6,7,1,0,118.27899999999995,0.7619047619047619,1.0
2014,16,REG,NYJ,NE,1389.4914,1680.5663,7,7,1,0,-248.87489999999985,0.7619047619047619,1.0
2014,16,REG,PIT,KC,1559.9075,1533.9199,7,7,0,1,68.18759999999993,0.7619047619047619,1.0
2014,16,REG,TB,GB,1326.3587,1604.6502,7,7,0,0,-236.09150000000005,0.7619047619047619,1.0
2014,16,REG,LA,NYG,1494.9305,1435.8564,10,7,0,0,101.27410000000005,0.7619047619047619,1.0
2014,16,REG,DAL,IND,1587.0617,1609.8244,7,7,0,1,19.437300000000008,0.7619047619047619,1.0
2014,16,REG,LV,BUF,1344.2209,1518.931,7,7,0,1,-132.51010000000002,0.7619047619047619,1.0
2014,16,REG,ARI,SEA,1630.6954,1679.4582,10,7,1,0,-6.562799999999967,0.7619047619047619,1.0
2014,16,REG,CIN,DEN,1572.0967,1680.3891,8,8,0,1,-66.09240000000004,0.7619047619047619,1.0
2014,17,REG,BAL,CLE,1546.1779,1418.6216,7,7,1,1,169.75629999999995,0.8095238095238095,1.0
2014,17,REG,HOU,JAX,1471.8258,1331.9641,7,10,1,1,182.06170000000014,0.8095238095238095,1.0
2014,17,REG,KC,LAC,1517.7955,1565.4655,7,8,1,1,-5.47000000000007,0.8095238095238095,1.0
2014,17,REG,MIA,NYJ,1516.3724,1381.7839,7,7,1,0,176.78850000000006,0.8095238095238095,1.0
2014,17,REG,MIN,CHI,1446.2848,1418.6362,7,7,1,1,69.84859999999999,0.8095238095238095,1.0
2014,17,REG,NE,BUF,1688.2738,1491.6526,7,7,1,0,238.82120000000003,0.8095238095238095,1.0
2014,17,REG,NYG,PHI,1461.5265,1523.6095,7,8,1,0,-19.88300000000008,0.8095238095238095,1.0
2014,17,REG,TB,NO,1318.1829,1479.3497,7,7,1,0,-118.96679999999996,0.8095238095238095,1.0
2014,17,REG,TEN,IND,1290.6883,1590.9421,10,7,1,0,-258.05379999999997,0.8095238095238095,1.0
2014,17,REG,WAS,DAL,1365.8908,1605.944,8,7,1,0,-197.85320000000007,0.8095238095238095,1.0
2014,17,REG,ATL,CAR,1456.3853,1509.1101,7,7,1,0,-10.524800000000184,0.8095238095238095,1.0
2014,17,REG,DEN,LV,1656.6298,1371.4993,6,7,1,1,327.3305,0.8095238095238095,1.0
2014,17,REG,GB,DET,1612.826,1582.0473,7,7,1,1,72.97870000000007,0.8095238095238095,1.0
2014,17,REG,SEA,LA,1699.0805,1469.2604,7,7,1,1,272.0201000000001,0.8095238095238095,1.0
2014,17,REG,SF,ARI,1528.3657,1611.0731,8,7,1,1,-40.507400000000004,0.8095238095238095,1.0
2014,17,REG,PIT,CIN,1576.0319,1595.856,7,6,1,1,22.37589999999996,0.8095238095238095,1.0
2015,1,REG,NE,PIT,1632.7475,1540.4357,7,7,0,1,134.51179999999994,0.047619047619047616,1.0
2015,1,REG,BUF,IND,1515.3872,1578.2877,7,7,0,1,-20.70050000000019,0.047619047619047616,1.0
2015,1,REG,CHI,GB,1442.8022,1581.3149,7,7,1,0,-96.31269999999999,0.047619047619047616,1.0
2015,1,REG,HOU,KC,1490.5659,1524.1062,7,7,0,0,8.659700000000115,0.047619047619047616,1.0
2015,1,REG,JAX,CAR,1394.188,1526.4011,7,7,0,0,-90.01309999999994,0.047619047619047616,1.0
2015,1,REG,NYJ,CLE,1447.9388,1445.8502,7,7,0,1,44.28859999999982,0.047619047619047616,1.0
2015,1,REG,LA,SEA,1478.6489,1625.7761,7,7,1,1,-104.92720000000013,0.047619047619047616,1.0
2015,1,REG,WAS,MIA,1414.9541,1493.435,7,7,0,0,-36.28090000000002,0.047619047619047616,1.0
2015,1,REG,ARI,NO,1539.3437,1496.8943,7,7,0,1,84.64939999999997,0.047619047619047616,1.0
2015,1,REG,LAC,DET,1528.3304,1530.2657,7,7,0,1,40.26470000000013,0.047619047619047616,1.0
2015,1,REG,DEN,BAL,1580.4858,1543.2492,7,7,0,1,79.43659999999996,0.047619047619047616,1.0
2015,1,REG,LV,CIN,1420.974,1535.7237,7,7,0,0,-72.54970000000007,0.047619047619047616,1.0
2015,1,REG,TB,TEN,1384.1053,1371.2225,7,7,0,0,55.082799999999864,0.047619047619047616,1.0
2015,1,REG,DAL,NYG,1568.459,1466.8419,7,7,1,1,143.81710000000015,0.047619047619047616,1.0
2015,1,REG,ATL,PHI,1463.4346,1526.7197,7,7,0,1,-21.085100000000054,0.047619047619047616,1.0
2015,1,REG,SF,MIN,1531.6522,1478.6304,7,7,0,1,95.22179999999999,0.047619047619047616,1.0
2015,2,REG,KC,DEN,1544.6046,1595.9911,4,4,1,0,-9.186500000000066,0.09523809523809523,1.0
2015,2,REG,BUF,NE,1536.5774,1645.3694,7,10,1,0,-66.59200000000014,0.09523809523809523,1.0
2015,2,REG,CAR,HOU,1541.3324,1470.0675,7,7,0,1,113.4648999999999,0.09523809523809523,1.0
2015,2,REG,CHI,ARI,1428.2086,1554.5651,7,7,0,0,-84.1565000000001,0.09523809523809523,1.0
2015,2,REG,CIN,LAC,1551.6071,1546.0229,7,7,0,1,47.78420000000001,0.09523809523809523,1.0
2015,2,REG,CLE,TEN,1428.3859,1394.367,7,7,0,1,76.21890000000003,0.09523809523809523,1.0
2015,2,REG,MIN,DET,1463.9786,1512.5732,6,7,1,1,-6.394600000000125,0.09523809523809523,1.0
2015,2,REG,NO,TB,1481.6729,1360.9608,7,7,1,0,162.91209999999995,0.09523809523809523,1.0
2015,2,REG,NYG,ATL,1454.6781,1484.6469,7,6,0,0,12.231200000000129,0.09523809523809523,1.0
2015,2,REG,PIT,SF,1527.8138,1546.304,10,6,0,1,23.709799999999817,0.09523809523809523,1.0
2015,2,REG,WAS,LA,1397.035,1504.5118,7,7,0,1,-65.27679999999991,0.09523809523809523,1.0
2015,2,REG,JAX,MIA,1379.2567,1511.3541,7,7,0,1,-89.8974000000001,0.09523809523809523,1.0
2015,2,REG,LV,BAL,1405.0906,1527.7439,7,7,0,1,-80.45329999999994,0.09523809523809523,1.0
2015,2,REG,PHI,DAL,1505.5074,1580.6228,6,7,1,0,-32.91540000000013,0.09523809523809523,1.0
2015,2,REG,GB,SEA,1595.9085,1599.9132,7,7,0,1,38.195300000000046,0.09523809523809523,1.0
2015,2,REG,IND,NYJ,1557.0975,1465.4031,8,8,0,0,133.89440000000008,0.09523809523809523,1.0
2015,3,REG,NYG,WAS,1433.9743,1420.749,4,4,1,1,55.425300000000064,0.14285714285714285,1.0
2015,3,REG,BAL,CIN,1503.1937,1568.8736,7,7,1,0,-23.47989999999986,0.14285714285714285,1.0
2015,3,REG,CAR,NO,1555.0235,1452.9267,7,7,1,1,144.29680000000002,0.14285714285714285,1.0
2015,3,REG,CLE,LV,1444.0674,1429.6408,7,7,0,0,56.62660000000001,0.14285714285714285,1.0
2015,3,REG,DAL,ATL,1598.7337,1505.3507,7,7,0,0,135.58300000000003,0.14285714285714285,1.0
2015,3,REG,HOU,TB,1456.3764,1389.707,7,7,0,1,108.8694,0.14285714285714285,1.0
2015,3,REG,MIN,LAC,1484.3467,1528.7564,7,7,0,1,-2.209699999999927,0.14285714285714285,1.0
2015,3,REG,NE,JAX,1661.5823,1404.3191,7,7,0,1,299.4632000000001,0.14285714285714285,1.0
2015,3,REG,NYJ,PHI,1492.7505,1487.3965,6,7,0,0,47.554000000000045,0.14285714285714285,1.0
2015,3,REG,LA,PIT,1480.7978,1546.4511,7,7,0,0,-23.453299999999942,0.14285714285714285,1.0
2015,3,REG,TEN,IND,1378.6855,1529.7501,7,6,1,0,-108.86459999999992,0.14285714285714285,1.0
2015,3,REG,ARI,SF,1569.8132,1527.6667,7,7,1,1,84.34650000000006,0.14285714285714285,1.0
2015,3,REG,MIA,BUF,1486.2917,1520.3645,7,7,1,0,8.127200000000087,0.14285714285714285,1.0
2015,3,REG,SEA,CHI,1582.1031,1412.9605,7,7,0,1,211.34260000000012,0.14285714285714285,1.0
2015,3,REG,DET,DEN,1492.2051,1615.4624,7,10,0,0,-81.05729999999998,0.14285714285714285,1.0
2015,3,REG,GB,KC,1613.7186,1525.1333,8,11,0,1,130.78529999999995,0.14285714285714285,1.0
2015,4,REG,PIT,BAL,1565.1031,1484.5433,4,4,1,0,122.7598,0.19047619047619047,1.0
2015,4,REG,MIA,NYJ,1465.8239,1470.03,7,7,1,0,37.993900000000124,0.19047619047619047,1.0
2015,4,REG,ATL,HOU,1532.782,1470.3067,7,7,0,1,104.67529999999984,0.19047619047619047,1.0
2015,4,REG,BUF,NYG,1540.8323,1450.8106,7,10,0,0,132.2217,0.19047619047619047,1.0
2015,4,REG,CHI,LV,1403.819,1452.8719,7,7,0,1,-6.852900000000133,0.19047619047619047,1.0
2015,4,REG,CIN,KC,1587.524,1512.3254,7,6,0,1,117.39859999999994,0.19047619047619047,1.0
2015,4,REG,IND,JAX,1543.6807,1398.2641,7,7,1,1,187.61659999999978,0.19047619047619047,1.0
2015,4,REG,TB,CAR,1375.7767,1567.1639,7,7,1,0,-149.18720000000013,0.19047619047619047,1.0
2015,4,REG,WAS,PHI,1403.9127,1510.117,10,7,1,1,-64.00429999999987,0.19047619047619047,1.0
2015,4,REG,LAC,CLE,1508.6292,1420.8363,7,7,0,1,129.99290000000013,0.19047619047619047,1.0
2015,4,REG,ARI,LA,1585.051,1462.1458,7,7,1,0,165.1051999999999,0.19047619047619047,1.0
2015,4,REG,DEN,MIN,1630.8792,1504.4739,7,7,0,1,168.6053000000001,0.19047619047619047,1.0
2015,4,REG,SF,GB,1512.4289,1626.5265,7,6,0,0,-71.89759999999983,0.19047619047619047,1.0
2015,4,REG,NO,DAL,1440.7863,1571.3024,7,7,0,1,-88.31610000000005,0.19047619047619047,1.0
2015,4,REG,SEA,DET,1591.2446,1476.7883,8,8,0,1,156.65630000000004,0.19047619047619047,1.0
2015,5,REG,HOU,IND,1456.1564,1553.8209,4,4,1,0,-55.46449999999986,0.23809523809523808,1.0
2015,5,REG,ATL,WAS,1546.9323,1427.556,7,7,0,1,161.5762999999999,0.23809523809523808,1.0
2015,5,REG,BAL,CLE,1511.3298,1407.9886,10,7,1,0,145.54120000000006,0.23809523809523808,1.0
2015,5,REG,CIN,SEA,1601.012,1602.7919,7,6,0,1,40.420100000000005,0.23809523809523808,1.0
2015,5,REG,GB,LA,1642.4458,1490.9938,7,7,0,1,193.652,0.23809523809523808,1.0
2015,5,REG,KC,CHI,1498.8374,1424.2134,7,7,0,0,116.8239999999998,0.23809523809523808,1.0
2015,5,REG,PHI,NO,1486.4737,1465.7634,7,7,0,1,62.910299999999964,0.23809523809523808,1.0
2015,5,REG,TB,JAX,1363.873,1388.1239,7,7,0,1,17.9491,0.23809523809523808,1.0
2015,5,REG,TEN,BUF,1364.7549,1513.5683,14,7,0,0,-106.6134,0.23809523809523808,1.0
2015,5,REG,DET,ARI,1465.241,1556.203,6,7,0,0,-48.761999999999986,0.23809523809523808,1.0
2015,5,REG,DAL,NE,1546.3253,1667.6373,7,14,0,0,-79.11200000000012,0.23809523809523808,1.0
2015,5,REG,LV,DEN,1432.4775,1641.8699,7,7,1,0,-167.19239999999996,0.23809523809523808,1.0
2015,5,REG,NYG,SF,1478.0746,1496.5096,7,7,0,1,23.76499999999983,0.23809523809523808,1.0
2015,5,REG,LAC,PIT,1521.4769,1538.3166,8,11,0,0,25.360299999999782,0.23809523809523808,1.0
2015,6,REG,NO,ATL,1449.3457,1558.2484,4,4,1,1,-66.70269999999987,0.2857142857142857,1.0
2015,6,REG,BUF,CIN,1527.6168,1618.6957,7,7,0,0,-48.87889999999997,0.2857142857142857,1.0
2015,6,REG,CLE,DEN,1435.9087,1652.9255,7,7,0,0,-174.81680000000011,0.2857142857142857,1.0
2015,6,REG,DET,CHI,1448.0297,1450.6958,7,7,1,1,39.53390000000009,0.2857142857142857,1.0
2015,6,REG,JAX,HOU,1369.1562,1439.3223,7,10,1,0,-27.96610000000014,0.2857142857142857,1.0
2015,6,REG,MIN,KC,1493.4832,1472.355,14,7,0,1,63.32819999999988,0.2857142857142857,1.0
2015,6,REG,NYJ,WAS,1492.2084,1416.2399,14,7,0,1,118.16849999999995,0.2857142857142857,1.0
2015,6,REG,PIT,ARI,1559.7739,1573.4143,6,7,0,1,28.559600000000003,0.2857142857142857,1.0
2015,6,REG,TEN,MIA,1350.7064,1443.6455,7,14,0,0,-50.73910000000005,0.2857142857142857,1.0
2015,6,REG,SEA,CAR,1585.1082,1579.0676,7,14,0,0,48.240599999999816,0.2857142857142857,1.0
2015,6,REG,GB,LAC,1652.3253,1500.0196,7,6,0,1,194.50569999999988,0.2857142857142857,1.0
2015,6,REG,SF,BAL,1477.8755,1483.4097,7,7,0,1,36.665800000000175,0.2857142857142857,1.0
2015,6,REG,IND,NE,1570.655,1683.1604,10,7,0,0,-70.3054,0.2857142857142857,1.0
2015,6,REG,PHI,NYG,1502.8914,1496.7087,8,8,1,1,48.38270000000007,0.2857142857142857,1.0
2015,7,REG,SF,SEA,1495.7726,1562.349,4,4,1,0,-24.37639999999992,0.3333333333333333,1.0
2015,7,REG,JAX,BUF,1350.7626,1510.4121,7,7,0,1,-117.44949999999999,0.3333333333333333,1.0
2015,7,REG,DET,MIN,1465.7637,1509.8776,7,7,1,0,-1.913900000000055,0.3333333333333333,1.0
2015,7,REG,IND,NO,1554.6478,1473.1389,7,10,0,0,123.70890000000004,0.3333333333333333,1.0
2015,7,REG,KC,PIT,1455.9606,1578.1336,7,7,0,1,-79.97299999999977,0.3333333333333333,1.0
2015,7,REG,MIA,HOU,1460.7453,1457.7159,7,7,0,1,45.229400000000126,0.3333333333333333,1.0
2015,7,REG,NE,NYJ,1699.1676,1505.6568,7,7,1,1,235.7108,0.3333333333333333,1.0
2015,7,REG,LA,CLE,1481.1143,1425.2007,14,7,0,1,98.11359999999986,0.3333333333333333,1.0
2015,7,REG,TEN,ATL,1333.6066,1534.4552,7,10,0,0,-158.64860000000004,0.3333333333333333,1.0
2015,7,REG,WAS,TB,1402.7915,1382.8407,7,14,0,1,62.150800000000075,0.3333333333333333,1.0
2015,7,REG,LAC,LV,1490.1767,1421.4219,7,14,1,0,110.95479999999993,0.3333333333333333,1.0
2015,7,REG,NYG,DAL,1479.476,1530.8022,6,14,1,1,-9.126199999999969,0.3333333333333333,1.0
2015,7,REG,CAR,PHI,1601.8268,1520.1241,7,6,0,1,123.90270000000005,0.3333333333333333,1.0
2015,7,REG,ARI,BAL,1555.0546,1465.5126,8,8,0,1,131.7419999999999,0.3333333333333333,1.0
2015,8,REG,NE,MIA,1707.3576,1478.1563,4,4,1,1,271.40129999999994,0.38095238095238093,1.0
2015,8,REG,KC,DET,1480.4846,1445.8739,7,7,0,1,76.81069999999995,0.38095238095238093,1.0
2015,8,REG,ATL,TB,1545.9086,1366.3807,7,7,1,0,221.72790000000003,0.38095238095238093,1.0
2015,8,REG,BAL,LAC,1452.7526,1463.9983,6,7,0,1,30.95430000000006,0.38095238095238093,1.0
2015,8,REG,CHI,MIN,1432.9618,1529.7674,14,7,1,0,-54.60559999999991,0.38095238095238093,1.0
2015,8,REG,CLE,ARI,1410.7031,1567.8146,7,6,0,0,-114.91149999999998,0.38095238095238093,1.0
2015,8,REG,HOU,TEN,1440.3049,1322.1532,7,7,1,1,160.3517000000001,0.38095238095238093,1.0
2015,8,REG,NO,NYG,1499.9737,1500.0012,7,7,0,1,42.172500000000085,0.38095238095238093,1.0
2015,8,REG,PIT,CIN,1553.6096,1635.9004,7,14,1,0,-40.09079999999999,0.38095238095238093,1.0
2015,8,REG,LA,SF,1495.6119,1477.1735,7,10,1,1,60.638400000000004,0.38095238095238093,1.0
2015,8,REG,LV,NYJ,1447.6003,1497.4668,7,7,0,1,-7.666499999999857,0.38095238095238093,1.0
2015,8,REG,DAL,SEA,1510.277,1580.9481,7,10,0,0,-28.47110000000002,0.38095238095238093,1.0
2015,8,REG,DEN,GB,1663.6335,1662.1682,14,14,0,1,43.665299999999846,0.38095238095238093,1.0
2015,8,REG,CAR,IND,1614.9821,1527.813,8,8,0,1,129.36909999999983,0.38095238095238093,1.0
2015,9,REG,CIN,CLE,1653.6028,1397.0868,4,4,1,1,298.71599999999984,0.42857142857142855,1.0
2015,9,REG,BUF,MIA,1483.8974,1471.2237,14,10,1,1,54.873700000000056,0.42857142857142855,1.0
2015,9,REG,CAR,GB,1627.8611,1644.6686,6,7,0,1,25.392500000000112,0.42857142857142855,1.0
2015,9,REG,MIN,LA,1546.6497,1512.1563,7,7,0,1,76.69339999999984,0.42857142857142855,1.0
2015,9,REG,NE,WAS,1714.2902,1419.2515,10,14,0,1,337.2386999999998,0.42857142857142855,1.0
2015,9,REG,NO,TEN,1517.5579,1310.7798,7,7,0,0,248.97809999999998,0.42857142857142855,1.0
2015,9,REG,NYJ,JAX,1477.0256,1377.2773,7,14,0,1,141.94829999999996,0.42857142857142855,1.0
2015,9,REG,PIT,LV,1535.9072,1468.0415,7,7,0,1,110.06570000000006,0.42857142857142855,1.0
2015,9,REG,SF,ATL,1460.6291,1514.6354,7,7,0,1,-11.80629999999978,0.42857142857142855,1.0
2015,9,REG,TB,NYG,1397.6539,1482.417,7,7,0,0,-42.56309999999989,0.42857142857142855,1.0
2015,9,REG,IND,DEN,1514.934,1681.1331,6,7,0,1,-123.99910000000004,0.42857142857142855,1.0
2015,9,REG,DAL,PHI,1491.9123,1506.9688,7,14,1,0,27.14349999999986,0.42857142857142855,1.0
2015,9,REG,LAC,CHI,1445.7755,1416.0795,8,8,0,0,71.89599999999992,0.42857142857142855,1.0
2015,10,REG,NYJ,BUF,1489.2806,1500.7646,4,4,1,0,30.71600000000008,0.47619047619047616,1.0
2015,10,REG,BAL,JAX,1470.9754,1365.0223,14,7,0,0,148.15309999999994,0.47619047619047616,1.0
2015,10,REG,GB,DET,1626.1277,1430.2248,7,14,1,0,238.10290000000003,0.47619047619047616,1.0
2015,10,REG,PHI,MIA,1528.5281,1454.3565,7,7,0,0,116.3715999999999,0.47619047619047616,1.0
2015,10,REG,PIT,CLE,1549.7751,1391.0096,7,10,1,1,200.96549999999996,0.47619047619047616,1.0
2015,10,REG,LA,CHI,1496.5008,1440.1601,7,6,0,0,98.54069999999997,0.47619047619047616,1.0
2015,10,REG,TB,DAL,1380.0918,1470.353,7,7,0,1,-48.06120000000014,0.47619047619047616,1.0
2015,10,REG,TEN,CAR,1343.076,1646.402,7,7,0,0,-261.12600000000003,0.47619047619047616,1.0
2015,10,REG,WAS,NO,1414.2313,1485.2617,7,7,0,1,-28.830400000000097,0.47619047619047616,1.0
2015,10,REG,LV,MIN,1454.1736,1562.3052,7,7,0,0,-65.93159999999993,0.47619047619047616,1.0
2015,10,REG,DEN,KC,1654.2835,1496.1337,7,14,1,0,200.3497999999999,0.47619047619047616,1.0
2015,10,REG,NYG,NE,1499.9791,1719.3104,7,7,0,0,-177.13130000000007,0.47619047619047616,1.0
2015,10,REG,SEA,ARI,1599.3128,1581.4309,14,14,1,0,60.08189999999986,0.47619047619047616,1.0
2015,10,REG,CIN,HOU,1659.68,1451.6783,11,15,0,0,250.20170000000002,0.47619047619047616,1.0
2015,11,REG,JAX,TEN,1393.0688,1335.7978,4,4,1,1,99.47099999999996,0.5238095238095238,1.0
2015,11,REG,ATL,IND,1493.956,1541.7836,14,14,0,0,-5.627600000000072,0.5238095238095238,1.0
2015,11,REG,BAL,LA,1442.9289,1470.9757,7,7,0,1,14.153200000000155,0.5238095238095238,1.0
2015,11,REG,CAR,WAS,1653.6802,1435.8871,7,7,0,1,259.9931000000001,0.5238095238095238,1.0
2015,11,REG,CHI,DEN,1465.6852,1623.8789,7,7,0,0,-115.99370000000003,0.5238095238095238,1.0
2015,11,REG,DET,LV,1462.1241,1437.924,7,7,0,1,66.40010000000002,0.5238095238095238,1.0
2015,11,REG,HOU,NYJ,1484.0182,1467.517,6,10,0,1,58.70119999999993,0.5238095238095238,1.0
2015,11,REG,MIA,DAL,1480.8156,1447.6039,7,7,0,0,75.41169999999984,0.5238095238095238,1.0
2015,11,REG,PHI,TB,1502.069,1402.8409,7,7,0,0,141.42810000000003,0.5238095238095238,1.0
2015,11,REG,LAC,KC,1421.6949,1526.5383,13,7,1,0,-62.64339999999997,0.5238095238095238,1.0
2015,11,REG,MIN,GB,1578.5548,1594.2284,7,7,1,0,26.526399999999924,0.5238095238095238,1.0
2015,11,REG,SEA,SF,1575.8883,1481.3085,7,14,1,1,136.77979999999997,0.5238095238095238,1.0
2015,11,REG,ARI,CIN,1604.8554,1627.3401,7,6,0,1,19.715300000000028,0.5238095238095238,1.0
2015,11,REG,NE,BUF,1729.9142,1522.5282,8,11,1,1,249.58599999999996,0.5238095238095238,1.0
2015,12,REG,DET,PHI,1478.3477,1474.3495,4,4,0,1,46.1982,0.5714285714285714,1.0
2015,12,REG,DAL,CAR,1471.878,1660.9973,4,4,0,0,-146.91930000000008,0.5714285714285714,1.0
2015,12,REG,GB,CHI,1615.7524,1452.1248,4,4,1,0,205.82760000000002,0.5714285714285714,1.0
2015,12,REG,ATL,MIN,1474.2799,1557.0308,7,7,0,0,-40.5509,0.5714285714285714,1.0
2015,12,REG,CIN,LA,1608.4738,1451.79,7,7,0,1,198.8838,0.5714285714285714,1.0
2015,12,REG,HOU,NO,1500.6709,1463.6059,7,14,0,1,79.26500000000006,0.5714285714285714,1.0
2015,12,REG,IND,TB,1561.4597,1430.5604,7,7,0,1,173.09930000000003,0.5714285714285714,1.0
2015,12,REG,JAX,LAC,1407.4943,1405.2624,10,7,0,0,44.4319,0.5714285714285714,1.0
2015,12,REG,KC,BUF,1542.9708,1514.8461,7,6,0,1,70.32470000000008,0.5714285714285714,1.0
2015,12,REG,NYJ,MIA,1450.8643,1456.5415,7,7,1,1,36.52279999999992,0.5714285714285714,1.0
2015,12,REG,TEN,LV,1321.3723,1421.7004,10,7,0,0,-58.12809999999995,0.5714285714285714,1.0
2015,12,REG,WAS,NYG,1428.57,1489.3753,7,14,1,1,-18.605299999999986,0.5714285714285714,1.0
2015,12,REG,SF,ARI,1468.7991,1623.7217,7,7,1,0,-112.7226000000001,0.5714285714285714,1.0
2015,12,REG,SEA,PIT,1588.3977,1559.3447,7,14,0,1,71.25299999999989,0.5714285714285714,1.0
2015,12,REG,DEN,NE,1637.4393,1737.5963,7,6,0,1,-57.95699999999992,0.5714285714285714,1.0
2015,12,REG,CLE,BAL,1381.44,1462.1146,15,8,1,0,-38.47460000000005,0.5714285714285714,1.0
2015,13,REG,DET,GB,1495.7039,1585.1197,7,7,1,0,-47.21579999999999,0.6190476190476191,1.0
2015,13,REG,BUF,HOU,1498.8399,1516.1856,7,7,0,1,24.854299999999924,0.6190476190476191,1.0
2015,13,REG,CHI,SF,1482.7575,1455.0695,10,7,0,0,69.88799999999988,0.6190476190476191,1.0
2015,13,REG,CLE,CIN,1363.6458,1618.1309,6,7,1,0,-212.2851000000001,0.6190476190476191,1.0
2015,13,REG,MIA,BAL,1438.6362,1479.9088,7,6,0,1,0.9273999999999916,0.6190476190476191,1.0
2015,13,REG,MIN,SEA,1574.707,1604.3526,7,7,0,0,12.554400000000172,0.6190476190476191,1.0
2015,13,REG,NYG,NYJ,1468.3053,1468.7696,7,7,0,0,41.73569999999991,0.6190476190476191,1.0
2015,13,REG,LA,ARI,1442.1329,1637.4513,7,7,1,0,-153.1183999999999,0.6190476190476191,1.0
2015,13,REG,TB,ATL,1419.7747,1456.6037,7,7,1,1,5.371000000000052,0.6190476190476191,1.0
2015,13,REG,TEN,JAX,1304.6875,1384.9504,7,7,1,1,-38.06289999999994,0.6190476190476191,1.0
2015,13,REG,LV,KC,1438.3852,1558.977,7,7,1,0,-78.39180000000015,0.6190476190476191,1.0
2015,13,REG,LAC,DEN,1427.8063,1660.745,7,7,1,0,-190.73869999999994,0.6190476190476191,1.0
2015,13,REG,NE,PHI,1714.2906,1456.9933,7,10,0,0,299.49729999999994,0.6190476190476191,1.0
2015,13,REG,NO,CAR,1448.0912,1673.0104,7,10,1,0,-182.71919999999983,0.6190476190476191,1.0
2015,13,REG,PIT,IND,1543.3898,1572.2454,7,7,0,1,13.344399999999908,0.6190476190476191,1.0
2015,13,REG,WAS,DAL,1449.64,1459.8649,8,11,1,0,31.97510000000007,0.6190476190476191,1.0
2015,14,REG,ARI,MIN,1649.1666,1553.9846,4,4,0,1,137.382,0.6666666666666666,1.0
2015,14,REG,BAL,SEA,1459.9622,1625.075,7,7,0,0,-122.9128000000001,0.6666666666666666,1.0
2015,14,REG,CAR,ATL,1683.3655,1436.9129,7,7,1,1,288.65260000000006,0.6666666666666666,1.0
2015,14,REG,CHI,WAS,1458.7878,1427.8045,7,6,0,0,73.1833000000001,0.6666666666666666,1.0
2015,14,REG,CIN,PIT,1627.2342,1562.622,7,7,1,0,106.81220000000003,0.6666666666666666,1.0
2015,14,REG,CLE,SF,1354.5425,1479.0392,7,7,0,1,-82.29669999999992,0.6666666666666666,1.0
2015,14,REG,JAX,IND,1362.768,1553.0132,7,7,1,1,-148.04520000000008,0.6666666666666666,1.0
2015,14,REG,KC,LAC,1574.5395,1417.8016,7,7,1,1,198.93790000000007,0.6666666666666666,1.0
2015,14,REG,NYJ,TEN,1491.1606,1326.8699,7,7,0,1,206.4907,0.6666666666666666,1.0
2015,14,REG,PHI,BUF,1490.9393,1517.4116,7,7,0,1,15.727700000000098,0.6666666666666666,1.0
2015,14,REG,LA,DET,1430.4176,1478.4053,7,10,0,1,-5.7876999999999015,0.6666666666666666,1.0
2015,14,REG,TB,NO,1439.4655,1437.7361,7,7,1,0,43.929399999999944,0.6666666666666666,1.0
2015,14,REG,DEN,LV,1670.7497,1422.8227,7,7,1,0,290.1270000000001,0.6666666666666666,1.0
2015,14,REG,GB,DAL,1602.4183,1481.7004,10,6,0,1,162.9179000000001,0.6666666666666666,1.0
2015,14,REG,HOU,NE,1497.6139,1680.3446,7,7,0,0,-140.53069999999985,0.6666666666666666,1.0
2015,14,REG,MIA,NYG,1458.5828,1445.9143,8,8,0,0,54.8685,0.6666666666666666,1.0
2015,15,REG,LA,TB,1450.7507,1416.9501,4,4,0,1,76.00060000000003,0.7142857142857143,1.0
2015,15,REG,DAL,NYJ,1470.4469,1500.5006,6,6,0,0,12.14629999999984,0.7142857142857143,1.0
2015,15,REG,BAL,KC,1446.7565,1584.1943,7,7,0,0,-95.23780000000015,0.7142857142857143,1.0
2015,15,REG,IND,HOU,1524.9719,1485.2894,7,7,1,0,81.88250000000012,0.7142857142857143,1.0
2015,15,REG,JAX,ATL,1390.8093,1430.5311,7,7,0,0,2.4781999999999726,0.7142857142857143,1.0
2015,15,REG,MIN,CHI,1541.505,1434.6362,10,7,1,1,149.06880000000018,0.7142857142857143,1.0
2015,15,REG,NE,TEN,1692.6691,1317.5299,7,7,0,1,417.33920000000006,0.7142857142857143,1.0
2015,15,REG,NYG,CAR,1469.0468,1689.7473,6,7,0,0,-178.50049999999993,0.7142857142857143,1.0
2015,15,REG,WAS,BUF,1451.9561,1498.3163,7,7,0,1,-4.160199999999847,0.7142857142857143,1.0
2015,15,REG,LV,GB,1456.4863,1613.6718,7,7,0,0,-114.98550000000004,0.7142857142857143,1.0
2015,15,REG,SEA,CLE,1638.2807,1379.1932,7,7,0,1,301.2875000000001,0.7142857142857143,1.0
2015,15,REG,PIT,DEN,1588.5839,1637.0861,7,7,0,1,-6.3021999999999,0.7142857142857143,1.0
2015,15,REG,LAC,MIA,1408.1468,1435.4503,7,6,0,1,14.896500000000017,0.7142857142857143,1.0
2015,15,REG,SF,CIN,1454.3885,1601.2723,7,7,0,0,-104.68380000000006,0.7142857142857143,1.0
2015,15,REG,PHI,ARI,1510.0346,1661.6462,7,10,0,0,-109.41159999999995,0.7142857142857143,1.0
2015,15,REG,NO,DET,1460.2515,1458.0722,8,8,0,0,44.379300000000015,0.7142857142857143,1.0
2015,16,REG,LV,LAC,1442.8739,1427.2898,4,4,1,1,57.78410000000004,0.7619047619047619,1.0
2015,16,REG,PHI,WAS,1496.1326,1472.1956,6,6,1,0,66.1369999999999,0.7619047619047619,1.0
2015,16,REG,ATL,CAR,1450.6738,1700.2898,7,7,1,1,-207.416,0.7619047619047619,1.0
2015,16,REG,BAL,PIT,1432.1055,1608.9466,7,7,1,1,-134.6411000000001,0.7619047619047619,1.0
2015,16,REG,BUF,DAL,1478.0768,1449.748,7,8,0,1,70.5288,0.7619047619047619,1.0
2015,16,REG,DET,SF,1480.6131,1440.2386,6,7,0,1,82.57450000000013,0.7619047619047619,1.0
2015,16,REG,KC,CLE,1598.8453,1373.1919,7,7,0,1,267.8533999999999,0.7619047619047619,1.0
2015,16,REG,MIA,IND,1416.3073,1500.3437,7,7,0,0,-41.836399999999955,0.7619047619047619,1.0
2015,16,REG,NYJ,NE,1521.1995,1695.9887,8,7,1,1,-132.58920000000018,0.7619047619047619,1.0
2015,16,REG,TB,CHI,1401.2566,1422.7268,10,7,0,0,20.729800000000026,0.7619047619047619,1.0
2015,16,REG,TEN,HOU,1314.2103,1509.9176,7,7,1,0,-153.50730000000004,0.7619047619047619,1.0
2015,16,REG,NO,JAX,1437.7106,1370.6666,6,7,0,1,109.2440000000001,0.7619047619047619,1.0
2015,16,REG,ARI,GB,1675.5482,1627.2842,7,7,0,1,90.4639999999999,0.7619047619047619,1.0
2015,16,REG,SEA,LA,1644.282,1466.4442,7,10,1,0,220.0378,0.7619047619047619,1.0
2015,16,REG,MIN,NYG,1553.4144,1458.5043,7,7,0,1,137.11009999999982,0.7619047619047619,1.0
2015,16,REG,DEN,CIN,1616.7234,1615.4222,8,8,0,1,43.50120000000011,0.7619047619047619,1.0
2015,17,REG,ATL,NO,1481.3719,1451.6214,7,7,1,0,71.9505000000001,0.8095238095238095,1.0
2015,17,REG,BUF,NYJ,1494.0717,1548.4818,7,7,1,1,-12.210100000000054,0.8095238095238095,1.0
2015,17,REG,CHI,DET,1443.9187,1495.9473,7,7,1,0,-9.828600000000094,0.8095238095238095,1.0
2015,17,REG,CIN,BAL,1597.9133,1459.49,6,7,1,1,180.62329999999992,0.8095238095238095,1.0
2015,17,REG,CLE,PIT,1366.1415,1581.5621,7,7,1,0,-173.22060000000016,0.8095238095238095,1.0
2015,17,REG,DAL,WAS,1433.7531,1495.9574,7,8,1,0,-20.0043000000001,0.8095238095238095,1.0
2015,17,REG,HOU,JAX,1521.6144,1356.7558,7,7,1,1,207.0586,0.8095238095238095,1.0
2015,17,REG,IND,TEN,1517.947,1302.5135,7,7,1,1,257.63349999999986,0.8095238095238095,1.0
2015,17,REG,MIA,NE,1398.704,1668.7064,7,7,1,1,-227.8024000000001,0.8095238095238095,1.0
2015,17,REG,NYG,PHI,1446.0113,1472.3708,7,8,1,0,15.840499999999977,0.8095238095238095,1.0
2015,17,REG,ARI,SEA,1690.4553,1613.0753,7,7,1,0,119.58000000000011,0.8095238095238095,1.0
2015,17,REG,CAR,TB,1669.5917,1380.0647,7,7,1,1,331.72700000000003,0.8095238095238095,1.0
2015,17,REG,DEN,LAC,1634.2323,1410.5858,6,10,1,1,265.8464999999998,0.8095238095238095,1.0
2015,17,REG,KC,LV,1605.8957,1459.5779,7,10,1,1,188.51780000000002,0.8095238095238095,1.0
2015,17,REG,SF,LA,1424.9044,1497.6509,7,7,1,1,-30.546500000000194,0.8095238095238095,1.0
2015,17,REG,GB,MIN,1612.3771,1565.9074,7,7,1,0,88.66969999999988,0.8095238095238095,1.0
2016,1,REG,DEN,CAR,1626.1816,1614.6081,7,7,0,1,53.77349999999997,0.047619047619047616,1.0
2016,1,REG,ATL,TB,1475.613,1426.1822,7,7,1,0,91.6308000000001,0.047619047619047616,1.0
2016,1,REG,BAL,BUF,1470.6653,1510.1046,7,7,0,1,2.7607,0.047619047619047616,1.0
2016,1,REG,HOU,CHI,1507.1663,1455.9306,7,7,0,1,93.43570000000018,0.047619047619047616,1.0
2016,1,REG,JAX,GB,1409.7035,1556.322,7,7,0,0,-104.41849999999981,0.047619047619047616,1.0
2016,1,REG,KC,LAC,1570.8168,1443.3208,7,7,1,1,169.69600000000008,0.047619047619047616,1.0
2016,1,REG,NO,LV,1486.663,1470.9261,7,7,0,0,57.93690000000011,0.047619047619047616,1.0
2016,1,REG,NYJ,CIN,1517.9075,1549.4661,7,7,0,0,10.641399999999933,0.047619047619047616,1.0
2016,1,REG,PHI,CLE,1497.2092,1414.4568,7,7,0,1,124.95240000000008,0.047619047619047616,1.0
2016,1,REG,TEN,MIN,1378.3089,1541.6555,7,7,0,0,-121.14660000000008,0.047619047619047616,1.0
2016,1,REG,SEA,MIA,1586.9948,1459.3681,7,7,0,1,169.82670000000002,0.047619047619047616,1.0
2016,1,REG,DAL,NYG,1450.182,1456.3001,7,7,1,0,36.08190000000009,0.047619047619047616,1.0
2016,1,REG,IND,DET,1516.4474,1510.469,7,7,0,0,48.17839999999997,0.047619047619047616,1.0
2016,1,REG,ARI,NE,1597.9289,1583.6641,7,7,0,0,56.46480000000015,0.047619047619047616,1.0
2016,1,REG,WAS,PIT,1496.9799,1561.6278,7,7,0,0,-22.447899999999933,0.047619047619047616,1.0
2016,1,REG,SF,LA,1469.235,1486.7782,7,7,1,1,24.656799999999933,0.047619047619047616,1.0
2016,2,REG,BUF,NYJ,1490.2635,1497.2951,4,4,1,0,35.16839999999998,0.09523809523809523,1.0
2016,2,REG,ARI,TB,1574.7068,1451.3379,7,7,0,1,165.56889999999993,0.09523809523809523,1.0
2016,2,REG,CAR,SF,1597.6791,1487.818,10,6,0,1,152.06110000000007,0.09523809523809523,1.0
2016,2,REG,CLE,BAL,1401.3548,1490.5064,7,7,1,0,-46.951599999999914,0.09523809523809523,1.0
2016,2,REG,DET,TEN,1533.2247,1365.0131,7,7,0,0,210.41160000000008,0.09523809523809523,1.0
2016,2,REG,HOU,KC,1521.9137,1581.7575,7,7,0,1,-17.64379999999987,0.09523809523809523,1.0
2016,2,REG,NE,MIA,1606.8862,1448.4334,7,7,1,1,200.6528,0.09523809523809523,1.0
2016,2,REG,NYG,NO,1478.3697,1463.3585,7,7,0,1,57.21119999999992,0.09523809523809523,1.0
2016,2,REG,PIT,CIN,1580.3374,1570.0785,6,7,1,1,52.458899999999815,0.09523809523809523,1.0
2016,2,REG,WAS,DAL,1478.2703,1428.1124,6,7,1,0,92.35789999999993,0.09523809523809523,1.0
2016,2,REG,LA,SEA,1468.1952,1597.9295,6,7,1,1,-87.53429999999985,0.09523809523809523,1.0
2016,2,REG,DEN,IND,1643.1106,1493.6917,10,7,0,1,191.61889999999988,0.09523809523809523,1.0
2016,2,REG,LV,ATL,1494.2306,1450.4573,7,7,0,0,85.97330000000007,0.09523809523809523,1.0
2016,2,REG,LAC,JAX,1432.3801,1395.5396,7,7,0,1,79.04050000000002,0.09523809523809523,1.0
2016,2,REG,MIN,GB,1554.9513,1570.4859,7,7,1,1,26.665400000000048,0.09523809523809523,1.0
2016,2,REG,CHI,PHI,1441.1832,1510.3112,8,8,0,0,-26.928000000000154,0.09523809523809523,1.0
2016,3,REG,NE,HOU,1616.4689,1542.9285,4,4,0,1,115.7404000000001,0.14285714285714285,1.0
2016,3,REG,BUF,ARI,1468.2459,1585.8373,10,7,0,1,-75.39140000000002,0.14285714285714285,1.0
2016,3,REG,CAR,MIN,1609.4449,1573.4193,7,7,0,0,78.22559999999994,0.14285714285714285,1.0
2016,3,REG,CIN,DEN,1553.0755,1653.0774,7,7,0,0,-57.801899999999975,0.14285714285714285,1.0
2016,3,REG,GB,DET,1552.0179,1502.4041,7,7,1,1,91.81380000000009,0.14285714285714285,1.0
2016,3,REG,JAX,BAL,1380.0126,1507.82,7,7,0,0,-85.60739999999991,0.14285714285714285,1.0
2016,3,REG,MIA,CLE,1438.8507,1384.0412,7,7,0,1,97.00950000000007,0.14285714285714285,1.0
2016,3,REG,NYG,WAS,1495.1058,1453.0755,7,7,1,0,84.23030000000013,0.14285714285714285,1.0
2016,3,REG,TEN,LV,1395.8337,1469.3802,7,7,0,0,-31.346500000000148,0.14285714285714285,1.0
2016,3,REG,SEA,SF,1572.9946,1476.0522,7,7,1,1,139.1423999999999,0.14285714285714285,1.0
2016,3,REG,TB,LA,1440.2074,1493.1301,7,7,0,0,-10.722700000000074,0.14285714285714285,1.0
2016,3,REG,IND,LAC,1483.7249,1447.9071,7,7,0,1,78.01780000000004,0.14285714285714285,1.0
2016,3,REG,KC,NYJ,1560.7427,1519.3127,7,10,0,1,83.63000000000007,0.14285714285714285,1.0
2016,3,REG,PHI,PIT,1528.7642,1597.3404,6,7,0,1,-26.37619999999997,0.14285714285714285,1.0
2016,3,REG,DAL,CHI,1453.3072,1422.7302,7,6,0,1,72.777,0.14285714285714285,1.0
2016,3,REG,NO,ATL,1446.6224,1475.3077,8,8,1,0,13.514699999999905,0.14285714285714285,1.0
2016,4,REG,CIN,MIA,1536.3725,1453.4071,4,4,0,1,125.16540000000005,0.19047619047619047,1.0
2016,4,REG,JAX,IND,1364.8432,1499.3078,7,7,1,1,-92.26460000000002,0.19047619047619047,1.0
2016,4,REG,ATL,CAR,1496.0853,1585.0165,6,7,1,1,-46.73119999999999,0.19047619047619047,1.0
2016,4,REG,BAL,LV,1522.9894,1487.5806,7,7,0,0,77.60879999999993,0.19047619047619047,1.0
2016,4,REG,CHI,DET,1406.8594,1487.5696,7,7,1,1,-38.51019999999998,0.19047619047619047,1.0
2016,4,REG,HOU,TEN,1529.3551,1377.6333,10,7,1,1,193.92180000000002,0.19047619047619047,1.0
2016,4,REG,NE,BUF,1630.0423,1492.5189,10,7,1,0,179.72340000000003,0.19047619047619047,1.0
2016,4,REG,NYJ,SEA,1504.036,1585.3873,7,7,0,0,-39.151300000000035,0.19047619047619047,1.0
2016,4,REG,WAS,CLE,1477.8314,1369.4848,7,7,0,1,150.54660000000007,0.19047619047619047,1.0
2016,4,REG,TB,DEN,1420.8245,1669.7804,7,7,0,0,-206.75590000000017,0.19047619047619047,1.0
2016,4,REG,ARI,LA,1561.5643,1512.513,7,7,1,0,91.25130000000009,0.19047619047619047,1.0
2016,4,REG,LAC,NO,1432.3242,1425.8448,7,6,0,0,48.679399999999944,0.19047619047619047,1.0
2016,4,REG,SF,DAL,1463.6595,1469.178,7,7,0,0,36.68149999999987,0.19047619047619047,1.0
2016,4,REG,PIT,KC,1575.825,1576.0194,7,7,0,1,42.00560000000014,0.19047619047619047,1.0
2016,4,REG,MIN,NYG,1597.8477,1470.3499,8,8,0,1,169.6978000000001,0.19047619047619047,1.0
2016,5,REG,SF,ARI,1441.5558,1536.429,4,4,1,0,-52.673199999999994,0.23809523809523808,1.0
2016,5,REG,BAL,WAS,1498.5947,1489.6698,7,7,0,0,51.12490000000021,0.23809523809523808,1.0
2016,5,REG,CLE,NE,1357.6464,1600.5303,7,7,0,0,-200.68389999999982,0.23809523809523808,1.0
2016,5,REG,DET,PHI,1465.3618,1550.2796,7,14,0,1,-42.71780000000017,0.23809523809523808,1.0
2016,5,REG,IND,CHI,1474.118,1429.0672,7,7,0,1,87.25079999999998,0.23809523809523808,1.0
2016,5,REG,MIA,TEN,1440.3159,1367.7654,10,7,0,0,114.75050000000006,0.23809523809523808,1.0
2016,5,REG,MIN,HOU,1608.7883,1539.223,6,7,0,1,111.76529999999998,0.23809523809523808,1.0
2016,5,REG,PIT,NYJ,1593.4187,1486.2802,7,7,0,1,149.3385,0.23809523809523808,1.0
2016,5,REG,DEN,ATL,1679.1095,1518.7593,7,7,0,0,202.55020000000007,0.23809523809523808,1.0
2016,5,REG,DAL,CIN,1491.2817,1549.4637,7,10,0,1,-15.982000000000014,0.23809523809523808,1.0
2016,5,REG,LA,BUF,1537.6483,1522.0309,7,7,0,0,57.81740000000009,0.23809523809523808,1.0
2016,5,REG,LV,LAC,1511.9753,1409.5402,7,7,1,1,144.63510000000014,0.23809523809523808,1.0
2016,5,REG,GB,NYG,1566.8524,1459.4093,14,6,0,1,149.64309999999995,0.23809523809523808,1.0
2016,5,REG,CAR,TB,1562.3425,1411.4954,8,8,1,0,193.04709999999994,0.23809523809523808,1.0
2016,6,REG,LAC,DEN,1397.4163,1648.6128,4,4,1,1,-208.99650000000003,0.2857142857142857,1.0
2016,6,REG,BUF,SF,1545.3288,1424.5649,7,10,0,1,162.9638999999999,0.2857142857142857,1.0
2016,6,REG,CHI,JAX,1413.9868,1390.033,7,14,0,0,66.1538,0.2857142857142857,1.0
2016,6,REG,DET,LA,1487.8085,1514.3504,7,7,0,1,15.658100000000061,0.2857142857142857,1.0
2016,6,REG,MIA,PIT,1413.9405,1605.3151,7,7,0,1,-149.1746000000001,0.2857142857142857,1.0
2016,6,REG,NE,CIN,1610.1117,1528.5444,7,7,0,1,123.76729999999993,0.2857142857142857,1.0
2016,6,REG,NO,CAR,1448.6288,1532.2479,14,6,1,1,-41.419100000000114,0.2857142857142857,1.0
2016,6,REG,NYG,BAL,1447.5275,1475.6728,7,7,0,1,14.054699999999869,0.2857142857142857,1.0
2016,6,REG,TEN,CLE,1394.1408,1348.065,7,7,0,1,88.27579999999985,0.2857142857142857,1.0
2016,6,REG,WAS,PHI,1512.5917,1527.8329,7,7,1,1,26.95879999999984,0.2857142857142857,1.0
2016,6,REG,LV,KC,1524.0992,1558.4257,7,14,1,0,7.8735000000001065,0.2857142857142857,1.0
2016,6,REG,GB,DAL,1578.7342,1512.201,7,7,0,0,108.73320000000008,0.2857142857142857,1.0
2016,6,REG,SEA,ATL,1603.1431,1549.256,14,7,0,1,96.08709999999992,0.2857142857142857,1.0
2016,6,REG,HOU,IND,1525.4436,1489.1984,7,7,1,1,78.44520000000007,0.2857142857142857,1.0
2016,6,REG,ARI,NYJ,1553.4199,1474.3838,11,8,0,1,121.23610000000004,0.2857142857142857,1.0
2016,7,REG,GB,CHI,1552.6717,1390.224,4,4,1,1,204.64770000000016,0.3333333333333333,1.0
2016,7,REG,LA,NYG,1495.2511,1466.7189,7,7,0,0,70.73219999999988,0.3333333333333333,1.0
2016,7,REG,CIN,CLE,1515.3822,1333.04,7,7,1,1,224.54220000000004,0.3333333333333333,1.0
2016,7,REG,DET,WAS,1506.9078,1531.0429,7,7,0,1,18.064900000000037,0.3333333333333333,1.0
2016,7,REG,JAX,LV,1413.7958,1503.646,7,7,0,0,-47.650199999999856,0.3333333333333333,1.0
2016,7,REG,KC,NO,1578.8789,1471.0018,7,7,0,1,150.07709999999992,0.3333333333333333,1.0
2016,7,REG,MIA,BUF,1442.0362,1556.5802,7,7,1,1,-72.3440000000001,0.3333333333333333,1.0
2016,7,REG,NYJ,BAL,1461.0926,1456.4814,6,7,0,1,46.811200000000056,0.3333333333333333,1.0
2016,7,REG,PHI,MIN,1509.3817,1622.5677,7,14,0,1,-70.98600000000015,0.3333333333333333,1.0
2016,7,REG,TEN,IND,1409.1658,1473.6389,7,7,1,0,-22.27309999999993,0.3333333333333333,1.0
2016,7,REG,ATL,LAC,1534.6504,1428.1792,7,10,0,0,148.67119999999994,0.3333333333333333,1.0
2016,7,REG,SF,TB,1413.3135,1441.59,7,13,0,0,13.923500000000061,0.3333333333333333,1.0
2016,7,REG,PIT,NE,1577.2194,1623.2739,7,7,0,0,-3.854499999999959,0.3333333333333333,1.0
2016,7,REG,ARI,SEA,1566.7111,1617.7487,6,7,1,0,-8.837600000000108,0.3333333333333333,1.0
2016,7,REG,DEN,HOU,1617.8499,1541.0031,11,8,0,1,119.04680000000003,0.3333333333333333,1.0
2016,8,REG,TEN,JAX,1390.4462,1396.5217,4,4,1,1,36.12450000000008,0.38095238095238093,1.0
2016,8,REG,CIN,WAS,1523.9989,1512.0819,7,7,0,0,54.11700000000015,0.38095238095238093,1.0
2016,8,REG,BUF,NE,1532.4749,1643.052,7,7,1,0,-68.37709999999997,0.38095238095238093,1.0
2016,8,REG,CAR,ARI,1509.8749,1547.2197,14,7,0,1,4.855199999999925,0.38095238095238093,1.0
2016,8,REG,CLE,NYJ,1324.4233,1478.4141,7,7,0,0,-111.79080000000003,0.38095238095238093,1.0
2016,8,REG,HOU,DET,1527.5998,1525.8688,6,7,0,1,43.931,0.38095238095238093,1.0
2016,8,REG,IND,KC,1492.3585,1590.7398,7,7,0,0,-56.18130000000001,0.38095238095238093,1.0
2016,8,REG,NO,SEA,1459.1409,1637.2401,7,7,0,1,-135.8991999999999,0.38095238095238093,1.0
2016,8,REG,TB,LV,1462.3911,1520.9201,7,7,0,0,-16.328999999999994,0.38095238095238093,1.0
2016,8,REG,DEN,LAC,1631.2532,1456.2507,6,7,1,1,217.20250000000004,0.38095238095238093,1.0
2016,8,REG,ATL,GB,1506.5789,1562.0878,7,10,0,1,-13.308900000000037,0.38095238095238093,1.0
2016,8,REG,DAL,PHI,1538.2635,1533.4121,14,7,1,1,47.051400000000015,0.38095238095238093,1.0
2016,8,REG,CHI,MIN,1380.8079,1598.5373,11,8,1,1,-175.52939999999995,0.38095238095238093,1.0
2016,9,REG,TB,ATL,1443.3304,1527.3446,4,4,1,0,-41.81419999999984,0.42857142857142855,1.0
2016,9,REG,BAL,PIT,1439.1599,1557.4413,14,14,1,1,-76.08139999999985,0.42857142857142855,1.0
2016,9,REG,CLE,DAL,1310.6452,1555.5714,7,7,0,0,-202.72620000000012,0.42857142857142855,1.0
2016,9,REG,KC,JAX,1607.5336,1378.5937,7,10,0,1,271.13990000000007,0.42857142857142855,1.0
2016,9,REG,MIA,NYJ,1466.1415,1492.1922,14,7,1,1,16.149299999999997,0.42857142857142855,1.0
2016,9,REG,MIN,DET,1569.2131,1508.3843,6,7,1,0,103.0288,0.42857142857142855,1.0
2016,9,REG,NYG,PHI,1490.7352,1516.1042,14,7,1,1,16.83100000000009,0.42857142857142855,1.0
2016,9,REG,LA,CAR,1471.2348,1529.5954,14,7,0,0,-16.160599999999974,0.42857142857142855,1.0
2016,9,REG,SF,NO,1392.5124,1486.5879,14,7,0,0,-51.87549999999992,0.42857142857142855,1.0
2016,9,REG,GB,IND,1541.3221,1475.5647,7,7,0,0,107.95740000000019,0.42857142857142855,1.0
2016,9,REG,LAC,TEN,1447.3449,1408.3742,7,10,0,1,81.17070000000008,0.42857142857142855,1.0
2016,9,REG,LV,DEN,1539.9808,1640.159,7,7,1,1,-57.97820000000006,0.42857142857142855,1.0
2016,9,REG,SEA,BUF,1609.7931,1516.361,8,8,0,1,135.63209999999998,0.42857142857142855,1.0
2016,10,REG,BAL,CLE,1463.4708,1301.1492,4,4,1,1,204.52159999999998,0.47619047619047616,1.0
2016,10,REG,CAR,KC,1548.6658,1614.4748,7,7,0,0,-23.608999999999966,0.47619047619047616,1.0
2016,10,REG,JAX,HOU,1371.6525,1545.0843,7,14,1,0,-131.23180000000008,0.47619047619047616,1.0
2016,10,REG,NO,DEN,1503.6237,1616.8521,7,7,0,0,-71.02839999999996,0.47619047619047616,1.0
2016,10,REG,NYJ,LA,1473.1212,1452.1644,7,7,0,0,63.15680000000016,0.47619047619047616,1.0
2016,10,REG,PHI,ATL,1497.0723,1544.9491,7,10,0,1,-5.6768,0.47619047619047616,1.0
2016,10,REG,TB,CHI,1425.7259,1410.1321,10,13,0,1,57.79379999999988,0.47619047619047616,1.0
2016,10,REG,TEN,GB,1392.9636,1515.3001,7,7,0,1,-80.13649999999988,0.47619047619047616,1.0
2016,10,REG,WAS,MIN,1535.1722,1543.4502,14,7,0,1,33.92199999999998,0.47619047619047616,1.0
2016,10,REG,LAC,MIA,1462.7555,1485.2125,7,7,0,0,19.742999999999896,0.47619047619047616,1.0
2016,10,REG,ARI,SF,1527.4992,1375.4766,14,7,1,1,194.2226,0.47619047619047616,1.0
2016,10,REG,PIT,DAL,1533.1304,1565.0674,7,7,0,0,10.263000000000105,0.47619047619047616,1.0
2016,10,REG,NE,SEA,1659.1659,1622.3593,14,6,0,0,79.00659999999989,0.47619047619047616,1.0
2016,10,REG,NYG,CIN,1509.7671,1500.9086,8,15,0,1,51.05850000000005,0.47619047619047616,1.0
2016,11,REG,CAR,NO,1530.0228,1487.6564,4,4,1,1,84.56639999999989,0.5238095238095238,1.0
2016,11,REG,CIN,BUF,1483.8268,1503.7948,6,13,0,0,22.232000000000156,0.5238095238095238,1.0
2016,11,REG,CLE,PIT,1291.7278,1512.5398,10,7,1,0,-178.61200000000014,0.5238095238095238,1.0
2016,11,REG,DAL,BAL,1585.658,1472.8922,7,10,0,1,154.9657999999999,0.5238095238095238,1.0
2016,11,REG,DET,JAX,1534.1472,1358.8669,14,7,0,1,217.4803000000001,0.5238095238095238,1.0
2016,11,REG,IND,TEN,1501.5867,1417.4965,14,7,1,1,126.2902000000001,0.5238095238095238,1.0
2016,11,REG,KC,TB,1633.1178,1442.4294,7,7,0,0,232.8884,0.5238095238095238,1.0
2016,11,REG,MIN,ARI,1525.3967,1537.3542,7,7,0,1,30.24250000000002,0.5238095238095238,1.0
2016,11,REG,NYG,CHI,1526.8489,1393.4286,6,7,0,1,175.6203,0.5238095238095238,1.0
2016,11,REG,LA,MIA,1475.7605,1506.3478,7,7,0,0,11.612700000000089,0.5238095238095238,1.0
2016,11,REG,SEA,PHI,1646.8305,1517.3991,7,7,0,1,171.63139999999993,0.5238095238095238,1.0
2016,11,REG,SF,NE,1365.6216,1634.6947,7,7,0,0,-226.87310000000008,0.5238095238095238,1.0
2016,11,REG,WAS,GB,1553.2257,1490.7672,7,7,0,1,104.65849999999996,0.5238095238095238,1.0
2016,11,REG,LV,HOU,1563.2877,1557.8699,15,8,0,1,47.61780000000017,0.5238095238095238,1.0
2016,12,REG,DET,MIN,1543.0419,1543.6602,4,4,1,1,41.58169999999991,0.5714285714285714,1.0
2016,12,REG,DAL,WAS,1597.2854,1567.3769,4,4,1,1,72.1085,0.5714285714285714,1.0
2016,12,REG,IND,PIT,1514.621,1523.0773,4,4,0,0,33.743700000000175,0.5714285714285714,1.0
2016,12,REG,ATL,ARI,1524.6223,1519.0907,14,7,0,1,47.73160000000003,0.5714285714285714,1.0
2016,12,REG,BAL,CIN,1461.2648,1462.5488,7,7,1,1,40.9159999999999,0.5714285714285714,1.0
2016,12,REG,BUF,JAX,1525.0728,1349.9722,7,7,0,1,217.30059999999997,0.5714285714285714,1.0
2016,12,REG,CHI,TEN,1382.7569,1404.4622,7,7,0,0,20.49470000000015,0.5714285714285714,1.0
2016,12,REG,CLE,NYG,1281.1903,1537.5206,7,7,0,0,-214.1303000000001,0.5714285714285714,1.0
2016,12,REG,HOU,LAC,1540.594,1441.6202,6,14,0,0,141.17379999999997,0.5714285714285714,1.0
2016,12,REG,MIA,SF,1527.016,1357.0952,7,7,0,1,212.1208000000001,0.5714285714285714,1.0
2016,12,REG,NO,LA,1472.4305,1455.0923,10,7,0,1,59.53819999999992,0.5714285714285714,1.0
2016,12,REG,TB,SEA,1474.133,1657.6829,7,7,0,1,-141.3499,0.5714285714285714,1.0
2016,12,REG,NYJ,NE,1449.5251,1643.2211,14,7,1,0,-151.49599999999992,0.5714285714285714,1.0
2016,12,REG,LV,CAR,1580.5636,1545.2487,6,10,0,1,77.51489999999986,0.5714285714285714,1.0
2016,12,REG,DEN,KC,1632.8194,1601.4142,14,7,1,0,73.60520000000015,0.5714285714285714,1.0
2016,12,REG,PHI,GB,1506.5467,1476.616,8,8,0,0,72.13070000000012,0.5714285714285714,1.0
2016,13,REG,MIN,DAL,1526.0425,1613.1931,7,7,0,0,-44.95059999999994,0.6190476190476191,1.0
2016,13,REG,ATL,KC,1541.8918,1625.589,7,7,0,0,-41.497199999999836,0.6190476190476191,1.0
2016,13,REG,BAL,MIA,1478.9203,1536.126,7,7,0,1,-15.005699999999976,0.6190476190476191,1.0
2016,13,REG,CHI,SF,1361.5785,1347.9852,7,7,0,1,55.7933,0.6190476190476191,1.0
2016,13,REG,CIN,PHI,1444.8933,1482.4532,7,6,0,1,4.640100000000032,0.6190476190476191,1.0
2016,13,REG,GB,HOU,1500.7095,1512.8869,6,7,0,1,30.02259999999997,0.6190476190476191,1.0
2016,13,REG,JAX,DEN,1341.0703,1608.6446,7,7,0,0,-225.3743,0.6190476190476191,1.0
2016,13,REG,NE,LA,1655.014,1438.4864,7,7,0,1,258.7275999999999,0.6190476190476191,1.0
2016,13,REG,NO,DET,1489.0364,1560.6596,7,10,0,0,-29.423199999999994,0.6190476190476191,1.0
2016,13,REG,LV,BUF,1596.1741,1533.9747,7,7,0,1,104.39939999999997,0.6190476190476191,1.0
2016,13,REG,ARI,WAS,1501.8212,1551.4692,7,10,0,1,-7.447999999999908,0.6190476190476191,1.0
2016,13,REG,PIT,NYG,1545.0137,1546.5494,10,7,0,1,40.66429999999987,0.6190476190476191,1.0
2016,13,REG,LAC,TB,1469.3273,1501.8487,7,7,0,0,9.678599999999918,0.6190476190476191,1.0
2016,13,REG,SEA,CAR,1629.9672,1529.6382,7,7,0,1,142.52899999999994,0.6190476190476191,1.0
2016,13,REG,NYJ,IND,1437.7322,1492.6846,8,11,0,0,-12.752400000000122,0.6190476190476191,1.0
2016,14,REG,KC,LV,1643.2115,1610.339,4,4,1,1,75.07249999999995,0.6666666666666666,1.0
2016,14,REG,BUF,PIT,1519.8098,1562.6835,7,7,0,0,-0.6737000000000961,0.6666666666666666,1.0
2016,14,REG,CAR,LAC,1517.4116,1448.7703,7,7,0,1,110.8413,0.6666666666666666,1.0
2016,14,REG,CLE,CIN,1272.1615,1464.6262,14,7,1,0,-150.2647,0.6666666666666666,1.0
2016,14,REG,DET,CHI,1578.9699,1378.3941,7,7,1,1,242.77580000000006,0.6666666666666666,1.0
2016,14,REG,IND,HOU,1511.9508,1494.6109,6,7,1,0,59.53990000000017,0.6666666666666666,1.0
2016,14,REG,JAX,MIN,1332.4859,1508.6157,7,10,0,0,-133.92980000000017,0.6666666666666666,1.0
2016,14,REG,MIA,ARI,1515.2627,1522.2499,7,7,0,1,35.21279999999997,0.6666666666666666,1.0
2016,14,REG,PHI,WAS,1462.7203,1531.0405,7,7,1,0,-26.12020000000011,0.6666666666666666,1.0
2016,14,REG,TEN,DEN,1425.6406,1617.229,14,7,0,1,-149.3884000000001,0.6666666666666666,1.0
2016,14,REG,SF,NYJ,1331.1696,1418.466,7,6,0,0,-45.096399999999946,0.6666666666666666,1.0
2016,14,REG,GB,SEA,1518.9855,1642.1938,7,7,0,1,-81.0083,0.6666666666666666,1.0
2016,14,REG,LA,ATL,1431.1257,1524.2693,7,7,0,0,-50.943599999999876,0.6666666666666666,1.0
2016,14,REG,TB,NO,1522.4057,1470.7261,7,7,1,1,93.87959999999994,0.6666666666666666,1.0
2016,14,REG,NYG,DAL,1528.8796,1630.6199,7,10,1,1,-59.54029999999993,0.6666666666666666,1.0
2016,14,REG,NE,BAL,1662.3747,1499.7836,8,8,0,1,204.79110000000009,0.6666666666666666,1.0
2016,15,REG,SEA,LA,1617.6133,1414.0374,4,4,1,1,245.77590000000004,0.7142857142857143,1.0
2016,15,REG,NYJ,MIA,1435.8845,1533.2426,6,6,1,0,-55.15810000000015,0.7142857142857143,1.0
2016,15,REG,BAL,PHI,1490.3734,1444.2211,6,7,0,1,88.35229999999997,0.7142857142857143,1.0
2016,15,REG,BUF,CLE,1499.8486,1260.3096,7,7,0,1,281.739,0.7142857142857143,1.0
2016,15,REG,CHI,GB,1370.4658,1543.566,7,7,1,0,-130.9002000000001,0.7142857142857143,1.0
2016,15,REG,CIN,PIT,1476.4781,1582.6447,7,7,1,0,-63.966600000000014,0.7142857142857143,1.0
2016,15,REG,HOU,JAX,1518.0051,1319.8351,7,7,1,1,240.37000000000006,0.7142857142857143,1.0
2016,15,REG,KC,TEN,1658.956,1453.7466,10,7,0,0,247.40939999999995,0.7142857142857143,1.0
2016,15,REG,MIN,IND,1521.2665,1488.5566,7,7,0,0,74.90990000000006,0.7142857142857143,1.0
2016,15,REG,NYG,DET,1552.2739,1586.8982,7,7,0,1,7.575699999999827,0.7142857142857143,1.0
2016,15,REG,ARI,NO,1504.27,1456.0025,7,7,0,0,90.46749999999993,0.7142857142857143,1.0
2016,15,REG,ATL,SF,1541.3576,1313.7511,7,7,0,1,269.8065000000001,0.7142857142857143,1.0
2016,15,REG,DEN,NE,1589.123,1671.7849,7,6,0,0,-40.46190000000006,0.7142857142857143,1.0
2016,15,REG,LAC,LV,1434.9428,1594.5945,7,10,1,0,-117.45169999999989,0.7142857142857143,1.0
2016,15,REG,DAL,TB,1607.2256,1537.1293,7,7,0,1,112.29629999999993,0.7142857142857143,1.0
2016,15,REG,WAS,CAR,1549.5397,1531.2391,8,8,0,0,60.500600000000034,0.7142857142857143,1.0
2016,16,REG,PHI,NYG,1429.2002,1571.8379,4,4,1,1,-100.43769999999999,0.7619047619047619,1.0
2016,16,REG,BUF,MIA,1506.4468,1550.0939,6,7,1,0,-1.447100000000134,0.7619047619047619,1.0
2016,16,REG,CAR,ATL,1554.687,1548.343,5,6,1,0,48.543999999999826,0.7619047619047619,1.0
2016,16,REG,CHI,WAS,1357.6636,1526.0918,6,5,0,0,-126.22819999999983,0.7619047619047619,1.0
2016,16,REG,CLE,LAC,1253.7114,1421.4576,6,6,0,1,-125.54620000000004,0.7619047619047619,1.0
2016,16,REG,GB,MIN,1556.3682,1497.0199,6,6,1,1,101.54829999999988,0.7619047619047619,1.0
2016,16,REG,JAX,TEN,1311.8184,1485.9865,6,6,1,1,-131.96809999999988,0.7619047619047619,1.0
2016,16,REG,NE,NYJ,1689.4662,1419.0332,6,7,1,1,312.633,0.7619047619047619,1.0
2016,16,REG,LV,IND,1608.0797,1512.8032,6,6,0,1,137.47649999999993,0.7619047619047619,1.0
2016,16,REG,LA,SF,1406.2183,1306.7657,9,6,1,0,141.65260000000006,0.7619047619047619,1.0
2016,16,REG,NO,TB,1481.0956,1523.3775,6,6,1,1,-0.08189999999994768,0.7619047619047619,1.0
2016,16,REG,SEA,ARI,1625.4324,1479.1769,9,6,1,0,188.45549999999997,0.7619047619047619,1.0
2016,16,REG,HOU,CIN,1526.0218,1460.1193,6,6,0,1,108.10249999999992,0.7619047619047619,1.0
2016,16,REG,PIT,BAL,1599.0035,1505.3943,7,7,1,1,135.8092000000001,0.7619047619047619,1.0
2016,16,REG,KC,DEN,1626.7161,1571.4417,7,7,1,1,97.47440000000002,0.7619047619047619,1.0
2016,16,REG,DAL,DET,1620.9774,1567.3342,8,8,0,1,95.84319999999998,0.7619047619047619,1.0
2016,17,REG,CIN,BAL,1446.1488,1492.8368,8,7,1,1,-4.488000000000099,0.8095238095238095,1.0
2016,17,REG,IND,JAX,1500.3283,1339.0697,8,8,1,1,203.45859999999988,0.8095238095238095,1.0
2016,17,REG,MIA,NE,1570.0106,1695.1419,8,8,1,0,-82.93130000000001,0.8095238095238095,1.0
2016,17,REG,MIN,CHI,1482.7045,1344.6262,8,8,1,1,180.27830000000012,0.8095238095238095,1.0
2016,17,REG,NYJ,BUF,1413.3575,1486.5301,8,8,1,1,-30.972599999999872,0.8095238095238095,1.0
2016,17,REG,PHI,DAL,1454.826,1635.596,10,6,1,1,-138.57,0.8095238095238095,1.0
2016,17,REG,PIT,CLE,1611.561,1280.6395,7,8,1,1,373.1214999999999,0.8095238095238095,1.0
2016,17,REG,TB,CAR,1503.3728,1531.9106,8,8,1,1,13.662200000000169,0.8095238095238095,1.0
2016,17,REG,TEN,HOU,1458.7352,1539.9923,8,8,1,1,-39.05709999999981,0.8095238095238095,1.0
2016,17,REG,ATL,NO,1571.1194,1501.1003,8,8,1,1,112.21909999999998,0.8095238095238095,1.0
2016,17,REG,DEN,LV,1556.9101,1620.5546,7,8,1,1,-21.444499999999877,0.8095238095238095,1.0
2016,17,REG,LA,ARI,1378.4878,1509.0732,8,8,1,0,-88.38539999999993,0.8095238095238095,1.0
2016,17,REG,LAC,KC,1394.5295,1641.2477,8,7,1,0,-204.5181999999998,0.8095238095238095,1.0
2016,17,REG,SF,SEA,1334.4962,1595.5361,8,8,1,0,-218.8399,0.8095238095238095,1.0
2016,17,REG,WAS,NYG,1539.1292,1546.2121,8,10,1,0,35.11710000000012,0.8095238095238095,1.0
2016,17,REG,DET,GB,1552.7156,1570.6836,6,8,1,0,24.23199999999993,0.8095238095238095,1.0
2017,1,REG,NE,KC,1654.5421,1574.7769,7,7,0,0,121.96519999999983,0.047619047619047616,1.0
2017,1,REG,BUF,NYJ,1480.0911,1462.3214,7,7,1,1,59.96970000000006,0.047619047619047616,1.0
2017,1,REG,CHI,ATL,1401.7377,1570.0901,7,7,0,0,-126.15239999999999,0.047619047619047616,1.0
2017,1,REG,CIN,BAL,1481.0843,1484.7871,7,7,1,0,38.49719999999998,0.047619047619047616,1.0
2017,1,REG,CLE,PIT,1367.1149,1587.5353,7,7,1,0,-178.22039999999998,0.047619047619047616,1.0
2017,1,REG,DET,ARI,1510.2428,1515.6954,7,7,0,1,36.74739999999993,0.047619047619047616,1.0
2017,1,REG,HOU,JAX,1521.2424,1399.0025,7,7,1,0,164.43990000000002,0.047619047619047616,1.0
2017,1,REG,TEN,LV,1489.8245,1544.8083,7,7,0,0,-12.783799999999971,0.047619047619047616,1.0
2017,1,REG,WAS,PHI,1511.5088,1490.6831,7,7,1,0,63.0257000000001,0.047619047619047616,1.0
2017,1,REG,LA,IND,1419.3212,1507.1163,7,7,0,1,-45.59509999999982,0.047619047619047616,1.0
2017,1,REG,GB,SEA,1570.29,1559.5215,7,7,0,1,52.968499999999906,0.047619047619047616,1.0
2017,1,REG,SF,CAR,1396.6333,1508.858,7,7,0,0,-70.02469999999998,0.047619047619047616,1.0
2017,1,REG,DAL,NYG,1550.0549,1530.4811,7,7,1,1,61.77380000000012,0.047619047619047616,1.0
2017,1,REG,MIN,NO,1497.1407,1493.6467,7,7,0,1,45.69399999999992,0.047619047619047616,1.0
2017,1,REG,DEN,LAC,1548.1258,1432.3048,7,7,1,1,158.02100000000013,0.047619047619047616,1.0
2017,2,REG,CIN,HOU,1458.8772,1492.4252,4,4,0,0,8.652000000000001,0.09523809523809523,1.0
2017,2,REG,BAL,CLE,1506.9942,1356.5599,7,7,1,1,192.6343000000001,0.09523809523809523,1.0
2017,2,REG,CAR,BUF,1524.8808,1496.6728,7,7,0,1,70.40799999999986,0.09523809523809523,1.0
2017,2,REG,IND,ARI,1484.5066,1497.8029,7,7,0,0,28.90370000000003,0.09523809523809523,1.0
2017,2,REG,JAX,TEN,1427.8197,1470.5601,7,7,1,0,-0.5403999999999058,0.09523809523809523,1.0
2017,2,REG,KC,PHI,1601.5229,1514.2719,10,7,0,1,129.45099999999996,0.09523809523809523,1.0
2017,2,REG,NO,NE,1476.262,1627.7961,6,10,0,0,-109.33410000000008,0.09523809523809523,1.0
2017,2,REG,PIT,MIN,1598.0903,1514.5254,7,6,0,1,125.76490000000008,0.09523809523809523,1.0
2017,2,REG,TB,CHI,1514.792,1388.6965,14,7,0,1,168.2954999999999,0.09523809523809523,1.0
2017,2,REG,LAC,MIA,1420.8219,1523.8151,6,14,0,0,-60.79320000000011,0.09523809523809523,1.0
2017,2,REG,LV,NYJ,1564.0727,1445.7397,7,7,0,1,160.53299999999984,0.09523809523809523,1.0
2017,2,REG,DEN,DAL,1559.6087,1566.5359,6,7,0,1,35.27279999999992,0.09523809523809523,1.0
2017,2,REG,LA,WAS,1441.9309,1487.92,7,7,0,0,-3.789100000000005,0.09523809523809523,1.0
2017,2,REG,SEA,SF,1542.5472,1380.6105,7,7,1,1,204.13669999999996,0.09523809523809523,1.0
2017,2,REG,ATL,GB,1583.1313,1587.2643,7,7,0,1,38.066999999999965,0.09523809523809523,1.0
2017,2,REG,NYG,DET,1514.0001,1528.1353,8,8,0,0,28.064800000000062,0.09523809523809523,1.0
2017,3,REG,SF,LA,1371.1732,1422.149,4,4,1,0,-8.775799999999933,0.14285714285714285,1.0
2017,3,REG,BUF,DEN,1480.6712,1577.5852,7,7,0,1,-54.713999999999984,0.14285714285714285,1.0
2017,3,REG,CAR,NO,1540.8824,1462.3559,7,7,1,0,120.72649999999994,0.14285714285714285,1.0
2017,3,REG,CHI,PIT,1377.6916,1611.1512,7,7,0,1,-191.25959999999992,0.14285714285714285,1.0
2017,3,REG,DET,ATL,1549.7473,1600.9487,6,7,0,0,-9.001399999999919,0.14285714285714285,1.0
2017,3,REG,IND,CLE,1462.8466,1346.6368,7,7,0,1,158.40980000000008,0.14285714285714285,1.0
2017,3,REG,MIN,TB,1501.4645,1525.7969,7,7,0,1,17.867599999999996,0.14285714285714285,1.0
2017,3,REG,NE,HOU,1641.7022,1512.9231,7,10,0,1,170.97909999999996,0.14285714285714285,1.0
2017,3,REG,NYJ,MIA,1434.3748,1540.3508,7,7,1,1,-63.77599999999988,0.14285714285714285,1.0
2017,3,REG,PHI,NYG,1501.397,1492.3881,7,6,1,1,51.20890000000004,0.14285714285714285,1.0
2017,3,REG,TEN,SEA,1490.529,1551.9845,7,7,0,1,-19.255500000000026,0.14285714285714285,1.0
2017,3,REG,GB,CIN,1569.4469,1438.3793,7,10,0,1,173.26759999999985,0.14285714285714285,1.0
2017,3,REG,LAC,KC,1404.2862,1614.3978,7,7,1,0,-167.91159999999996,0.14285714285714285,1.0
2017,3,REG,WAS,LV,1507.7019,1575.4376,7,7,0,1,-25.53569999999995,0.14285714285714285,1.0
2017,3,REG,JAX,BAL,1407.8508,1516.9173,7,7,0,1,-66.86650000000013,0.14285714285714285,1.0
2017,3,REG,ARI,DAL,1519.4629,1548.5594,8,8,0,0,13.103499999999897,0.14285714285714285,1.0
2017,4,REG,GB,CHI,1580.2249,1407.7093,4,4,1,1,214.71559999999994,0.19047619047619047,1.0
2017,4,REG,ATL,BUF,1620.4307,1503.795,7,7,0,0,158.8356999999998,0.19047619047619047,1.0
2017,4,REG,BAL,PIT,1493.115,1581.1335,7,7,1,0,-45.8184999999999,0.19047619047619047,1.0
2017,4,REG,CLE,CIN,1335.1722,1427.6013,7,7,1,0,-50.22910000000006,0.19047619047619047,1.0
2017,4,REG,DAL,LA,1569.3133,1441.6439,6,10,0,0,169.86939999999998,0.19047619047619047,1.0
2017,4,REG,HOU,TEN,1502.041,1511.6363,7,7,1,1,32.60470000000005,0.19047619047619047,1.0
2017,4,REG,MIN,DET,1520.4369,1530.2653,7,7,1,0,32.3715999999999,0.19047619047619047,1.0
2017,4,REG,NE,CAR,1652.5843,1514.1996,7,7,0,0,180.58470000000005,0.19047619047619047,1.0
2017,4,REG,NYJ,JAX,1458.0054,1431.6531,7,7,0,1,68.55230000000002,0.19047619047619047,1.0
2017,4,REG,ARI,SF,1498.709,1351.6783,6,10,1,1,189.2307,0.19047619047619047,1.0
2017,4,REG,LAC,PHI,1393.2637,1518.4703,7,7,0,0,-83.00659999999998,0.19047619047619047,1.0
2017,4,REG,TB,NYG,1506.8245,1475.3148,7,7,0,1,73.70969999999984,0.19047619047619047,1.0
2017,4,REG,DEN,LV,1554.4614,1553.9703,7,7,1,1,42.69109999999996,0.19047619047619047,1.0
2017,4,REG,SEA,IND,1530.8772,1474.3112,7,7,0,1,98.7659999999998,0.19047619047619047,1.0
2017,4,REG,MIA,NO,1516.7202,1489.0387,7,7,0,0,69.88149999999992,0.19047619047619047,1.0
2017,4,REG,KC,WAS,1625.4203,1529.1692,8,8,0,1,138.45109999999994,0.19047619047619047,1.0
2017,5,REG,TB,NE,1522.644,1623.0339,4,4,0,0,-58.189899999999895,0.23809523809523808,1.0
2017,5,REG,CIN,BUF,1444.7299,1532.3504,7,7,0,1,-45.42049999999999,0.23809523809523808,1.0
2017,5,REG,CLE,NYJ,1318.0436,1474.1096,7,7,0,0,-113.86600000000003,0.23809523809523808,1.0
2017,5,REG,DET,CAR,1552.1234,1543.75,7,7,0,0,50.57339999999995,0.23809523809523808,1.0
2017,5,REG,IND,SF,1459.8483,1341.6083,7,7,0,1,160.44,0.23809523809523808,1.0
2017,5,REG,MIA,TEN,1492.7509,1493.5077,7,7,0,1,41.44319999999989,0.23809523809523808,1.0
2017,5,REG,NYG,LAC,1459.4953,1377.9531,7,7,0,0,123.7422000000001,0.23809523809523808,1.0
2017,5,REG,PHI,ARI,1533.7809,1508.779,7,7,0,1,67.20189999999998,0.23809523809523808,1.0
2017,5,REG,PIT,JAX,1598.5112,1415.5489,7,7,0,0,225.1622999999999,0.23809523809523808,1.0
2017,5,REG,LA,SEA,1470.7111,1545.3401,7,7,1,0,-32.4289999999999,0.23809523809523808,1.0
2017,5,REG,LV,BAL,1536.4155,1475.7373,7,7,0,0,102.87820000000006,0.23809523809523808,1.0
2017,5,REG,DAL,GB,1540.2461,1589.2302,7,10,0,0,-6.784099999999896,0.23809523809523808,1.0
2017,5,REG,HOU,KC,1520.1696,1637.8471,7,6,0,0,-75.4775,0.23809523809523808,1.0
2017,5,REG,CHI,MIN,1398.704,1498.5788,11,8,1,0,-57.67480000000005,0.23809523809523808,1.0
2017,6,REG,CAR,PHI,1566.6409,1549.96,4,4,0,0,58.88090000000007,0.2857142857142857,1.0
2017,6,REG,ATL,MIA,1591.8753,1510.3765,14,7,0,0,123.69879999999985,0.2857142857142857,1.0
2017,6,REG,BAL,CHI,1501.4922,1381.9939,7,6,0,0,161.69829999999996,0.2857142857142857,1.0
2017,6,REG,HOU,CLE,1504.4474,1304.3732,7,7,0,1,242.2742,0.2857142857142857,1.0
2017,6,REG,MIN,GB,1515.2889,1608.8397,6,7,1,1,-51.35079999999998,0.2857142857142857,1.0
2017,6,REG,NO,DET,1513.008,1529.2325,14,7,0,1,25.97549999999997,0.2857142857142857,1.0
2017,6,REG,NYJ,NE,1487.78,1639.7152,7,10,1,0,-109.73520000000012,0.2857142857142857,1.0
2017,6,REG,WAS,SF,1516.7424,1330.239,13,7,0,1,228.70340000000004,0.2857142857142857,1.0
2017,6,REG,ARI,TB,1492.5999,1505.9627,7,10,0,1,28.837199999999896,0.2857142857142857,1.0
2017,6,REG,JAX,LA,1446.9563,1452.5725,7,7,0,0,36.58380000000007,0.2857142857142857,1.0
2017,6,REG,KC,PIT,1653.5693,1567.1038,7,7,0,0,128.6655,0.2857142857142857,1.0
2017,6,REG,LV,LAC,1510.6606,1404.7896,7,7,1,0,148.07099999999986,0.2857142857142857,1.0
2017,6,REG,DEN,NYG,1572.0162,1432.6588,14,7,0,0,181.5574000000001,0.2857142857142857,1.0
2017,6,REG,TEN,IND,1475.8821,1471.2176,8,8,1,1,46.86450000000009,0.2857142857142857,1.0
2017,7,REG,LV,KC,1482.6181,1626.4837,4,4,1,1,-101.66560000000008,0.3333333333333333,1.0
2017,7,REG,BUF,TB,1509.7506,1487.6189,14,7,0,1,64.33170000000014,0.3333333333333333,1.0
2017,7,REG,CHI,CAR,1410.6835,1543.2835,7,10,0,1,-90.3999999999999,0.3333333333333333,1.0
2017,7,REG,CLE,TEN,1296.4265,1493.2006,7,6,0,0,-154.57409999999987,0.3333333333333333,1.0
2017,7,REG,GB,NO,1585.905,1531.5155,7,7,0,0,96.5895,0.3333333333333333,1.0
2017,7,REG,IND,JAX,1453.8991,1424.8581,6,7,1,0,71.24100000000017,0.3333333333333333,1.0
2017,7,REG,LA,ARI,1474.6707,1510.9437,7,7,1,1,5.926999999999865,0.3333333333333333,1.0
2017,7,REG,MIA,NYJ,1537.2108,1473.8949,7,7,1,1,105.51590000000006,0.3333333333333333,1.0
2017,7,REG,MIN,BAL,1538.2236,1472.8026,7,7,0,1,107.62100000000005,0.3333333333333333,1.0
2017,7,REG,SF,DAL,1321.7831,1520.6366,7,14,0,0,-156.65349999999995,0.3333333333333333,1.0
2017,7,REG,LAC,DEN,1432.8321,1542.4227,7,7,1,1,-67.39059999999999,0.3333333333333333,1.0
2017,7,REG,NYG,SEA,1462.2523,1563.4787,7,14,0,0,-59.02639999999978,0.3333333333333333,1.0
2017,7,REG,PIT,CIN,1594.1894,1467.3297,7,14,1,1,169.05969999999996,0.3333333333333333,1.0
2017,7,REG,NE,ATL,1653.6003,1565.041,7,7,0,1,130.7593000000001,0.3333333333333333,1.0
2017,7,REG,PHI,WAS,1573.3174,1525.1983,11,8,1,1,90.31909999999989,0.3333333333333333,1.0
2017,8,REG,BAL,MIA,1458.8069,1551.3169,4,4,0,1,-50.30999999999999,0.38095238095238093,1.0
2017,8,REG,BUF,LV,1526.0891,1508.3089,7,10,0,1,59.980199999999925,0.38095238095238093,1.0
2017,8,REG,CIN,IND,1456.3599,1429.8547,7,7,0,1,68.70519999999983,0.38095238095238093,1.0
2017,8,REG,NE,LAC,1666.4095,1456.6635,7,7,0,1,251.94599999999986,0.38095238095238093,1.0
2017,8,REG,NO,CHI,1556.9367,1435.773,7,7,0,1,163.36370000000005,0.38095238095238093,1.0
2017,8,REG,NYJ,ATL,1459.7888,1552.2318,7,7,0,0,-50.24299999999998,0.38095238095238093,1.0
2017,8,REG,PHI,SF,1588.2323,1310.2356,6,7,0,1,320.1966999999999,0.38095238095238093,1.0
2017,8,REG,TB,CAR,1471.2804,1518.194,7,7,1,0,-4.7135999999998575,0.38095238095238093,1.0
2017,8,REG,SEA,HOU,1580.1132,1512.3941,7,14,0,1,109.91910000000003,0.38095238095238093,1.0
2017,8,REG,WAS,DAL,1510.2834,1532.1841,6,7,1,0,20.299300000000088,0.38095238095238093,1.0
2017,8,REG,DET,PIT,1510.725,1605.1592,14,7,0,0,-52.23420000000014,0.38095238095238093,1.0
2017,8,REG,CLE,MIN,1284.7805,1552.2193,7,7,0,0,-225.2387999999999,0.38095238095238093,1.0
2017,8,REG,KC,DEN,1600.7929,1518.5913,11,8,1,1,124.40159999999987,0.38095238095238093,1.0
2017,9,REG,NYJ,BUF,1442.661,1542.6703,4,4,1,1,-57.809299999999936,0.42857142857142855,1.0
2017,9,REG,CAR,ATL,1537.9227,1569.3596,7,7,1,1,10.76310000000008,0.42857142857142855,1.0
2017,9,REG,HOU,IND,1498.5186,1413.7589,7,7,1,0,126.95970000000007,0.42857142857142855,1.0
2017,9,REG,JAX,CIN,1448.9025,1472.4557,14,7,0,1,18.646799999999942,0.42857142857142855,1.0
2017,9,REG,NO,TB,1568.1695,1451.5517,7,7,1,1,158.81779999999998,0.42857142857142855,1.0
2017,9,REG,NYG,LA,1445.6178,1494.3295,14,14,0,0,-6.5117000000000616,0.42857142857142855,1.0
2017,9,REG,PHI,DEN,1593.6992,1505.4613,7,6,0,1,130.43790000000007,0.42857142857142855,1.0
2017,9,REG,TEN,BAL,1504.8466,1481.6829,14,10,0,1,65.36370000000007,0.42857142857142855,1.0
2017,9,REG,SEA,WAS,1593.9887,1489.1162,7,7,0,0,147.07250000000016,0.42857142857142855,1.0
2017,9,REG,SF,ARI,1304.7687,1491.2849,7,14,1,0,-144.31620000000004,0.42857142857142855,1.0
2017,9,REG,DAL,KC,1553.3513,1613.9229,7,6,0,1,-18.371599999999987,0.42857142857142855,1.0
2017,9,REG,MIA,LV,1528.4409,1491.7277,10,7,0,0,78.91320000000015,0.42857142857142855,1.0
2017,9,REG,GB,DET,1560.4838,1493.7094,15,8,1,0,108.97440000000002,0.42857142857142855,1.0
2017,10,REG,ARI,SEA,1503.4244,1565.9944,4,4,1,0,-20.369999999999933,0.47619047619047616,1.0
2017,10,REG,BUF,NO,1519.3729,1579.6149,10,7,0,0,-18.04199999999996,0.47619047619047616,1.0
2017,10,REG,CHI,GB,1424.5402,1534.4087,14,6,1,0,-67.66850000000004,0.47619047619047616,1.0
2017,10,REG,DET,CLE,1519.7845,1276.1908,6,14,0,1,285.7936999999999,0.47619047619047616,1.0
2017,10,REG,IND,PIT,1440.7585,1622.1748,7,14,0,0,-139.2163000000001,0.47619047619047616,1.0
2017,10,REG,JAX,LAC,1467.8301,1449.0654,7,14,0,1,60.96469999999995,0.47619047619047616,1.0
2017,10,REG,TB,NYJ,1440.1063,1465.9584,7,10,0,1,16.34789999999994,0.47619047619047616,1.0
2017,10,REG,TEN,CIN,1521.1277,1453.5281,7,7,0,1,109.79960000000001,0.47619047619047616,1.0
2017,10,REG,WAS,MIN,1517.1105,1560.809,7,14,0,0,-1.4984999999999644,0.47619047619047616,1.0
2017,10,REG,LA,HOU,1513.9547,1471.519,7,7,0,1,84.6357,0.47619047619047616,1.0
2017,10,REG,ATL,DAL,1549.979,1574.4079,7,7,0,1,17.771100000000118,0.47619047619047616,1.0
2017,10,REG,SF,NYG,1292.6292,1425.9926,7,7,0,1,-91.16339999999995,0.47619047619047616,1.0
2017,10,REG,DEN,NE,1492.636,1674.0076,7,14,0,0,-139.17159999999996,0.47619047619047616,1.0
2017,10,REG,CAR,MIA,1557.3033,1503.9748,8,8,0,1,95.52850000000008,0.47619047619047616,1.0
2017,11,REG,PIT,TEN,1634.5639,1535.0095,4,4,0,1,141.7544000000002,0.5238095238095238,1.0
2017,11,REG,CHI,DET,1408.387,1526.2551,7,7,1,0,-75.66810000000014,0.5238095238095238,1.0
2017,11,REG,CLE,JAX,1269.7202,1484.3563,7,7,0,0,-172.43609999999995,0.5238095238095238,1.0
2017,11,REG,GB,BAL,1550.5619,1465.4018,7,14,0,0,127.36009999999983,0.5238095238095238,1.0
2017,11,REG,HOU,ARI,1456.2969,1484.5956,7,10,0,1,13.90129999999995,0.5238095238095238,1.0
2017,11,REG,MIA,TB,1489.3394,1459.1659,6,7,0,0,72.3735000000001,0.5238095238095238,1.0
2017,11,REG,MIN,LA,1580.7227,1529.1768,7,7,0,1,93.74590000000008,0.5238095238095238,1.0
2017,11,REG,NO,WAS,1598.5773,1497.1968,7,7,0,1,143.58049999999997,0.5238095238095238,1.0
2017,11,REG,NYG,KC,1400.862,1592.8663,7,14,0,1,-149.80429999999984,0.5238095238095238,1.0
2017,11,REG,LAC,BUF,1432.5392,1500.4105,7,7,0,1,-25.671300000000016,0.5238095238095238,1.0
2017,11,REG,DEN,CIN,1480.2447,1439.6463,7,7,0,0,82.79839999999986,0.5238095238095238,1.0
2017,11,REG,LV,NE,1516.1938,1686.3989,14,7,0,0,-128.0050999999999,0.5238095238095238,1.0
2017,11,REG,DAL,PHI,1555.43,1606.5245,7,14,1,0,-8.894499999999923,0.5238095238095238,1.0
2017,11,REG,SEA,ATL,1584.8232,1568.9569,11,8,0,0,58.06630000000014,0.5238095238095238,1.0
2017,12,REG,DET,MIN,1541.9669,1595.4535,4,4,1,0,-11.286600000000178,0.5714285714285714,1.0
2017,12,REG,DAL,LAC,1535.9419,1454.0143,4,4,0,0,124.12759999999999,0.5714285714285714,1.0
2017,12,REG,WAS,NYG,1485.0215,1428.988,4,4,1,1,98.2335,0.5714285714285714,1.0
2017,12,REG,ATL,TB,1592.2687,1483.2728,6,7,1,1,151.1959000000001,0.5714285714285714,1.0
2017,12,REG,CIN,CLE,1464.3243,1258.9044,7,7,1,1,247.6199000000001,0.5714285714285714,1.0
2017,12,REG,IND,TEN,1428.3694,1522.745,14,10,1,0,-52.17559999999985,0.5714285714285714,1.0
2017,12,REG,KC,BUF,1564.7403,1478.9354,7,7,0,0,128.00489999999985,0.5714285714285714,1.0
2017,12,REG,NE,MIA,1699.3466,1465.2325,7,7,1,1,276.3141,0.5714285714285714,1.0
2017,12,REG,NYJ,CAR,1446.8988,1571.9387,14,13,0,0,-82.83989999999999,0.5714285714285714,1.0
2017,12,REG,PHI,CHI,1626.0126,1392.6752,7,7,0,1,275.5374000000001,0.5714285714285714,1.0
2017,12,REG,SF,SEA,1317.7598,1561.5114,14,6,1,0,-201.55160000000006,0.5714285714285714,1.0
2017,12,REG,ARI,JAX,1465.3954,1495.1721,7,7,0,1,12.423300000000111,0.5714285714285714,1.0
2017,12,REG,LA,NO,1514.446,1610.7526,7,7,0,1,-54.106600000000114,0.5714285714285714,1.0
2017,12,REG,LV,DEN,1503.2461,1455.5667,7,7,1,1,89.87939999999999,0.5714285714285714,1.0
2017,12,REG,PIT,GB,1646.8284,1523.5421,10,7,0,1,165.4863000000002,0.5714285714285714,1.0
2017,12,REG,BAL,HOU,1492.4216,1475.4971,8,8,0,1,59.124499999999856,0.5714285714285714,1.0
2017,13,REG,DAL,WAS,1509.0858,1499.5127,7,7,1,1,51.77310000000007,0.6190476190476191,1.0
2017,13,REG,ATL,MIN,1604.0759,1614.804,7,10,0,0,31.471899999999962,0.6190476190476191,1.0
2017,13,REG,BAL,DET,1509.0506,1522.6164,6,10,0,1,28.63419999999992,0.6190476190476191,1.0
2017,13,REG,BUF,NE,1505.9877,1706.1186,7,7,1,0,-157.93090000000012,0.6190476190476191,1.0
2017,13,REG,CHI,SF,1385.878,1308.2147,7,7,0,0,119.86329999999994,0.6190476190476191,1.0
2017,13,REG,GB,TB,1512.4077,1471.4656,7,7,0,1,83.14209999999999,0.6190476190476191,1.0
2017,13,REG,JAX,IND,1475.8869,1411.3505,7,7,1,1,106.73639999999996,0.6190476190476191,1.0
2017,13,REG,MIA,DEN,1458.4605,1440.6282,7,7,0,1,60.03229999999981,0.6190476190476191,1.0
2017,13,REG,NYJ,KC,1431.5791,1537.688,7,7,0,1,-63.90890000000017,0.6190476190476191,1.0
2017,13,REG,TEN,HOU,1539.7639,1458.8681,7,6,1,1,123.09580000000001,0.6190476190476191,1.0
2017,13,REG,LAC,CLE,1480.8704,1251.1518,10,7,0,1,271.9185999999999,0.6190476190476191,1.0
2017,13,REG,ARI,LA,1484.6806,1537.5357,7,7,1,0,-10.65509999999999,0.6190476190476191,1.0
2017,13,REG,NO,CAR,1587.6629,1587.2584,7,7,1,1,42.6045000000001,0.6190476190476191,1.0
2017,13,REG,LV,NYG,1518.1846,1414.4968,7,10,0,1,145.88780000000014,0.6190476190476191,1.0
2017,13,REG,SEA,PHI,1571.0565,1632.8098,7,7,0,1,-19.55330000000008,0.6190476190476191,1.0
2017,13,REG,CIN,PIT,1472.0769,1657.9628,8,8,1,0,-143.6859,0.6190476190476191,1.0
2017,14,REG,ATL,NO,1582.2692,1605.2226,4,4,1,1,19.2465999999999,0.6666666666666666,1.0
2017,14,REG,BUF,IND,1494.5005,1397.3085,7,7,0,1,139.392,0.6666666666666666,1.0
2017,14,REG,CAR,MIN,1569.6987,1636.6107,7,7,0,1,-24.71200000000003,0.6666666666666666,1.0
2017,14,REG,CIN,CHI,1459.9067,1359.2394,6,7,0,0,142.86730000000006,0.6666666666666666,1.0
2017,14,REG,CLE,GB,1244.2362,1527.711,7,7,0,0,-241.27479999999997,0.6666666666666666,1.0
2017,14,REG,HOU,SF,1445.6717,1334.8533,7,7,0,0,153.0184000000001,0.6666666666666666,1.0
2017,14,REG,KC,LV,1514.05,1530.2477,7,7,1,1,26.002300000000062,0.6666666666666666,1.0
2017,14,REG,NYG,DAL,1402.4337,1526.1274,7,10,1,0,-81.49370000000003,0.6666666666666666,1.0
2017,14,REG,TB,DET,1456.1623,1504.261,7,7,0,0,-5.898700000000005,0.6666666666666666,1.0
2017,14,REG,ARI,TEN,1465.2938,1552.9603,7,7,0,1,-45.46650000000004,0.6666666666666666,1.0
2017,14,REG,DEN,NYJ,1424.05,1455.2171,7,7,0,1,11.032899999999884,0.6666666666666666,1.0
2017,14,REG,LAC,WAS,1487.786,1482.4711,7,10,0,1,47.51490000000008,0.6666666666666666,1.0
2017,14,REG,JAX,SEA,1489.9289,1592.1809,7,7,0,1,-60.05199999999995,0.6666666666666666,1.0
2017,14,REG,LA,PHI,1556.9225,1611.6854,7,7,0,0,-12.56290000000017,0.6666666666666666,1.0
2017,14,REG,PIT,BAL,1670.133,1527.406,6,7,1,1,184.92700000000008,0.6666666666666666,1.0
2017,14,REG,MIA,NE,1475.0387,1717.6058,8,8,1,1,-200.3671,0.6666666666666666,1.0
2017,15,REG,IND,DEN,1384.928,1443.4151,4,4,0,0,-16.287099999999825,0.7142857142857143,1.0
2017,15,REG,DET,CHI,1523.9215,1387.0293,6,6,1,1,179.0922,0.7142857142857143,1.0
2017,15,REG,KC,LAC,1532.556,1505.0677,6,6,1,1,69.68829999999998,0.7142857142857143,1.0
2017,15,REG,BUF,MIA,1506.881,1505.444,7,6,1,1,43.63700000000013,0.7142857142857143,1.0
2017,15,REG,CAR,GB,1591.1188,1535.6944,7,7,0,1,97.62439999999988,0.7142857142857143,1.0
2017,15,REG,CLE,BAL,1236.2528,1517.1482,7,7,1,0,-238.69540000000012,0.7142857142857143,1.0
2017,15,REG,JAX,HOU,1513.3518,1417.3918,7,7,1,1,138.1599999999998,0.7142857142857143,1.0
2017,15,REG,MIN,CIN,1615.1906,1432.1168,7,7,0,1,225.27379999999988,0.7142857142857143,1.0
2017,15,REG,NO,NYJ,1586.3294,1435.852,10,7,0,1,192.67739999999998,0.7142857142857143,1.0
2017,15,REG,NYG,PHI,1387.0407,1630.9625,7,7,1,0,-201.7218000000001,0.7142857142857143,1.0
2017,15,REG,WAS,ARI,1465.1894,1487.8962,7,7,0,1,19.493200000000073,0.7142857142857143,1.0
2017,15,REG,SEA,LA,1568.758,1537.6454,7,7,1,0,73.31259999999993,0.7142857142857143,1.0
2017,15,REG,PIT,NE,1680.3908,1687.2005,7,6,0,0,35.39029999999998,0.7142857142857143,1.0
2017,15,REG,SF,TEN,1363.1332,1530.3579,7,7,0,1,-125.02469999999998,0.7142857142857143,1.0
2017,15,REG,LV,DAL,1511.7417,1541.5204,7,7,0,0,12.421299999999931,0.7142857142857143,1.0
2017,15,REG,TB,ATL,1436.5018,1601.1624,8,11,1,0,-122.46059999999993,0.7142857142857143,1.0
2017,16,REG,BAL,IND,1525.2269,1365.8649,6,9,0,1,201.56199999999984,0.7619047619047619,1.0
2017,16,REG,GB,MIN,1521.1707,1623.7789,6,6,1,0,-60.40820000000012,0.7619047619047619,1.0
2017,16,REG,CAR,TB,1605.6425,1423.2731,7,6,1,1,224.5693999999998,0.7619047619047619,1.0
2017,16,REG,CHI,CLE,1376.5132,1228.1741,8,7,0,1,190.53910000000013,0.7619047619047619,1.0
2017,16,REG,CIN,DET,1423.5285,1534.4376,7,8,0,1,-68.70910000000008,0.7619047619047619,1.0
2017,16,REG,KC,MIA,1548.5974,1487.9428,8,7,0,1,102.85460000000008,0.7619047619047619,1.0
2017,16,REG,NE,BUF,1709.2307,1524.3822,7,7,1,1,227.04850000000005,0.7619047619047619,1.0
2017,16,REG,NO,ATL,1596.2506,1614.3911,7,6,1,1,24.05950000000003,0.7619047619047619,1.0
2017,16,REG,NYJ,LAC,1425.9308,1489.0263,7,8,0,0,-20.8954999999999,0.7619047619047619,1.0
2017,16,REG,TEN,LA,1503.4563,1561.8041,7,7,0,0,-16.147800000000004,0.7619047619047619,1.0
2017,16,REG,WAS,DEN,1484.0685,1462.4782,7,10,0,1,63.79030000000007,0.7619047619047619,1.0
2017,16,REG,SF,JAX,1390.0348,1525.793,7,7,0,1,-93.55819999999999,0.7619047619047619,1.0
2017,16,REG,ARI,NYG,1469.0171,1377.5028,7,7,0,1,133.71430000000004,0.7619047619047619,1.0
2017,16,REG,DAL,SEA,1562.2351,1544.5993,7,7,0,0,59.83580000000002,0.7619047619047619,1.0
2017,16,REG,HOU,PIT,1404.9506,1658.3606,8,8,0,0,-211.2100000000001,0.7619047619047619,1.0
2017,16,REG,PHI,LV,1640.5004,1491.027,8,8,0,1,191.67339999999984,0.7619047619047619,1.0
2017,17,REG,DET,GB,1510.5332,1504.6135,7,8,1,1,48.11970000000015,0.8095238095238095,1.0
2017,17,REG,IND,HOU,1356.3203,1395.8037,8,6,1,1,2.716600000000156,0.8095238095238095,1.0
2017,17,REG,MIN,CHI,1640.3361,1386.5266,8,7,1,1,296.00950000000006,0.8095238095238095,1.0
2017,17,REG,NE,NYJ,1717.7503,1407.1322,7,7,1,1,352.8180999999999,0.8095238095238095,1.0
2017,17,REG,NYG,WAS,1364.8412,1500.4371,7,7,1,1,-93.39590000000003,0.8095238095238095,1.0
2017,17,REG,PHI,DAL,1650.4648,1538.8243,6,7,1,0,153.84049999999996,0.8095238095238095,1.0
2017,17,REG,PIT,CLE,1667.5075,1218.1607,6,7,1,1,491.5468,0.8095238095238095,1.0
2017,17,REG,ATL,CAR,1595.7739,1614.2582,7,7,1,1,23.715699999999927,0.8095238095238095,1.0
2017,17,REG,BAL,CIN,1534.7715,1447.4329,8,7,1,0,129.53860000000003,0.8095238095238095,1.0
2017,17,REG,DEN,KC,1446.1096,1562.8437,7,7,1,0,-74.5340999999999,0.8095238095238095,1.0
2017,17,REG,LA,SF,1580.8752,1415.2939,7,7,1,0,207.78130000000004,0.8095238095238095,1.0
2017,17,REG,LAC,LV,1507.8249,1481.0626,7,6,1,1,68.9623000000001,0.8095238095238095,1.0
2017,17,REG,MIA,BUF,1473.6965,1515.8626,7,7,1,0,0.03390000000008797,0.8095238095238095,1.0
2017,17,REG,SEA,ARI,1568.0101,1481.6787,7,7,1,0,128.53140000000002,0.8095238095238095,1.0
2017,17,REG,TB,NO,1414.6574,1614.8678,7,7,1,1,-158.01039999999995,0.8095238095238095,1.0
2017,17,REG,TEN,JAX,1484.3852,1500.5339,7,7,1,1,26.05130000000004,0.8095238095238095,1.0
2018,1,REG,PHI,ATL,1618.7954,1570.1094,7,7,0,1,90.88599999999992,0.047619047619047616,1.0
2018,1,REG,BAL,BUF,1505.8252,1507.8768,7,7,0,1,40.148399999999995,0.047619047619047616,1.0
2018,1,REG,CLE,PIT,1330.7985,1581.0485,7,7,1,0,-208.05,0.047619047619047616,1.0
2018,1,REG,IND,CIN,1426.9383,1485.9774,7,7,0,0,-16.83909999999996,0.047619047619047616,1.0
2018,1,REG,MIA,TEN,1473.4567,1516.0248,7,7,0,1,-0.3680999999999557,0.047619047619047616,1.0
2018,1,REG,MIN,SF,1586.7411,1468.8442,7,7,0,1,160.09689999999995,0.047619047619047616,1.0
2018,1,REG,NE,HOU,1629.2614,1426.8161,7,7,0,1,244.64530000000008,0.047619047619047616,1.0
2018,1,REG,NO,TB,1554.9723,1467.1444,7,7,1,0,130.0279,0.047619047619047616,1.0
2018,1,REG,NYG,JAX,1435.295,1521.3528,7,7,0,0,-43.85779999999981,0.047619047619047616,1.0
2018,1,REG,LAC,KC,1515.5838,1529.3024,7,7,1,0,28.48140000000008,0.047619047619047616,1.0
2018,1,REG,ARI,WAS,1506.4945,1486.352,7,7,0,0,62.34249999999993,0.047619047619047616,1.0
2018,1,REG,CAR,DAL,1545.5735,1541.526,7,7,0,1,46.2474999999999,0.047619047619047616,1.0
2018,1,REG,DEN,SEA,1459.4413,1525.7988,7,7,0,1,-24.15750000000007,0.047619047619047616,1.0
2018,1,REG,GB,CHI,1493.6595,1429.4612,7,7,1,1,106.39830000000002,0.047619047619047616,1.0
2018,1,REG,DET,NYJ,1517.9085,1442.7356,7,7,0,0,117.37290000000003,0.047619047619047616,1.0
2018,1,REG,LV,LA,1480.2287,1517.8499,7,7,0,0,4.5787999999999585,0.047619047619047616,1.0
2018,2,REG,CIN,BAL,1505.0088,1523.5243,4,4,1,1,23.68450000000003,0.09523809523809523,1.0
2018,2,REG,ATL,CAR,1555.2251,1562.9269,10,7,1,1,34.49820000000018,0.09523809523809523,1.0
2018,2,REG,BUF,LAC,1490.1777,1493.9479,7,7,0,0,38.42980000000007,0.09523809523809523,1.0
2018,2,REG,GB,MIN,1507.7193,1598.1264,7,7,1,0,-48.207100000000125,0.09523809523809523,1.0
2018,2,REG,NO,CLE,1527.8182,1321.5226,7,7,0,1,248.4955999999999,0.09523809523809523,1.0
2018,2,REG,NYJ,MIA,1469.2463,1493.4779,6,7,1,0,17.96839999999993,0.09523809523809523,1.0
2018,2,REG,PIT,KC,1590.3244,1550.9383,7,7,0,0,81.58609999999994,0.09523809523809523,1.0
2018,2,REG,TB,PHI,1494.2985,1633.6797,7,10,0,1,-97.1811999999998,0.09523809523809523,1.0
2018,2,REG,TEN,HOU,1496.0036,1418.956,7,7,1,1,119.2476000000001,0.09523809523809523,1.0
2018,2,REG,WAS,IND,1509.9027,1407.9069,7,7,0,0,144.19580000000013,0.09523809523809523,1.0
2018,2,REG,LA,ARI,1538.1135,1482.9438,6,7,1,1,97.36969999999992,0.09523809523809523,1.0
2018,2,REG,SF,DET,1457.4589,1491.3978,7,6,0,1,8.261100000000127,0.09523809523809523,1.0
2018,2,REG,DEN,LV,1480.8297,1459.9651,7,6,1,1,63.06460000000011,0.09523809523809523,1.0
2018,2,REG,JAX,NE,1538.8415,1637.1215,7,7,0,1,-56.07999999999997,0.09523809523809523,1.0
2018,2,REG,DAL,NYG,1524.1726,1417.8063,7,7,1,1,148.56630000000013,0.09523809523809523,1.0
2018,2,REG,CHI,SEA,1415.4014,1504.4104,8,8,0,1,-46.80900000000001,0.09523809523809523,1.0
2018,3,REG,CLE,NYJ,1313.8015,1448.2129,4,4,0,1,-92.21139999999995,0.14285714285714285,1.0
2018,3,REG,ATL,NO,1573.2457,1535.5393,7,7,1,0,79.90640000000003,0.14285714285714285,1.0
2018,3,REG,BAL,DEN,1504.8856,1497.2388,10,7,0,1,49.84679999999999,0.14285714285714285,1.0
2018,3,REG,CAR,CIN,1544.9063,1523.6475,7,10,0,1,63.45880000000007,0.14285714285714285,1.0
2018,3,REG,HOU,NYG,1405.563,1405.8727,7,7,0,0,41.89030000000021,0.14285714285714285,1.0
2018,3,REG,JAX,TEN,1562.042,1509.3966,7,7,1,0,94.84539999999988,0.14285714285714285,1.0
2018,3,REG,KC,SF,1575.5503,1476.9834,7,7,0,1,140.76690000000002,0.14285714285714285,1.0
2018,3,REG,MIA,LV,1514.5113,1443.556,7,7,0,1,113.15529999999985,0.14285714285714285,1.0
2018,3,REG,MIN,BUF,1615.369,1467.9745,7,7,0,0,189.59449999999987,0.14285714285714285,1.0
2018,3,REG,PHI,IND,1608.227,1435.7616,7,7,0,1,214.66540000000003,0.14285714285714285,1.0
2018,3,REG,WAS,GB,1482.048,1490.4767,7,7,0,1,33.77130000000007,0.14285714285714285,1.0
2018,3,REG,LA,LAC,1552.6507,1516.1511,7,7,0,1,78.69959999999988,0.14285714285714285,1.0
2018,3,REG,ARI,CHI,1468.4066,1438.0798,7,6,0,0,72.52680000000005,0.14285714285714285,1.0
2018,3,REG,SEA,DAL,1481.732,1536.1062,6,7,0,1,-12.17419999999997,0.14285714285714285,1.0
2018,3,REG,DET,NE,1471.8733,1613.921,7,7,0,1,-99.84770000000007,0.14285714285714285,1.0
2018,3,REG,TB,PIT,1519.7512,1565.7124,8,8,0,0,-3.7611999999999597,0.14285714285714285,1.0
2018,4,REG,LA,MIN,1568.1963,1585.4232,4,4,0,1,24.973100000000116,0.19047619047619047,1.0
2018,4,REG,ATL,CIN,1548.7253,1507.2604,7,7,0,0,83.66490000000017,0.19047619047619047,1.0
2018,4,REG,CHI,TB,1462.1952,1499.9677,7,6,0,1,4.427500000000194,0.19047619047619047,1.0
2018,4,REG,DAL,DET,1515.4057,1497.4678,7,7,0,1,60.13790000000013,0.19047619047619047,1.0
2018,4,REG,GB,BUF,1472.4146,1497.9203,7,7,0,1,16.69430000000007,0.19047619047619047,1.0
2018,4,REG,IND,HOU,1426.7543,1383.1632,7,7,1,0,85.7911000000001,0.19047619047619047,1.0
2018,4,REG,JAX,NYJ,1536.714,1423.026,7,10,0,1,155.88799999999986,0.19047619047619047,1.0
2018,4,REG,NE,MIA,1588.3265,1528.2185,7,7,1,1,102.30799999999995,0.19047619047619047,1.0
2018,4,REG,TEN,PHI,1534.7246,1617.2343,7,7,0,1,-40.30970000000006,0.19047619047619047,1.0
2018,4,REG,ARI,SEA,1444.2912,1502.4325,7,7,1,0,-15.941299999999998,0.19047619047619047,1.0
2018,4,REG,LV,CLE,1429.8488,1338.9884,7,10,0,1,133.06040000000002,0.19047619047619047,1.0
2018,4,REG,LAC,SF,1500.6055,1464.6705,7,7,0,1,78.13499999999995,0.19047619047619047,1.0
2018,4,REG,NYG,NO,1428.2725,1560.0597,7,7,0,0,-89.58719999999998,0.19047619047619047,1.0
2018,4,REG,PIT,BAL,1585.4959,1522.0357,6,7,1,0,105.66019999999999,0.19047619047619047,1.0
2018,4,REG,DEN,KC,1480.0887,1587.8632,8,8,1,0,-65.57449999999999,0.19047619047619047,1.0
2018,5,REG,NE,IND,1602.6017,1401.9138,4,4,0,1,242.8878999999999,0.23809523809523808,1.0
2018,5,REG,BUF,TEN,1478.8806,1557.0347,7,7,0,1,-35.95409999999997,0.23809523809523808,1.0
2018,5,REG,CAR,NYG,1561.2934,1413.3182,14,7,0,1,190.17520000000007,0.23809523809523808,1.0
2018,5,REG,CIN,MIA,1531.9856,1513.9433,7,7,0,1,60.24230000000007,0.23809523809523808,1.0
2018,5,REG,CLE,BAL,1326.2942,1547.9372,7,7,1,1,-179.44300000000004,0.23809523809523808,1.0
2018,5,REG,DET,GB,1480.8955,1491.4543,7,7,1,1,31.641199999999984,0.23809523809523808,1.0
2018,5,REG,KC,JAX,1604.1326,1548.2977,6,7,0,1,98.03489999999984,0.23809523809523808,1.0
2018,5,REG,NYJ,DEN,1411.4423,1463.8193,7,6,0,1,-10.177000000000177,0.23809523809523808,1.0
2018,5,REG,PIT,ATL,1559.5944,1524.0001,7,7,0,1,77.79429999999998,0.23809523809523808,1.0
2018,5,REG,LAC,LV,1516.182,1442.543,7,7,1,1,115.83900000000013,0.23809523809523808,1.0
2018,5,REG,PHI,MIN,1594.9242,1566.8583,7,10,0,0,70.26589999999983,0.23809523809523808,1.0
2018,5,REG,SEA,LA,1521.5155,1586.7612,7,10,1,0,-23.04569999999994,0.23809523809523808,1.0
2018,5,REG,SF,ARI,1449.094,1425.2082,7,7,1,0,66.08580000000002,0.23809523809523808,1.0
2018,5,REG,HOU,DAL,1408.0037,1531.978,7,7,0,1,-81.77430000000008,0.23809523809523808,1.0
2018,5,REG,NO,WAS,1575.014,1500.1101,8,15,0,1,117.1038999999998,0.23809523809523808,1.0
2018,6,REG,NYG,PHI,1403.2891,1570.9336,4,4,1,0,-125.4445000000001,0.2857142857142857,1.0
2018,6,REG,ATL,TB,1508.4049,1480.2226,7,14,1,1,70.38229999999994,0.2857142857142857,1.0
2018,6,REG,CIN,PIT,1548.5521,1575.1896,7,7,1,0,15.562500000000185,0.2857142857142857,1.0
2018,6,REG,CLE,LAC,1355.7938,1529.7503,7,7,0,0,-131.75650000000002,0.2857142857142857,1.0
2018,6,REG,HOU,BUF,1432.626,1500.9429,7,7,0,1,-26.11690000000003,0.2857142857142857,1.0
2018,6,REG,MIA,CHI,1497.3768,1481.9403,7,14,0,1,57.63650000000003,0.2857142857142857,1.0
2018,6,REG,MIN,ARI,1590.8489,1448.9672,7,7,0,1,184.0816999999999,0.2857142857142857,1.0
2018,6,REG,NYJ,IND,1432.028,1393.9896,7,10,0,1,80.23839999999991,0.2857142857142857,1.0
2018,6,REG,LV,SEA,1428.9747,1502.8402,7,7,0,0,-31.665500000000108,0.2857142857142857,1.0
2018,6,REG,WAS,CAR,1486.607,1571.3225,6,7,0,1,-42.51550000000002,0.2857142857142857,1.0
2018,6,REG,DEN,LA,1443.2336,1605.4365,7,7,0,0,-120.0029,0.2857142857142857,1.0
2018,6,REG,DAL,JAX,1507.3557,1533.7959,7,7,0,1,15.759799999999998,0.2857142857142857,1.0
2018,6,REG,TEN,BAL,1534.9724,1518.4376,7,7,0,0,58.734800000000135,0.2857142857142857,1.0
2018,6,REG,NE,KC,1610.5259,1618.6344,10,7,0,1,34.09150000000018,0.2857142857142857,1.0
2018,6,REG,GB,SF,1473.2707,1425.335,8,8,0,1,90.1357,0.2857142857142857,1.0
2018,7,REG,ARI,DEN,1438.6722,1429.8793,4,4,0,0,50.99289999999992,0.3333333333333333,1.0
2018,7,REG,CHI,NE,1465.228,1628.5697,7,7,0,0,-121.14169999999994,0.3333333333333333,1.0
2018,7,REG,IND,BUF,1378.5281,1479.4423,7,7,0,1,-58.714199999999934,0.3333333333333333,1.0
2018,7,REG,JAX,HOU,1514.7025,1454.1266,7,7,1,0,102.77590000000005,0.3333333333333333,1.0
2018,7,REG,MIA,DET,1514.0891,1499.0791,7,14,0,0,57.209999999999994,0.3333333333333333,1.0
2018,7,REG,NYJ,MIN,1447.4895,1601.1439,7,7,0,0,-111.45440000000012,0.3333333333333333,1.0
2018,7,REG,PHI,CAR,1584.0107,1548.8873,10,7,0,0,77.32339999999995,0.3333333333333333,1.0
2018,7,REG,TB,CLE,1464.2196,1343.0345,7,7,0,1,163.3850999999999,0.3333333333333333,1.0
2018,7,REG,BAL,NO,1541.7868,1588.5171,7,13,0,0,-4.53029999999994,0.3333333333333333,1.0
2018,7,REG,SF,LA,1410.4103,1618.7908,6,7,1,0,-166.1805,0.3333333333333333,1.0
2018,7,REG,WAS,DAL,1509.0422,1526.4491,7,7,1,1,24.793100000000052,0.3333333333333333,1.0
2018,7,REG,KC,CIN,1600.5906,1527.6568,7,7,0,1,115.13380000000002,0.3333333333333333,1.0
2018,7,REG,LAC,TEN,1542.5096,1511.6232,7,7,0,1,73.0864000000001,0.3333333333333333,1.0
2018,7,REG,ATL,NYG,1524.4079,1390.212,8,11,0,1,176.39589999999993,0.3333333333333333,1.0
2018,8,REG,HOU,MIA,1479.8761,1490.8253,4,4,0,1,31.250799999999984,0.38095238095238093,1.0
2018,8,REG,CAR,BAL,1573.2663,1522.0476,7,7,0,1,93.4186999999999,0.38095238095238093,1.0
2018,8,REG,CHI,NYJ,1451.932,1433.6939,7,7,0,1,60.438100000000034,0.38095238095238093,1.0
2018,8,REG,CIN,TB,1514.052,1475.4514,7,7,0,1,80.80059999999999,0.38095238095238093,1.0
2018,8,REG,DET,SEA,1522.3429,1521.0224,7,14,0,0,43.52050000000004,0.38095238095238093,1.0
2018,8,REG,KC,DEN,1614.1954,1452.7938,7,10,1,1,203.60160000000013,0.38095238095238093,1.0
2018,8,REG,NYG,WAS,1379.5752,1527.6174,6,7,1,0,-105.84220000000009,0.38095238095238093,1.0
2018,8,REG,PIT,CLE,1596.0849,1331.8027,14,7,1,1,306.4822000000001,0.38095238095238093,1.0
2018,8,REG,LV,IND,1410.7925,1401.8761,14,7,0,0,51.11640000000007,0.38095238095238093,1.0
2018,8,REG,ARI,SF,1415.7577,1399.308,10,7,1,1,58.649700000000124,0.38095238095238093,1.0
2018,8,REG,LA,GB,1629.8931,1488.1954,7,13,0,1,183.89769999999993,0.38095238095238093,1.0
2018,8,REG,MIN,NO,1614.9395,1608.2563,7,7,0,0,48.883199999999945,0.38095238095238093,1.0
2018,8,REG,JAX,PHI,1488.953,1559.6317,7,7,0,0,-28.478699999999932,0.38095238095238093,1.0
2018,8,REG,BUF,NE,1456.0943,1641.8657,8,8,1,0,-143.5714000000001,0.38095238095238093,1.0
2018,9,REG,SF,LV,1382.6524,1387.8711,4,4,0,1,36.98129999999988,0.42857142857142855,1.0
2018,9,REG,BAL,PIT,1507.2993,1601.9352,7,7,1,0,-52.43589999999999,0.42857142857142855,1.0
2018,9,REG,BUF,CHI,1443.9186,1468.4876,6,7,0,0,17.631000000000043,0.42857142857142855,1.0
2018,9,REG,CAR,TB,1588.0146,1460.0206,7,7,1,1,170.1939999999999,0.42857142857142855,1.0
2018,9,REG,CLE,KC,1325.9524,1623.655,7,7,0,0,-255.5026000000001,0.42857142857142855,1.0
2018,9,REG,MIA,NYJ,1472.6194,1417.1383,10,7,1,1,97.68109999999997,0.42857142857142855,1.0
2018,9,REG,MIN,DET,1592.144,1499.8507,7,7,1,1,134.49330000000003,0.42857142857142855,1.0
2018,9,REG,WAS,ATL,1541.7064,1535.0447,7,13,0,0,48.86170000000011,0.42857142857142855,1.0
2018,9,REG,DEN,HOU,1443.3342,1498.082,7,10,0,0,-12.547800000000095,0.42857142857142855,1.0
2018,9,REG,SEA,LAC,1543.5146,1558.3634,7,14,0,0,27.35120000000002,0.42857142857142855,1.0
2018,9,REG,NO,LA,1631.0518,1640.1962,7,7,0,1,33.05559999999987,0.42857142857142855,1.0
2018,9,REG,NE,GB,1654.0414,1477.8923,6,7,0,1,218.34910000000008,0.42857142857142855,1.0
2018,9,REG,DAL,TEN,1507.8739,1495.7694,15,15,0,0,54.30450000000015,0.42857142857142855,1.0
2018,10,REG,PIT,CAR,1618.9395,1598.9325,4,4,0,1,62.207000000000065,0.47619047619047616,1.0
2018,10,REG,CHI,DET,1489.5017,1487.2279,7,7,1,1,44.47379999999994,0.47619047619047616,1.0
2018,10,REG,CIN,NO,1529.4828,1649.1547,14,7,0,0,-77.47190000000005,0.47619047619047616,1.0
2018,10,REG,CLE,ATL,1318.4795,1557.839,7,7,0,1,-197.15950000000004,0.47619047619047616,1.0
2018,10,REG,IND,JAX,1424.7975,1470.5887,14,14,1,1,-3.5912000000001143,0.47619047619047616,1.0
2018,10,REG,KC,ARI,1631.1279,1432.4133,7,14,0,1,240.9146,0.47619047619047616,1.0
2018,10,REG,NYJ,BUF,1402.6177,1422.9045,7,7,1,0,21.913199999999918,0.47619047619047616,1.0
2018,10,REG,TB,WAS,1449.1027,1518.9121,7,7,0,0,-27.609400000000093,0.47619047619047616,1.0
2018,10,REG,TEN,NE,1518.8702,1662.9016,6,7,0,1,-101.83139999999985,0.47619047619047616,1.0
2018,10,REG,LV,LAC,1369.9919,1579.9346,10,7,1,0,-167.74270000000007,0.47619047619047616,1.0
2018,10,REG,GB,MIA,1469.0321,1487.14,7,7,0,1,24.092099999999803,0.47619047619047616,1.0
2018,10,REG,LA,SEA,1622.0933,1521.9434,7,7,1,1,142.34989999999988,0.47619047619047616,1.0
2018,10,REG,PHI,DAL,1577.996,1484.7731,14,6,1,0,135.42289999999997,0.47619047619047616,1.0
2018,10,REG,SF,NYG,1400.5316,1365.4862,11,15,0,0,77.24539999999998,0.47619047619047616,1.0
2018,11,REG,SEA,GB,1509.708,1487.6475,4,4,0,1,64.26050000000005,0.5238095238095238,1.0
2018,11,REG,ATL,DAL,1527.569,1512.1965,7,7,0,0,57.57249999999995,0.5238095238095238,1.0
2018,11,REG,BAL,CIN,1490.295,1513.87,14,7,1,1,18.625000000000185,0.5238095238095238,1.0
2018,11,REG,DET,CAR,1469.7741,1582.4756,7,10,0,1,-70.5014999999999,0.5238095238095238,1.0
2018,11,REG,IND,TEN,1445.0042,1544.5698,7,7,1,1,-57.3655999999999,0.5238095238095238,1.0
2018,11,REG,JAX,PIT,1450.382,1635.3964,7,10,0,0,-142.81440000000003,0.5238095238095238,1.0
2018,11,REG,NYG,TB,1389.861,1430.6887,6,7,0,1,1.3723000000001804,0.5238095238095238,1.0
2018,11,REG,WAS,HOU,1537.3261,1517.36,7,14,0,0,62.1661000000001,0.5238095238095238,1.0
2018,11,REG,ARI,LV,1424.4166,1358.9616,7,7,0,0,107.65499999999993,0.5238095238095238,1.0
2018,11,REG,LAC,DEN,1590.9649,1424.0562,7,14,1,0,209.10869999999994,0.5238095238095238,1.0
2018,11,REG,NO,PHI,1664.7675,1550.5726,7,7,0,1,156.39489999999995,0.5238095238095238,1.0
2018,11,REG,CHI,MIN,1506.9555,1604.7668,7,14,1,1,-55.61130000000007,0.5238095238095238,1.0
2018,11,REG,LA,KC,1634.3287,1639.1246,8,8,0,1,37.40409999999993,0.5238095238095238,1.0
2018,12,REG,DET,CHI,1493.7777,1530.1297,4,4,1,0,5.848000000000141,0.5714285714285714,1.0
2018,12,REG,DAL,WAS,1535.4806,1513.7852,4,4,1,1,63.895400000000066,0.5714285714285714,1.0
2018,12,REG,NO,ATL,1676.3272,1504.2849,4,4,1,1,214.24229999999983,0.5714285714285714,1.0
2018,12,REG,BAL,LV,1509.2239,1384.9677,7,7,0,1,166.45620000000002,0.5714285714285714,1.0
2018,12,REG,BUF,JAX,1444.1643,1438.1693,14,7,0,1,48.194999999999894,0.5714285714285714,1.0
2018,12,REG,CAR,SEA,1558.472,1526.0505,7,10,0,0,74.62149999999993,0.5714285714285714,1.0
2018,12,REG,CIN,CLE,1494.9411,1348.7495,7,14,1,0,188.3916000000001,0.5714285714285714,1.0
2018,12,REG,NYJ,NE,1381.3579,1637.202,14,14,1,0,-213.64410000000004,0.5714285714285714,1.0
2018,12,REG,PHI,NYG,1539.0129,1409.782,7,7,1,1,171.4309,0.5714285714285714,1.0
2018,12,REG,TB,SF,1410.7677,1376.1568,7,13,0,1,76.81090000000013,0.5714285714285714,1.0
2018,12,REG,LAC,ARI,1560.1974,1398.4105,7,7,0,1,203.98690000000005,0.5714285714285714,1.0
2018,12,REG,DEN,PIT,1454.8237,1647.6091,7,7,0,1,-150.5854,0.5714285714285714,1.0
2018,12,REG,IND,MIA,1468.2767,1468.5246,7,14,0,1,41.95209999999993,0.5714285714285714,1.0
2018,12,REG,MIN,GB,1581.5926,1471.305,7,10,1,1,152.48759999999987,0.5714285714285714,1.0
2018,12,REG,HOU,TEN,1540.9009,1521.2973,8,8,1,1,61.803600000000145,0.5714285714285714,1.0
2018,13,REG,DAL,NO,1551.8434,1685.3515,7,7,0,1,-91.30810000000001,0.6190476190476191,1.0
2018,13,REG,ATL,BAL,1495.2606,1520.3135,10,7,0,0,17.147100000000094,0.6190476190476191,1.0
2018,13,REG,CIN,DEN,1465.0475,1482.9872,7,7,0,0,24.260299999999873,0.6190476190476191,1.0
2018,13,REG,DET,LA,1473.4411,1652.1838,10,13,0,0,-136.54270000000002,0.6190476190476191,1.0
2018,13,REG,GB,ARI,1459.5596,1388.9669,7,7,0,0,112.79270000000015,0.6190476190476191,1.0
2018,13,REG,HOU,CLE,1557.3803,1378.6431,6,7,0,1,220.93720000000002,0.6190476190476191,1.0
2018,13,REG,JAX,IND,1420.926,1485.8734,7,7,1,1,-22.747400000000013,0.6190476190476191,1.0
2018,13,REG,MIA,BUF,1450.9279,1461.4076,7,7,1,1,31.72029999999991,0.6190476190476191,1.0
2018,13,REG,NYG,CHI,1398.9205,1550.4663,7,10,0,1,-109.3458000000001,0.6190476190476191,1.0
2018,13,REG,TB,CAR,1426.4168,1534.2413,7,7,1,1,-65.62449999999994,0.6190476190476191,1.0
2018,13,REG,LV,KC,1373.8781,1621.2695,7,13,1,0,-205.19140000000021,0.6190476190476191,1.0
2018,13,REG,TEN,NYJ,1504.8179,1372.3095,6,7,0,1,174.70839999999993,0.6190476190476191,1.0
2018,13,REG,NE,MIN,1646.2504,1593.338,7,7,0,1,95.11239999999994,0.6190476190476191,1.0
2018,13,REG,SEA,SF,1550.2812,1360.5077,7,7,1,1,231.97349999999977,0.6190476190476191,1.0
2018,13,REG,PIT,LAC,1619.4456,1569.641,7,7,0,0,92.00459999999994,0.6190476190476191,1.0
2018,13,REG,PHI,WAS,1549.8744,1497.4224,8,11,1,1,94.652,0.6190476190476191,1.0
2018,14,REG,TEN,JAX,1515.5308,1442.2336,4,4,1,1,115.49719999999998,0.6666666666666666,1.0
2018,14,REG,BUF,NYJ,1443.2285,1361.5966,7,7,1,0,123.83189999999986,0.6666666666666666,1.0
2018,14,REG,CLE,CAR,1369.8852,1510.5079,7,7,0,1,-98.42270000000012,0.6666666666666666,1.0
2018,14,REG,GB,ATL,1433.2856,1474.2743,7,7,0,1,1.2112999999998948,0.6666666666666666,1.0
2018,14,REG,HOU,IND,1566.1382,1464.5658,7,7,1,0,143.7724,0.6666666666666666,1.0
2018,14,REG,KC,BAL,1630.6631,1541.2998,7,7,0,1,131.56329999999997,0.6666666666666666,1.0
2018,14,REG,MIA,NE,1469.107,1660.9081,7,7,1,1,-149.60110000000014,0.6666666666666666,1.0
2018,14,REG,TB,NO,1450.1502,1660.2131,7,10,1,0,-167.8628999999999,0.6666666666666666,1.0
2018,14,REG,WAS,NYG,1482.7401,1425.015,6,7,1,0,99.92509999999989,0.6666666666666666,1.0
2018,14,REG,LAC,CIN,1594.8168,1443.6532,7,7,0,1,193.36360000000008,0.6666666666666666,1.0
2018,14,REG,SF,DEN,1352.1766,1504.3815,7,7,0,1,-110.00489999999995,0.6666666666666666,1.0
2018,14,REG,ARI,DET,1415.2409,1460.92,7,7,0,0,-3.4791000000000594,0.6666666666666666,1.0
2018,14,REG,DAL,PHI,1576.9818,1564.5567,10,6,1,1,54.62509999999993,0.6666666666666666,1.0
2018,14,REG,LV,PIT,1364.4845,1594.2698,7,7,0,1,-187.58530000000002,0.6666666666666666,1.0
2018,14,REG,CHI,LA,1524.3718,1664.7049,7,7,0,1,-98.13310000000006,0.6666666666666666,1.0
2018,14,REG,SEA,MIN,1558.6123,1578.6803,8,8,0,1,22.13200000000002,0.6666666666666666,1.0
2018,15,REG,KC,LAC,1643.4321,1604.7086,4,4,1,0,80.92350000000006,0.7142857142857143,1.0
2018,15,REG,NYJ,HOU,1388.4377,1538.3041,6,6,0,0,-107.66640000000011,0.7142857142857143,1.0
2018,15,REG,DEN,CLE,1478.2526,1395.404,6,6,0,0,125.04860000000004,0.7142857142857143,1.0
2018,15,REG,ATL,ARI,1454.344,1395.4412,7,7,0,1,101.10280000000007,0.7142857142857143,1.0
2018,15,REG,BAL,TB,1528.5308,1439.1254,7,7,0,1,131.6054000000001,0.7142857142857143,1.0
2018,15,REG,BUF,DET,1416.3874,1480.7197,7,7,0,1,-22.13230000000003,0.7142857142857143,1.0
2018,15,REG,CHI,GB,1549.8752,1453.2159,7,7,1,1,138.85930000000002,0.7142857142857143,1.0
2018,15,REG,CIN,LV,1433.7614,1394.343,7,7,0,1,81.61840000000002,0.7142857142857143,1.0
2018,15,REG,IND,DAL,1492.3999,1593.863,7,7,0,1,-59.263100000000165,0.7142857142857143,1.0
2018,15,REG,JAX,WAS,1428.6476,1457.1415,10,7,0,0,13.706100000000063,0.7142857142857143,1.0
2018,15,REG,MIN,MIA,1559.9526,1497.2232,6,7,0,1,104.92940000000017,0.7142857142857143,1.0
2018,15,REG,NYG,TEN,1450.6136,1529.1168,7,10,0,0,-36.3032000000001,0.7142857142857143,1.0
2018,15,REG,SF,SEA,1378.3055,1577.34,7,6,1,1,-156.8345,0.7142857142857143,1.0
2018,15,REG,PIT,NE,1564.4113,1632.7919,7,7,0,1,-26.180599999999956,0.7142857142857143,1.0
2018,15,REG,LA,PHI,1639.2015,1547.6755,7,7,0,0,133.72599999999983,0.7142857142857143,1.0
2018,15,REG,CAR,NO,1484.9891,1671.2379,8,8,1,0,-144.04880000000009,0.7142857142857143,1.0
2018,16,REG,TEN,WAS,1547.0346,1477.9301,6,6,0,1,111.30449999999992,0.7619047619047619,1.0
2018,16,REG,LAC,BAL,1629.2845,1541.2977,9,6,0,0,130.1867999999999,0.7619047619047619,1.0
2018,16,REG,CAR,ATL,1472.8366,1468.683,6,7,1,0,46.3536000000001,0.7619047619047619,1.0
2018,16,REG,CLE,CIN,1422.3069,1449.1476,8,7,1,1,15.359300000000033,0.7619047619047619,1.0
2018,16,REG,DAL,TB,1570.4842,1426.3585,7,7,0,1,186.32570000000004,0.7619047619047619,1.0
2018,16,REG,DET,MIN,1459.4474,1574.0896,7,7,1,0,-72.4422,0.7619047619047619,1.0
2018,16,REG,IND,NYG,1515.7787,1432.6958,7,7,0,1,125.28290000000011,0.7619047619047619,1.0
2018,16,REG,MIA,JAX,1483.0862,1407.859,7,7,0,0,117.42720000000004,0.7619047619047619,1.0
2018,16,REG,NE,BUF,1611.2877,1437.6597,7,7,1,1,215.82800000000015,0.7619047619047619,1.0
2018,16,REG,NYJ,GB,1374.4444,1440.8092,8,7,0,0,-24.16479999999983,0.7619047619047619,1.0
2018,16,REG,PHI,HOU,1575.0145,1552.2974,7,8,0,1,64.91710000000008,0.7619047619047619,1.0
2018,16,REG,ARI,LA,1381.1022,1611.8625,7,7,1,0,-188.56029999999993,0.7619047619047619,1.0
2018,16,REG,SF,CHI,1406.7666,1562.2819,7,7,0,0,-113.31530000000002,0.7619047619047619,1.0
2018,16,REG,NO,PIT,1683.3904,1585.9155,6,7,0,1,139.67489999999992,0.7619047619047619,1.0
2018,16,REG,SEA,KC,1548.8789,1618.8562,7,10,0,1,-27.77730000000001,0.7619047619047619,1.0
2018,16,REG,LV,DEN,1378.9568,1451.3497,8,9,1,1,-30.19290000000005,0.7619047619047619,1.0
2018,17,REG,BUF,MIA,1428.699,1456.5727,7,7,1,1,14.326300000000131,0.8095238095238095,1.0
2018,17,REG,GB,DET,1459.4204,1443.5581,7,7,1,0,58.06230000000001,0.8095238095238095,1.0
2018,17,REG,HOU,JAX,1535.9914,1434.3725,7,7,1,1,143.81890000000016,0.8095238095238095,1.0
2018,17,REG,NE,NYJ,1620.2484,1355.8332,7,7,1,1,306.6151999999999,0.8095238095238095,1.0
2018,17,REG,NO,CAR,1695.7569,1450.184,7,7,1,0,287.7729000000001,0.8095238095238095,1.0
2018,17,REG,NYG,DAL,1419.6105,1580.6807,7,7,1,0,-118.87019999999988,0.8095238095238095,1.0
2018,17,REG,TB,ATL,1416.162,1491.3356,7,7,1,0,-32.973600000000076,0.8095238095238095,1.0
2018,17,REG,BAL,CLE,1568.4598,1441.4233,8,7,1,1,169.23650000000015,0.8095238095238095,1.0
2018,17,REG,DEN,LAC,1429.616,1602.1224,6,8,1,0,-130.3064,0.8095238095238095,1.0
2018,17,REG,KC,LV,1597.2606,1400.6905,7,6,1,1,238.77010000000013,0.8095238095238095,1.0
2018,17,REG,LA,SF,1621.9616,1393.0677,7,7,1,1,271.0939,0.8095238095238095,1.0
2018,17,REG,MIN,CHI,1589.9789,1575.9808,7,7,1,0,56.198100000000025,0.8095238095238095,1.0
2018,17,REG,PIT,CIN,1573.549,1430.0312,7,7,1,1,185.71780000000007,0.8095238095238095,1.0
2018,17,REG,SEA,ARI,1570.4745,1371.0031,7,7,1,1,241.67140000000012,0.8095238095238095,1.0
2018,17,REG,WAS,PHI,1464.1267,1591.3205,8,7,1,0,-84.99380000000001,0.8095238095238095,1.0
2018,17,REG,TEN,IND,1560.838,1528.864,8,7,1,0,74.17399999999994,0.8095238095238095,1.0
2019,1,REG,CHI,GB,1544.9126,1462.9053,7,7,1,0,124.20730000000022,0.047619047619047616,1.0
2019,1,REG,CAR,LA,1491.505,1593.4899,7,7,0,0,-59.78489999999992,0.047619047619047616,1.0
2019,1,REG,CLE,TEN,1459.517,1523.2191,7,7,0,0,-21.50209999999997,0.047619047619047616,1.0
2019,1,REG,JAX,KC,1454.5653,1560.8845,7,7,0,0,-64.1191999999999,0.047619047619047616,1.0
2019,1,REG,MIA,BAL,1463.6781,1534.2166,7,7,0,0,-28.338499999999883,0.047619047619047616,1.0
2019,1,REG,MIN,ATL,1541.3031,1506.9059,7,7,0,1,76.59720000000011,0.047619047619047616,1.0
2019,1,REG,NYJ,BUF,1411.232,1469.9649,7,7,1,0,-16.53289999999997,0.047619047619047616,1.0
2019,1,REG,PHI,WAS,1569.5141,1470.5944,7,7,1,1,141.11970000000014,0.047619047619047616,1.0
2019,1,REG,LAC,IND,1571.6831,1537.4004,7,7,0,1,76.48269999999998,0.047619047619047616,1.0
2019,1,REG,SEA,CIN,1536.2817,1453.1249,7,7,0,1,125.35679999999998,0.047619047619047616,1.0
2019,1,REG,ARI,DET,1419.0606,1481.3618,7,7,0,0,-20.101199999999878,0.047619047619047616,1.0
2019,1,REG,DAL,NYG,1557.6603,1444.9589,7,7,1,1,154.9013999999999,0.047619047619047616,1.0
2019,1,REG,TB,SF,1440.0726,1432.9149,7,7,0,0,49.35769999999998,0.047619047619047616,1.0
2019,1,REG,NE,PIT,1619.8747,1551.5033,7,7,0,1,110.5714,0.047619047619047616,1.0
2019,1,REG,NO,HOU,1592.5784,1514.1936,7,7,0,1,120.58480000000004,0.047619047619047616,1.0
2019,1,REG,LV,DEN,1436.8088,1451.3105,7,7,1,1,27.698299999999975,0.047619047619047616,1.0
2019,2,REG,CAR,TB,1474.9129,1417.2503,4,4,1,0,99.86260000000011,0.09523809523809523,1.0
2019,2,REG,BAL,ARI,1552.5889,1400.2164,7,7,0,1,194.57249999999993,0.09523809523809523,1.0
2019,2,REG,CIN,SF,1440.0434,1455.7372,7,7,0,0,26.506199999999993,0.09523809523809523,1.0
2019,2,REG,DET,LAC,1500.206,1587.3502,7,7,0,1,-44.94420000000018,0.09523809523809523,1.0
2019,2,REG,GB,MIN,1489.7655,1556.9639,10,7,1,1,-24.99839999999999,0.09523809523809523,1.0
2019,2,REG,HOU,JAX,1500.8691,1438.215,6,7,1,1,104.85409999999997,0.09523809523809523,1.0
2019,2,REG,MIA,NE,1445.3058,1633.7162,7,7,1,0,-146.2104,0.09523809523809523,1.0
2019,2,REG,NYG,BUF,1433.3284,1489.0139,7,7,0,0,-13.485499999999817,0.09523809523809523,1.0
2019,2,REG,PIT,SEA,1537.6618,1549.3632,7,7,0,0,30.49860000000008,0.09523809523809523,1.0
2019,2,REG,TEN,IND,1541.9829,1521.7333,7,7,1,0,62.449599999999876,0.09523809523809523,1.0
2019,2,REG,WAS,DAL,1458.2988,1569.2908,7,7,1,0,-68.79199999999996,0.09523809523809523,1.0
2019,2,REG,LV,KC,1455.2177,1577.2348,6,7,1,0,-79.81710000000002,0.09523809523809523,1.0
2019,2,REG,DEN,CHI,1432.9016,1518.0524,6,10,0,0,-42.950800000000115,0.09523809523809523,1.0
2019,2,REG,LA,NO,1610.082,1605.9029,7,6,0,1,46.379100000000065,0.09523809523809523,1.0
2019,2,REG,ATL,PHI,1491.2451,1581.8097,7,7,0,1,-48.364599999999925,0.09523809523809523,1.0
2019,2,REG,NYJ,CLE,1392.183,1440.7532,8,8,0,0,-6.370200000000111,0.09523809523809523,1.0
2019,3,REG,JAX,TEN,1424.0741,1518.4262,4,4,1,1,-52.15210000000006,0.14285714285714285,1.0
2019,3,REG,BUF,CIN,1508.238,1418.5205,7,7,0,1,131.91749999999996,0.14285714285714285,1.0
2019,3,REG,DAL,MIA,1585.3818,1433.2583,7,7,0,1,194.32350000000014,0.14285714285714285,1.0
2019,3,REG,GB,DEN,1511.202,1415.3615,7,7,0,1,138.0405,0.14285714285714285,1.0
2019,3,REG,IND,ATL,1545.29,1514.0113,7,7,0,1,73.47870000000007,0.14285714285714285,1.0
2019,3,REG,KC,BAL,1592.7193,1562.429,7,7,0,1,72.49029999999989,0.14285714285714285,1.0
2019,3,REG,MIN,LV,1535.5274,1439.7332,7,7,0,1,137.99420000000003,0.14285714285714285,1.0
2019,3,REG,NE,NYJ,1645.7637,1372.5497,7,6,1,1,315.41399999999993,0.14285714285714285,1.0
2019,3,REG,PHI,DET,1559.0435,1522.7789,7,7,0,0,78.46459999999998,0.14285714285714285,1.0
2019,3,REG,ARI,CAR,1390.3763,1449.3176,7,10,0,0,-16.74130000000018,0.14285714285714285,1.0
2019,3,REG,TB,NYG,1442.8456,1414.1043,10,7,0,0,70.94130000000014,0.14285714285714285,1.0
2019,3,REG,LAC,HOU,1564.7773,1515.01,7,7,0,0,91.96729999999998,0.14285714285714285,1.0
2019,3,REG,SEA,NO,1571.1143,1588.5569,7,7,0,0,24.75739999999992,0.14285714285714285,1.0
2019,3,REG,SF,PIT,1477.2601,1515.9107,7,7,0,1,3.5494000000000625,0.14285714285714285,1.0
2019,3,REG,CLE,LA,1460.3865,1627.428,6,7,0,0,-124.84150000000004,0.14285714285714285,1.0
2019,3,REG,WAS,CHI,1442.2078,1535.5925,8,8,0,0,-51.18470000000006,0.14285714285714285,1.0
2019,4,REG,GB,PHI,1523.6491,1534.602,4,4,0,0,31.247100000000003,0.19047619047619047,1.0
2019,4,REG,ATL,TEN,1498.1791,1495.4464,7,10,0,0,44.932700000000025,0.19047619047619047,1.0
2019,4,REG,BAL,CLE,1546.5424,1447.2788,7,7,1,0,141.46359999999999,0.19047619047619047,1.0
2019,4,REG,BUF,NE,1520.9893,1651.3619,7,7,1,0,-88.17260000000014,0.19047619047619047,1.0
2019,4,REG,DET,KC,1547.2204,1608.6059,7,7,0,0,-19.18550000000009,0.19047619047619047,1.0
2019,4,REG,HOU,CAR,1540.1838,1468.3546,7,7,0,0,114.02920000000013,0.19047619047619047,1.0
2019,4,REG,IND,LV,1561.1222,1427.2839,7,7,0,0,176.0383000000001,0.19047619047619047,1.0
2019,4,REG,MIA,LAC,1423.4076,1539.6035,7,7,0,0,-73.99589999999993,0.19047619047619047,1.0
2019,4,REG,NYG,WAS,1438.1322,1425.1331,7,6,1,1,55.1991,0.19047619047619047,1.0
2019,4,REG,ARI,SEA,1371.3393,1549.6916,7,7,1,0,-136.15230000000003,0.19047619047619047,1.0
2019,4,REG,LA,TB,1640.5357,1418.8177,7,7,0,0,263.91799999999984,0.19047619047619047,1.0
2019,4,REG,CHI,MIN,1552.6672,1547.9767,6,7,1,1,46.89050000000016,0.19047619047619047,1.0
2019,4,REG,DEN,JAX,1402.9144,1447.0539,7,10,0,0,-1.9395000000002227,0.19047619047619047,1.0
2019,4,REG,NO,DAL,1609.9796,1595.2325,7,7,0,1,56.94709999999982,0.19047619047619047,1.0
2019,4,REG,PIT,CIN,1496.115,1405.7692,8,8,1,1,132.54580000000004,0.19047619047619047,1.0
2019,5,REG,SEA,LA,1562.232,1607.7187,4,4,1,1,-3.286699999999925,0.23809523809523808,1.0
2019,5,REG,CAR,JAX,1494.6927,1466.9423,7,7,0,1,69.95040000000013,0.23809523809523808,1.0
2019,5,REG,CIN,ARI,1393.0493,1358.7989,6,7,0,0,76.4503999999999,0.23809523809523808,1.0
2019,5,REG,HOU,ATL,1513.8457,1475.6069,7,7,0,1,80.43880000000009,0.23809523809523808,1.0
2019,5,REG,NO,TB,1626.7305,1451.6347,7,7,1,1,217.29579999999982,0.23809523809523808,1.0
2019,5,REG,NYG,MIN,1454.9812,1530.6597,7,7,0,0,-33.47849999999998,0.23809523809523808,1.0
2019,5,REG,LV,CHI,1456.631,1569.9842,7,7,0,1,-71.15320000000001,0.23809523809523808,1.0
2019,5,REG,PHI,NYJ,1556.3959,1366.9515,10,14,0,1,231.64440000000008,0.23809523809523808,1.0
2019,5,REG,PIT,BAL,1508.8349,1518.8211,6,7,1,0,32.21380000000018,0.23809523809523808,1.0
2019,5,REG,TEN,BUF,1518.0186,1505.9587,7,7,0,0,54.2599000000002,0.23809523809523808,1.0
2019,5,REG,WAS,NE,1408.2841,1666.3925,7,7,0,0,-215.90839999999986,0.23809523809523808,1.0
2019,5,REG,LAC,DEN,1555.4072,1383.026,7,7,1,0,214.58120000000002,0.23809523809523808,1.0
2019,5,REG,DAL,GB,1578.4816,1501.8552,7,10,0,0,118.8264000000001,0.23809523809523808,1.0
2019,5,REG,KC,IND,1627.5026,1531.7751,7,7,0,0,137.92749999999995,0.23809523809523808,1.0
2019,5,REG,SF,CLE,1497.0558,1475.0001,15,8,0,1,64.25570000000012,0.23809523809523808,1.0
2019,6,REG,NE,NYG,1675.35,1436.9024,4,4,0,1,280.64759999999995,0.2857142857142857,1.0
2019,6,REG,TB,CAR,1442.7326,1510.7196,7,7,1,0,-25.78699999999985,0.2857142857142857,1.0
2019,6,REG,BAL,CIN,1540.6702,1368.7181,7,7,1,1,214.15209999999996,0.2857142857142857,1.0
2019,6,REG,CLE,SEA,1458.6574,1582.4212,6,10,0,0,-81.56379999999994,0.2857142857142857,1.0
2019,6,REG,JAX,NO,1450.9154,1635.6326,7,7,0,0,-142.51719999999983,0.2857142857142857,1.0
2019,6,REG,KC,HOU,1599.9552,1529.2963,7,7,0,0,112.85890000000013,0.2857142857142857,1.0
2019,6,REG,MIA,WAS,1407.6039,1399.3266,14,7,0,0,50.47729999999997,0.2857142857142857,1.0
2019,6,REG,MIN,PHI,1548.7385,1564.7395,7,7,0,1,26.199000000000026,0.2857142857142857,1.0
2019,6,REG,ARI,ATL,1383.1301,1460.1563,7,7,0,1,-34.826200000000014,0.2857142857142857,1.0
2019,6,REG,LA,SF,1587.5295,1513.3985,10,6,1,0,116.33100000000009,0.2857142857142857,1.0
2019,6,REG,DEN,TEN,1414.0153,1494.9203,7,7,0,1,-38.70499999999997,0.2857142857142857,1.0
2019,6,REG,NYJ,DAL,1358.6079,1551.8962,7,7,0,1,-151.08829999999995,0.2857142857142857,1.0
2019,6,REG,LAC,PIT,1524.4179,1486.9858,7,7,0,0,79.6321,0.2857142857142857,1.0
2019,6,REG,GB,DET,1528.4406,1528.3237,8,15,1,1,42.31689999999999,0.2857142857142857,1.0
2019,7,REG,DEN,KC,1436.2342,1573.6778,4,4,1,0,-95.24359999999983,0.3333333333333333,1.0
2019,7,REG,ATL,LA,1438.1582,1561.0725,7,7,0,0,-80.71429999999991,0.3333333333333333,1.0
2019,7,REG,BUF,MIA,1529.057,1384.7185,14,7,1,1,186.53850000000006,0.3333333333333333,1.0
2019,7,REG,CIN,JAX,1359.6901,1438.6882,7,7,0,0,-36.79810000000002,0.3333333333333333,1.0
2019,7,REG,DET,MIN,1510.7477,1567.2332,6,7,1,0,-14.285499999999999,0.3333333333333333,1.0
2019,7,REG,GB,LV,1546.0166,1480.6706,6,14,0,1,107.546,0.3333333333333333,1.0
2019,7,REG,IND,HOU,1559.3225,1555.5737,14,7,1,1,45.94880000000008,0.3333333333333333,1.0
2019,7,REG,NYG,ARI,1430.2696,1405.1282,10,7,0,0,67.34139999999998,0.3333333333333333,1.0
2019,7,REG,WAS,SF,1422.212,1539.8555,7,7,0,0,-75.4434999999999,0.3333333333333333,1.0
2019,7,REG,TEN,LAC,1472.7014,1499.9125,7,7,0,1,14.988900000000015,0.3333333333333333,1.0
2019,7,REG,CHI,NO,1545.9446,1647.8598,14,7,0,0,-59.71519999999991,0.3333333333333333,1.0
2019,7,REG,SEA,BAL,1597.8104,1549.6982,7,7,0,0,90.31220000000003,0.3333333333333333,1.0
2019,7,REG,DAL,PHI,1523.7086,1546.2448,7,7,1,1,19.663799999999995,0.3333333333333333,1.0
2019,7,REG,NYJ,NE,1386.7955,1681.9828,8,11,1,0,-252.98730000000006,0.3333333333333333,1.0
2019,8,REG,MIN,WAS,1586.4113,1406.4879,4,4,0,1,222.1233999999999,0.38095238095238093,1.0
2019,8,REG,ATL,SEA,1422.7227,1572.7256,7,7,0,0,-107.80289999999995,0.38095238095238093,1.0
2019,8,REG,BUF,PHI,1539.2442,1527.3755,7,7,0,0,54.06869999999999,0.38095238095238093,1.0
2019,8,REG,CHI,LAC,1529.3486,1480.7748,7,7,0,0,90.77380000000012,0.38095238095238093,1.0
2019,8,REG,DET,NYG,1491.5696,1406.4409,7,7,0,1,127.32869999999998,0.38095238095238093,1.0
2019,8,REG,IND,DEN,1576.6928,1421.5835,7,10,0,1,197.30930000000006,0.38095238095238093,1.0
2019,8,REG,JAX,NYJ,1456.5778,1379.2342,7,6,0,1,119.54359999999993,0.38095238095238093,1.0
2019,8,REG,LA,CIN,1576.508,1341.8005,7,7,0,1,276.90749999999997,0.38095238095238093,1.0
2019,8,REG,NO,ARI,1664.4558,1428.9569,7,7,0,1,277.69890000000004,0.38095238095238093,1.0
2019,8,REG,TEN,TB,1491.8391,1424.2143,7,14,0,1,109.82479999999983,0.38095238095238093,1.0
2019,8,REG,SF,CAR,1555.5796,1529.2379,7,14,0,1,68.54169999999995,0.38095238095238093,1.0
2019,8,REG,HOU,LV,1538.2034,1466.671,7,7,0,1,113.73240000000006,0.38095238095238093,1.0
2019,8,REG,NE,CLE,1689.5441,1443.2682,6,14,0,1,288.4759000000001,0.38095238095238093,1.0
2019,8,REG,KC,GB,1588.3285,1560.0162,10,7,0,0,70.51230000000005,0.38095238095238093,1.0
2019,8,REG,PIT,MIA,1511.4912,1374.5313,15,8,0,1,179.15989999999982,0.38095238095238093,1.0
2019,9,REG,ARI,SF,1422.2296,1571.6844,4,4,1,0,-107.2548000000002,0.42857142857142855,1.0
2019,9,REG,JAX,HOU,1469.9556,1551.8807,7,7,1,0,-39.72509999999993,0.42857142857142855,1.0
2019,9,REG,BUF,WAS,1516.1566,1397.7767,7,10,0,1,160.57990000000012,0.42857142857142855,1.0
2019,9,REG,CAR,TEN,1513.1331,1505.7196,7,7,0,1,49.613500000000116,0.42857142857142855,1.0
2019,9,REG,KC,MIN,1564.3243,1595.1225,7,10,0,1,11.401800000000051,0.42857142857142855,1.0
2019,9,REG,MIA,NYJ,1364.0182,1365.8564,6,7,1,1,40.36180000000009,0.42857142857142855,1.0
2019,9,REG,PHI,CHI,1550.4631,1504.239,7,7,0,1,88.42409999999991,0.42857142857142855,1.0
2019,9,REG,PIT,IND,1522.0043,1586.4165,6,7,0,1,-22.21219999999998,0.42857142857142855,1.0
2019,9,REG,LV,DET,1452.9937,1504.5514,7,7,0,1,-9.357700000000065,0.42857142857142855,1.0
2019,9,REG,SEA,TB,1586.7117,1410.3338,7,7,0,1,218.57789999999994,0.42857142857142855,1.0
2019,9,REG,DEN,CLE,1411.8598,1436.8809,7,7,0,1,17.178899999999842,0.42857142857142855,1.0
2019,9,REG,LAC,GB,1505.8844,1584.0204,7,7,0,1,-35.93600000000019,0.42857142857142855,1.0
2019,9,REG,BAL,NE,1574.783,1695.9314,14,7,0,1,-78.94840000000003,0.42857142857142855,1.0
2019,9,REG,NYG,DAL,1393.4591,1542.5779,8,15,1,0,-106.91879999999996,0.42857142857142855,1.0
2019,10,REG,LV,LAC,1473.5322,1527.9457,4,4,1,1,-12.213499999999883,0.47619047619047616,1.0
2019,10,REG,CHI,DET,1489.222,1484.0129,7,7,1,1,47.40910000000004,0.47619047619047616,1.0
2019,10,REG,CIN,BAL,1335.0477,1599.251,14,7,1,0,-222.0032999999999,0.47619047619047616,1.0
2019,10,REG,CLE,BUF,1417.869,1527.5193,7,7,0,1,-67.45030000000001,0.47619047619047616,1.0
2019,10,REG,NO,ATL,1671.1831,1408.7366,14,14,1,0,304.6465,0.47619047619047616,1.0
2019,10,REG,NYJ,NYG,1348.1694,1379.4266,7,6,0,1,10.942799999999991,0.47619047619047616,1.0
2019,10,REG,TB,ARI,1401.4827,1408.2148,7,10,0,1,35.46790000000006,0.47619047619047616,1.0
2019,10,REG,TEN,KC,1488.5563,1583.6682,7,7,0,1,-52.9119000000001,0.47619047619047616,1.0
2019,10,REG,IND,MIA,1565.1396,1381.7052,7,7,0,0,225.63439999999986,0.47619047619047616,1.0
2019,10,REG,GB,CAR,1561.9591,1530.2964,7,7,0,1,73.86270000000009,0.47619047619047616,1.0
2019,10,REG,PIT,LA,1543.2812,1583.2608,7,14,0,1,2.2203999999998842,0.47619047619047616,1.0
2019,10,REG,DAL,MIN,1556.6104,1575.7786,6,7,0,0,23.031799999999933,0.47619047619047616,1.0
2019,10,REG,SF,SEA,1585.6992,1595.5628,11,8,1,0,32.3364000000001,0.47619047619047616,1.0
2019,11,REG,CLE,PIT,1441.7037,1563.1534,4,4,1,1,-79.24969999999989,0.5238095238095238,1.0
2019,11,REG,BAL,HOU,1607.9669,1569.6039,7,14,0,1,80.56299999999983,0.5238095238095238,1.0
2019,11,REG,CAR,ATL,1514.4854,1442.8333,7,7,1,0,113.85210000000002,0.5238095238095238,1.0
2019,11,REG,DET,DAL,1466.7252,1535.2865,7,7,0,0,-26.361299999999844,0.5238095238095238,1.0
2019,11,REG,IND,JAX,1533.7139,1452.2324,7,14,1,1,123.68149999999987,0.5238095238095238,1.0
2019,11,REG,MIA,BUF,1413.1309,1503.6846,7,7,1,0,-48.35369999999993,0.5238095238095238,1.0
2019,11,REG,MIN,DEN,1597.1025,1430.8717,7,14,0,1,208.43080000000003,0.5238095238095238,1.0
2019,11,REG,TB,NO,1419.4481,1637.0864,7,7,1,0,-175.43829999999986,0.5238095238095238,1.0
2019,11,REG,WAS,NYJ,1386.414,1367.5397,14,7,0,0,61.07429999999995,0.5238095238095238,1.0
2019,11,REG,SF,ARI,1563.8431,1390.2494,6,7,1,1,215.79370000000011,0.5238095238095238,1.0
2019,11,REG,LV,CIN,1494.235,1326.3318,10,7,0,1,210.10319999999996,0.5238095238095238,1.0
2019,11,REG,PHI,NE,1565.4801,1671.4634,14,14,0,0,-63.7833000000001,0.5238095238095238,1.0
2019,11,REG,LA,CHI,1563.3886,1506.5097,7,7,0,1,99.07889999999993,0.5238095238095238,1.0
2019,11,REG,LAC,KC,1507.2429,1560.6457,11,8,1,0,-11.202800000000067,0.5238095238095238,1.0
2019,12,REG,HOU,IND,1554.1601,1546.8805,4,4,1,1,49.479600000000076,0.5714285714285714,1.0
2019,12,REG,ATL,TB,1469.1622,1408.7682,7,7,1,0,102.59400000000001,0.5714285714285714,1.0
2019,12,REG,BUF,DEN,1520.919,1421.6114,7,7,0,1,141.50760000000008,0.5714285714285714,1.0
2019,12,REG,CHI,NYG,1492.0634,1360.0563,7,14,0,1,174.20710000000003,0.5714285714285714,1.0
2019,12,REG,CIN,PIT,1317.1399,1538.6689,7,10,1,0,-179.329,0.5714285714285714,1.0
2019,12,REG,CLE,MIA,1466.1882,1395.8965,10,7,0,1,112.4917,0.5714285714285714,1.0
2019,12,REG,NO,CAR,1647.7663,1488.1565,7,7,1,1,201.80979999999994,0.5714285714285714,1.0
2019,12,REG,NYJ,LV,1391.0196,1503.4269,7,7,0,1,-70.20729999999985,0.5714285714285714,1.0
2019,12,REG,PHI,SEA,1549.1111,1617.4189,7,13,0,0,-26.107799999999813,0.5714285714285714,1.0
2019,12,REG,WAS,DET,1362.9341,1448.2398,7,7,0,1,-43.10570000000011,0.5714285714285714,1.0
2019,12,REG,TEN,JAX,1511.5788,1439.0658,14,7,1,1,114.71299999999992,0.5714285714285714,1.0
2019,12,REG,NE,DAL,1687.8324,1553.7719,7,7,0,1,176.26050000000004,0.5714285714285714,1.0
2019,12,REG,SF,GB,1572.8052,1577.7701,7,14,0,1,37.23510000000006,0.5714285714285714,1.0
2019,12,REG,LA,BAL,1577.8349,1623.4107,8,8,0,0,-3.375799999999842,0.5714285714285714,1.0
2019,13,REG,DET,CHI,1425.7711,1502.7989,4,4,1,0,-34.82780000000007,0.6190476190476191,1.0
2019,13,REG,DAL,BUF,1543.129,1533.1956,4,4,0,0,52.133399999999895,0.6190476190476191,1.0
2019,13,REG,ATL,NO,1443.4223,1657.3006,4,4,1,0,-171.6783000000001,0.6190476190476191,1.0
2019,13,REG,BAL,SF,1643.2164,1590.6699,6,7,0,1,94.74649999999993,0.6190476190476191,1.0
2019,13,REG,CAR,WAS,1478.6222,1385.4028,7,7,0,0,135.41939999999994,0.6190476190476191,1.0
2019,13,REG,CIN,NYJ,1306.6344,1415.0069,7,7,0,1,-66.17250000000017,0.6190476190476191,1.0
2019,13,REG,IND,TEN,1529.7097,1525.2053,10,7,1,0,46.704400000000035,0.6190476190476191,1.0
2019,13,REG,JAX,TB,1425.4393,1434.5081,7,7,0,0,33.13119999999999,0.6190476190476191,1.0
2019,13,REG,MIA,PHI,1382.1549,1530.6112,7,7,0,1,-106.25630000000005,0.6190476190476191,1.0
2019,13,REG,NYG,GB,1349.3208,1559.9054,7,7,0,0,-168.38460000000015,0.6190476190476191,1.0
2019,13,REG,PIT,CLE,1549.1744,1479.9298,7,7,1,1,111.44460000000022,0.6190476190476191,1.0
2019,13,REG,ARI,LA,1381.2873,1558.0292,14,6,1,0,-134.5419,0.6190476190476191,1.0
2019,13,REG,DEN,LAC,1409.3348,1487.8876,7,13,1,1,-36.35279999999993,0.6190476190476191,1.0
2019,13,REG,KC,LV,1580.001,1479.4396,13,7,1,1,142.76140000000004,0.6190476190476191,1.0
2019,13,REG,HOU,NE,1571.3309,1698.4753,10,7,0,1,-84.94440000000013,0.6190476190476191,1.0
2019,13,REG,SEA,MIN,1635.9188,1606.3628,8,15,0,1,71.75599999999982,0.6190476190476191,1.0
2019,14,REG,CHI,DAL,1520.8007,1520.1503,7,7,0,1,42.85039999999999,0.6666666666666666,1.0
2019,14,REG,ATL,CAR,1432.5721,1451.199,10,7,1,1,23.573100000000025,0.6666666666666666,1.0
2019,14,REG,BUF,BAL,1556.1743,1657.8936,10,7,0,0,-59.5193000000002,0.6666666666666666,1.0
2019,14,REG,CLE,CIN,1466.1337,1330.3982,7,7,1,1,177.9355,0.6666666666666666,1.0
2019,14,REG,GB,WAS,1570.9062,1412.826,7,7,0,1,200.28019999999987,0.6666666666666666,1.0
2019,14,REG,HOU,DEN,1596.1255,1431.4198,7,7,0,0,206.9057000000002,0.6666666666666666,1.0
2019,14,REG,MIN,DET,1590.4357,1407.7693,6,10,1,1,224.86640000000006,0.6666666666666666,1.0
2019,14,REG,NO,SF,1668.1508,1575.9927,10,7,0,0,134.35809999999987,0.6666666666666666,1.0
2019,14,REG,NYJ,MIA,1391.2431,1408.0877,7,7,1,1,25.355399999999875,0.6666666666666666,1.0
2019,14,REG,TB,IND,1456.4095,1507.0373,7,7,0,1,-8.427799999999976,0.6666666666666666,1.0
2019,14,REG,JAX,LAC,1403.5379,1465.8026,7,7,0,0,-20.064699999999945,0.6666666666666666,1.0
2019,14,REG,ARI,PIT,1368.6669,1562.9705,7,7,0,0,-152.10359999999997,0.6666666666666666,1.0
2019,14,REG,NE,KC,1673.6807,1592.2163,7,7,0,0,123.66439999999984,0.6666666666666666,1.0
2019,14,REG,LV,TEN,1467.2243,1547.8777,7,7,0,0,-38.45339999999992,0.6666666666666666,1.0
2019,14,REG,LA,SEA,1570.6496,1651.8459,7,6,1,1,-38.99630000000006,0.6666666666666666,1.0
2019,14,REG,PHI,NYG,1504.6784,1338.32,8,8,1,1,208.55840000000006,0.6666666666666666,1.0
2019,15,REG,BAL,NYJ,1674.5005,1409.7861,4,4,0,1,306.91440000000006,0.7142857142857143,1.0
2019,15,REG,CAR,SEA,1432.5539,1629.6105,7,7,0,0,-154.8565999999999,0.7142857142857143,1.0
2019,15,REG,CIN,NE,1319.8304,1646.8481,7,7,0,0,-284.8176999999999,0.7142857142857143,1.0
2019,15,REG,DET,TB,1399.1652,1476.8945,7,7,0,0,-35.52930000000019,0.7142857142857143,1.0
2019,15,REG,GB,CHI,1580.5046,1538.3465,7,10,1,1,84.35809999999988,0.7142857142857143,1.0
2019,15,REG,KC,DEN,1619.0489,1462.0969,7,7,1,1,199.152,0.7142857142857143,1.0
2019,15,REG,NYG,MIA,1329.065,1389.5447,6,7,0,1,-18.279699999999863,0.7142857142857143,1.0
2019,15,REG,TEN,HOU,1565.6731,1565.4484,7,7,1,0,42.42469999999999,0.7142857142857143,1.0
2019,15,REG,WAS,PHI,1403.2276,1513.9334,7,6,1,0,-68.50579999999995,0.7142857142857143,1.0
2019,15,REG,ARI,CLE,1356.9031,1476.7015,7,7,0,1,-77.5983999999999,0.7142857142857143,1.0
2019,15,REG,LAC,MIN,1484.6489,1599.0398,7,7,0,0,-72.1909000000001,0.7142857142857143,1.0
2019,15,REG,LV,JAX,1449.4289,1384.6916,7,7,0,0,106.93730000000001,0.7142857142857143,1.0
2019,15,REG,DAL,LA,1502.6045,1592.885,10,7,0,1,-48.08050000000007,0.7142857142857143,1.0
2019,15,REG,SF,ATL,1603.3632,1451.2172,7,7,0,0,194.34599999999995,0.7142857142857143,1.0
2019,15,REG,PIT,BUF,1574.7343,1539.5674,7,7,0,0,77.36690000000017,0.7142857142857143,1.0
2019,15,REG,NO,IND,1640.7803,1486.5523,8,8,0,1,196.42799999999983,0.7142857142857143,1.0
2019,16,REG,TB,HOU,1494.8564,1587.8785,7,7,0,0,-50.822100000000134,0.7619047619047619,1.0
2019,16,REG,NE,BUF,1653.3492,1563.9488,7,7,1,1,131.6004000000002,0.7619047619047619,1.0
2019,16,REG,SF,LA,1573.213,1570.1348,7,7,1,1,45.27819999999993,0.7619047619047619,1.0
2019,16,REG,ATL,JAX,1481.3674,1410.6601,7,7,0,1,112.90730000000003,0.7619047619047619,1.0
2019,16,REG,CLE,BAL,1452.3074,1680.3384,7,10,1,0,-185.8310000000002,0.7619047619047619,1.0
2019,16,REG,IND,CAR,1476.7912,1420.9213,6,7,0,1,98.06989999999992,0.7619047619047619,1.0
2019,16,REG,MIA,CIN,1368.4934,1313.3293,7,7,0,1,97.36409999999997,0.7619047619047619,1.0
2019,16,REG,NYJ,PIT,1403.9482,1550.3529,10,7,0,1,-104.20470000000005,0.7619047619047619,1.0
2019,16,REG,TEN,NO,1543.243,1650.5414,7,6,0,0,-65.09840000000013,0.7619047619047619,1.0
2019,16,REG,WAS,NYG,1387.1208,1350.1163,7,7,1,0,79.20450000000001,0.7619047619047619,1.0
2019,16,REG,DEN,DET,1452.4511,1381.2033,7,7,0,1,113.4478000000001,0.7619047619047619,1.0
2019,16,REG,LAC,LV,1468.7458,1423.4604,7,7,1,0,87.48539999999998,0.7619047619047619,1.0
2019,16,REG,PHI,DAL,1530.0402,1525.3547,7,7,1,1,46.88549999999982,0.7619047619047619,1.0
2019,16,REG,SEA,ARI,1641.2431,1381.2972,7,7,1,0,302.1458999999999,0.7619047619047619,1.0
2019,16,REG,CHI,KC,1523.1093,1628.6947,7,7,0,0,-63.38539999999993,0.7619047619047619,1.0
2019,16,REG,MIN,GB,1614.9429,1595.7418,8,8,1,0,61.4011,0.7619047619047619,1.0
2019,17,REG,BUF,NYJ,1551.1817,1429.7731,7,7,1,0,163.60859999999997,0.8095238095238095,1.0
2019,17,REG,CAR,NO,1406.4214,1666.8373,7,7,1,0,-218.21589999999998,0.8095238095238095,1.0
2019,17,REG,CIN,CLE,1298.7918,1442.0892,7,7,1,1,-101.09739999999992,0.8095238095238095,1.0
2019,17,REG,DET,GB,1367.5113,1619.24,7,6,1,0,-209.52870000000013,0.8095238095238095,1.0
2019,17,REG,KC,LAC,1645.0859,1443.8135,7,7,1,1,243.47240000000005,0.8095238095238095,1.0
2019,17,REG,MIN,CHI,1591.4447,1506.7181,6,7,1,0,126.92659999999997,0.8095238095238095,1.0
2019,17,REG,NE,MIA,1666.1163,1383.0309,7,7,1,0,325.2853999999999,0.8095238095238095,1.0
2019,17,REG,TB,ATL,1477.7613,1495.0875,7,7,1,0,24.873799999999804,0.8095238095238095,1.0
2019,17,REG,BAL,PIT,1690.5566,1524.528,7,7,1,1,208.22859999999986,0.8095238095238095,1.0
2019,17,REG,DAL,WAS,1508.0374,1362.6388,7,7,1,1,187.59859999999998,0.8095238095238095,1.0
2019,17,REG,DEN,LV,1466.1431,1448.3927,7,7,1,1,59.9503999999999,0.8095238095238095,1.0
2019,17,REG,HOU,TEN,1604.9736,1526.9471,7,7,1,0,120.22649999999994,0.8095238095238095,1.0
2019,17,REG,JAX,IND,1396.94,1491.2911,7,7,1,1,-52.15109999999986,0.8095238095238095,1.0
2019,17,REG,LA,ARI,1552.7266,1415.3211,7,7,1,1,179.60550000000006,0.8095238095238095,1.0
2019,17,REG,NYG,PHI,1374.5983,1547.3575,7,7,1,0,-130.55919999999998,0.8095238095238095,1.0
2019,17,REG,SEA,SF,1607.2192,1590.6212,7,7,1,0,58.79799999999996,0.8095238095238095,1.0
2020,1,REG,KC,HOU,1627.1424,1548.282,7,7,0,1,121.06040000000003,0.047619047619047616,0.3
2020,1,REG,ATL,SEA,1511.1501,1554.8495,7,7,0,0,-1.4993999999999659,0.047619047619047616,0.3
2020,1,REG,BAL,CLE,1600.6564,1451.097,7,7,1,1,191.75940000000008,0.047619047619047616,0.3
2020,1,REG,BUF,NYJ,1504.2435,1476.371,7,7,1,1,70.07249999999995,0.047619047619047616,0.3
2020,1,REG,CAR,LV,1439.7735,1460.3259,7,7,0,0,21.64759999999997,0.047619047619047616,0.3
2020,1,REG,DET,CHI,1416.2175,1521.4696,7,7,1,0,-63.052099999999925,0.047619047619047616,0.3
2020,1,REG,JAX,IND,1453.1918,1482.2268,7,7,1,1,13.165000000000148,0.047619047619047616,0.3
2020,1,REG,MIN,GB,1548.257,1576.9469,7,7,1,0,13.51010000000015,0.047619047619047616,0.3
2020,1,REG,NE,MIA,1560.9215,1451.8605,7,7,1,1,151.2609999999999,0.047619047619047616,0.3
2020,1,REG,WAS,PHI,1412.7387,1522.1796,7,7,1,1,-67.24089999999983,0.047619047619047616,0.3
2020,1,REG,CIN,LAC,1395.9116,1462.7864,7,7,0,0,-24.674800000000047,0.047619047619047616,0.3
2020,1,REG,NO,TB,1586.2851,1475.0391,7,7,1,1,153.44600000000008,0.047619047619047616,0.3
2020,1,REG,SF,ARI,1581.8155,1444.1367,7,7,1,0,179.8787999999999,0.047619047619047616,0.3
2020,1,REG,LA,DAL,1539.1719,1512.147,7,7,0,1,69.22490000000012,0.047619047619047616,0.3
2020,1,REG,NYG,PIT,1418.3074,1510.3957,7,7,0,0,-49.888300000000115,0.047619047619047616,0.3
2020,1,REG,DEN,TEN,1490.8755,1562.4244,7,7,0,0,-29.3489,0.047619047619047616,0.3
2020,2,REG,CLE,CIN,1441.1363,1377.3296,4,4,1,1,106.00669999999987,0.09523809523809523,0.3
2020,2,REG,CHI,NYG,1537.8794,1401.1596,7,6,0,1,178.91980000000007,0.09523809523809523,0.3
2020,2,REG,DAL,ATL,1496.08,1491.2364,7,7,0,1,47.04359999999993,0.09523809523809523,0.3
2020,2,REG,GB,DET,1597.7242,1399.8077,7,7,1,1,240.11650000000003,0.09523809523809523,0.3
2020,2,REG,IND,MIN,1462.9843,1527.4797,7,7,0,1,-22.295400000000015,0.09523809523809523,0.3
2020,2,REG,MIA,BUF,1440.0564,1520.2636,7,7,1,0,-38.007200000000054,0.09523809523809523,0.3
2020,2,REG,NYJ,SF,1460.3509,1552.2965,7,7,0,0,-49.74560000000001,0.09523809523809523,0.3
2020,2,REG,PHI,LA,1498.3565,1555.2389,7,7,0,0,-14.682399999999959,0.09523809523809523,0.3
2020,2,REG,PIT,DEN,1527.5435,1472.561,6,6,0,1,97.18250000000008,0.09523809523809523,0.3
2020,2,REG,TB,CAR,1463.3394,1418.529,7,7,1,1,87.01040000000008,0.09523809523809523,0.3
2020,2,REG,TEN,JAX,1580.7389,1472.4343,6,7,1,1,150.50460000000015,0.09523809523809523,0.3
2020,2,REG,ARI,WAS,1473.6557,1436.5618,7,7,0,1,79.29390000000008,0.09523809523809523,0.3
2020,2,REG,HOU,BAL,1534.9818,1610.6171,10,7,0,0,-33.43529999999991,0.09523809523809523,0.3
2020,2,REG,LAC,KC,1481.3684,1640.4426,7,10,1,0,-116.87420000000002,0.09523809523809523,0.3
2020,2,REG,SEA,NE,1574.7632,1572.7256,7,7,0,1,44.237600000000114,0.09523809523809523,0.3
2020,2,REG,LV,NO,1481.5704,1597.9848,8,8,0,1,-74.21439999999988,0.09523809523809523,0.3
2020,3,REG,JAX,MIA,1460.5939,1422.2356,4,4,0,0,80.5583000000001,0.14285714285714285,0.3
2020,3,REG,ATL,CHI,1473.928,1548.4032,7,7,0,0,-32.275199999999856,0.14285714285714285,0.3
2020,3,REG,BUF,LA,1538.0844,1574.3942,7,7,0,1,5.890200000000007,0.14285714285714285,0.3
2020,3,REG,CLE,WAS,1455.2166,1421.0487,10,7,0,1,76.36789999999992,0.14285714285714285,0.3
2020,3,REG,MIN,TEN,1506.198,1592.5793,7,7,0,0,-44.18130000000001,0.14285714285714285,0.3
2020,3,REG,NE,LV,1555.2584,1505.7787,7,6,0,1,91.67969999999987,0.14285714285714285,0.3
2020,3,REG,NYG,SF,1390.6358,1569.4523,7,7,0,0,-136.61649999999992,0.14285714285714285,0.3
2020,3,REG,PHI,CIN,1479.2012,1363.2493,7,10,0,0,158.1519,0.14285714285714285,0.3
2020,3,REG,PIT,HOU,1542.0907,1516.9006,7,7,0,1,67.39010000000003,0.14285714285714285,0.3
2020,3,REG,IND,NYJ,1484.266,1443.1951,7,7,0,1,83.27090000000017,0.14285714285714285,0.3
2020,3,REG,LAC,CAR,1467.8534,1403.4356,7,7,0,0,106.61779999999995,0.14285714285714285,0.3
2020,3,REG,ARI,DET,1489.1688,1391.7816,7,7,0,0,139.58719999999988,0.14285714285714285,0.3
2020,3,REG,DEN,TB,1458.0138,1478.4328,7,7,0,0,21.780999999999906,0.14285714285714285,0.3
2020,3,REG,SEA,DAL,1592.2304,1513.3884,7,7,0,1,121.04199999999987,0.14285714285714285,0.3
2020,3,REG,NO,GB,1573.7765,1605.7503,6,7,0,0,10.22620000000002,0.14285714285714285,0.3
2020,3,REG,BAL,KC,1628.6983,1653.9576,8,8,0,0,16.940700000000064,0.14285714285714285,0.3
2020,4,REG,NYJ,DEN,1427.8988,1436.7616,4,4,0,0,33.337199999999896,0.19047619047619047,0.3
2020,4,REG,CAR,ARI,1429.3874,1461.5396,7,7,0,1,10.04780000000001,0.19047619047619047,0.3
2020,4,REG,CIN,JAX,1391.7725,1436.0379,7,10,0,1,-2.065399999999997,0.19047619047619047,0.3
2020,4,REG,DAL,CLE,1500.0873,1470.89,7,7,0,0,71.39729999999982,0.19047619047619047,0.3
2020,4,REG,DET,NO,1419.4108,1553.188,7,7,0,0,-91.57719999999999,0.19047619047619047,0.3
2020,4,REG,HOU,MIN,1500.732,1488.7277,7,7,0,0,54.20430000000006,0.19047619047619047,0.3
2020,4,REG,MIA,SEA,1446.7916,1605.5315,10,7,0,0,-116.53990000000003,0.19047619047619047,0.3
2020,4,REG,TB,LAC,1499.685,1441.9016,7,7,0,1,99.98340000000003,0.19047619047619047,0.3
2020,4,REG,WAS,BAL,1405.3753,1607.7239,7,6,0,0,-160.14860000000004,0.19047619047619047,0.3
2020,4,REG,LA,NYG,1554.7332,1378.1184,7,7,0,1,218.81479999999982,0.19047619047619047,0.3
2020,4,REG,CHI,IND,1566.5506,1499.5623,7,7,0,0,109.18829999999998,0.19047619047619047,0.3
2020,4,REG,LV,BUF,1490.937,1557.7454,7,7,0,0,-24.608400000000117,0.19047619047619047,0.3
2020,4,REG,SF,PHI,1581.9697,1450.678,7,7,0,0,173.49169999999998,0.19047619047619047,0.3
2020,4,REG,KC,NE,1674.932,1570.1001,7,8,0,1,147.0318999999999,0.19047619047619047,0.3
2020,4,REG,GB,ATL,1626.3388,1455.7806,8,8,0,1,212.75819999999993,0.19047619047619047,0.3
2020,5,REG,CHI,TB,1540.4643,1514.0833,4,4,0,1,68.58100000000009,0.23809523809523808,0.3
2020,5,REG,ATL,CAR,1446.6964,1448.8092,6,7,1,0,40.087200000000124,0.23809523809523808,0.3
2020,5,REG,BAL,CIN,1619.1068,1411.8914,7,7,1,1,249.41540000000003,0.23809523809523808,0.3
2020,5,REG,HOU,JAX,1477.6368,1415.919,7,7,1,1,103.9177999999999,0.23809523809523808,0.3
2020,5,REG,KC,LV,1686.9397,1472.3512,6,7,1,0,256.78849999999983,0.23809523809523808,0.3
2020,5,REG,NYJ,ARI,1405.9856,1442.1178,10,7,0,0,6.067799999999991,0.23809523809523808,0.3
2020,5,REG,PIT,PHI,1558.2593,1479.9101,14,7,0,1,120.54919999999989,0.23809523809523808,0.3
2020,5,REG,WAS,LA,1393.9924,1563.5749,7,7,0,0,-127.38249999999998,0.23809523809523808,0.3
2020,5,REG,SF,MIA,1552.7376,1433.2594,7,7,0,0,161.6782,0.23809523809523808,0.3
2020,5,REG,CLE,IND,1494.9431,1525.6486,7,7,0,1,11.494499999999974,0.23809523809523808,0.3
2020,5,REG,DAL,NYG,1476.0342,1369.2767,7,7,1,1,148.95750000000015,0.23809523809523808,0.3
2020,5,REG,SEA,MIN,1619.0637,1511.8229,7,7,0,1,149.44080000000002,0.23809523809523808,0.3
2020,5,REG,NO,LAC,1568.0352,1427.5033,8,8,0,1,182.73189999999994,0.23809523809523808,0.3
2020,5,REG,TEN,BUF,1610.0496,1576.3312,16,9,0,1,75.91839999999998,0.23809523809523808,0.3
2020,6,REG,CAR,CHI,1471.1066,1556.5669,7,10,0,0,-43.26029999999996,0.2857142857142857,0.3
2020,6,REG,IND,CIN,1506.31,1404.2032,7,7,0,1,144.3068,0.2857142857142857,0.3
2020,6,REG,JAX,DET,1401.7288,1404.5636,7,14,0,0,39.365200000000144,0.2857142857142857,0.3
2020,6,REG,MIN,ATL,1499.9314,1424.399,7,7,0,0,117.73240000000006,0.2857142857142857,0.3
2020,6,REG,NE,DEN,1558.0924,1458.6748,13,17,0,0,141.61759999999998,0.2857142857142857,0.3
2020,6,REG,NYG,WAS,1357.362,1381.0133,7,7,1,1,18.54870000000001,0.2857142857142857,0.3
2020,6,REG,PHI,BAL,1466.5838,1626.795,7,7,0,0,-118.01119999999996,0.2857142857142857,0.3
2020,6,REG,PIT,CLE,1571.5856,1514.2817,7,7,1,1,99.50390000000012,0.2857142857142857,0.3
2020,6,REG,TEN,HOU,1625.7476,1491.827,5,7,1,1,176.1205999999999,0.2857142857142857,0.3
2020,6,REG,MIA,NYJ,1461.948,1385.6363,7,7,1,1,118.5117000000002,0.2857142857142857,0.3
2020,6,REG,TB,GB,1497.9807,1635.423,10,13,0,1,-95.24229999999993,0.2857142857142857,0.3
2020,6,REG,SF,LA,1524.049,1576.554,7,7,1,1,-10.305000000000106,0.2857142857142857,0.3
2020,6,REG,BUF,KC,1560.6332,1654.3677,6,8,0,0,-51.53450000000002,0.2857142857142857,0.3
2020,6,REG,DAL,ARI,1487.9489,1462.4671,8,8,0,0,67.68180000000002,0.2857142857142857,0.3
2020,7,REG,PHI,NYG,1453.1273,1376.2953,4,4,1,1,119.03200000000011,0.3333333333333333,0.3
2020,7,REG,ATL,DET,1450.9282,1426.82,7,7,0,0,66.30820000000013,0.3333333333333333,0.3
2020,7,REG,CIN,CLE,1392.0633,1499.858,7,7,1,0,-65.59469999999992,0.3333333333333333,0.3
2020,7,REG,HOU,GB,1481.1778,1610.0737,7,7,0,0,-86.69589999999998,0.3333333333333333,0.3
2020,7,REG,NO,CAR,1578.3897,1453.5841,13,7,1,1,167.0055999999999,0.3333333333333333,0.3
2020,7,REG,NYJ,BUF,1372.2056,1543.5782,7,6,1,0,-129.17259999999993,0.3333333333333333,0.3
2020,7,REG,TEN,PIT,1636.3968,1586.0093,7,7,0,0,92.58750000000005,0.3333333333333333,0.3
2020,7,REG,WAS,DAL,1362.08,1464.1014,7,6,1,1,-59.82140000000008,0.3333333333333333,0.3
2020,7,REG,LV,TB,1504.9232,1523.33,14,7,0,0,23.793200000000027,0.3333333333333333,0.3
2020,7,REG,DEN,KC,1486.4036,1671.4227,7,6,1,0,-142.8191,0.3333333333333333,0.3
2020,7,REG,LAC,JAX,1417.1488,1379.4724,13,7,0,1,79.87639999999983,0.3333333333333333,0.3
2020,7,REG,NE,SF,1530.3636,1544.642,7,7,0,0,27.921599999999856,0.3333333333333333,0.3
2020,7,REG,ARI,SEA,1486.3146,1630.9552,6,14,1,1,-102.44060000000017,0.3333333333333333,0.3
2020,7,REG,LA,CHI,1555.961,1574.0894,8,8,0,1,24.071599999999947,0.3333333333333333,0.3
2020,8,REG,CAR,ATL,1442.5199,1427.1569,4,4,1,0,57.56300000000006,0.38095238095238093,0.3
2020,8,REG,BAL,PIT,1640.2515,1611.2164,14,7,1,0,71.23510000000006,0.38095238095238093,0.3
2020,8,REG,BUF,NE,1556.4671,1508.7598,7,7,1,1,89.90730000000003,0.38095238095238093,0.3
2020,8,REG,CIN,TEN,1375.795,1611.1897,7,7,0,1,-193.19469999999984,0.38095238095238093,0.3
2020,8,REG,CLE,LV,1516.1263,1483.5557,7,7,0,0,74.77060000000002,0.38095238095238093,0.3
2020,8,REG,DET,IND,1450.5913,1518.4499,7,14,0,0,-25.65860000000002,0.38095238095238093,0.3
2020,8,REG,GB,MIN,1625.1841,1473.4022,7,14,1,0,193.98189999999994,0.38095238095238093,0.3
2020,8,REG,KC,NYJ,1683.6351,1359.3167,7,7,0,1,366.5183999999999,0.38095238095238093,0.3
2020,8,REG,MIA,LA,1475.3787,1574.5775,14,6,0,1,-56.99880000000012,0.38095238095238093,0.3
2020,8,REG,DEN,LAC,1474.1912,1432.6301,7,7,1,1,83.7610999999999,0.38095238095238093,0.3
2020,8,REG,CHI,NO,1555.4729,1589.4539,6,7,0,0,8.219000000000008,0.38095238095238093,0.3
2020,8,REG,SEA,SF,1605.2234,1566.2458,7,7,1,1,81.17760000000017,0.38095238095238093,0.3
2020,8,REG,PHI,DAL,1466.5313,1440.6914,10,7,1,1,68.03990000000017,0.38095238095238093,0.3
2020,8,REG,NYG,TB,1362.8913,1544.6975,11,8,0,0,-139.6062,0.38095238095238093,0.3
2020,9,REG,SF,GB,1550.8355,1595.0494,4,4,0,0,-2.0139000000001914,0.42857142857142855,0.3
2020,9,REG,ATL,DEN,1450.4405,1489.4608,10,7,0,1,3.179699999999869,0.42857142857142855,0.3
2020,9,REG,BUF,SEA,1571.4041,1620.6337,7,7,0,1,-7.029600000000116,0.42857142857142855,0.3
2020,9,REG,IND,BAL,1536.9756,1616.2074,7,7,0,0,-37.03180000000002,0.42857142857142855,0.3
2020,9,REG,JAX,HOU,1363.9911,1466.0674,14,14,1,0,-59.876299999999944,0.42857142857142855,0.3
2020,9,REG,KC,CAR,1687.9608,1419.2363,7,10,0,1,310.9245,0.42857142857142855,0.3
2020,9,REG,MIN,DET,1503.5369,1432.0656,7,7,1,1,113.67130000000016,0.42857142857142855,0.3
2020,9,REG,TEN,CHI,1581.0887,1534.9999,7,7,0,1,88.2888,0.42857142857142855,0.3
2020,9,REG,WAS,NYG,1385.49,1350.5214,14,6,1,0,77.16859999999993,0.42857142857142855,0.3
2020,9,REG,LAC,LV,1417.3605,1507.7946,7,7,1,0,-48.23409999999994,0.42857142857142855,0.3
2020,9,REG,ARI,MIA,1512.0464,1498.6307,14,7,0,0,55.61570000000002,0.42857142857142855,0.3
2020,9,REG,DAL,PIT,1424.5588,1635.2605,7,7,0,0,-168.50170000000008,0.42857142857142855,0.3
2020,9,REG,TB,NO,1557.0674,1609.9269,6,7,1,0,-10.659500000000023,0.42857142857142855,0.3
2020,9,REG,NYJ,NE,1354.991,1493.8228,8,8,1,0,-96.63179999999993,0.42857142857142855,0.3
2020,10,REG,TEN,IND,1596.113,1519.0993,4,4,1,0,119.21369999999997,0.47619047619047616,0.3
2020,10,REG,CAR,TB,1413.5125,1537.6808,7,7,1,0,-81.96830000000004,0.47619047619047616,0.3
2020,10,REG,CLE,HOU,1491.8874,1482.6544,14,7,0,1,51.43300000000018,0.47619047619047616,0.3
2020,10,REG,DET,WAS,1418.3852,1361.1195,7,7,0,1,99.46569999999993,0.47619047619047616,0.3
2020,10,REG,GB,JAX,1614.9335,1347.4041,10,7,0,1,309.7294000000001,0.47619047619047616,0.3
2020,10,REG,NYG,PHI,1374.8919,1482.6639,7,14,1,1,-65.57199999999993,0.47619047619047616,0.3
2020,10,REG,ARI,BUF,1488.872,1591.8087,7,7,0,1,-60.73669999999997,0.47619047619047616,0.3
2020,10,REG,LV,DEN,1525.0357,1469.6438,7,7,1,1,97.59189999999985,0.47619047619047616,0.3
2020,10,REG,MIA,LAC,1521.8051,1400.1194,7,7,0,1,163.88569999999999,0.47619047619047616,0.3
2020,10,REG,LA,SEA,1551.3255,1600.2291,14,7,1,1,-6.703600000000094,0.47619047619047616,0.3
2020,10,REG,NO,SF,1629.3135,1530.9514,7,10,0,1,140.56210000000004,0.47619047619047616,0.3
2020,10,REG,PIT,CIN,1646.2559,1405.896,7,14,1,1,282.55990000000014,0.47619047619047616,0.3
2020,10,REG,NE,BAL,1508.3994,1634.0837,6,7,0,1,-83.48429999999989,0.47619047619047616,0.3
2020,10,REG,CHI,MIN,1519.9756,1517.2173,8,8,1,0,44.958299999999966,0.47619047619047616,0.3
2020,11,REG,SEA,ARI,1579.8433,1512.3331,4,4,1,1,109.71019999999994,0.5238095238095238,0.3
2020,11,REG,BAL,TEN,1609.3684,1569.5077,7,10,0,0,82.06069999999995,0.5238095238095238,0.3
2020,11,REG,CAR,DET,1398.1453,1432.811,7,7,0,1,7.534299999999988,0.5238095238095238,0.3
2020,11,REG,CLE,PHI,1508.9481,1458.9335,7,7,0,1,92.21459999999998,0.5238095238095238,0.3
2020,11,REG,HOU,NE,1465.5937,1533.1147,7,7,0,1,-25.321000000000183,0.5238095238095238,0.3
2020,11,REG,JAX,PIT,1341.6465,1652.8281,7,7,0,0,-268.9815999999999,0.5238095238095238,0.3
2020,11,REG,NO,ATL,1641.6364,1470.2575,7,14,1,1,213.57890000000015,0.5238095238095238,0.3
2020,11,REG,WAS,CIN,1346.6937,1399.3238,7,7,0,1,-10.430099999999854,0.5238095238095238,0.3
2020,11,REG,DEN,MIA,1455.1184,1533.0136,7,7,0,1,-35.69519999999993,0.5238095238095238,0.3
2020,11,REG,LAC,NYJ,1388.9109,1340.4144,7,13,0,1,90.6965000000002,0.5238095238095238,0.3
2020,11,REG,IND,GB,1545.7046,1620.6911,10,7,0,1,-32.786499999999975,0.5238095238095238,0.3
2020,11,REG,MIN,DAL,1539.791,1413.5634,6,14,0,0,168.42759999999993,0.5238095238095238,0.3
2020,11,REG,LV,KC,1539.5611,1693.6846,7,14,1,0,-111.92350000000015,0.5238095238095238,0.3
2020,11,REG,TB,LA,1553.048,1571.7113,8,8,0,0,23.536700000000067,0.5238095238095238,0.3
2020,12,REG,DET,HOU,1413.2446,1487.0487,4,4,0,0,-31.60410000000006,0.5714285714285714,0.3
2020,12,REG,DAL,WAS,1442.5646,1367.2939,4,4,1,0,117.47070000000004,0.5714285714285714,0.3
2020,12,REG,ATL,LV,1461.2065,1525.7899,7,7,0,1,-22.38339999999998,0.5714285714285714,0.3
2020,12,REG,BUF,LAC,1568.3476,1403.8054,14,7,0,1,206.74220000000008,0.5714285714285714,0.3
2020,12,REG,CIN,NYG,1378.7236,1398.6223,7,14,0,0,22.30130000000004,0.5714285714285714,0.3
2020,12,REG,IND,TEN,1567.5864,1594.1456,7,7,1,0,15.640799999999857,0.5714285714285714,0.3
2020,12,REG,JAX,CLE,1334.6337,1523.761,7,7,0,0,-146.9272999999999,0.5714285714285714,0.3
2020,12,REG,MIN,CAR,1510.7898,1417.7117,7,7,0,1,135.27809999999994,0.5714285714285714,0.3
2020,12,REG,NE,ARI,1511.6597,1498.4467,7,10,0,1,55.41299999999997,0.5714285714285714,0.3
2020,12,REG,NYJ,MIA,1325.5199,1510.966,7,7,1,0,-143.2460999999999,0.5714285714285714,0.3
2020,12,REG,DEN,NO,1477.166,1650.6874,7,7,0,0,-131.3214000000001,0.5714285714285714,0.3
2020,12,REG,LA,SF,1593.0641,1518.6285,6,14,1,0,116.63560000000003,0.5714285714285714,0.3
2020,12,REG,TB,KC,1531.6952,1707.4558,6,7,0,0,-133.56059999999985,0.5714285714285714,0.3
2020,12,REG,GB,CHI,1598.8093,1497.4019,7,13,1,1,143.6073999999998,0.5714285714285714,0.3
2020,12,REG,PHI,SEA,1444.1206,1593.7297,8,11,0,0,-107.40910000000012,0.5714285714285714,0.3
2020,12,REG,PIT,BAL,1659.8409,1584.7305,10,10,1,1,117.31040000000003,0.5714285714285714,0.3
2020,13,REG,ATL,NO,1482.4932,1663.4685,7,7,1,0,-138.77530000000007,0.6190476190476191,0.3
2020,13,REG,CHI,DET,1485.2279,1395.0589,7,10,1,0,132.36900000000009,0.6190476190476191,0.3
2020,13,REG,HOU,IND,1505.2344,1546.6867,10,7,1,0,0.74770000000008,0.6190476190476191,0.3
2020,13,REG,MIA,CIN,1523.1576,1357.4416,7,7,0,1,207.91599999999988,0.6190476190476191,0.3
2020,13,REG,MIN,JAX,1523.3736,1322.621,7,7,0,1,242.9525999999998,0.6190476190476191,0.3
2020,13,REG,NYJ,LV,1313.3283,1504.5032,7,7,0,0,-148.97490000000022,0.6190476190476191,0.3
2020,13,REG,TEN,CLE,1615.0453,1535.7737,7,7,0,0,121.47160000000004,0.6190476190476191,0.3
2020,13,REG,ARI,LA,1481.6098,1566.5914,7,7,1,0,-42.78160000000007,0.6190476190476191,0.3
2020,13,REG,SEA,NYG,1607.7365,1419.9043,6,7,0,0,230.03220000000005,0.6190476190476191,0.3
2020,13,REG,GB,PHI,1610.9833,1430.1138,7,6,0,1,223.0695,0.6190476190476191,0.3
2020,13,REG,LAC,NE,1394.4758,1528.4966,7,7,0,0,-91.8208,0.6190476190476191,0.3
2020,13,REG,KC,DEN,1720.125,1464.3849,7,7,1,1,297.9401,0.6190476190476191,0.3
2020,13,REG,PIT,WAS,1673.3334,1393.8096,5,11,0,0,321.7237999999999,0.6190476190476191,0.3
2020,13,REG,SF,BUF,1545.1012,1577.6772,8,8,0,0,9.623999999999981,0.6190476190476191,0.3
2020,13,REG,BAL,DAL,1571.238,1416.0489,6,12,0,1,197.38910000000004,0.6190476190476191,0.3
2020,14,REG,LA,NE,1584.1411,1543.3307,4,4,0,1,83.01040000000008,0.6666666666666666,0.3
2020,14,REG,CAR,DEN,1405.1279,1458.2847,14,7,0,0,-10.956799999999973,0.6666666666666666,0.3
2020,14,REG,CHI,HOU,1457.9566,1485.1914,7,7,0,1,14.965200000000053,0.6666666666666666,0.3
2020,14,REG,CIN,DAL,1348.1602,1406.3286,7,5,0,0,-15.968400000000017,0.6666666666666666,0.3
2020,14,REG,JAX,TEN,1314.6991,1588.3245,7,7,1,0,-231.4253999999999,0.6666666666666666,0.3
2020,14,REG,MIA,KC,1532.439,1726.2252,7,7,0,0,-151.58620000000002,0.6666666666666666,0.3
2020,14,REG,NYG,ARI,1451.4993,1464.0601,7,7,0,0,29.63920000000003,0.6666666666666666,0.3
2020,14,REG,TB,MIN,1519.026,1531.2955,14,7,0,1,29.930500000000123,0.6666666666666666,0.3
2020,14,REG,LV,IND,1516.4171,1566.7297,7,7,0,0,-8.1126000000002,0.6666666666666666,0.3
2020,14,REG,SEA,NYJ,1576.1415,1301.4144,7,7,0,1,316.92710000000005,0.6666666666666666,0.3
2020,14,REG,DET,GB,1422.3302,1619.6575,7,7,1,0,-155.12729999999993,0.6666666666666666,0.3
2020,14,REG,LAC,ATL,1379.6417,1470.0824,7,7,0,1,-48.2407000000001,0.6666666666666666,0.3
2020,14,REG,PHI,NO,1421.4396,1675.8793,7,7,0,1,-212.23970000000014,0.6666666666666666,0.3
2020,14,REG,SF,WAS,1524.5473,1428.384,6,6,0,0,138.36329999999992,0.6666666666666666,0.3
2020,14,REG,BUF,PIT,1598.2311,1638.759,6,6,0,1,1.6720999999999577,0.6666666666666666,0.3
2020,14,REG,CLE,BAL,1562.4945,1580.9583,8,6,1,0,23.73620000000001,0.6666666666666666,0.3
2020,15,REG,LV,LAC,1496.884,1402.4009,4,4,1,0,136.6830999999999,0.7142857142857143,0.3
2020,15,REG,DEN,BUF,1477.6542,1618.1348,6,6,0,0,-98.28060000000009,0.7142857142857143,0.3
2020,15,REG,GB,CAR,1631.2773,1385.7584,6,6,0,1,287.7189,0.7142857142857143,0.3
2020,15,REG,ATL,TB,1447.3232,1537.3073,7,7,1,0,-47.784099999999896,0.7142857142857143,0.3
2020,15,REG,BAL,JAX,1602.3225,1306.3472,6,7,0,1,338.17530000000005,0.7142857142857143,0.3
2020,15,REG,DAL,SF,1425.41,1496.9784,7,7,0,1,-29.36839999999988,0.7142857142857143,0.3
2020,15,REG,IND,HOU,1586.2628,1466.0523,7,7,1,1,162.4104999999999,0.7142857142857143,0.3
2020,15,REG,MIA,NE,1520.6505,1528.0203,7,10,1,1,34.83020000000006,0.7142857142857143,0.3
2020,15,REG,MIN,CHI,1513.0142,1477.0957,7,7,1,0,78.1185,0.7142857142857143,0.3
2020,15,REG,TEN,DET,1596.6764,1410.7104,7,7,0,1,228.1660000000001,0.7142857142857143,0.3
2020,15,REG,WAS,SEA,1455.9529,1581.6979,7,7,0,0,-83.54499999999989,0.7142857142857143,0.3
2020,15,REG,ARI,PHI,1485.7621,1452.3345,7,7,0,1,75.62759999999999,0.7142857142857143,0.3
2020,15,REG,LA,NYJ,1599.4515,1295.858,10,7,0,0,345.79349999999994,0.7142857142857143,0.3
2020,15,REG,NO,KC,1644.9844,1738.0137,7,7,0,0,-50.82929999999992,0.7142857142857143,0.3
2020,15,REG,NYG,CLE,1429.7973,1541.1303,7,6,0,0,-69.13300000000008,0.7142857142857143,0.3
2020,15,REG,CIN,PIT,1329.0788,1618.8553,8,8,1,1,-247.57649999999995,0.7142857142857143,0.3
2020,16,REG,NO,MIN,1627.8897,1488.5916,5,5,0,1,181.49809999999997,0.7619047619047619,0.3
2020,16,REG,DET,TB,1402.2339,1554.5738,6,6,0,0,-110.13989999999994,0.7619047619047619,0.3
2020,16,REG,ARI,SF,1501.4761,1475.2918,6,6,1,0,68.38430000000012,0.7619047619047619,0.3
2020,16,REG,LV,MIA,1469.3982,1538.6522,9,6,0,0,-27.053999999999903,0.7619047619047619,0.3
2020,16,REG,BAL,NYG,1607.3191,1413.7252,7,7,0,1,235.79389999999984,0.7619047619047619,0.3
2020,16,REG,HOU,CIN,1454.7751,1361.3247,7,6,0,0,135.65040000000016,0.7619047619047619,0.3
2020,16,REG,JAX,CHI,1301.3506,1501.5183,7,7,0,0,-157.96769999999998,0.7619047619047619,0.3
2020,16,REG,KC,ATL,1755.1084,1430.0567,7,7,0,1,367.25169999999997,0.7619047619047619,0.3
2020,16,REG,NYJ,CLE,1331.05,1557.2024,7,7,0,1,-183.95239999999995,0.7619047619047619,0.3
2020,16,REG,PIT,IND,1586.6094,1597.54,6,7,0,1,31.26940000000009,0.7619047619047619,0.3
2020,16,REG,LAC,DEN,1429.8867,1463.1655,10,8,1,1,8.921199999999956,0.7619047619047619,0.3
2020,16,REG,WAS,CAR,1440.6715,1379.3477,7,8,0,0,103.5237999999999,0.7619047619047619,0.3
2020,16,REG,DAL,PHI,1447.0966,1436.6205,7,7,1,1,52.67610000000009,0.7619047619047619,0.3
2020,16,REG,SEA,LA,1596.9793,1564.2595,7,7,1,1,74.91980000000008,0.7619047619047619,0.3
2020,16,REG,GB,TEN,1637.688,1605.1529,8,7,0,1,74.73510000000006,0.7619047619047619,0.3
2020,16,REG,NE,BUF,1510.0186,1632.6235,8,9,1,0,-80.40489999999981,0.7619047619047619,0.3
2020,17,REG,BUF,MIA,1648.0759,1557.098,6,8,1,1,133.17790000000008,0.8095238095238095,0.3
2020,17,REG,CIN,BAL,1388.7594,1615.506,7,7,1,0,-184.54660000000018,0.8095238095238095,0.3
2020,17,REG,CLE,PIT,1527.5031,1604.8142,7,7,1,1,-35.11110000000012,0.8095238095238095,0.3
2020,17,REG,DET,MIN,1388.3699,1478.1825,8,9,1,0,-47.61259999999997,0.8095238095238095,0.3
2020,17,REG,NE,NYJ,1494.5662,1360.7493,6,7,1,1,176.01690000000002,0.8095238095238095,0.3
2020,17,REG,NYG,DAL,1405.5383,1464.0873,7,7,1,1,-16.348999999999975,0.8095238095238095,0.3
2020,17,REG,TB,ATL,1568.4378,1425.7472,8,7,1,1,184.8905999999999,0.8095238095238095,0.3
2020,17,REG,CAR,NO,1405.1367,1638.2988,7,9,1,0,-190.96210000000002,0.8095238095238095,0.3
2020,17,REG,CHI,GB,1513.0037,1653.451,7,7,1,0,-98.24730000000004,0.8095238095238095,0.3
2020,17,REG,DEN,LV,1443.6789,1450.9524,7,8,1,0,34.92650000000022,0.8095238095238095,0.3
2020,17,REG,HOU,TEN,1427.3404,1589.3899,7,7,1,0,-119.84949999999985,0.8095238095238095,0.3
2020,17,REG,IND,JAX,1579.3352,1289.8652,7,7,1,1,331.67,0.8095238095238095,0.3
2020,17,REG,KC,LAC,1759.4179,1449.3733,7,7,1,0,352.24459999999993,0.8095238095238095,0.3
2020,17,REG,LA,ARI,1548.5066,1477.5896,7,8,1,1,113.11699999999992,0.8095238095238095,0.3
2020,17,REG,SF,SEA,1499.1783,1612.7322,8,7,1,0,-71.35389999999988,0.8095238095238095,0.3
2020,17,REG,PHI,WAS,1419.6298,1414.8825,7,7,1,0,46.9473,0.8095238095238095,0.3
2021,1,REG,TB,DAL,1614.2577,1467.1281,7,7,0,1,189.3296000000002,0.045454545454545456,1.0
2021,1,REG,ATL,PHI,1450.5327,1439.4062,7,7,0,0,53.32650000000008,0.045454545454545456,1.0
2021,1,REG,BUF,PIT,1607.9326,1533.4398,7,7,0,0,116.69279999999999,0.045454545454545456,1.0
2021,1,REG,CAR,NYJ,1438.325,1411.2972,7,7,0,1,69.22780000000007,0.045454545454545456,1.0
2021,1,REG,CIN,MIN,1428.3309,1498.5152,7,7,0,1,-27.98430000000012,0.045454545454545456,1.0
2021,1,REG,DET,SF,1423.8962,1491.1774,7,7,0,0,-25.081200000000123,0.045454545454545456,1.0
2021,1,REG,HOU,JAX,1449.627,1372.0616,7,7,1,1,119.76539999999996,0.045454545454545456,1.0
2021,1,REG,IND,SEA,1542.2669,1559.6864,7,7,0,0,24.780500000000032,0.045454545454545456,1.0
2021,1,REG,TEN,ARI,1547.6974,1479.5682,7,7,0,0,110.32920000000009,0.045454545454545456,1.0
2021,1,REG,WAS,LAC,1453.3742,1492.0721,7,7,0,0,3.502099999999885,0.045454545454545456,1.0
2021,1,REG,KC,CLE,1635.7268,1541.1298,7,7,0,1,136.79699999999997,0.045454545454545456,1.0
2021,1,REG,NE,MIA,1504.3721,1527.8858,7,7,1,0,18.68630000000003,0.045454545454545456,1.0
2021,1,REG,NO,GB,1578.7044,1593.3404,7,7,0,1,27.564000000000036,0.045454545454545456,1.0
2021,1,REG,NYG,DEN,1457.1272,1454.2451,7,7,0,0,45.08209999999981,0.045454545454545456,1.0
2021,1,REG,LA,CHI,1547.5931,1493.1831,7,7,0,1,96.61000000000008,0.045454545454545456,1.0
2021,1,REG,LV,BAL,1485.0137,1580.2842,7,7,0,1,-53.07050000000008,0.045454545454545456,1.0
2021,2,REG,WAS,NYG,1433.1726,1434.5465,4,4,1,1,40.82610000000018,0.09090909090909091,1.0
2021,2,REG,CAR,NO,1454.3918,1597.121,7,7,1,1,-100.52919999999999,0.09090909090909091,1.0
2021,2,REG,CHI,CIN,1478.6054,1449.9383,7,7,0,1,70.8670999999999,0.09090909090909091,1.0
2021,2,REG,CLE,HOU,1528.6213,1462.9934,7,7,0,1,107.82789999999996,0.09090909090909091,1.0
2021,2,REG,IND,LA,1520.8428,1562.1708,7,7,0,0,0.8719999999998009,0.09090909090909091,1.0
2021,2,REG,JAX,DEN,1358.6952,1476.8258,7,7,0,0,-75.93059999999996,0.09090909090909091,1.0
2021,2,REG,MIA,BUF,1548.9604,1581.4569,7,7,1,0,9.703500000000034,0.09090909090909091,1.0
2021,2,REG,NYJ,NE,1395.2304,1483.2975,7,7,1,0,-45.86709999999998,0.09090909090909091,1.0
2021,2,REG,PHI,SF,1462.452,1509.7361,7,7,0,0,-5.084100000000078,0.09090909090909091,1.0
2021,2,REG,PIT,LV,1559.9155,1508.0451,7,6,0,0,94.07040000000002,0.09090909090909091,1.0
2021,2,REG,ARI,MIN,1505.7141,1476.9078,7,7,0,1,71.00629999999997,0.09090909090909091,1.0
2021,2,REG,TB,ATL,1624.3234,1427.4869,10,7,1,1,239.03649999999988,0.09090909090909091,1.0
2021,2,REG,LAC,DAL,1512.2737,1457.0624,7,10,0,0,97.41129999999994,0.09090909090909091,1.0
2021,2,REG,SEA,TEN,1581.1105,1521.5515,7,7,0,0,101.75899999999997,0.09090909090909091,1.0
2021,2,REG,BAL,KC,1557.2528,1648.2353,6,7,0,1,-48.78250000000007,0.09090909090909091,1.0
2021,2,REG,GB,DET,1574.9238,1405.3375,8,8,1,1,211.78629999999993,0.09090909090909091,1.0
2021,3,REG,HOU,CAR,1449.0086,1480.0225,4,4,0,0,11.186099999999854,0.13636363636363635,1.0
2021,3,REG,BUF,WAS,1602.0153,1450.8332,7,10,0,1,193.38209999999998,0.13636363636363635,1.0
2021,3,REG,CLE,CHI,1542.6061,1494.5816,7,7,0,1,90.22449999999999,0.13636363636363635,1.0
2021,3,REG,DET,BAL,1396.214,1580.0426,6,7,0,0,-141.62860000000006,0.13636363636363635,1.0
2021,3,REG,JAX,ARI,1342.9978,1521.6826,7,7,0,0,-136.4848,0.13636363636363635,1.0
2021,3,REG,KC,LAC,1625.4455,1486.8087,7,7,1,0,180.83679999999998,0.13636363636363635,1.0
2021,3,REG,NE,NO,1500.6724,1571.4903,7,7,0,0,-28.617900000000006,0.13636363636363635,1.0
2021,3,REG,NYG,ATL,1416.8859,1419.4208,10,7,0,0,39.665099999999896,0.13636363636363635,1.0
2021,3,REG,PIT,CIN,1534.6289,1433.9621,7,7,1,0,142.86679999999996,0.13636363636363635,1.0
2021,3,REG,TEN,IND,1547.2473,1500.7926,7,7,1,1,88.6547,0.13636363636363635,1.0
2021,3,REG,DEN,NYJ,1492.5232,1377.8555,7,7,0,1,156.86770000000018,0.13636363636363635,1.0
2021,3,REG,LV,MIA,1533.3317,1528.402,7,7,0,1,47.129699999999914,0.13636363636363635,1.0
2021,3,REG,LA,TB,1582.221,1632.3895,7,7,0,1,-7.968499999999992,0.13636363636363635,1.0
2021,3,REG,MIN,SEA,1460.9393,1555.4147,7,7,0,1,-52.27540000000003,0.13636363636363635,1.0
2021,3,REG,SF,GB,1529.4435,1584.0473,7,6,0,0,-12.403799999999862,0.13636363636363635,1.0
2021,3,REG,DAL,PHI,1482.5274,1442.7446,8,8,1,1,81.98279999999995,0.13636363636363635,1.0
2021,4,REG,CIN,JAX,1461.752,1330.4738,4,4,0,1,173.47819999999996,0.18181818181818182,1.0
2021,4,REG,ATL,WAS,1441.6942,1440.9422,7,7,0,0,42.951999999999956,0.18181818181818182,1.0
2021,4,REG,BUF,HOU,1611.9063,1428.3649,7,10,0,1,225.74140000000006,0.18181818181818182,1.0
2021,4,REG,CHI,DET,1479.6617,1383.9433,7,7,1,1,137.9184000000002,0.18181818181818182,1.0
2021,4,REG,DAL,CAR,1497.8938,1500.6662,6,10,0,1,39.42760000000017,0.18181818181818182,1.0
2021,4,REG,MIA,IND,1511.0985,1485.788,7,7,0,0,67.51050000000005,0.18181818181818182,1.0
2021,4,REG,MIN,CLE,1483.926,1557.526,7,7,0,0,-31.400000000000134,0.18181818181818182,1.0
2021,4,REG,NO,NYG,1589.8466,1394.6125,7,7,0,0,237.43410000000011,0.18181818181818182,1.0
2021,4,REG,NYJ,TEN,1366.3181,1562.2519,7,7,0,1,-153.73380000000003,0.18181818181818182,1.0
2021,4,REG,PHI,KC,1427.3782,1595.8839,6,7,0,0,-126.30569999999993,0.18181818181818182,1.0
2021,4,REG,LA,ARI,1602.6796,1534.2066,7,7,1,0,110.67299999999996,0.18181818181818182,1.0
2021,4,REG,SF,SEA,1510.1572,1532.428,7,7,1,0,19.929199999999994,0.18181818181818182,1.0
2021,4,REG,DEN,BAL,1504.0606,1592.3133,7,7,0,0,-46.0527,0.18181818181818182,1.0
2021,4,REG,GB,PIT,1603.3336,1506.839,7,7,0,1,138.69459999999998,0.18181818181818182,1.0
2021,4,REG,NE,TB,1482.3161,1611.9309,7,7,0,0,-87.41480000000006,0.18181818181818182,1.0
2021,4,REG,LAC,LV,1516.3703,1550.6352,8,8,1,1,7.935100000000105,0.18181818181818182,1.0
2021,5,REG,SEA,LA,1553.574,1576.5158,4,4,1,0,19.258200000000173,0.22727272727272727,1.0
2021,5,REG,ATL,NYJ,1419.2342,1394.6321,7,7,0,1,66.80210000000007,0.22727272727272727,1.0
2021,5,REG,CAR,PHI,1482.9261,1414.3447,7,7,0,0,110.7813999999998,0.22727272727272727,1.0
2021,5,REG,CIN,GB,1472.5205,1615.7484,10,7,0,0,-101.02789999999986,0.22727272727272727,1.0
2021,5,REG,HOU,NE,1419.7947,1467.2445,7,7,0,0,-5.249800000000093,0.22727272727272727,1.0
2021,5,REG,JAX,TEN,1319.7053,1533.9379,10,7,1,0,-172.03259999999983,0.22727272727272727,1.0
2021,5,REG,MIN,DET,1465.7286,1371.4902,7,7,1,1,136.43839999999994,0.22727272727272727,1.0
2021,5,REG,PIT,DEN,1494.4242,1486.6962,7,7,0,1,49.92799999999984,0.22727272727272727,1.0
2021,5,REG,TB,MIA,1627.0025,1487.2605,7,7,0,1,181.94199999999995,0.22727272727272727,1.0
2021,5,REG,WAS,NO,1463.4022,1557.9722,7,7,0,0,-52.36999999999993,0.22727272727272727,1.0
2021,5,REG,LAC,CLE,1535.9136,1575.7234,6,7,0,1,2.390200000000007,0.22727272727272727,1.0
2021,5,REG,LV,CHI,1531.0919,1492.1148,6,7,0,0,81.17709999999984,0.22727272727272727,1.0
2021,5,REG,ARI,SF,1560.3704,1489.0112,7,7,1,1,113.5592000000001,0.22727272727272727,1.0
2021,5,REG,DAL,NYG,1515.6339,1426.4869,7,7,1,1,131.34699999999992,0.22727272727272727,1.0
2021,5,REG,KC,BUF,1608.9174,1620.4765,7,7,0,0,30.64090000000006,0.22727272727272727,1.0
2021,5,REG,BAL,IND,1609.6777,1509.626,8,8,0,1,142.25169999999997,0.22727272727272727,1.0
2021,6,REG,PHI,TB,1440.5141,1637.3919,4,4,0,0,-154.6778,0.2727272727272727,1.0
2021,6,REG,JAX,MIA,1308.8712,1476.8711,7,7,0,1,-125.79990000000002,0.2727272727272727,1.0
2021,6,REG,BAL,LAC,1621.9179,1555.776,6,7,0,1,108.34189999999985,0.2727272727272727,1.0
2021,6,REG,CAR,MIN,1456.7567,1478.2549,7,7,0,0,20.701800000000006,0.2727272727272727,1.0
2021,6,REG,CHI,GB,1516.7045,1630.0913,7,7,1,0,-71.18679999999999,0.2727272727272727,1.0
2021,6,REG,DET,CIN,1358.9639,1458.1776,7,7,0,0,-57.013700000000014,0.2727272727272727,1.0
2021,6,REG,IND,HOU,1497.3858,1400.0969,6,7,1,1,139.4889,0.2727272727272727,1.0
2021,6,REG,NYG,LA,1413.7071,1597.6233,7,10,0,0,-141.7161999999999,0.2727272727272727,1.0
2021,6,REG,WAS,KC,1446.3942,1587.1581,7,7,0,0,-98.56390000000015,0.2727272727272727,1.0
2021,6,REG,CLE,ARI,1555.861,1574.0567,7,7,0,0,24.004300000000015,0.2727272727272727,1.0
2021,6,REG,DEN,LV,1469.5507,1506.5022,7,7,1,0,5.2485000000001065,0.2727272727272727,1.0
2021,6,REG,NE,DAL,1486.9423,1528.4137,7,7,0,0,0.7285999999998722,0.2727272727272727,1.0
2021,6,REG,PIT,SEA,1511.5697,1532.4665,7,10,0,1,21.303200000000018,0.2727272727272727,1.0
2021,6,REG,TEN,BUF,1544.772,1642.2358,8,8,0,1,-55.26379999999999,0.2727272727272727,1.0
2021,7,REG,CLE,DEN,1534.4814,1449.2486,4,4,0,1,127.4328,0.3181818181818182,1.0
2021,7,REG,BAL,CIN,1635.8758,1474.9248,7,7,1,0,203.151,0.3181818181818182,1.0
2021,7,REG,GB,WAS,1646.0499,1431.9205,7,7,0,1,256.3294,0.3181818181818182,1.0
2021,7,REG,MIA,ATL,1449.9302,1435.4355,7,14,0,0,56.69469999999997,0.3181818181818182,1.0
2021,7,REG,NE,NYJ,1466.9004,1378.4308,7,14,1,1,130.6695999999999,0.3181818181818182,1.0
2021,7,REG,NYG,CAR,1401.4407,1435.5664,7,7,0,1,8.074300000000179,0.3181818181818182,1.0
2021,7,REG,TEN,KC,1567.9267,1601.6318,6,7,0,1,8.494899999999873,0.3181818181818182,1.0
2021,7,REG,LA,DET,1609.8897,1342.2167,7,7,0,1,309.873,0.3181818181818182,1.0
2021,7,REG,LV,PHI,1526.8043,1428.873,7,10,0,1,140.13129999999995,0.3181818181818182,1.0
2021,7,REG,ARI,HOU,1595.4363,1387.7212,7,7,0,1,249.9151000000001,0.3181818181818182,1.0
2021,7,REG,TB,CHI,1649.033,1500.7459,10,7,0,1,190.4871,0.3181818181818182,1.0
2021,7,REG,SF,IND,1475.3249,1509.7615,14,7,0,0,7.763400000000004,0.3181818181818182,1.0
2021,7,REG,SEA,NO,1513.6913,1574.9802,8,15,0,0,-19.08890000000001,0.3181818181818182,1.0
2021,8,REG,ARI,GB,1603.1066,1653.4939,4,4,0,0,-8.187299999999865,0.36363636363636365,1.0
2021,8,REG,ATL,CAR,1458.6704,1416.0311,7,7,1,0,84.83930000000005,0.36363636363636365,1.0
2021,8,REG,BUF,MIA,1619.0811,1426.6953,13,7,1,1,234.5858,0.36363636363636365,1.0
2021,8,REG,CHI,SF,1490.7303,1454.8781,7,7,0,0,78.05220000000004,0.36363636363636365,1.0
2021,8,REG,CLE,PIT,1547.4579,1530.3449,10,14,1,0,59.31300000000006,0.36363636363636365,1.0
2021,8,REG,DET,PHI,1336.4632,1416.5289,7,7,0,0,-37.8657000000001,0.36363636363636365,1.0
2021,8,REG,HOU,LA,1380.0509,1615.6432,7,7,0,0,-193.39230000000003,0.36363636363636365,1.0
2021,8,REG,IND,TEN,1530.2083,1587.4378,7,7,1,0,-15.029499999999913,0.36363636363636365,1.0
2021,8,REG,NYJ,CIN,1365.6171,1505.4465,7,7,0,1,-97.62940000000008,0.36363636363636365,1.0
2021,8,REG,LAC,NE,1541.8181,1479.7141,14,7,0,0,104.30400000000004,0.36363636363636365,1.0
2021,8,REG,SEA,JAX,1494.789,1335.8121,6,14,0,1,201.17689999999988,0.36363636363636365,1.0
2021,8,REG,DEN,WAS,1436.2721,1424.4765,10,7,0,1,53.995599999999925,0.36363636363636365,1.0
2021,8,REG,NO,TB,1593.8825,1659.0486,6,7,1,1,-22.96610000000014,0.36363636363636365,1.0
2021,8,REG,MIN,DAL,1499.4452,1548.4556,14,14,0,0,-6.810399999999888,0.36363636363636365,1.0
2021,8,REG,KC,NYG,1582.1207,1420.976,8,8,0,1,203.34469999999982,0.36363636363636365,1.0
2021,9,REG,IND,NYJ,1511.0729,1391.0937,4,4,0,1,162.17919999999998,0.4090909090909091,1.0
2021,9,REG,BAL,MIN,1605.3541,1479.8372,14,7,0,1,167.71690000000007,0.4090909090909091,1.0
2021,9,REG,CAR,NE,1440.82,1505.5442,7,7,0,0,-22.524200000000107,0.4090909090909091,1.0
2021,9,REG,CIN,CLE,1479.9699,1524.0764,7,7,1,0,-1.9064999999998662,0.4090909090909091,1.0
2021,9,REG,DAL,DEN,1568.0636,1453.1886,7,7,0,0,157.075,0.4090909090909091,1.0
2021,9,REG,JAX,BUF,1326.2514,1627.3134,7,7,0,1,-258.8619999999999,0.4090909090909091,1.0
2021,9,REG,MIA,HOU,1418.463,1370.1603,7,7,0,1,90.50269999999996,0.4090909090909091,1.0
2021,9,REG,NO,ATL,1615.2026,1433.8815,7,7,1,0,223.5211000000001,0.4090909090909091,1.0
2021,9,REG,NYG,LV,1411.5057,1539.1484,6,14,0,1,-85.4427000000001,0.4090909090909091,1.0
2021,9,REG,PHI,LAC,1434.3578,1515.988,7,7,0,0,-39.430200000000056,0.4090909090909091,1.0
2021,9,REG,KC,GB,1591.591,1673.0227,6,10,0,1,-39.23170000000009,0.4090909090909091,1.0
2021,9,REG,SF,ARI,1479.2971,1583.5778,7,10,1,0,-62.08070000000002,0.4090909090909091,1.0
2021,9,REG,LA,TEN,1625.5338,1606.5732,7,7,0,0,61.16059999999989,0.4090909090909091,1.0
2021,9,REG,PIT,CHI,1553.7264,1466.3113,8,8,0,1,129.61509999999993,0.4090909090909091,1.0
2021,10,REG,MIA,BAL,1433.368,1616.3856,4,4,0,1,-140.81760000000014,0.45454545454545453,1.0
2021,10,REG,DAL,ATL,1539.5912,1465.225,7,7,0,1,116.56620000000017,0.45454545454545453,1.0
2021,10,REG,IND,JAX,1522.3609,1358.8953,10,7,1,1,205.66559999999998,0.45454545454545453,1.0
2021,10,REG,NE,CLE,1524.2494,1543.9667,7,7,0,1,22.48269999999998,0.45454545454545453,1.0
2021,10,REG,NYJ,BUF,1379.8057,1594.6695,10,7,1,0,-172.6638000000001,0.45454545454545453,1.0
2021,10,REG,PIT,DET,1566.5931,1318.6343,6,14,0,0,290.1588000000001,0.45454545454545453,1.0
2021,10,REG,TEN,NO,1630.058,1583.8591,7,7,0,1,88.3989000000001,0.45454545454545453,1.0
2021,10,REG,WAS,TB,1407.56,1637.7285,14,14,0,1,-187.9685,0.45454545454545453,1.0
2021,10,REG,ARI,CAR,1600.0417,1422.1148,7,7,0,0,220.12689999999992,0.45454545454545453,1.0
2021,10,REG,LAC,MIN,1533.7279,1468.8057,7,7,0,0,107.1222000000002,0.45454545454545453,1.0
2021,10,REG,DEN,PHI,1481.661,1416.6179,7,7,0,0,107.2431000000001,0.45454545454545453,1.0
2021,10,REG,GB,SEA,1650.7739,1504.3497,7,14,0,1,188.62419999999992,0.45454545454545453,1.0
2021,10,REG,LV,KC,1514.3267,1613.8398,7,7,1,0,-57.31309999999989,0.45454545454545453,1.0
2021,10,REG,SF,LA,1462.8332,1602.049,8,8,1,1,-97.01579999999994,0.45454545454545453,1.0
2021,11,REG,ATL,NE,1451.6942,1542.957,4,4,0,0,-49.062800000000195,0.5,1.0
2021,11,REG,BUF,IND,1605.4749,1531.7349,7,7,0,0,115.94000000000001,0.5,1.0
2021,11,REG,CAR,WAS,1453.325,1437.4351,7,7,0,0,58.08990000000013,0.5,1.0
2021,11,REG,CHI,BAL,1453.4446,1588.696,13,10,0,0,-93.05139999999987,0.5,1.0
2021,11,REG,CLE,DET,1525.2591,1352.2989,7,7,0,1,215.16019999999997,0.5,1.0
2021,11,REG,JAX,SF,1349.5213,1488.2771,7,6,0,0,-96.5557999999999,0.5,1.0
2021,11,REG,MIN,GB,1494.7839,1660.8702,7,7,1,1,-123.88630000000016,0.5,1.0
2021,11,REG,NYJ,MIA,1369.0003,1461.0576,7,10,1,0,-49.857300000000166,0.5,1.0
2021,11,REG,PHI,NO,1442.6024,1568.8407,7,7,0,1,-84.03829999999998,0.5,1.0
2021,11,REG,TEN,HOU,1645.0764,1355.2553,7,14,1,0,332.0210999999999,0.5,1.0
2021,11,REG,LV,CIN,1497.5963,1460.0796,7,14,0,0,79.7166999999999,0.5,1.0
2021,11,REG,KC,DAL,1630.5702,1553.122,7,7,0,1,119.64820000000005,0.5,1.0
2021,11,REG,SEA,ARI,1494.2534,1568.8315,7,7,1,0,-32.37809999999995,0.5,1.0
2021,11,REG,LAC,PIT,1507.7497,1532.9285,7,7,0,1,17.021200000000093,0.5,1.0
2021,11,REG,TB,NYG,1607.8534,1436.3274,8,15,0,1,213.72600000000006,0.5,1.0
2021,12,REG,DET,CHI,1343.3114,1438.6766,4,4,1,0,-53.165199999999956,0.5454545454545454,1.0
2021,12,REG,DAL,LV,1539.7496,1473.0863,4,4,0,0,108.86330000000017,0.5454545454545454,1.0
2021,12,REG,NO,BUF,1544.0953,1579.038,4,4,0,0,7.257299999999944,0.5454545454545454,1.0
2021,12,REG,CIN,PIT,1484.5896,1513.9075,7,7,1,1,12.882099999999994,0.5454545454545454,1.0
2021,12,REG,HOU,NYJ,1390.1018,1351.8508,7,7,0,0,80.45099999999998,0.5454545454545454,1.0
2021,12,REG,IND,TB,1558.1718,1616.8985,7,6,0,0,-16.526699999999934,0.5454545454545454,1.0
2021,12,REG,JAX,ATL,1334.9407,1434.4999,7,10,0,0,-57.359199999999916,0.5454545454545454,1.0
2021,12,REG,MIA,CAR,1478.2071,1430.0119,7,7,0,1,90.39520000000012,0.5454545454545454,1.0
2021,12,REG,NE,TEN,1560.1513,1610.2299,10,7,0,1,-7.8786000000000485,0.5454545454545454,1.0
2021,12,REG,NYG,PHI,1427.2823,1467.3478,6,7,1,1,2.134500000000074,0.5454545454545454,1.0
2021,12,REG,DEN,LAC,1455.6765,1526.7707,14,7,1,1,-28.894199999999998,0.5454545454545454,1.0
2021,12,REG,GB,LA,1634.0264,1576.6051,7,13,0,1,99.62129999999998,0.5454545454545454,1.0
2021,12,REG,SF,MIN,1502.8577,1521.6277,7,7,0,1,23.43000000000002,0.5454545454545454,1.0
2021,12,REG,BAL,CLE,1603.464,1534.2466,7,7,1,1,111.4174,0.5454545454545454,1.0
2021,12,REG,WAS,SEA,1460.7482,1476.1119,8,8,0,1,26.836299999999895,0.5454545454545454,1.0
2021,13,REG,NO,DAL,1523.6776,1513.6803,7,7,0,0,52.1973,0.5909090909090909,1.0
2021,13,REG,ATL,TB,1451.2277,1635.9479,7,7,1,0,-142.5202,0.5909090909090909,1.0
2021,13,REG,CHI,ARI,1455.6398,1586.973,10,14,0,0,-89.13320000000003,0.5909090909090909,1.0
2021,13,REG,CIN,LAC,1503.8484,1505.1112,7,7,0,0,40.93720000000003,0.5909090909090909,1.0
2021,13,REG,DET,MIN,1326.3482,1502.9744,10,7,1,1,-134.42620000000016,0.5909090909090909,1.0
2021,13,REG,HOU,IND,1365.5517,1539.1224,7,7,1,0,-131.3707,0.5909090909090909,1.0
2021,13,REG,MIA,NYG,1493.1179,1447.1594,7,7,0,1,88.15849999999996,0.5909090909090909,1.0
2021,13,REG,NYJ,PHI,1376.4009,1447.4707,7,7,0,0,-28.869799999999984,0.5909090909090909,1.0
2021,13,REG,LA,JAX,1562.1876,1318.2129,7,7,0,1,286.1747,0.5909090909090909,1.0
2021,13,REG,LV,WAS,1499.1556,1479.2064,10,6,0,0,62.14920000000002,0.5909090909090909,1.0
2021,13,REG,PIT,BAL,1494.6487,1617.2615,7,7,1,1,-80.4128000000001,0.5909090909090909,1.0
2021,13,REG,SEA,SF,1457.6537,1521.511,6,7,1,1,-21.657299999999893,0.5909090909090909,1.0
2021,13,REG,KC,DEN,1643.9426,1477.336,14,7,1,1,208.80660000000006,0.5909090909090909,1.0
2021,13,REG,BUF,NE,1599.4557,1580.6048,11,8,1,0,61.05089999999991,0.5909090909090909,1.0
2021,14,REG,MIN,PIT,1475.6005,1519.1967,4,4,0,1,-1.3961999999999506,0.6363636363636364,1.0
2021,14,REG,CAR,ATL,1415.1011,1439.0007,14,7,1,0,18.30040000000004,0.6363636363636364,1.0
2021,14,REG,CLE,BAL,1520.4491,1592.7135,14,7,1,1,-30.06440000000002,0.6363636363636364,1.0
2021,14,REG,HOU,SEA,1352.7731,1478.8988,7,7,0,0,-83.92569999999982,0.6363636363636364,1.0
2021,14,REG,KC,LV,1653.1875,1475.6157,7,7,1,1,219.77179999999993,0.6363636363636364,1.0
2021,14,REG,NYJ,NO,1358.059,1500.6953,7,10,0,0,-100.43630000000012,0.6363636363636364,1.0
2021,14,REG,TEN,JAX,1589.7764,1311.7542,14,7,1,1,320.2221999999999,0.6363636363636364,1.0
2021,14,REG,WAS,DAL,1502.7463,1536.6626,7,10,1,0,8.28369999999991,0.6363636363636364,1.0
2021,14,REG,DEN,DET,1468.0911,1353.7221,7,7,0,1,156.56900000000013,0.6363636363636364,1.0
2021,14,REG,LAC,NYG,1527.4569,1432.128,7,7,0,1,137.52889999999996,0.6363636363636364,1.0
2021,14,REG,CIN,SF,1481.5027,1500.2659,7,7,0,0,23.436799999999906,0.6363636363636364,1.0
2021,14,REG,TB,BUF,1648.1749,1575.9771,7,6,0,1,114.39779999999992,0.6363636363636364,1.0
2021,14,REG,GB,CHI,1648.4439,1440.661,14,7,1,1,249.98289999999992,0.6363636363636364,1.0
2021,14,REG,ARI,LA,1601.9518,1568.6463,8,8,1,0,75.50549999999994,0.6363636363636364,1.0
2021,15,REG,LAC,KC,1539.9292,1661.9913,4,4,1,0,-79.86209999999987,0.6818181818181818,1.0
2021,15,REG,IND,NE,1551.901,1604.0834,14,13,0,1,-9.982399999999913,0.6818181818181818,1.0
2021,15,REG,BUF,CAR,1562.3343,1394.0486,7,7,0,1,210.4856999999999,0.6818181818181818,1.0
2021,15,REG,DET,ARI,1342.1706,1577.6725,7,6,0,1,-193.3019,0.6818181818181818,1.0
2021,15,REG,JAX,HOU,1306.288,1337.5124,7,7,1,0,10.975599999999943,0.6818181818181818,1.0
2021,15,REG,MIA,NYJ,1508.1493,1343.6847,14,7,1,1,206.6646,0.6818181818181818,1.0
2021,15,REG,NYG,DAL,1419.6557,1557.1394,7,7,1,0,-95.2837,0.6818181818181818,1.0
2021,15,REG,PIT,TEN,1499.1163,1595.2426,10,7,0,1,-53.926300000000126,0.6818181818181818,1.0
2021,15,REG,DEN,CIN,1479.6426,1460.1556,7,7,0,0,61.686999999999856,0.6818181818181818,1.0
2021,15,REG,SF,ATL,1521.613,1460.0532,7,7,0,1,103.7598,0.6818181818181818,1.0
2021,15,REG,BAL,GB,1570.9872,1656.1118,7,7,0,0,-42.92459999999987,0.6818181818181818,1.0
2021,15,REG,TB,NO,1661.8177,1515.0696,7,7,1,0,188.9481,0.6818181818181818,1.0
2021,15,REG,CLE,LV,1542.1754,1466.8119,7,7,0,0,117.56350000000016,0.6818181818181818,1.0
2021,15,REG,CHI,MIN,1432.9931,1495.6809,8,11,1,0,-20.48780000000015,0.6818181818181818,1.0
2021,15,REG,LA,SEA,1592.9256,1494.1595,6,7,1,1,140.96610000000004,0.6818181818181818,1.0
2021,15,REG,PHI,WAS,1465.8126,1482.2695,14,7,1,1,25.74309999999987,0.6818181818181818,1.0
2021,16,REG,TEN,SF,1572.163,1535.8116,4,4,0,1,78.55140000000002,0.7272727272727273,1.0
2021,16,REG,GB,CLE,1673.6534,1515.6549,6,6,0,1,200.1984999999999,0.7272727272727273,1.0
2021,16,REG,ARI,IND,1547.567,1572.4755,6,6,0,0,17.2915,0.7272727272727273,1.0
2021,16,REG,ATL,DET,1445.8546,1372.2761,7,7,0,1,115.77849999999985,0.7272727272727273,1.0
2021,16,REG,CAR,TB,1384.8723,1631.9,7,7,1,0,-204.8277000000001,0.7272727272727273,1.0
2021,16,REG,CIN,BAL,1483.6697,1553.4456,7,7,1,1,-27.57590000000009,0.7272727272727273,1.0
2021,16,REG,HOU,LAC,1358.144,1524.4471,7,10,0,1,-124.10310000000008,0.7272727272727273,1.0
2021,16,REG,MIN,LA,1514.5029,1605.2287,6,7,0,0,-48.52579999999993,0.7272727272727273,1.0
2021,16,REG,NE,BUF,1583.5089,1571.5106,7,7,1,0,54.198299999999975,0.7272727272727273,1.0
2021,16,REG,NYJ,JAX,1334.3519,1285.6564,7,7,0,1,90.89549999999981,0.7272727272727273,1.0
2021,16,REG,PHI,NYG,1484.3334,1405.0072,7,7,1,1,121.52619999999997,0.7272727272727273,1.0
2021,16,REG,SEA,CHI,1481.8564,1414.1711,7,6,0,0,109.88529999999987,0.7272727272727273,1.0
2021,16,REG,KC,PIT,1677.4734,1522.1959,10,7,0,1,197.47750000000013,0.7272727272727273,1.0
2021,16,REG,LV,DEN,1493.3324,1456.1285,7,7,1,1,79.40389999999998,0.7272727272727273,1.0
2021,16,REG,DAL,WAS,1571.7879,1463.7487,7,7,1,1,150.23919999999993,0.7272727272727273,1.0
2021,16,REG,NO,MIA,1544.9873,1517.4821,8,8,0,0,69.70520000000006,0.7272727272727273,1.0
2021,17,REG,BAL,LA,1531.8615,1622.4534,7,7,0,0,-48.39190000000012,0.7727272727272727,1.0
2021,17,REG,BUF,ATL,1594.6054,1459.4261,7,7,0,1,177.3793,0.7727272727272727,1.0
2021,17,REG,CHI,NYG,1440.2938,1391.7308,7,7,0,1,90.76299999999988,0.7727272727272727,1.0
2021,17,REG,CIN,KC,1505.2538,1687.1899,7,7,0,1,-139.73610000000014,0.7727272727272727,1.0
2021,17,REG,IND,LV,1593.4701,1508.8395,8,7,0,0,126.83059999999996,0.7727272727272727,1.0
2021,17,REG,NE,JAX,1560.4141,1270.7726,7,7,0,1,331.84149999999994,0.7727272727272727,1.0
2021,17,REG,NYJ,TB,1349.2357,1641.3087,7,7,0,0,-249.8730000000001,0.7727272727272727,1.0
2021,17,REG,TEN,MIA,1587.7167,1541.4417,10,6,0,1,88.47499999999987,0.7727272727272727,1.0
2021,17,REG,WAS,PHI,1451.8956,1497.6098,7,7,1,0,-3.5141999999998887,0.7727272727272727,1.0
2021,17,REG,LAC,DEN,1497.5922,1440.6214,7,7,1,1,99.17080000000006,0.7727272727272727,1.0
2021,17,REG,SF,HOU,1520.2579,1384.9989,10,7,0,1,177.459,0.7727272727272727,1.0
2021,17,REG,DAL,ARI,1583.641,1526.5724,7,8,0,0,99.26860000000006,0.7727272727272727,1.0
2021,17,REG,NO,CAR,1521.0277,1375.4636,6,7,1,1,187.76410000000004,0.7727272727272727,1.0
2021,17,REG,SEA,DET,1455.7337,1358.7046,7,7,0,1,139.22909999999996,0.7727272727272727,1.0
2021,17,REG,GB,MIN,1683.2552,1497.2782,8,7,1,1,228.17700000000008,0.7727272727272727,1.0
2021,17,REG,PIT,CLE,1512.4794,1506.0531,8,9,1,1,48.62629999999986,0.7727272727272727,1.0
2021,18,REG,DEN,KC,1426.18,1659.5534,7,7,1,0,-191.17339999999996,0.8181818181818182,1.0
2021,18,REG,PHI,DAL,1517.4075,1558.0772,7,7,1,0,1.5303000000000822,0.8181818181818182,1.0
2021,18,REG,BAL,PIT,1514.6293,1529.6984,7,6,1,0,27.130900000000068,0.8181818181818182,1.0
2021,18,REG,CLE,CIN,1488.8341,1532.8903,6,7,1,1,-1.856199999999987,0.8181818181818182,1.0
2021,18,REG,DET,GB,1346.3161,1691.7313,7,7,1,1,-303.2151999999999,0.8181818181818182,1.0
2021,18,REG,HOU,TEN,1374.4098,1602.731,7,7,1,0,-186.1212000000001,0.8181818181818182,1.0
2021,18,REG,JAX,IND,1265.6144,1566.477,7,7,1,1,-258.66260000000017,0.8181818181818182,1.0
2021,18,REG,MIN,CHI,1488.8021,1455.1848,7,7,1,1,75.81730000000012,0.8181818181818182,1.0
2021,18,REG,NYG,WAS,1376.8398,1432.0979,7,7,1,0,-13.05810000000001,0.8181818181818182,1.0
2021,18,REG,ARI,SEA,1552.1362,1468.1222,7,7,1,0,126.2139999999999,0.8181818181818182,1.0
2021,18,REG,ATL,NO,1448.8334,1531.1615,7,7,1,0,-40.12809999999995,0.8181818181818182,1.0
2021,18,REG,BUF,NYJ,1605.1981,1341.5639,7,7,1,1,305.83419999999995,0.8181818181818182,1.0
2021,18,REG,LA,SF,1639.6856,1530.847,7,7,1,0,151.03860000000003,0.8181818181818182,1.0
2021,18,REG,MIA,NE,1526.4274,1565.5723,7,7,1,1,3.055099999999996,0.8181818181818182,1.0
2021,18,REG,TB,CAR,1648.9805,1365.3298,7,7,1,1,325.8506999999999,0.8181818181818182,1.0
2021,18,REG,LV,LAC,1535.8326,1512.0336,7,7,1,1,65.99899999999998,0.8181818181818182,1.0
2022,1,REG,LA,BUF,1617.7653,1567.4996,7,7,0,0,92.46569999999993,0.045454545454545456,1.0
2022,1,REG,ATL,NO,1459.9199,1530.5571,7,7,1,0,-28.43719999999989,0.045454545454545456,1.0
2022,1,REG,CAR,CLE,1417.2488,1506.6046,7,7,0,0,-47.155799999999815,0.045454545454545456,1.0
2022,1,REG,CHI,SF,1464.9287,1561.344,7,7,0,1,-54.21530000000011,0.045454545454545456,1.0
2022,1,REG,CIN,PIT,1551.9177,1523.8098,7,7,1,0,70.30789999999998,0.045454545454545456,1.0
2022,1,REG,DET,PHI,1429.4627,1492.6874,7,7,0,0,-21.02469999999998,0.045454545454545456,1.0
2022,1,REG,HOU,IND,1419.7626,1521.544,7,7,1,0,-59.58140000000007,0.045454545454545456,1.0
2022,1,REG,MIA,NE,1528.9909,1518.6082,7,7,1,1,52.582700000000116,0.045454545454545456,1.0
2022,1,REG,NYJ,BAL,1402.6569,1497.0824,7,7,0,0,-52.22550000000005,0.045454545454545456,1.0
2022,1,REG,WAS,JAX,1472.048,1380.1908,7,7,0,1,134.0571999999999,0.045454545454545456,1.0
2022,1,REG,ARI,KC,1507.0412,1600.5344,7,7,0,0,-51.29320000000011,0.045454545454545456,1.0
2022,1,REG,LAC,LV,1498.7127,1518.2075,7,7,1,1,22.705200000000062,0.045454545454545456,1.0
2022,1,REG,MIN,GB,1503.9434,1576.9338,7,7,1,1,-30.790399999999906,0.045454545454545456,1.0
2022,1,REG,TEN,NYG,1549.8705,1415.7947,7,7,0,0,176.27580000000006,0.045454545454545456,1.0
2022,1,REG,DAL,TB,1531.2232,1583.0615,7,7,0,0,-9.638300000000115,0.045454545454545456,1.0
2022,1,REG,SEA,DEN,1498.2905,1450.9564,7,7,0,1,89.53410000000004,0.045454545454545456,1.0
2022,2,REG,KC,LAC,1617.603,1517.4075,4,4,1,1,142.39550000000003,0.09090909090909091,1.0
2022,2,REG,BAL,MIA,1514.0985,1545.9869,7,7,0,0,10.311599999999956,0.09090909090909091,1.0
2022,2,REG,CLE,NYJ,1523.9066,1385.6408,7,7,0,0,180.46580000000012,0.09090909090909091,1.0
2022,2,REG,DET,WAS,1410.6715,1484.6925,7,7,0,1,-31.821000000000183,0.09090909090909091,1.0
2022,2,REG,JAX,IND,1367.5463,1538.1474,7,7,1,1,-128.4011000000001,0.09090909090909091,1.0
2022,2,REG,NO,TB,1548.9238,1602.5068,7,7,1,0,-11.38300000000008,0.09090909090909091,1.0
2022,2,REG,NYG,CAR,1445.1525,1399.9468,7,7,0,1,87.40569999999998,0.09090909090909091,1.0
2022,2,REG,PIT,NE,1547.8027,1501.6122,7,7,0,0,88.39049999999993,0.09090909090909091,1.0
2022,2,REG,LA,ATL,1592.5648,1441.5532,10,7,0,1,193.21160000000003,0.09090909090909091,1.0
2022,2,REG,SF,SEA,1538.2482,1513.2476,7,6,1,1,67.20060000000008,0.09090909090909091,1.0
2022,2,REG,DAL,CIN,1511.7779,1527.9248,7,7,0,1,26.053100000000043,0.09090909090909091,1.0
2022,2,REG,DEN,HOU,1435.9993,1403.1592,6,7,0,1,75.0400999999999,0.09090909090909091,1.0
2022,2,REG,LV,ARI,1499.5127,1489.9726,7,7,0,0,51.74009999999994,0.09090909090909091,1.0
2022,2,REG,GB,CHI,1555.166,1488.0245,7,7,1,1,109.34149999999995,0.09090909090909091,1.0
2022,2,REG,BUF,TEN,1592.7001,1520.5127,11,8,0,1,114.38740000000003,0.09090909090909091,1.0
2022,2,REG,PHI,MIN,1511.4786,1525.7112,8,8,0,1,27.967399999999955,0.09090909090909091,1.0
2022,3,REG,CLE,PIT,1494.3615,1522.8215,4,4,1,1,13.739999999999966,0.13636363636363635,1.0
2022,3,REG,CAR,NO,1384.8748,1529.5788,7,7,1,1,-102.50399999999995,0.13636363636363635,1.0
2022,3,REG,CHI,HOU,1474.1188,1387.4129,7,7,0,1,128.90589999999992,0.13636363636363635,1.0
2022,3,REG,IND,KC,1511.0751,1629.8361,7,10,0,1,-76.56099999999996,0.13636363636363635,1.0
2022,3,REG,MIA,BUF,1566.5803,1606.3435,7,6,1,1,2.436800000000133,0.13636363636363635,1.0
2022,3,REG,MIN,DET,1507.3177,1432.4982,6,7,1,1,117.01950000000006,0.13636363636363635,1.0
2022,3,REG,NE,BAL,1526.5934,1493.5051,7,7,0,0,75.2882999999999,0.13636363636363635,1.0
2022,3,REG,NYJ,CIN,1415.1859,1509.4217,7,7,0,0,-52.03580000000015,0.13636363636363635,1.0
2022,3,REG,TEN,LV,1506.8693,1476.5561,6,7,0,1,72.51320000000005,0.13636363636363635,1.0
2022,3,REG,WAS,PHI,1462.8658,1529.8721,7,6,1,0,-24.806300000000007,0.13636363636363635,1.0
2022,3,REG,LAC,JAX,1505.1744,1394.6186,10,7,0,0,152.75580000000008,0.13636363636363635,1.0
2022,3,REG,ARI,LA,1512.9292,1602.4631,7,7,1,0,-47.3338999999999,0.13636363636363635,1.0
2022,3,REG,SEA,ATL,1497.0684,1431.6549,7,7,0,0,107.61350000000012,0.13636363636363635,1.0
2022,3,REG,TB,GB,1621.8518,1569.0717,7,7,0,0,94.98009999999995,0.13636363636363635,1.0
2022,3,REG,DEN,SF,1451.7456,1554.4274,7,7,0,1,-60.481800000000064,0.13636363636363635,1.0
2022,3,REG,NYG,DAL,1460.2245,1530.281,8,8,1,0,-27.85649999999991,0.13636363636363635,1.0
2022,4,REG,CIN,MIA,1526.4485,1586.44,4,4,0,1,-17.791500000000084,0.18181818181818182,1.0
2022,4,REG,NO,MIN,1503.8436,1520.8252,7,7,0,0,25.21839999999993,0.18181818181818182,1.0
2022,4,REG,ATL,CLE,1457.6588,1513.571,7,10,0,1,-13.712199999999982,0.18181818181818182,1.0
2022,4,REG,BAL,BUF,1517.7725,1586.4838,7,7,0,0,-26.511299999999935,0.18181818181818182,1.0
2022,4,REG,DAL,WAS,1548.6809,1444.2913,6,7,1,1,146.58959999999996,0.18181818181818182,1.0
2022,4,REG,DET,SEA,1418.9907,1471.0645,7,7,0,0,-9.873799999999889,0.18181818181818182,1.0
2022,4,REG,HOU,LAC,1374.5106,1476.907,7,7,0,0,-60.196399999999855,0.18181818181818182,1.0
2022,4,REG,IND,TEN,1535.4123,1522.7547,7,7,1,0,54.857600000000005,0.18181818181818182,1.0
2022,4,REG,NYG,CHI,1441.8246,1487.0211,6,7,0,1,-2.9965000000000117,0.18181818181818182,1.0
2022,4,REG,PHI,JAX,1548.4466,1422.886,7,7,0,1,167.7606,0.18181818181818182,1.0
2022,4,REG,PIT,NYJ,1503.612,1398.1591,10,7,0,0,147.6529,0.18181818181818182,1.0
2022,4,REG,CAR,ARI,1410.61,1495.6372,7,7,0,0,-42.82719999999999,0.18181818181818182,1.0
2022,4,REG,GB,NE,1594.4069,1502.326,7,7,0,1,134.28089999999992,0.18181818181818182,1.0
2022,4,REG,LV,DEN,1460.6707,1475.1925,7,7,1,1,27.67819999999979,0.18181818181818182,1.0
2022,4,REG,TB,KC,1596.5166,1605.4989,7,7,0,0,33.21769999999988,0.18181818181818182,1.0
2022,4,REG,SF,LA,1530.9805,1619.7551,8,8,1,1,-46.57460000000019,0.18181818181818182,1.0
2022,5,REG,DEN,IND,1456.7824,1512.2804,4,4,0,0,-13.298000000000044,0.22727272727272727,1.0
2022,5,REG,GB,NYG,1607.0403,1461.9971,7,7,0,0,187.24319999999983,0.22727272727272727,1.0
2022,5,REG,BUF,PIT,1604.9606,1475.5897,7,7,0,1,171.5709000000001,0.22727272727272727,1.0
2022,5,REG,CLE,LAC,1492.7821,1493.4761,7,7,0,0,41.505999999999815,0.22727272727272727,1.0
2022,5,REG,JAX,HOU,1411.8565,1357.9415,7,7,1,0,96.1150000000002,0.22727272727272727,1.0
2022,5,REG,MIN,CHI,1542.2743,1466.8486,7,7,1,1,117.62570000000001,0.22727272727272727,1.0
2022,5,REG,NE,DET,1489.6926,1399.5589,7,7,0,1,132.33370000000008,0.22727272727272727,1.0
2022,5,REG,NO,SEA,1482.3945,1490.4963,7,7,0,1,34.09820000000009,0.22727272727272727,1.0
2022,5,REG,NYJ,MIA,1426.1814,1565.4167,7,10,1,1,-97.03530000000005,0.22727272727272727,1.0
2022,5,REG,TB,ATL,1574.6102,1478.4477,7,7,1,1,138.36250000000013,0.22727272727272727,1.0
2022,5,REG,WAS,TEN,1432.2622,1545.8866,7,7,0,0,-71.42440000000015,0.22727272727272727,1.0
2022,5,REG,CAR,SF,1393.0629,1553.6456,7,6,0,0,-118.38270000000016,0.22727272727272727,1.0
2022,5,REG,ARI,PHI,1513.1843,1559.4761,7,7,0,0,-4.091800000000191,0.22727272727272727,1.0
2022,5,REG,LA,DAL,1597.09,1560.71,6,7,0,0,78.57999999999988,0.22727272727272727,1.0
2022,5,REG,BAL,CIN,1499.2957,1547.4718,7,10,1,1,-5.97610000000013,0.22727272727272727,1.0
2022,5,REG,KC,LV,1627.4053,1479.0808,8,8,1,1,190.52449999999993,0.22727272727272727,1.0
2022,6,REG,CHI,WAS,1453.3723,1416.3168,4,4,0,0,79.25549999999994,0.2727272727272727,1.0
2022,6,REG,ATL,SF,1466.0165,1567.083,7,7,0,1,-58.86650000000013,0.2727272727272727,1.0
2022,6,REG,CLE,NE,1470.4041,1502.423,7,7,0,0,10.181099999999972,0.2727272727272727,1.0
2022,6,REG,GB,NYJ,1577.1968,1451.6264,7,7,0,0,167.77039999999982,0.2727272727272727,1.0
2022,6,REG,IND,JAX,1531.5153,1386.4606,10,7,1,1,187.2546999999999,0.2727272727272727,1.0
2022,6,REG,MIA,MIN,1539.9717,1555.7506,7,7,0,0,26.42109999999998,0.2727272727272727,1.0
2022,6,REG,NO,CIN,1500.4379,1527.1278,7,7,0,0,15.510099999999923,0.2727272727272727,1.0
2022,6,REG,NYG,BAL,1491.8406,1519.6397,7,7,0,1,14.40090000000005,0.2727272727272727,1.0
2022,6,REG,PIT,TB,1464.7346,1587.0414,7,7,0,1,-80.10680000000006,0.2727272727272727,1.0
2022,6,REG,LA,CAR,1572.6422,1379.6255,7,7,0,1,235.2166999999999,0.2727272727272727,1.0
2022,6,REG,SEA,ARI,1472.4529,1493.4198,7,7,1,1,21.233100000000107,0.2727272727272727,1.0
2022,6,REG,KC,BUF,1637.4193,1615.8157,6,7,0,0,63.80359999999992,0.2727272727272727,1.0
2022,6,REG,PHI,DAL,1579.2406,1585.1578,7,7,1,1,36.28280000000014,0.2727272727272727,1.0
2022,6,REG,LAC,DEN,1515.8541,1437.5475,8,11,1,1,120.50660000000012,0.2727272727272727,1.0
2022,7,REG,ARI,NO,1474.6406,1479.5457,4,4,0,1,37.294900000000055,0.3181818181818182,1.0
2022,7,REG,BAL,CLE,1500.4682,1449.8182,7,7,1,1,92.8500000000001,0.3181818181818182,1.0
2022,7,REG,CAR,TB,1371.4169,1562.5101,7,7,1,1,-148.89320000000004,0.3181818181818182,1.0
2022,7,REG,CIN,ATL,1548.02,1489.3731,7,7,0,1,100.84689999999996,0.3181818181818182,1.0
2022,7,REG,DAL,DET,1567.2388,1386.8285,7,14,0,1,222.6103,0.3181818181818182,1.0
2022,7,REG,JAX,NYG,1376.3046,1511.0121,7,7,0,0,-92.50749999999998,0.3181818181818182,1.0
2022,7,REG,TEN,IND,1561.832,1541.6713,14,7,1,1,62.360700000000136,0.3181818181818182,1.0
2022,7,REG,WAS,GB,1440.8016,1548.2258,10,7,0,1,-65.22419999999993,0.3181818181818182,1.0
2022,7,REG,DEN,NYJ,1424.219,1480.5974,6,7,0,0,-14.178400000000053,0.3181818181818182,1.0
2022,7,REG,LV,HOU,1469.0668,1383.3374,13,14,0,1,127.92940000000017,0.3181818181818182,1.0
2022,7,REG,LAC,SEA,1529.1826,1491.2321,6,7,0,0,80.15050000000015,0.3181818181818182,1.0
2022,7,REG,SF,KC,1543.7264,1613.7872,7,7,0,0,-27.86079999999997,0.3181818181818182,1.0
2022,7,REG,MIA,PIT,1518.4537,1489.2659,7,7,0,1,71.38779999999993,0.3181818181818182,1.0
2022,7,REG,NE,CHI,1523.0089,1428.8875,8,11,0,0,136.32139999999998,0.3181818181818182,1.0
2022,8,REG,TB,BAL,1534.4279,1515.247,4,4,0,0,61.38089999999984,0.36363636363636365,1.0
2022,8,REG,JAX,DEN,1361.5074,1405.0347,7,7,0,0,-1.3272999999999655,0.36363636363636365,1.0
2022,8,REG,ATL,CAR,1475.0206,1399.4991,7,7,1,1,117.72150000000006,0.36363636363636365,1.0
2022,8,REG,DAL,CHI,1575.931,1456.3554,7,6,0,1,161.7756000000001,0.36363636363636365,1.0
2022,8,REG,DET,MIA,1378.1363,1534.4012,7,7,0,0,-114.06490000000012,0.36363636363636365,1.0
2022,8,REG,MIN,ARI,1577.2686,1492.5019,14,10,0,1,126.96670000000013,0.36363636363636365,1.0
2022,8,REG,NO,LV,1461.6844,1482.0183,10,7,0,1,21.866100000000145,0.36363636363636365,1.0
2022,8,REG,NYJ,NE,1499.7817,1495.541,7,6,1,0,46.440700000000064,0.36363636363636365,1.0
2022,8,REG,PHI,PIT,1597.1596,1473.3184,14,7,0,1,166.04119999999983,0.36363636363636365,1.0
2022,8,REG,HOU,TEN,1370.3859,1578.2803,7,7,1,0,-165.69439999999992,0.36363636363636365,1.0
2022,8,REG,IND,WAS,1525.223,1464.5127,7,7,0,0,102.91029999999996,0.36363636363636365,1.0
2022,8,REG,LA,SF,1580.8508,1525.3268,14,7,1,0,97.72399999999989,0.36363636363636365,1.0
2022,8,REG,SEA,NYG,1515.7658,1525.8093,7,7,0,1,32.15650000000001,0.36363636363636365,1.0
2022,8,REG,BUF,GB,1639.4478,1524.5147,14,7,0,1,157.13309999999996,0.36363636363636365,1.0
2022,8,REG,CLE,CIN,1435.0394,1562.3725,8,8,1,1,-85.13310000000006,0.36363636363636365,1.0
2022,9,REG,HOU,PHI,1359.2612,1608.2683,4,4,0,0,-206.80710000000005,0.4090909090909091,1.0
2022,9,REG,ATL,LAC,1488.492,1504.6489,7,14,0,0,26.043100000000052,0.4090909090909091,1.0
2022,9,REG,CHI,MIA,1445.0486,1548.0613,7,7,0,0,-60.81269999999999,0.4090909090909091,1.0
2022,9,REG,CIN,CAR,1537.5676,1386.0277,6,7,0,1,193.73989999999998,0.4090909090909091,1.0
2022,9,REG,DET,GB,1364.4762,1512.9899,7,7,1,1,-106.31369999999997,0.4090909090909091,1.0
2022,9,REG,JAX,LV,1341.5838,1463.2754,7,7,0,1,-79.49159999999988,0.4090909090909091,1.0
2022,9,REG,NE,IND,1518.1985,1499.4664,7,7,0,1,60.93209999999995,0.4090909090909091,1.0
2022,9,REG,NYJ,BUF,1477.1242,1650.9726,7,7,1,1,-131.6484000000001,0.4090909090909091,1.0
2022,9,REG,WAS,MIN,1490.2693,1590.2687,7,7,0,0,-57.79940000000015,0.4090909090909091,1.0
2022,9,REG,ARI,SEA,1479.5018,1533.92,7,7,1,0,-12.218200000000067,0.4090909090909091,1.0
2022,9,REG,TB,LA,1510.9308,1555.3692,10,7,0,1,-2.2383999999999986,0.4090909090909091,1.0
2022,9,REG,KC,TEN,1632.1868,1589.405,14,7,0,1,84.98179999999998,0.4090909090909091,1.0
2022,9,REG,NO,BAL,1480.4273,1538.7441,8,11,0,0,-16.116799999999827,0.4090909090909091,1.0
2022,10,REG,CAR,ATL,1376.152,1466.9956,4,4,1,1,-48.64359999999992,0.45454545454545453,1.0
2022,10,REG,TB,SEA,1531.0597,1553.217,7,7,0,1,20.042699999999925,0.45454545454545453,1.0
2022,10,REG,BUF,MIN,1623.7373,1606.9719,7,7,0,0,58.9654,0.45454545454545453,1.0
2022,10,REG,CHI,DET,1428.5139,1390.412,7,7,1,0,80.30189999999989,0.45454545454545453,1.0
2022,10,REG,KC,JAX,1647.3901,1366.0815,7,7,0,1,323.50860000000006,0.45454545454545453,1.0
2022,10,REG,MIA,CLE,1564.596,1459.8443,7,13,0,1,146.95170000000002,0.45454545454545453,1.0
2022,10,REG,NYG,HOU,1507.6551,1349.9343,14,10,0,1,199.92080000000004,0.45454545454545453,1.0
2022,10,REG,PIT,NO,1462.2097,1461.3544,14,6,0,1,43.05530000000017,0.45454545454545453,1.0
2022,10,REG,TEN,DEN,1574.2017,1424.9583,7,14,0,1,191.44340000000005,0.45454545454545453,1.0
2022,10,REG,LV,IND,1438.7777,1482.9384,7,7,0,0,-1.9606999999999033,0.45454545454545453,1.0
2022,10,REG,GB,DAL,1487.0541,1587.2378,7,14,0,1,-57.98370000000004,0.45454545454545453,1.0
2022,10,REG,LA,ARI,1535.2403,1460.2048,7,7,1,0,117.23549999999996,0.45454545454545453,1.0
2022,10,REG,SF,LAC,1550.8084,1526.1453,14,7,0,1,66.86309999999999,0.45454545454545453,1.0
2022,10,REG,PHI,WAS,1617.5952,1473.5661,11,8,1,0,186.22909999999996,0.45454545454545453,1.0
2022,11,REG,GB,TEN,1510.3613,1584.176,4,4,0,0,-31.6146999999999,0.5,1.0
2022,11,REG,ATL,CHI,1444.2136,1403.9719,10,7,0,1,82.44170000000004,0.5,1.0
2022,11,REG,BAL,CAR,1557.817,1398.934,13,10,0,1,201.08300000000003,0.5,1.0
2022,11,REG,BUF,CLE,1600.3752,1447.8327,7,7,0,1,194.7425,0.5,1.0
2022,11,REG,HOU,WAS,1340.3208,1503.3653,7,6,0,0,-120.84449999999997,0.5,1.0
2022,11,REG,IND,PHI,1502.8255,1587.796,7,6,0,0,-42.770500000000126,0.5,1.0
2022,11,REG,NE,NYJ,1534.7265,1504.3595,14,14,1,1,72.56699999999996,0.5,1.0
2022,11,REG,NO,LA,1443.8203,1508.7367,7,7,0,1,-22.716399999999837,0.5,1.0
2022,11,REG,NYG,DET,1517.2686,1414.954,7,7,0,0,144.51460000000014,0.5,1.0
2022,11,REG,DEN,LV,1414.984,1418.8906,7,7,1,0,38.29339999999998,0.5,1.0
2022,11,REG,MIN,DAL,1630.334,1563.9306,7,7,0,0,108.60340000000015,0.5,1.0
2022,11,REG,PIT,CIN,1479.7438,1547.4433,7,14,1,0,-25.49949999999994,0.5,1.0
2022,11,REG,LAC,KC,1509.9474,1652.7677,7,7,1,0,-100.62030000000009,0.5,1.0
2022,11,REG,ARI,SF,1486.7084,1567.0063,8,8,1,0,-38.097900000000024,0.5,1.0
2022,12,REG,DET,BUF,1442.8242,1610.208,4,4,0,0,-125.18380000000006,0.5454545454545454,1.0
2022,12,REG,DAL,NYG,1589.9864,1489.3984,4,4,1,1,142.78799999999995,0.5454545454545454,1.0
2022,12,REG,MIN,NE,1604.2782,1550.6089,4,4,0,1,95.86930000000002,0.5454545454545454,1.0
2022,12,REG,CAR,DEN,1389.3693,1392.7885,7,7,0,1,38.78079999999996,0.5454545454545454,1.0
2022,12,REG,CLE,TB,1437.9999,1549.9072,7,14,0,1,-69.70730000000007,0.5454545454545454,1.0
2022,12,REG,JAX,BAL,1360.7039,1567.3817,14,7,0,1,-164.47779999999995,0.5454545454545454,1.0
2022,12,REG,MIA,HOU,1576.6076,1327.0096,14,7,0,1,291.79799999999994,0.5454545454545454,1.0
2022,12,REG,NYJ,CHI,1488.4771,1388.6305,7,7,0,1,142.04660000000007,0.5454545454545454,1.0
2022,12,REG,TEN,CIN,1602.3611,1565.9781,10,7,0,0,78.58300000000004,0.5454545454545454,1.0
2022,12,REG,WAS,ATL,1516.6765,1459.555,7,7,0,1,99.32149999999997,0.5454545454545454,1.0
2022,12,REG,ARI,LAC,1468.8927,1495.5829,6,7,0,0,15.509799999999998,0.5454545454545454,1.0
2022,12,REG,SEA,LV,1534.3695,1441.0861,14,7,0,0,135.48340000000002,0.5454545454545454,1.0
2022,12,REG,KC,LA,1667.1322,1487.4309,7,7,0,1,221.90129999999994,0.5454545454545454,1.0
2022,12,REG,SF,NO,1584.822,1465.1261,6,7,0,1,161.89589999999993,0.5454545454545454,1.0
2022,12,REG,PHI,GB,1605.3463,1492.1762,7,10,0,1,155.3700999999998,0.5454545454545454,1.0
2022,12,REG,IND,PIT,1485.2752,1461.209,8,8,0,0,66.26619999999998,0.5454545454545454,1.0
2022,13,REG,NE,BUF,1535.9917,1623.2983,7,7,1,0,-45.10659999999989,0.5909090909090909,1.0
2022,13,REG,ATL,PIT,1445.1216,1484.978,7,6,0,0,2.3435999999998813,0.5909090909090909,1.0
2022,13,REG,BAL,DEN,1538.5628,1375.0117,7,7,0,1,205.7510999999999,0.5909090909090909,1.0
2022,13,REG,CHI,GB,1376.3803,1480.5679,7,7,1,0,-61.98759999999997,0.5909090909090909,1.0
2022,13,REG,DET,JAX,1429.7339,1389.5228,10,7,0,1,82.41109999999999,0.5909090909090909,1.0
2022,13,REG,HOU,CLE,1320.7243,1461.9596,7,7,0,0,-99.03529999999982,0.5909090909090909,1.0
2022,13,REG,MIN,NYJ,1618.8954,1500.7273,10,7,0,1,160.36810000000008,0.5909090909090909,1.0
2022,13,REG,NYG,WAS,1477.1844,1531.1099,10,7,1,0,-11.725499999999826,0.5909090909090909,1.0
2022,13,REG,PHI,TEN,1616.9546,1577.9131,7,7,0,1,81.24150000000004,0.5909090909090909,1.0
2022,13,REG,LA,SEA,1478.7109,1506.9431,7,7,1,0,13.967800000000082,0.5909090909090909,1.0
2022,13,REG,SF,MIA,1596.1232,1582.8929,7,7,0,1,55.430299999999946,0.5909090909090909,1.0
2022,13,REG,CIN,KC,1590.4261,1675.8522,7,7,0,1,-43.22610000000013,0.5909090909090909,1.0
2022,13,REG,LV,LAC,1468.5125,1516.4751,7,7,1,1,-5.762600000000063,0.5909090909090909,1.0
2022,13,REG,DAL,IND,1602.2004,1461.5062,10,6,0,1,182.8941999999999,0.5909090909090909,1.0
2022,13,REG,TB,NO,1525.9475,1453.8249,8,8,1,1,114.32259999999992,0.5909090909090909,1.0
2022,14,REG,LA,LV,1457.9073,1488.8442,4,4,0,1,11.26310000000008,0.6363636363636364,1.0
2022,14,REG,BUF,NYJ,1640.7162,1489.3547,10,7,1,1,193.56149999999997,0.6363636363636364,1.0
2022,14,REG,CIN,CLE,1612.9016,1476.4082,7,7,1,1,178.69339999999983,0.6363636363636364,1.0
2022,14,REG,DAL,HOU,1612.5477,1306.2757,7,7,0,1,348.47200000000015,0.6363636363636364,1.0
2022,14,REG,DET,MIN,1445.0769,1630.268,7,7,1,1,-142.99110000000002,0.6363636363636364,1.0
2022,14,REG,NYG,PHI,1457.8591,1632.3614,7,7,1,0,-132.30230000000012,0.6363636363636364,1.0
2022,14,REG,PIT,BAL,1505.1129,1547.9333,7,7,1,0,-0.6203999999998331,0.6363636363636364,1.0
2022,14,REG,TEN,JAX,1562.5063,1374.1798,7,7,1,0,230.5265000000001,0.6363636363636364,1.0
2022,14,REG,DEN,KC,1365.6412,1653.3767,7,7,1,0,-245.5355,0.6363636363636364,1.0
2022,14,REG,SEA,CAR,1527.7467,1407.1461,7,14,0,0,162.80059999999997,0.6363636363636364,1.0
2022,14,REG,SF,TB,1612.9592,1539.5942,7,6,0,1,115.56500000000001,0.6363636363636364,1.0
2022,14,REG,LAC,MIA,1496.1434,1566.0569,7,7,0,1,-27.71350000000011,0.6363636363636364,1.0
2022,14,REG,ARI,NE,1448.0005,1518.5738,15,11,0,0,-28.373299999999787,0.6363636363636364,1.0
2022,15,REG,SEA,SF,1499.0057,1626.5417,4,4,1,0,-85.33600000000006,0.6818181818181818,1.0
2022,15,REG,MIN,IND,1602.472,1451.1589,6,13,0,1,193.51310000000007,0.6818181818181818,1.0
2022,15,REG,CLE,BAL,1465.8743,1567.8976,6,6,1,1,-59.82330000000006,0.6818181818181818,1.0
2022,15,REG,BUF,MIA,1650.5995,1544.465,6,6,1,1,148.3345000000001,0.6818181818181818,1.0
2022,15,REG,CAR,PIT,1435.8871,1485.1486,7,7,0,0,-7.061500000000066,0.6818181818181818,1.0
2022,15,REG,CHI,PHI,1359.9112,1645.0934,14,7,0,0,-242.98219999999998,0.6818181818181818,1.0
2022,15,REG,HOU,KC,1301.5326,1661.2045,7,7,0,0,-317.47190000000006,0.6818181818181818,1.0
2022,15,REG,JAX,DAL,1405.7937,1617.2908,7,7,0,1,-169.29710000000006,0.6818181818181818,1.0
2022,15,REG,NO,ATL,1440.1782,1424.9867,13,14,1,1,57.391500000000136,0.6818181818181818,1.0
2022,15,REG,NYJ,DET,1479.4714,1472.8729,7,7,0,0,48.798499999999834,0.6818181818181818,1.0
2022,15,REG,DEN,ARI,1357.8134,1429.6302,7,6,0,1,-29.616800000000055,0.6818181818181818,1.0
2022,15,REG,LV,NE,1469.4923,1536.9441,10,6,0,1,-25.251800000000046,0.6818181818181818,1.0
2022,15,REG,LAC,TEN,1517.7353,1530.8924,7,7,0,1,29.042900000000103,0.6818181818181818,1.0
2022,15,REG,TB,CIN,1526.0117,1623.4355,7,7,0,0,-55.223800000000026,0.6818181818181818,1.0
2022,15,REG,WAS,NYG,1550.4352,1445.1271,14,7,1,0,147.50809999999996,0.6818181818181818,1.0
2022,15,REG,GB,LA,1497.037,1477.2592,15,11,0,1,61.97780000000007,0.6818181818181818,1.0
2022,16,REG,NYJ,JAX,1456.6807,1434.8347,4,4,0,0,64.04599999999978,0.7272727272727273,1.0
2022,16,REG,BAL,ATL,1544.4875,1408.2607,7,6,0,1,178.4267999999999,0.7272727272727273,1.0
2022,16,REG,CAR,DET,1416.2935,1495.6636,6,6,0,1,-37.17010000000009,0.7272727272727273,1.0
2022,16,REG,CHI,BUF,1351.9904,1662.5443,6,7,0,0,-268.3539000000001,0.7272727272727273,1.0
2022,16,REG,CLE,NO,1489.2844,1456.9042,7,6,0,0,74.58020000000006,0.7272727272727273,1.0
2022,16,REG,KC,SEA,1666.7459,1483.8216,6,9,0,1,225.1242999999999,0.7272727272727273,1.0
2022,16,REG,MIN,NYG,1612.3574,1473.1424,7,6,0,1,181.41500000000013,0.7272727272727273,1.0
2022,16,REG,NE,CIN,1515.493,1640.2831,6,6,0,0,-82.59010000000016,0.7272727272727273,1.0
2022,16,REG,TEN,HOU,1512.5604,1295.9912,6,6,1,0,258.7692000000001,0.7272727272727273,1.0
2022,16,REG,SF,WAS,1641.7258,1522.4199,9,6,0,1,161.50589999999983,0.7272727272727273,1.0
2022,16,REG,DAL,PHI,1588.2498,1653.0142,6,6,1,1,-22.56440000000002,0.7272727272727273,1.0
2022,16,REG,PIT,LV,1504.7422,1490.9434,6,6,0,1,55.998799999999804,0.7272727272727273,1.0
2022,16,REG,MIA,GB,1532.5202,1513.5066,8,6,0,0,61.2136,0.7272727272727273,1.0
2022,16,REG,LA,DEN,1460.7896,1379.5142,6,7,0,1,123.4754,0.7272727272727273,1.0
2022,16,REG,ARI,TB,1407.9294,1509.1641,7,7,0,0,-59.03469999999997,0.7272727272727273,1.0
2022,16,REG,IND,LAC,1441.2735,1536.0673,9,8,0,0,-52.593799999999916,0.7272727272727273,1.0
2022,17,REG,TEN,DAL,1479.9197,1609.5469,5,5,0,0,-87.42720000000013,0.7727272727272727,1.0
2022,17,REG,ATL,ARI,1397.7149,1391.2954,8,7,0,1,48.619499999999974,0.7727272727272727,1.0
2022,17,REG,DET,CHI,1473.532,1344.9567,8,8,1,1,170.77529999999996,0.7727272727272727,1.0
2022,17,REG,HOU,JAX,1328.6319,1458.4803,8,10,1,0,-87.64839999999985,0.7727272727272727,1.0
2022,17,REG,KC,DEN,1675.34,1366.3372,8,7,1,1,351.20279999999997,0.7727272727272727,1.0
2022,17,REG,NE,MIA,1500.1597,1509.0325,8,7,1,1,33.327199999999905,0.7727272727272727,1.0
2022,17,REG,NYG,IND,1462.7296,1424.2781,8,6,0,1,80.6514999999999,0.7727272727272727,1.0
2022,17,REG,PHI,NO,1631.7171,1481.1326,8,8,0,0,192.78450000000015,0.7727272727272727,1.0
2022,17,REG,TB,CAR,1525.7981,1438.4251,7,8,1,1,129.57300000000004,0.7727272727272727,1.0
2022,17,REG,WAS,CLE,1511.1005,1465.056,8,8,0,0,88.24449999999997,0.7727272727272727,1.0
2022,17,REG,LV,SF,1474.1393,1653.0452,8,8,0,0,-136.70589999999999,0.7727272727272727,1.0
2022,17,REG,SEA,NYJ,1475.2275,1433.0351,8,10,0,1,84.39239999999991,0.7727272727272727,1.0
2022,17,REG,GB,MIN,1536.9943,1622.7702,7,8,1,1,-43.57589999999986,0.7727272727272727,1.0
2022,17,REG,LAC,LA,1553.0627,1473.9666,6,7,0,1,121.29609999999998,0.7727272727272727,1.0
2022,17,REG,BAL,PIT,1555.0333,1521.5463,8,8,1,0,75.68700000000008,0.7727272727272727,1.0
2022,18,REG,LV,KC,1461.6263,1680.0178,6,6,1,0,-176.1915000000002,0.8181818181818182,1.0
2022,18,REG,JAX,TEN,1473.5392,1464.8488,6,9,1,1,50.89039999999996,0.8181818181818182,1.0
2022,18,REG,ATL,TB,1414.9343,1538.6669,7,7,1,1,-81.53260000000004,0.8181818181818182,1.0
2022,18,REG,BUF,NE,1669.578,1518.2471,6,7,1,1,193.53089999999992,0.8181818181818182,1.0
2022,18,REG,CHI,MIN,1334.0653,1600.2748,7,7,1,0,-224.00949999999995,0.8181818181818182,1.0
2022,18,REG,CIN,BAL,1655.6164,1530.744,6,7,1,1,167.0724000000002,0.8181818181818182,1.0
2022,18,REG,IND,HOU,1408.8391,1313.573,7,7,1,0,137.4660999999998,0.8181818181818182,1.0
2022,18,REG,MIA,NYJ,1490.9451,1417.7998,7,7,1,1,115.34529999999991,0.8181818181818182,1.0
2022,18,REG,NO,CAR,1511.216,1425.5563,7,7,1,0,127.85969999999993,0.8181818181818182,1.0
2022,18,REG,PIT,CLE,1545.8356,1490.0293,7,7,1,1,98.0063000000002,0.8181818181818182,1.0
2022,18,REG,DEN,LAC,1361.6594,1566.3508,7,7,1,1,-162.49139999999994,0.8181818181818182,1.0
2022,18,REG,PHI,NYG,1601.6337,1478.1686,7,7,1,1,165.6651000000001,0.8181818181818182,1.0
2022,18,REG,SEA,LA,1490.4628,1460.6785,7,7,1,1,71.98430000000003,0.8181818181818182,1.0
2022,18,REG,SF,ARI,1665.5582,1374.076,7,7,1,1,333.6821999999999,0.8181818181818182,1.0
2022,18,REG,WAS,DAL,1486.1272,1624.6178,7,10,1,1,-96.29060000000008,0.8181818181818182,1.0
2022,18,REG,GB,DET,1559.4897,1484.4234,7,7,1,0,117.26630000000019,0.8181818181818182,1.0
2023,1,REG,KC,DET,1646.4429,1507.7972,7,7,0,0,180.84570000000002,0.045454545454545456,1.0
2023,1,REG,ATL,CAR,1464.966,1472.8008,7,7,1,1,34.365199999999916,0.045454545454545456,1.0
2023,1,REG,BAL,HOU,1505.7982,1405.8986,7,7,0,1,142.09959999999995,0.045454545454545456,1.0
2023,1,REG,CLE,CIN,1486.5556,1612.2328,7,7,1,1,-83.47720000000008,0.045454545454545456,1.0
2023,1,REG,IND,JAX,1430.0287,1503.8249,7,7,1,0,-31.596199999999996,0.045454545454545456,1.0
2023,1,REG,MIN,TB,1545.2001,1497.046,7,7,0,0,90.35409999999997,0.045454545454545456,1.0
2023,1,REG,NO,TEN,1491.7426,1469.8945,7,7,0,1,64.04809999999993,0.045454545454545456,1.0
2023,1,REG,PIT,SF,1537.4433,1604.953,7,7,0,0,-25.309700000000063,0.045454545454545456,1.0
2023,1,REG,WAS,ARI,1508.1594,1422.6191,7,7,0,1,127.74030000000012,0.045454545454545456,1.0
2023,1,REG,CHI,GB,1396.4967,1521.0307,7,7,1,0,-82.3340000000001,0.045454545454545456,1.0
2023,1,REG,DEN,LV,1435.4716,1471.8282,7,7,1,0,5.843400000000159,0.045454545454545456,1.0
2023,1,REG,LAC,MIA,1509.2159,1497.5489,7,7,0,0,53.86699999999992,0.045454545454545456,1.0
2023,1,REG,NE,PHI,1506.2575,1581.4503,7,7,0,0,-32.99280000000003,0.045454545454545456,1.0
2023,1,REG,SEA,LA,1498.3416,1468.0984,7,7,1,0,72.44319999999989,0.045454545454545456,1.0
2023,1,REG,NYG,DAL,1494.3886,1563.1754,7,7,1,0,-26.586800000000082,0.045454545454545456,1.0
2023,1,REG,NYJ,BUF,1443.7636,1598.7283,7,7,1,1,-112.76469999999999,0.045454545454545456,1.0
2023,2,REG,PHI,MIN,1599.5568,1520.1131,4,4,0,1,121.64370000000004,0.09090909090909091,1.0
2023,2,REG,ATL,GB,1482.9942,1536.3779,7,7,0,1,-11.18369999999986,0.09090909090909091,1.0
2023,2,REG,BUF,LV,1572.4558,1492.1645,6,7,0,1,122.49129999999987,0.09090909090909091,1.0
2023,2,REG,CIN,BAL,1587.5178,1518.0458,7,7,1,0,111.67199999999998,0.09090909090909091,1.0
2023,2,REG,DET,SEA,1537.3592,1474.2308,10,7,0,0,105.32840000000006,0.09090909090909091,1.0
2023,2,REG,HOU,IND,1393.651,1411.8425,7,7,1,0,24.008500000000097,0.09090909090909091,1.0
2023,2,REG,JAX,KC,1522.0111,1616.8809,7,10,0,0,-52.669800000000166,0.09090909090909091,1.0
2023,2,REG,TB,CHI,1522.133,1381.1495,7,7,0,1,183.18350000000004,0.09090909090909091,1.0
2023,2,REG,TEN,LAC,1453.5402,1486.1397,7,7,0,1,9.600499999999968,0.09090909090909091,1.0
2023,2,REG,ARI,NYG,1409.6581,1475.9161,7,7,0,0,-24.057999999999808,0.09090909090909091,1.0
2023,2,REG,LA,SF,1492.2092,1623.4986,7,7,1,0,-89.08939999999988,0.09090909090909091,1.0
2023,2,REG,DAL,NYJ,1581.6479,1470.0361,7,6,0,1,153.8117999999999,0.09090909090909091,1.0
2023,2,REG,DEN,WAS,1415.1353,1521.1204,7,7,0,0,-63.7851000000001,0.09090909090909091,1.0
2023,2,REG,NE,MIA,1488.151,1520.6251,7,7,1,0,9.725900000000095,0.09090909090909091,1.0
2023,2,REG,CAR,NO,1454.7726,1508.0969,8,8,1,0,-11.124299999999991,0.09090909090909091,1.0
2023,2,REG,PIT,CLE,1518.8977,1511.2706,8,8,1,1,49.82709999999993,0.09090909090909091,1.0
2023,3,REG,SF,NYG,1638.4797,1494.5334,4,4,0,1,186.14630000000005,0.13636363636363635,1.0
2023,3,REG,BAL,IND,1544.2616,1433.2223,7,7,0,0,153.23930000000013,0.13636363636363635,1.0
2023,3,REG,CLE,TEN,1494.1194,1472.9877,6,7,0,1,63.33170000000014,0.13636363636363635,1.0
2023,3,REG,DET,ATL,1511.4752,1503.6378,7,7,0,1,50.03740000000012,0.13636363636363635,1.0
2023,3,REG,GB,NO,1515.7343,1527.4568,7,6,0,1,30.47750000000015,0.13636363636363635,1.0
2023,3,REG,JAX,HOU,1505.02,1372.2712,7,7,1,0,174.94880000000006,0.13636363636363635,1.0
2023,3,REG,MIA,DEN,1541.1848,1398.7664,7,7,0,1,184.6184,0.13636363636363635,1.0
2023,3,REG,MIN,LAC,1506.8427,1466.6922,10,7,0,0,82.35049999999997,0.13636363636363635,1.0
2023,3,REG,NYJ,NE,1458.3538,1467.5913,7,7,1,0,32.96250000000005,0.13636363636363635,1.0
2023,3,REG,WAS,BUF,1537.4893,1585.683,7,7,0,0,-5.9937000000000324,0.13636363636363635,1.0
2023,3,REG,SEA,CAR,1500.1148,1435.4127,7,6,0,1,106.90209999999998,0.13636363636363635,1.0
2023,3,REG,ARI,DAL,1391.0408,1593.3302,7,7,0,1,-160.08940000000013,0.13636363636363635,1.0
2023,3,REG,KC,CHI,1633.872,1370.8149,7,7,0,1,305.2571,0.13636363636363635,1.0
2023,3,REG,LV,PIT,1478.9373,1536.0489,7,6,0,0,-14.91159999999995,0.13636363636363635,1.0
2023,3,REG,TB,PHI,1532.4676,1612.8272,8,11,0,0,-38.1596,0.13636363636363635,1.0
2023,3,REG,CIN,LA,1561.302,1477.2281,8,8,0,1,126.27389999999987,0.13636363636363635,1.0
2023,4,REG,GB,DET,1533.9844,1528.6146,4,4,1,0,47.569799999999944,0.18181818181818182,1.0
2023,4,REG,JAX,ATL,1475.722,1486.4984,7,7,0,1,31.423600000000036,0.18181818181818182,1.0
2023,4,REG,BUF,MIA,1605.338,1551.4562,7,7,1,1,96.08179999999989,0.18181818181818182,1.0
2023,4,REG,CAR,MIN,1421.3794,1482.189,7,7,0,0,-18.609600000000043,0.18181818181818182,1.0
2023,4,REG,CHI,DEN,1364.9293,1388.495,7,7,0,0,18.634300000000124,0.18181818181818182,1.0
2023,4,REG,CLE,BAL,1510.5136,1515.9712,7,7,1,0,36.742400000000046,0.18181818181818182,1.0
2023,4,REG,HOU,PIT,1401.5692,1555.191,7,7,0,1,-111.42180000000012,0.18181818181818182,1.0
2023,4,REG,IND,LA,1461.5127,1464.193,7,6,0,0,39.519700000000014,0.18181818181818182,1.0
2023,4,REG,NO,TB,1509.2067,1514.6555,7,6,1,0,36.75119999999988,0.18181818181818182,1.0
2023,4,REG,PHI,WAS,1630.6393,1517.8343,6,7,1,1,155.00500000000005,0.18181818181818182,1.0
2023,4,REG,TEN,CIN,1456.5935,1574.3371,7,6,0,1,-75.54360000000001,0.18181818181818182,1.0
2023,4,REG,LAC,LV,1491.3459,1459.7952,7,7,1,1,73.75070000000001,0.18181818181818182,1.0
2023,4,REG,DAL,NE,1564.7159,1489.4831,7,7,0,1,117.4328,0.18181818181818182,1.0
2023,4,REG,SF,ARI,1648.6841,1419.6551,10,7,1,1,271.229,0.18181818181818182,1.0
2023,4,REG,NYJ,KC,1436.462,1639.7576,7,7,0,0,-161.09559999999993,0.18181818181818182,1.0
2023,4,REG,NYG,SEA,1484.329,1514.1481,11,8,0,0,12.38089999999984,0.18181818181818182,1.0
2023,5,REG,WAS,CHI,1506.2087,1343.8577,4,4,0,0,204.55099999999987,0.22727272727272727,1.0
2023,5,REG,BUF,JAX,1619.9439,1493.918,7,7,0,0,168.22590000000008,0.22727272727272727,1.0
2023,5,REG,ATL,HOU,1468.3024,1427.772,7,7,0,1,82.7304000000001,0.22727272727272727,1.0
2023,5,REG,DET,CAR,1551.336,1402.4496,10,7,0,1,191.08640000000008,0.22727272727272727,1.0
2023,5,REG,IND,TEN,1439.2475,1480.8749,7,7,1,1,0.5725999999999232,0.22727272727272727,1.0
2023,5,REG,MIA,NYG,1536.8503,1463.6166,7,6,0,1,115.4337,0.22727272727272727,1.0
2023,5,REG,NE,NO,1475.9969,1487.099,7,7,0,0,31.097900000000166,0.22727272727272727,1.0
2023,5,REG,PIT,BAL,1528.9882,1538.0784,7,7,1,1,33.10979999999991,0.22727272727272727,1.0
2023,5,REG,ARI,CIN,1412.7168,1550.0557,7,7,0,0,-95.13889999999996,0.22727272727272727,1.0
2023,5,REG,LA,PHI,1486.4582,1642.2649,7,7,0,0,-113.60669999999986,0.22727272727272727,1.0
2023,5,REG,DEN,NYJ,1409.5666,1425.1234,7,7,0,0,26.643200000000164,0.22727272727272727,1.0
2023,5,REG,MIN,KC,1501.1188,1651.0962,7,7,0,0,-107.77739999999999,0.22727272727272727,1.0
2023,5,REG,SF,DAL,1655.6224,1578.2021,7,7,0,1,119.6203,0.22727272727272727,1.0
2023,5,REG,LV,GB,1443.978,1511.263,8,11,0,1,-25.08499999999985,0.22727272727272727,1.0
2023,6,REG,KC,DEN,1665.0837,1388.0359,4,4,1,1,319.2477999999998,0.2727272727272727,1.0
2023,6,REG,TEN,BAL,1460.9079,1519.9786,7,7,0,0,-16.870699999999985,0.2727272727272727,1.0
2023,6,REG,ATL,WAS,1483.6281,1475.6289,7,10,0,0,50.199199999999976,0.2727272727272727,1.0
2023,6,REG,CHI,MIN,1374.4375,1487.1313,10,7,1,0,-70.49380000000001,0.2727272727272727,1.0
2023,6,REG,CIN,SEA,1564.712,1534.8605,7,13,0,1,72.05149999999999,0.2727272727272727,1.0
2023,6,REG,CLE,SF,1488.4064,1668.9963,14,7,0,1,-138.38989999999995,0.2727272727272727,1.0
2023,6,REG,HOU,NO,1412.4463,1508.8844,7,7,0,1,-54.23809999999985,0.2727272727272727,1.0
2023,6,REG,JAX,IND,1522.9099,1459.2145,7,7,1,1,105.89540000000007,0.2727272727272727,1.0
2023,6,REG,MIA,CAR,1550.4396,1392.4599,7,7,0,1,200.17969999999985,0.2727272727272727,1.0
2023,6,REG,LV,NE,1465.4195,1454.2115,6,7,0,1,53.40800000000009,0.2727272727272727,1.0
2023,6,REG,LA,ARI,1472.7744,1398.0605,7,7,1,1,116.91389999999997,0.2727272727272727,1.0
2023,6,REG,NYJ,PHI,1446.6541,1655.9487,7,7,0,1,-167.09459999999996,0.2727272727272727,1.0
2023,6,REG,TB,DET,1536.7632,1561.3257,14,7,0,0,17.637500000000003,0.2727272727272727,1.0
2023,6,REG,BUF,NYG,1590.952,1450.0273,7,7,0,1,183.12470000000002,0.2727272727272727,1.0
2023,6,REG,LAC,DAL,1507.1631,1564.8282,15,8,0,0,-15.465099999999936,0.2727272727272727,1.0
2023,7,REG,NO,JAX,1485.7873,1536.9961,4,4,0,0,-9.008800000000107,0.3181818181818182,1.0
2023,7,REG,BAL,DET,1539.0082,1582.3401,7,7,0,1,-1.1318999999999022,0.3181818181818182,1.0
2023,7,REG,CHI,LV,1358.4407,1482.3691,7,7,0,1,-81.72839999999978,0.3181818181818182,1.0
2023,7,REG,IND,CLE,1445.1283,1515.9766,7,7,0,0,-28.648299999999878,0.3181818181818182,1.0
2023,7,REG,NE,BUF,1437.2619,1601.2892,7,7,1,1,-121.82729999999997,0.3181818181818182,1.0
2023,7,REG,NYG,WAS,1439.6901,1498.4987,7,7,1,1,-16.608600000000067,0.3181818181818182,1.0
2023,7,REG,TB,ATL,1515.7488,1460.7583,7,7,1,0,97.19050000000011,0.3181818181818182,1.0
2023,7,REG,LA,PIT,1486.2873,1547.088,7,14,0,0,-18.600700000000003,0.3181818181818182,1.0
2023,7,REG,SEA,ARI,1518.9497,1384.5476,7,7,1,1,176.60209999999978,0.3181818181818182,1.0
2023,7,REG,DEN,GB,1382.5431,1489.8215,10,13,0,1,-65.07839999999992,0.3181818181818182,1.0
2023,7,REG,KC,LAC,1670.5765,1488.0528,10,6,1,1,224.72369999999995,0.3181818181818182,1.0
2023,7,REG,PHI,MIA,1627.0088,1560.0422,7,7,0,1,109.16659999999997,0.3181818181818182,1.0
2023,7,REG,MIN,SF,1503.1281,1641.4261,8,8,0,1,-96.098,0.3181818181818182,1.0
2023,8,REG,BUF,TB,1574.5502,1490.2956,4,4,0,1,126.45459999999999,0.36363636363636365,1.0
2023,8,REG,CAR,HOU,1382.8573,1435.5434,14,14,0,1,-10.486100000000121,0.36363636363636365,1.0
2023,8,REG,DAL,LA,1583.9385,1467.357,13,7,0,1,158.7815,0.36363636363636365,1.0
2023,8,REG,GB,MIN,1466.1185,1528.5231,7,6,1,0,-20.20460000000007,0.36363636363636365,1.0
2023,8,REG,IND,NO,1426.7737,1466.3058,7,10,0,0,2.667899999999875,0.36363636363636365,1.0
2023,8,REG,MIA,NE,1546.1274,1464.0009,7,7,1,1,124.32650000000008,0.36363636363636365,1.0
2023,8,REG,NYG,NYJ,1460.6454,1475.594,7,14,0,0,27.25140000000006,0.36363636363636365,1.0
2023,8,REG,PIT,JAX,1566.0183,1556.4776,7,10,0,0,51.74070000000002,0.36363636363636365,1.0
2023,8,REG,TEN,ATL,1441.8783,1486.2115,14,7,0,1,-2.1331999999998033,0.36363636363636365,1.0
2023,8,REG,WAS,PHI,1477.5434,1640.9236,7,7,1,0,-121.18020000000006,0.36363636363636365,1.0
2023,8,REG,SEA,CLE,1529.5773,1534.3312,7,7,0,1,37.446099999999845,0.36363636363636365,1.0
2023,8,REG,ARI,BAL,1373.92,1559.0734,7,7,0,0,-142.95339999999993,0.36363636363636365,1.0
2023,8,REG,DEN,KC,1406.2461,1679.1862,7,7,1,1,-230.74010000000004,0.36363636363636365,1.0
2023,8,REG,SF,CIN,1616.0311,1580.6228,6,14,0,0,77.60829999999983,0.36363636363636365,1.0
2023,8,REG,LAC,CHI,1479.4431,1383.0605,7,7,0,1,138.5825999999999,0.36363636363636365,1.0
2023,8,REG,DET,LV,1562.2749,1457.7493,8,8,0,1,146.72559999999993,0.36363636363636365,1.0
2023,9,REG,PIT,TEN,1543.0617,1462.0011,4,4,0,1,123.26060000000003,0.4090909090909091,1.0
2023,9,REG,KC,MIA,1647.5642,1559.2612,7,7,0,1,130.5030000000001,0.4090909090909091,1.0
2023,9,REG,ATL,MIN,1466.0887,1547.3613,7,7,0,0,-39.07260000000001,0.4090909090909091,1.0
2023,9,REG,BAL,SEA,1571.2793,1547.43,7,7,0,1,66.04929999999986,0.4090909090909091,1.0
2023,9,REG,CLE,ARI,1516.4785,1361.7141,7,7,0,1,196.9644,0.4090909090909091,1.0
2023,9,REG,GB,LA,1447.2803,1455.9099,7,7,0,1,33.57039999999979,0.4090909090909091,1.0
2023,9,REG,HOU,TB,1414.94,1477.2696,7,10,0,1,-20.129600000000025,0.4090909090909091,1.0
2023,9,REG,NE,WAS,1450.8671,1464.2493,7,7,0,0,28.81779999999999,0.4090909090909091,1.0
2023,9,REG,NO,CHI,1486.4594,1370.6402,7,7,0,1,158.0191999999999,0.4090909090909091,1.0
2023,9,REG,CAR,IND,1403.4607,1406.6201,7,7,0,0,39.0406,0.4090909090909091,1.0
2023,9,REG,LV,NYG,1445.7268,1439.0799,6,7,0,1,48.84689999999996,0.4090909090909091,1.0
2023,9,REG,PHI,DAL,1654.2177,1595.3856,7,7,1,1,101.03209999999986,0.4090909090909091,1.0
2023,9,REG,CIN,BUF,1605.0174,1587.5762,7,10,0,1,59.641199999999984,0.4090909090909091,1.0
2023,9,REG,NYJ,LAC,1497.1595,1491.8634,8,8,0,0,47.49610000000003,0.4090909090909091,1.0
2023,10,REG,CHI,CAR,1359.1572,1381.2228,4,4,0,1,20.1344000000001,0.45454545454545453,1.0
2023,10,REG,NE,IND,1429.212,1428.858,7,7,0,0,42.554000000000045,0.45454545454545453,1.0
2023,10,REG,BAL,CLE,1587.5223,1526.2168,7,7,1,0,103.50550000000017,0.45454545454545453,1.0
2023,10,REG,CIN,HOU,1621.6175,1436.0975,7,7,0,0,227.71999999999997,0.45454545454545453,1.0
2023,10,REG,JAX,SF,1579.4342,1591.6365,14,14,0,0,29.997699999999853,0.45454545454545453,1.0
2023,10,REG,MIN,NO,1565.1215,1497.9424,7,7,0,1,109.37910000000007,0.45454545454545453,1.0
2023,10,REG,PIT,GB,1556.2497,1465.3538,10,7,0,1,133.09589999999997,0.45454545454545453,1.0
2023,10,REG,TB,TEN,1456.1121,1448.8131,7,10,0,1,49.49899999999998,0.45454545454545453,1.0
2023,10,REG,ARI,ATL,1351.9758,1448.3285,7,7,0,1,-54.15270000000014,0.45454545454545453,1.0
2023,10,REG,LAC,DET,1514.5806,1574.2974,6,13,0,0,-17.516799999999918,0.45454545454545453,1.0
2023,10,REG,DAL,NYG,1581.0429,1421.8734,7,7,1,1,201.36949999999996,0.45454545454545453,1.0
2023,10,REG,SEA,WAS,1531.187,1485.9044,7,7,0,1,87.4826,0.45454545454545453,1.0
2023,10,REG,LV,NYJ,1462.9333,1474.4423,7,6,0,1,30.69099999999999,0.45454545454545453,1.0
2023,10,REG,BUF,DEN,1570.9761,1437.8681,8,15,0,0,175.30800000000016,0.45454545454545453,1.0
2023,11,REG,BAL,CIN,1561.7343,1590.1112,4,4,1,1,13.823100000000025,0.5,1.0
2023,11,REG,CAR,DAL,1362.3805,1590.5956,10,7,0,0,-186.01510000000013,0.5,1.0
2023,11,REG,CLE,PIT,1552.0048,1568.9421,7,7,1,1,25.262699999999953,0.5,1.0
2023,11,REG,DET,CHI,1593.2899,1377.9995,7,10,1,1,257.4904000000001,0.5,1.0
2023,11,REG,GB,LAC,1452.6614,1495.5881,7,7,0,1,-0.7266999999999797,0.5,1.0
2023,11,REG,HOU,ARI,1467.6038,1375.0681,7,7,0,1,134.73570000000012,0.5,1.0
2023,11,REG,JAX,TEN,1557.7117,1431.6434,7,7,1,1,168.26830000000012,0.5,1.0
2023,11,REG,MIA,LV,1546.4391,1481.1712,14,7,0,1,107.46790000000006,0.5,1.0
2023,11,REG,WAS,NYG,1470.8365,1412.3207,7,7,1,0,100.7157999999999,0.5,1.0
2023,11,REG,SF,TB,1613.359,1473.2818,7,7,0,1,182.27719999999994,0.5,1.0
2023,11,REG,BUF,NYJ,1541.6619,1456.2044,6,7,1,1,127.65749999999998,0.5,1.0
2023,11,REG,LA,SEA,1437.8364,1546.2549,14,7,1,1,-66.21849999999999,0.5,1.0
2023,11,REG,DEN,MIN,1467.1823,1579.0252,6,7,0,1,-69.6429000000001,0.5,1.0
2023,11,REG,KC,PHI,1660.3863,1668.5604,15,15,0,0,34.02589999999982,0.5,1.0
2023,12,REG,DET,GB,1600.6935,1472.7032,4,4,1,0,170.19030000000015,0.5454545454545454,1.0
2023,12,REG,DAL,WAS,1600.8057,1445.196,4,4,1,1,197.80969999999996,0.5454545454545454,1.0
2023,12,REG,SEA,SF,1522.4886,1623.7336,4,4,1,0,-59.045000000000115,0.5454545454545454,1.0
2023,12,REG,NYJ,MIA,1443.2392,1560.4428,5,5,1,0,-75.00360000000005,0.5454545454545454,1.0
2023,12,REG,ATL,NO,1425.2362,1484.0387,14,14,1,1,-16.602500000000006,0.5454545454545454,1.0
2023,12,REG,CIN,PIT,1570.9065,1550.3938,10,7,1,0,62.7127,0.5454545454545454,1.0
2023,12,REG,HOU,JAX,1480.2145,1568.7178,7,7,1,0,-46.30329999999985,0.5454545454545454,1.0
2023,12,REG,IND,TB,1451.2954,1462.9072,14,7,0,1,30.588199999999873,0.5454545454545454,1.0
2023,12,REG,NYG,NE,1437.9612,1406.7746,7,14,0,1,73.3866,0.5454545454545454,1.0
2023,12,REG,TEN,CAR,1420.6373,1352.1704,7,7,0,1,110.66690000000013,0.5454545454545454,1.0
2023,12,REG,ARI,LA,1362.4574,1461.6027,7,7,1,0,-56.945299999999904,0.5454545454545454,1.0
2023,12,REG,DEN,CLE,1491.1384,1570.5531,7,7,0,1,-37.214700000000036,0.5454545454545454,1.0
2023,12,REG,LV,KC,1467.1675,1638.4338,7,6,1,0,-129.0663,0.5454545454545454,1.0
2023,12,REG,PHI,BUF,1690.5129,1554.6271,6,7,0,1,178.0858,0.5454545454545454,1.0
2023,12,REG,LAC,BAL,1475.5463,1580.939,7,10,0,0,-63.1927000000001,0.5454545454545454,1.0
2023,12,REG,MIN,CHI,1555.0691,1370.5959,8,8,1,0,226.6731999999999,0.5454545454545454,1.0
2023,13,REG,DAL,SEA,1610.5082,1505.8552,7,7,0,1,146.853,0.5909090909090909,1.0
2023,13,REG,HOU,DEN,1462.8643,1513.2725,7,7,0,1,-8.208200000000076,0.5909090909090909,1.0
2023,13,REG,NE,LAC,1390.9373,1459.1444,7,7,0,0,-26.007099999999852,0.5909090909090909,1.0
2023,13,REG,NO,DET,1463.0837,1571.6116,7,10,0,0,-66.32790000000004,0.5909090909090909,1.0
2023,13,REG,NYJ,ATL,1427.4909,1446.1912,9,7,0,0,23.499700000000033,0.5909090909090909,1.0
2023,13,REG,PIT,ARI,1573.9651,1345.7064,7,7,0,0,270.45869999999985,0.5909090909090909,1.0
2023,13,REG,TEN,IND,1434.4738,1469.5391,7,7,1,0,7.134700000000024,0.5909090909090909,1.0
2023,13,REG,WAS,MIA,1435.4935,1576.1911,10,9,0,0,-98.49759999999996,0.5909090909090909,1.0
2023,13,REG,TB,CAR,1444.6635,1338.3339,7,7,1,1,148.52960000000002,0.5909090909090909,1.0
2023,13,REG,LA,CLE,1478.3537,1548.419,7,7,0,1,-27.865300000000204,0.5909090909090909,1.0
2023,13,REG,PHI,SF,1701.074,1640.367,7,10,0,0,102.90700000000011,0.5909090909090909,1.0
2023,13,REG,GB,KC,1501.7851,1651.328,10,7,0,1,-107.34289999999991,0.5909090909090909,1.0
2023,13,REG,JAX,CIN,1586.068,1547.3352,8,8,0,0,80.9328,0.5909090909090909,1.0
2023,14,REG,PIT,NE,1540.9289,1372.4316,4,4,0,0,210.6973000000002,0.6363636363636364,1.0
2023,14,REG,ATL,TB,1467.5419,1456.5989,7,7,1,0,53.14299999999999,0.6363636363636364,1.0
2023,14,REG,BAL,LA,1597.3409,1499.9543,14,7,0,1,139.5865999999998,0.6363636363636364,1.0
2023,14,REG,CHI,DET,1402.0618,1587.8392,13,7,1,1,-143.57739999999995,0.6363636363636364,1.0
2023,14,REG,CIN,IND,1571.9116,1489.9497,6,7,0,1,124.16190000000002,0.6363636363636364,1.0
2023,14,REG,CLE,JAX,1526.8184,1561.4916,7,6,0,1,7.526800000000051,0.6363636363636364,1.0
2023,14,REG,NO,CAR,1446.8561,1326.3985,7,7,1,1,162.65759999999995,0.6363636363636364,1.0
2023,14,REG,NYJ,HOU,1406.1402,1483.3367,7,7,0,1,-34.99650000000001,0.6363636363636364,1.0
2023,14,REG,LV,MIN,1454.2733,1523.6032,14,13,0,0,-27.12989999999995,0.6363636363636364,1.0
2023,14,REG,SF,SEA,1666.1234,1493.8389,7,10,1,1,214.48449999999997,0.6363636363636364,1.0
2023,14,REG,KC,BUF,1625.3382,1544.066,7,14,0,0,123.47219999999989,0.6363636363636364,1.0
2023,14,REG,LAC,DEN,1477.6501,1492.8001,7,7,1,0,27.05000000000014,0.6363636363636364,1.0
2023,14,REG,DAL,PHI,1622.5245,1675.3176,10,7,1,1,-10.593100000000092,0.6363636363636364,1.0
2023,14,REG,MIA,TEN,1590.6683,1414.0632,8,8,0,0,218.80509999999998,0.6363636363636364,1.0
2023,14,REG,NYG,GB,1453.7985,1527.7749,15,8,0,1,-31.776399999999782,0.6363636363636364,1.0
2023,15,REG,LV,LAC,1435.8319,1456.0961,4,4,1,1,21.93579999999993,0.6818181818181818,1.0
2023,15,REG,CIN,MIN,1585.0538,1542.0446,6,6,0,1,85.20919999999997,0.6818181818181818,1.0
2023,15,REG,IND,PIT,1476.8075,1510.0966,6,9,0,1,8.910899999999813,0.6818181818181818,1.0
2023,15,REG,DET,DEN,1560.0146,1514.3541,6,6,0,1,87.86049999999996,0.6818181818181818,1.0
2023,15,REG,CAR,ATL,1315.1328,1444.5064,7,7,1,1,-87.1735999999999,0.6818181818181818,1.0
2023,15,REG,CLE,CHI,1546.3852,1429.8864,7,7,0,1,158.69879999999984,0.6818181818181818,1.0
2023,15,REG,GB,TB,1505.9508,1479.6344,6,7,0,0,68.51640000000016,0.6818181818181818,1.0
2023,15,REG,MIA,NYJ,1559.5104,1428.148,6,7,1,1,173.56239999999997,0.6818181818181818,1.0
2023,15,REG,NE,KC,1403.2639,1598.5154,10,7,0,0,-153.0515000000001,0.6818181818181818,1.0
2023,15,REG,NO,NYG,1458.1218,1475.6226,7,6,0,1,24.699199999999976,0.6818181818181818,1.0
2023,15,REG,TEN,HOU,1445.2211,1461.3289,6,7,1,0,26.092200000000005,0.6818181818181818,1.0
2023,15,REG,ARI,SF,1378.7426,1675.138,14,7,1,0,-254.1953999999999,0.6818181818181818,1.0
2023,15,REG,LA,WAS,1487.5834,1421.0163,7,14,0,1,108.76709999999999,0.6818181818181818,1.0
2023,15,REG,BUF,DAL,1570.8888,1643.1341,7,7,0,1,-30.04530000000004,0.6818181818181818,1.0
2023,15,REG,JAX,BAL,1541.9248,1609.7118,7,7,0,0,-25.58700000000003,0.6818181818181818,1.0
2023,15,REG,SEA,PHI,1484.8243,1654.708,8,8,0,1,-127.68370000000009,0.6818181818181818,1.0
2023,16,REG,LA,NO,1501.5191,1476.7024,4,4,0,1,67.01670000000009,0.7272727272727273,1.0
2023,16,REG,PIT,CIN,1490.6094,1600.2448,7,7,1,1,-67.43539999999989,0.7272727272727273,1.0
2023,16,REG,LAC,BUF,1437.3572,1592.614,9,6,0,0,-113.05680000000011,0.7272727272727273,1.0
2023,16,REG,ATL,IND,1419.591,1496.2947,7,8,0,1,-34.50370000000002,0.7272727272727273,1.0
2023,16,REG,CAR,GB,1340.0482,1482.057,7,7,0,0,-99.80880000000006,0.7272727272727273,1.0
2023,16,REG,HOU,CLE,1482.8281,1557.8362,7,7,0,0,-32.80810000000001,0.7272727272727273,1.0
2023,16,REG,MIN,DET,1526.8536,1575.0621,8,8,1,0,-6.008500000000183,0.7272727272727273,1.0
2023,16,REG,NYJ,WAS,1417.3833,1407.0806,7,7,0,1,52.50269999999996,0.7272727272727273,1.0
2023,16,REG,TEN,SEA,1423.7219,1511.8604,7,6,0,0,-45.93850000000002,0.7272727272727273,1.0
2023,16,REG,TB,JAX,1503.5282,1523.395,7,7,0,1,22.33319999999999,0.7272727272727273,1.0
2023,16,REG,CHI,ARI,1418.4354,1371.2239,7,7,0,1,89.41150000000012,0.7272727272727273,1.0
2023,16,REG,MIA,DAL,1570.2751,1621.4089,7,7,0,1,-8.933799999999835,0.7272727272727273,1.0
2023,16,REG,DEN,NE,1499.3066,1391.5454,8,7,0,0,149.9611999999999,0.7272727272727273,1.0
2023,16,REG,KC,LV,1610.2339,1454.5708,8,11,1,0,197.86309999999997,0.7272727272727273,1.0
2023,16,REG,PHI,NYG,1627.6719,1457.042,7,8,1,1,212.82990000000012,0.7272727272727273,1.0
2023,16,REG,SF,BAL,1682.6567,1628.2416,8,8,0,0,96.61509999999994,0.7272727272727273,1.0
2023,17,REG,CLE,NYJ,1575.9532,1434.3838,4,4,0,1,183.76939999999985,0.7727272727272727,1.0
2023,17,REG,DAL,DET,1600.8947,1594.7163,6,6,0,1,48.37840000000001,0.7727272727272727,1.0
2023,17,REG,BAL,MIA,1653.6642,1590.7893,6,7,0,1,105.07490000000003,0.7727272727272727,1.0
2023,17,REG,BUF,NE,1606.3263,1419.6789,8,7,1,1,228.84739999999982,0.7727272727272727,1.0
2023,17,REG,CHI,ATL,1433.3992,1441.5707,7,7,0,1,34.02850000000008,0.7727272727272727,1.0
2023,17,REG,HOU,TEN,1464.7111,1406.351,7,7,1,1,100.56009999999988,0.7727272727272727,1.0
2023,17,REG,IND,LV,1474.315,1484.8706,7,6,0,1,31.64440000000009,0.7727272727272727,1.0
2023,17,REG,JAX,CAR,1504.6788,1325.6407,7,7,0,1,221.23809999999997,0.7727272727272727,1.0
2023,17,REG,NYG,LA,1447.9607,1517.7085,6,10,0,0,-27.547799999999867,0.7727272727272727,1.0
2023,17,REG,PHI,ARI,1636.7532,1356.2601,6,7,0,0,322.69310000000013,0.7727272727272727,1.0
2023,17,REG,TB,NO,1522.2444,1460.513,7,10,1,0,103.93140000000012,0.7727272727272727,1.0
2023,17,REG,WAS,SF,1390.0801,1657.2341,7,6,0,0,-224.954,0.7727272727272727,1.0
2023,17,REG,SEA,PIT,1529.2313,1514.4433,7,8,0,0,56.988000000000014,0.7727272727272727,1.0
2023,17,REG,DEN,LAC,1471.1731,1423.6449,7,8,1,1,89.72819999999997,0.7727272727272727,1.0
2023,17,REG,KC,CIN,1579.9341,1576.4109,6,8,0,1,45.72319999999986,0.7727272727272727,1.0
2023,17,REG,MIN,GB,1507.1994,1496.4645,7,7,1,0,52.93489999999993,0.7727272727272727,1.0
2023,18,REG,BAL,PIT,1667.7935,1537.6947,6,6,1,0,172.29879999999997,0.8181818181818182,1.0
2023,18,REG,IND,HOU,1492.4984,1479.0788,6,6,1,0,55.61959999999995,0.8181818181818182,1.0
2023,18,REG,CAR,TB,1316.8947,1496.4339,7,7,1,0,-137.33919999999995,0.8181818181818182,1.0
2023,18,REG,CIN,CLE,1559.0278,1586.2619,7,10,1,1,14.965900000000104,0.8181818181818182,1.0
2023,18,REG,DET,MIN,1577.4833,1484.1756,8,7,1,1,135.50770000000006,0.8181818181818182,1.0
2023,18,REG,NE,NYJ,1411.2285,1424.0751,7,10,1,0,29.353399999999922,0.8181818181818182,1.0
2023,18,REG,NO,ATL,1486.3235,1423.5233,7,7,1,1,105.00019999999991,0.8181818181818182,1.0
2023,18,REG,TEN,JAX,1391.9833,1513.4248,7,7,1,1,-79.2414999999999,0.8181818181818182,1.0
2023,18,REG,ARI,SEA,1390.8606,1505.9799,7,7,1,0,-72.91930000000006,0.8181818181818182,1.0
2023,18,REG,GB,CHI,1519.4883,1451.4466,7,7,1,1,110.2417,0.8181818181818182,1.0
2023,18,REG,LAC,KC,1408.6982,1597.3172,7,7,1,0,-146.41899999999993,0.8181818181818182,1.0
2023,18,REG,LV,DEN,1466.6872,1486.1198,7,7,1,1,22.767400000000137,0.8181818181818182,1.0
2023,18,REG,NYG,PHI,1429.5432,1602.1527,7,7,1,1,-130.40950000000004,0.8181818181818182,1.0
2023,18,REG,SF,LA,1665.8348,1536.126,7,7,1,0,171.9088000000001,0.8181818181818182,1.0
2023,18,REG,WAS,DAL,1381.4794,1618.1277,7,8,1,0,-194.44830000000007,0.8181818181818182,1.0
2023,18,REG,MIA,BUF,1576.66,1614.7767,7,7,1,0,4.083300000000193,0.8181818181818182,1.0
2024,1,REG,KC,BAL,1624.563,1576.8236,7,7,0,1,89.93940000000016,0.045454545454545456,1.0
2024,1,REG,PHI,GB,1530.8402,1531.1508,7,7,0,1,41.88940000000021,0.045454545454545456,1.0
2024,1,REG,ATL,PIT,1446.8741,1531.389,7,7,0,0,-42.314899999999895,0.045454545454545456,1.0
2024,1,REG,BUF,ARI,1575.0829,1426.2386,7,7,0,1,191.0443000000002,0.045454545454545456,1.0
2024,1,REG,CHI,TEN,1463.7927,1451.1204,7,7,0,1,54.87229999999995,0.045454545454545456,1.0
2024,1,REG,CIN,NE,1548.1401,1434.9657,7,7,0,0,155.3744000000001,0.045454545454545456,1.0
2024,1,REG,IND,HOU,1482.8343,1509.4911,7,7,1,0,15.543200000000027,0.045454545454545456,1.0
2024,1,REG,MIA,JAX,1524.5421,1494.6045,7,7,0,1,72.13759999999998,0.045454545454545456,1.0
2024,1,REG,NO,CAR,1501.514,1383.8878,7,7,1,1,159.82619999999991,0.045454545454545456,1.0
2024,1,REG,NYG,MIN,1475.2698,1484.2019,7,7,0,0,33.26790000000001,0.045454545454545456,1.0
2024,1,REG,LAC,LV,1439.2365,1492.4671,7,7,1,1,-11.030600000000092,0.045454545454545456,1.0
2024,1,REG,SEA,DEN,1514.3457,1481.6971,7,7,0,1,74.84859999999999,0.045454545454545456,1.0
2024,1,REG,CLE,DAL,1526.1755,1558.229,7,7,0,0,10.146500000000017,0.045454545454545456,1.0
2024,1,REG,TB,WAS,1512.2554,1424.2204,7,7,0,1,130.23500000000007,0.045454545454545456,1.0
2024,1,REG,DET,LA,1565.1028,1528.7535,7,7,0,1,78.54929999999986,0.045454545454545456,1.0
2024,1,REG,SF,NYJ,1590.6936,1468.6965,7,7,0,1,164.19710000000003,0.045454545454545456,1.0
2024,2,REG,MIA,BUF,1540.4482,1585.0744,4,4,1,0,-2.4261999999999233,0.09090909090909091,1.0
2024,2,REG,BAL,LV,1561.8883,1471.8323,10,7,0,0,132.25600000000003,0.09090909090909091,1.0
2024,2,REG,CAR,LAC,1372.4898,1459.8713,7,7,0,0,-45.18149999999996,0.09090909090909091,1.0
2024,2,REG,DAL,NO,1578.8129,1512.912,7,7,0,0,108.10089999999987,0.09090909090909091,1.0
2024,2,REG,DET,TB,1580.6566,1525.0909,7,7,0,0,97.76570000000011,0.09090909090909091,1.0
2024,2,REG,GB,IND,1513.5505,1461.9402,9,7,0,1,93.81030000000005,0.09090909090909091,1.0
2024,2,REG,JAX,CLE,1478.6984,1505.5916,7,7,0,0,15.306800000000024,0.09090909090909091,1.0
2024,2,REG,MIN,SF,1506.1111,1601.8877,7,6,0,1,-53.576599999999914,0.09090909090909091,1.0
2024,2,REG,NE,SEA,1463.3577,1530.1025,7,7,0,0,-24.544799999999938,0.09090909090909091,1.0
2024,2,REG,TEN,NYJ,1434.2531,1457.5024,7,6,0,0,18.950699999999827,0.09090909090909091,1.0
2024,2,REG,WAS,NYG,1411.3849,1453.3606,7,7,1,1,0.22430000000004213,0.09090909090909091,1.0
2024,2,REG,ARI,LA,1416.2471,1513.1997,7,7,1,1,-54.752599999999845,0.09090909090909091,1.0
2024,2,REG,DEN,PIT,1465.9403,1548.9651,7,7,0,0,-40.82479999999991,0.09090909090909091,1.0
2024,2,REG,KC,CIN,1639.4983,1519.7481,10,7,0,1,161.95019999999994,0.09090909090909091,1.0
2024,2,REG,HOU,CHI,1530.3852,1480.66,7,7,0,1,91.92519999999986,0.09090909090909091,1.0
2024,2,REG,PHI,ATL,1548.4405,1429.298,10,8,0,0,161.34249999999992,0.09090909090909091,1.0
2024,3,REG,NYJ,NE,1478.5922,1444.7683,4,4,1,1,76.0239000000001,0.13636363636363635,1.0
2024,3,REG,CLE,NYG,1526.4722,1433.3735,7,7,0,0,135.2987,0.13636363636363635,1.0
2024,3,REG,IND,CHI,1447.2128,1465.8315,7,7,0,1,23.581300000000013,0.13636363636363635,1.0
2024,3,REG,MIN,HOU,1529.171,1545.2137,7,7,0,1,26.157300000000035,0.13636363636363635,1.0
2024,3,REG,NO,PHI,1538.9415,1519.7675,7,6,0,0,61.37399999999998,0.13636363636363635,1.0
2024,3,REG,PIT,LAC,1566.6258,1477.285,7,7,0,1,131.54079999999993,0.13636363636363635,1.0
2024,3,REG,TB,DEN,1550.5748,1448.2796,7,7,0,0,144.4952,0.13636363636363635,1.0
2024,3,REG,TEN,GB,1413.1633,1528.2779,7,7,0,0,-72.9146000000001,0.13636363636363635,1.0
2024,3,REG,LV,CAR,1499.098,1355.0761,7,7,0,0,186.22189999999995,0.13636363636363635,1.0
2024,3,REG,SEA,MIA,1548.6919,1520.5879,7,10,0,1,70.30400000000004,0.13636363636363635,1.0
2024,3,REG,ARI,DET,1439.3731,1555.1727,7,7,0,0,-73.59960000000005,0.13636363636363635,1.0
2024,3,REG,DAL,BAL,1552.7834,1534.6226,7,7,0,0,60.36080000000011,0.13636363636363635,1.0
2024,3,REG,LA,SF,1490.0737,1578.8278,7,7,1,1,-46.554100000000105,0.13636363636363635,1.0
2024,3,REG,ATL,KC,1457.971,1650.797,6,7,0,0,-150.62600000000003,0.13636363636363635,1.0
2024,3,REG,BUF,JAX,1604.9347,1457.8178,11,8,0,1,189.31689999999998,0.13636363636363635,1.0
2024,3,REG,CIN,WAS,1508.4494,1431.372,8,8,0,0,119.2773999999999,0.13636363636363635,1.0
2024,4,REG,NYG,DAL,1460.7907,1529.3433,4,4,1,0,-26.35259999999998,0.18181818181818182,1.0
2024,4,REG,ATL,NO,1446.1365,1515.4448,7,7,1,1,-27.108299999999915,0.18181818181818182,1.0
2024,4,REG,CAR,CIN,1384.875,1481.8409,7,6,0,0,-54.76589999999992,0.18181818181818182,1.0
2024,4,REG,CHI,LA,1447.1869,1512.7376,7,7,0,1,-23.350700000000003,0.18181818181818182,1.0
2024,4,REG,GB,MIN,1544.1412,1547.6681,7,7,1,0,38.673099999999934,0.18181818181818182,1.0
2024,4,REG,HOU,JAX,1526.7166,1447.7515,7,6,1,1,121.1650999999999,0.18181818181818182,1.0
2024,4,REG,IND,PIT,1465.8574,1579.3959,7,7,0,1,-71.33849999999988,0.18181818181818182,1.0
2024,4,REG,NYJ,DEN,1494.2844,1476.1489,10,7,0,0,60.335500000000096,0.18181818181818182,1.0
2024,4,REG,TB,PHI,1522.7055,1543.2642,7,7,0,1,21.64129999999996,0.18181818181818182,1.0
2024,4,REG,ARI,WAS,1423.5476,1457.9805,7,6,0,0,7.767100000000212,0.18181818181818182,1.0
2024,4,REG,SF,NE,1556.1639,1429.0761,7,10,0,1,169.2878,0.18181818181818182,1.0
2024,4,REG,LAC,KC,1464.5149,1662.6315,7,7,1,0,-155.91660000000007,0.18181818181818182,1.0
2024,4,REG,LV,CLE,1469.2991,1499.055,7,7,0,1,12.444099999999892,0.18181818181818182,1.0
2024,4,REG,BAL,BUF,1558.0627,1615.001,7,6,0,1,-14.738300000000024,0.18181818181818182,1.0
2024,4,REG,MIA,TEN,1504.5806,1397.3,8,8,0,0,149.48060000000004,0.18181818181818182,1.0
2024,4,REG,DET,SEA,1570.9982,1564.6992,8,8,0,1,48.49899999999998,0.18181818181818182,1.0
2024,5,REG,ATL,TB,1467.6938,1541.4613,4,4,1,1,-31.567499999999924,0.22727272727272727,1.0
2024,5,REG,MIN,NYJ,1569.8852,1470.8457,7,7,0,1,141.23949999999985,0.22727272727272727,1.0
2024,5,REG,CHI,CAR,1468.5291,1368.0017,7,7,0,1,142.72739999999993,0.22727272727272727,1.0
2024,5,REG,CIN,BAL,1498.7142,1578.9106,7,7,1,0,-37.99640000000004,0.22727272727272727,1.0
2024,5,REG,HOU,BUF,1540.0114,1594.1531,7,7,0,1,-11.941699999999898,0.22727272727272727,1.0
2024,5,REG,JAX,IND,1434.4567,1489.9072,7,7,1,1,-13.250500000000144,0.22727272727272727,1.0
2024,5,REG,NE,MIA,1418.1167,1476.4702,7,6,1,0,-16.153499999999937,0.22727272727272727,1.0
2024,5,REG,WAS,CLE,1478.4275,1479.771,7,7,0,1,40.856500000000054,0.22727272727272727,1.0
2024,5,REG,DEN,LV,1499.5876,1488.5831,7,7,1,1,53.20450000000001,0.22727272727272727,1.0
2024,5,REG,SF,ARI,1567.1233,1403.1006,7,7,1,0,206.22269999999997,0.22727272727272727,1.0
2024,5,REG,LA,GB,1491.3954,1521.9241,7,7,0,0,11.671300000000159,0.22727272727272727,1.0
2024,5,REG,SEA,NYG,1547.473,1442.3048,6,10,0,0,147.36820000000006,0.22727272727272727,1.0
2024,5,REG,PIT,DAL,1555.3461,1547.8292,7,10,0,0,49.71690000000008,0.22727272727272727,1.0
2024,5,REG,KC,NO,1674.2138,1493.8875,8,8,0,1,222.52629999999994,0.22727272727272727,1.0
2024,6,REG,SEA,SF,1519.4644,1536.4743,4,4,1,0,25.190099999999987,0.2727272727272727,1.0
2024,6,REG,CHI,JAX,1480.746,1455.2191,7,7,0,1,67.72690000000007,0.2727272727272727,1.0
2024,6,REG,BAL,WAS,1596.732,1496.0864,7,7,0,1,142.84560000000005,0.2727272727272727,1.0
2024,6,REG,GB,ARI,1542.5957,1433.7496,7,7,0,1,151.04609999999997,0.2727272727272727,1.0
2024,6,REG,NE,HOU,1399.0459,1560.6985,7,7,0,0,-119.45259999999989,0.2727272727272727,1.0
2024,6,REG,NO,TB,1485.1921,1519.6491,6,10,1,0,7.7429999999998955,0.2727272727272727,1.0
2024,6,REG,PHI,CLE,1524.5084,1462.1121,14,7,0,1,104.59629999999989,0.2727272727272727,1.0
2024,6,REG,TEN,IND,1425.4104,1469.1448,13,7,1,0,-1.5344000000000477,0.2727272727272727,1.0
2024,6,REG,DEN,LAC,1516.5486,1452.9326,7,14,1,0,105.81599999999999,0.2727272727272727,1.0
2024,6,REG,LV,PIT,1471.6221,1532.5035,7,7,0,0,-18.681399999999982,0.2727272727272727,1.0
2024,6,REG,CAR,ATL,1355.7848,1489.506,7,10,1,0,-91.52120000000018,0.2727272727272727,1.0
2024,6,REG,DAL,DET,1570.6718,1588.2244,7,13,0,0,24.64740000000002,0.2727272727272727,1.0
2024,6,REG,NYG,CIN,1470.3134,1480.8928,7,7,0,0,31.620599999999925,0.2727272727272727,1.0
2024,6,REG,NYJ,BUF,1458.556,1573.466,8,8,1,0,-72.70999999999985,0.2727272727272727,1.0
2024,7,REG,NO,DEN,1464.7465,1490.6389,4,4,0,0,16.30760000000005,0.3181818181818182,1.0
2024,7,REG,JAX,NE,1439.0691,1385.6634,7,7,0,1,95.60570000000003,0.3181818181818182,1.0
2024,7,REG,ATL,SEA,1504.3562,1498.0169,7,10,0,0,48.53929999999987,0.3181818181818182,1.0
2024,7,REG,BUF,TEN,1589.3405,1405.4987,6,7,0,1,226.0417999999999,0.3181818181818182,1.0
2024,7,REG,CLE,CIN,1447.9576,1502.708,7,7,1,0,-12.550400000000124,0.3181818181818182,1.0
2024,7,REG,GB,HOU,1554.4101,1574.081,7,7,0,1,22.529100000000156,0.3181818181818182,1.0
2024,7,REG,IND,MIA,1489.0565,1495.541,7,14,0,1,35.71549999999998,0.3181818181818182,1.0
2024,7,REG,MIN,DET,1582.1749,1609.6408,14,7,1,0,14.734100000000083,0.3181818181818182,1.0
2024,7,REG,NYG,PHI,1448.4982,1538.6629,7,7,1,0,-47.964700000000036,0.3181818181818182,1.0
2024,7,REG,LA,LV,1470.7238,1452.6965,14,7,0,1,60.22729999999997,0.3181818181818182,1.0
2024,7,REG,WAS,CAR,1483.8752,1340.9346,7,7,0,1,185.1405999999999,0.3181818181818182,1.0
2024,7,REG,SF,KC,1557.9218,1682.9092,10,13,0,0,-82.78739999999998,0.3181818181818182,1.0
2024,7,REG,PIT,NYJ,1551.4291,1442.6815,7,6,0,1,150.94760000000014,0.3181818181818182,1.0
2024,7,REG,TB,BAL,1540.0947,1608.9432,8,8,0,0,-26.648499999999828,0.3181818181818182,1.0
2024,7,REG,ARI,LAC,1421.9352,1478.8423,8,8,0,1,-14.707100000000125,0.3181818181818182,1.0
2024,8,REG,LA,MIN,1487.2912,1561.3272,4,4,0,1,-31.836000000000055,0.36363636363636365,1.0
2024,8,REG,CIN,PHI,1521.9859,1555.9192,7,7,0,0,8.266699999999858,0.36363636363636365,1.0
2024,8,REG,CLE,BAL,1428.6797,1627.4122,7,6,1,1,-156.53250000000008,0.36363636363636365,1.0
2024,8,REG,DET,TEN,1630.4885,1396.9402,7,7,0,1,275.7482999999999,0.36363636363636365,1.0
2024,8,REG,HOU,IND,1555.3761,1507.0078,7,7,1,1,90.56829999999987,0.36363636363636365,1.0
2024,8,REG,JAX,GB,1453.7004,1573.115,7,7,0,0,-77.21460000000006,0.36363636363636365,1.0
2024,8,REG,MIA,ARI,1477.5897,1442.7813,7,6,0,0,77.0083999999999,0.36363636363636365,1.0
2024,8,REG,NE,NYJ,1371.0321,1430.8624,7,7,1,1,-17.630300000000076,0.36363636363636365,1.0
2024,8,REG,TB,ATL,1521.6257,1481.5801,6,7,1,0,82.24560000000015,0.36363636363636365,1.0
2024,8,REG,LAC,NO,1457.9962,1443.8084,6,10,0,1,56.387800000000155,0.36363636363636365,1.0
2024,8,REG,SEA,BUF,1520.793,1597.899,7,7,0,0,-34.90599999999999,0.36363636363636365,1.0
2024,8,REG,DEN,CAR,1511.577,1330.6862,10,7,0,1,223.0907999999999,0.36363636363636365,1.0
2024,8,REG,LV,KC,1436.1291,1698.2318,7,7,1,0,-219.90269999999992,0.36363636363636365,1.0
2024,8,REG,WAS,CHI,1494.1236,1496.896,7,14,0,1,39.42759999999994,0.36363636363636365,1.0
2024,8,REG,SF,DAL,1542.5992,1549.2554,7,14,0,1,35.543800000000104,0.36363636363636365,1.0
2024,8,REG,PIT,NYG,1563.2482,1431.2419,8,8,0,1,174.2063,0.36363636363636365,1.0
2024,9,REG,NYJ,HOU,1409.8484,1570.2775,4,4,0,1,-118.22909999999983,0.4090909090909091,1.0
2024,9,REG,ATL,DAL,1506.228,1531.2944,7,7,0,1,17.133600000000072,0.4090909090909091,1.0
2024,9,REG,BAL,DEN,1598.9654,1520.2504,7,7,0,1,120.91500000000015,0.4090909090909091,1.0
2024,9,REG,BUF,MIA,1615.8964,1453.2279,7,7,1,1,204.86849999999998,0.4090909090909091,1.0
2024,9,REG,CAR,NO,1322.0128,1427.0261,7,7,1,1,-62.81330000000007,0.4090909090909091,1.0
2024,9,REG,CIN,LV,1501.5101,1427.3304,7,7,0,1,116.37969999999991,0.4090909090909091,1.0
2024,9,REG,CLE,LAC,1457.1265,1474.7785,7,7,0,0,24.548000000000187,0.4090909090909091,1.0
2024,9,REG,NYG,WAS,1420.5063,1511.8637,6,7,1,0,-49.157400000000095,0.4090909090909091,1.0
2024,9,REG,TEN,NE,1390.1498,1392.0461,7,7,0,1,40.30369999999989,0.4090909090909091,1.0
2024,9,REG,ARI,CHI,1467.1431,1479.1559,7,7,0,1,30.187200000000033,0.4090909090909091,1.0
2024,9,REG,PHI,JAX,1576.395,1438.0735,7,7,0,1,180.5215,0.4090909090909091,1.0
2024,9,REG,GB,DET,1588.7419,1637.2789,7,7,1,0,-6.337000000000032,0.4090909090909091,1.0
2024,9,REG,SEA,LA,1502.7956,1509.1187,7,10,1,0,35.876899999999935,0.4090909090909091,1.0
2024,9,REG,MIN,IND,1539.4997,1492.1064,10,7,0,1,89.59330000000018,0.4090909090909091,1.0
2024,9,REG,KC,TB,1707.0305,1496.9778,8,8,0,1,252.25270000000017,0.4090909090909091,1.0
2024,10,REG,BAL,CIN,1612.273,1515.0506,4,4,1,1,139.42239999999987,0.45454545454545453,1.0
2024,10,REG,CAR,NYG,1345.5897,1403.3173,7,7,0,1,-15.527599999999936,0.45454545454545453,1.0
2024,10,REG,CHI,NE,1460.8893,1374.3558,7,7,0,0,128.7335,0.45454545454545453,1.0
2024,10,REG,IND,BUF,1477.1524,1625.3034,7,7,0,0,-105.95100000000006,0.45454545454545453,1.0
2024,10,REG,JAX,MIN,1427.6211,1554.4537,7,7,0,0,-84.63259999999995,0.45454545454545453,1.0
2024,10,REG,KC,DEN,1714.6177,1506.9428,6,7,1,1,249.87489999999997,0.45454545454545453,1.0
2024,10,REG,NO,ATL,1403.4492,1525.2425,7,7,1,1,-79.59330000000004,0.45454545454545453,1.0
2024,10,REG,TB,SF,1489.3906,1560.5602,6,14,0,0,-28.969599999999943,0.45454545454545453,1.0
2024,10,REG,WAS,PIT,1529.0527,1573.9838,7,13,0,0,-2.731100000000012,0.45454545454545453,1.0
2024,10,REG,LAC,TEN,1496.1892,1407.8401,7,7,0,1,130.54910000000012,0.45454545454545453,1.0
2024,10,REG,ARI,NYJ,1485.4097,1436.4031,7,10,0,1,91.20659999999994,0.45454545454545453,1.0
2024,10,REG,DAL,PHI,1512.2799,1586.8474,7,7,1,0,-32.367500000000106,0.45454545454545453,1.0
2024,10,REG,HOU,DET,1543.7228,1656.9142,10,7,0,0,-70.99139999999993,0.45454545454545453,1.0
2024,10,REG,LA,MIA,1531.1766,1443.8209,8,8,0,0,129.55570000000006,0.45454545454545453,1.0
2024,11,REG,PHI,WAS,1604.9895,1509.2099,4,4,1,1,137.97959999999983,0.5,1.0
2024,11,REG,CHI,GB,1433.8003,1569.1066,7,14,1,0,-93.10629999999996,0.5,1.0
2024,11,REG,DET,JAX,1672.8835,1412.3988,7,7,0,1,302.68469999999996,0.5,1.0
2024,11,REG,MIA,LV,1470.9513,1413.7899,6,14,0,1,99.36139999999996,0.5,1.0
2024,11,REG,NE,LA,1401.4448,1504.0462,7,6,0,0,-60.40140000000001,0.5,1.0
2024,11,REG,NO,CLE,1427.9525,1435.7158,7,14,0,1,34.43670000000016,0.5,1.0
2024,11,REG,NYJ,IND,1421.536,1463.0691,7,7,0,0,0.6669000000001262,0.5,1.0
2024,11,REG,PIT,BAL,1593.8266,1624.652,7,10,1,1,11.374600000000058,0.5,1.0
2024,11,REG,TEN,MIN,1395.0203,1569.676,7,7,0,0,-132.45570000000004,0.5,1.0
2024,11,REG,DEN,ATL,1499.271,1500.7392,7,7,0,1,40.73179999999998,0.5,1.0
2024,11,REG,SF,SEA,1578.8964,1480.7377,7,14,1,0,140.35870000000017,0.5,1.0
2024,11,REG,BUF,KC,1639.3867,1722.2895,7,7,0,1,-40.70280000000007,0.5,1.0
2024,11,REG,LAC,CIN,1509.009,1502.6716,7,10,0,1,48.53740000000012,0.5,1.0
2024,11,REG,DAL,HOU,1494.1378,1527.7535,8,8,0,0,8.584299999999942,0.5,1.0
2024,12,REG,CLE,PIT,1417.6917,1613.1721,4,4,1,1,-153.28039999999993,0.5454545454545454,1.0
2024,12,REG,CAR,KC,1366.4829,1699.9571,14,7,0,0,-291.2742000000001,0.5454545454545454,1.0
2024,12,REG,CHI,MIN,1419.0352,1582.4004,7,7,1,0,-121.16519999999996,0.5454545454545454,1.0
2024,12,REG,HOU,TEN,1548.2476,1382.2959,6,7,1,0,208.15169999999983,0.5454545454545454,1.0
2024,12,REG,IND,DET,1483.1075,1678.8439,7,7,0,0,-153.53640000000001,0.5454545454545454,1.0
2024,12,REG,MIA,NE,1485.3826,1384.8872,7,7,1,1,142.6954,0.5454545454545454,1.0
2024,12,REG,NYG,TB,1382.4241,1471.0544,14,14,0,0,-46.43030000000003,0.5454545454545454,1.0
2024,12,REG,WAS,DAL,1496.7598,1473.6437,10,6,1,0,65.31609999999996,0.5454545454545454,1.0
2024,12,REG,LV,DEN,1399.3586,1516.937,7,7,1,0,-75.37839999999987,0.5454545454545454,1.0
2024,12,REG,GB,SF,1583.8717,1551.2293,7,7,0,1,74.84239999999996,0.5454545454545454,1.0
2024,12,REG,SEA,ARI,1508.4048,1500.2768,7,14,1,1,50.32799999999993,0.5454545454545454,1.0
2024,12,REG,LA,PHI,1520.6038,1617.4396,7,10,0,0,-54.63579999999983,0.5454545454545454,1.0
2024,12,REG,LAC,BAL,1526.233,1605.3065,8,8,0,0,-36.873499999999964,0.5454545454545454,1.0
2024,13,REG,DET,CHI,1690.5393,1405.7404,4,4,1,1,326.9989,0.5909090909090909,1.0
2024,13,REG,DAL,NYG,1497.3599,1365.081,4,4,1,1,174.4789,0.5909090909090909,1.0
2024,13,REG,GB,MIA,1599.6289,1497.6011,4,4,0,1,144.22779999999983,0.5909090909090909,1.0
2024,13,REG,KC,LV,1706.2584,1383.6309,5,5,1,1,364.8274999999998,0.5909090909090909,1.0
2024,13,REG,ATL,LAC,1483.0732,1508.3477,14,6,0,0,16.925500000000014,0.5909090909090909,1.0
2024,13,REG,CIN,PIT,1485.4476,1584.8797,14,10,1,0,-57.23209999999999,0.5909090909090909,1.0
2024,13,REG,JAX,HOU,1406.4384,1517.5193,14,7,1,0,-68.88089999999993,0.5909090909090909,1.0
2024,13,REG,MIN,ARI,1595.6952,1483.1538,7,7,0,1,154.74140000000006,0.5909090909090909,1.0
2024,13,REG,NE,IND,1372.6687,1471.4121,7,7,0,0,-56.54340000000006,0.5909090909090909,1.0
2024,13,REG,NYJ,SEA,1401.4976,1525.5278,14,7,0,0,-81.83020000000015,0.5909090909090909,1.0
2024,13,REG,WAS,TEN,1473.0436,1413.0242,7,7,0,1,102.21939999999991,0.5909090909090909,1.0
2024,13,REG,CAR,TB,1360.1816,1488.3975,7,7,1,0,-86.01590000000014,0.5909090909090909,1.0
2024,13,REG,NO,LA,1445.9766,1503.7232,14,7,0,0,-15.546599999999941,0.5909090909090909,1.0
2024,13,REG,BAL,PHI,1623.1918,1634.3202,6,7,0,0,31.071599999999947,0.5909090909090909,1.0
2024,13,REG,BUF,SF,1661.7191,1535.4721,14,7,0,1,168.44700000000006,0.5909090909090909,1.0
2024,13,REG,DEN,CLE,1532.6647,1445.9841,8,11,0,1,128.88060000000013,0.5909090909090909,1.0
2024,14,REG,DET,GB,1695.824,1611.7727,7,7,1,1,126.25130000000009,0.6363636363636364,1.0
2024,14,REG,MIA,NYJ,1485.4573,1386.1229,10,7,1,1,141.53439999999995,0.6363636363636364,1.0
2024,14,REG,MIN,ATL,1607.3333,1462.0997,7,7,0,1,187.4336,0.6363636363636364,1.0
2024,14,REG,NYG,NO,1354.3578,1426.8709,10,7,0,0,-30.313099999999892,0.6363636363636364,1.0
2024,14,REG,PHI,CAR,1656.1041,1345.0343,7,7,0,1,353.2698,0.6363636363636364,1.0
2024,14,REG,PIT,CLE,1601.6146,1433.0805,7,6,1,1,210.73410000000007,0.6363636363636364,1.0
2024,14,REG,TB,LV,1503.5448,1379.2675,7,9,0,1,166.47729999999996,0.6363636363636364,1.0
2024,14,REG,TEN,JAX,1398.7443,1390.3524,7,7,1,0,50.59190000000008,0.6363636363636364,1.0
2024,14,REG,ARI,SEA,1471.5157,1540.9025,7,7,1,0,-27.18679999999999,0.6363636363636364,1.0
2024,14,REG,LA,BUF,1522.8289,1672.717,7,7,0,1,-107.68810000000012,0.6363636363636364,1.0
2024,14,REG,SF,CHI,1524.4742,1400.4557,7,10,0,1,166.21850000000012,0.6363636363636364,1.0
2024,14,REG,KC,LAC,1710.6218,1529.3212,9,7,1,1,223.5005999999998,0.6363636363636364,1.0
2024,14,REG,DAL,CIN,1508.0831,1468.7127,11,8,0,0,81.57040000000002,0.6363636363636364,1.0
2024,15,REG,SF,LA,1535.5747,1548.8368,4,4,1,0,28.937899999999857,0.6818181818181818,1.0
2024,15,REG,CAR,DAL,1340.4054,1483.4719,7,6,0,0,-100.8664999999999,0.6818181818181818,1.0
2024,15,REG,CLE,KC,1423.9143,1719.2791,7,7,0,0,-253.16480000000007,0.6818181818181818,1.0
2024,15,REG,HOU,MIA,1533.6053,1497.7326,14,7,0,1,78.0726999999999,0.6818181818181818,1.0
2024,15,REG,JAX,NYJ,1413.2443,1373.8476,7,7,0,0,81.59670000000001,0.6818181818181818,1.0
2024,15,REG,NO,WAS,1445.1304,1487.3235,7,14,0,0,0.006900000000044315,0.6818181818181818,1.0
2024,15,REG,NYG,BAL,1336.0983,1601.4079,7,14,0,0,-223.10959999999983,0.6818181818181818,1.0
2024,15,REG,TEN,CIN,1375.8524,1493.3239,7,6,0,0,-75.2715000000001,0.6818181818181818,1.0
2024,15,REG,ARI,NE,1453.0775,1355.8952,7,14,0,1,139.38230000000016,0.6818181818181818,1.0
2024,15,REG,DEN,IND,1545.5683,1488.1856,13,14,0,1,99.58269999999989,0.6818181818181818,1.0
2024,15,REG,DET,BUF,1708.8602,1646.7091,10,7,0,0,104.35110000000005,0.6818181818181818,1.0
2024,15,REG,LAC,TB,1520.6639,1514.6334,7,7,0,0,48.23050000000008,0.6818181818181818,1.0
2024,15,REG,PHI,PIT,1660.733,1610.7808,7,7,0,1,92.15219999999995,0.6818181818181818,1.0
2024,15,REG,SEA,GB,1559.3407,1598.7365,7,10,0,0,2.8041999999999945,0.6818181818181818,1.0
2024,15,REG,MIN,CHI,1617.4815,1389.3552,8,8,1,1,270.3263000000001,0.6818181818181818,1.0
2024,15,REG,LV,ATL,1368.1789,1451.9515,8,8,0,0,-41.57259999999978,0.6818181818181818,1.0
2024,16,REG,LAC,DEN,1497.9052,1559.9878,4,4,1,1,-19.88260000000018,0.7272727272727273,1.0
2024,16,REG,KC,HOU,1726.8341,1549.1852,6,6,0,1,219.84890000000013,0.7272727272727273,1.0
2024,16,REG,BAL,PIT,1610.0805,1595.9645,6,6,1,1,56.31599999999999,0.7272727272727273,1.0
2024,16,REG,ATL,NYG,1469.5697,1327.4257,6,7,0,1,184.344,0.7272727272727273,1.0
2024,16,REG,CAR,ARI,1326.0539,1465.4584,7,7,0,1,-97.20449999999987,0.7272727272727273,1.0
2024,16,REG,CHI,DET,1382.3871,1683.0276,6,7,1,0,-258.4405,0.7272727272727273,1.0
2024,16,REG,CIN,CLE,1509.0575,1416.3593,7,7,1,1,134.8981999999998,0.7272727272727273,1.0
2024,16,REG,IND,TEN,1473.7661,1360.1188,7,7,1,1,155.84730000000008,0.7272727272727273,1.0
2024,16,REG,NYJ,LA,1398.4602,1570.4988,7,10,0,0,-129.8386000000001,0.7272727272727273,1.0
2024,16,REG,WAS,PHI,1507.3239,1675.5493,7,7,1,1,-126.0253999999998,0.7272727272727273,1.0
2024,16,REG,SEA,MIN,1539.1793,1624.4496,7,6,0,0,-43.070299999999904,0.7272727272727273,1.0
2024,16,REG,BUF,NE,1672.5417,1343.5143,7,7,1,1,371.22739999999993,0.7272727272727273,1.0
2024,16,REG,LV,JAX,1350.5607,1388.6317,6,7,0,1,4.12900000000009,0.7272727272727273,1.0
2024,16,REG,MIA,SF,1482.1527,1513.9127,7,10,0,1,10.440000000000012,0.7272727272727273,1.0
2024,16,REG,DAL,TB,1497.8234,1537.3921,7,7,0,1,2.6312999999999676,0.7272727272727273,1.0
2024,16,REG,GB,NO,1618.8979,1425.13,8,8,0,1,235.96789999999982,0.7272727272727273,1.0
2024,17,REG,PIT,KC,1579.1782,1735.6349,4,4,0,0,-114.25669999999995,0.7727272727272727,1.0
2024,17,REG,HOU,BAL,1540.3844,1626.8668,4,4,0,0,-44.282400000000095,0.7727272727272727,1.0
2024,17,REG,CHI,SEA,1375.0164,1521.646,4,4,0,0,-104.42959999999998,0.7727272727272727,1.0
2024,17,REG,NE,LAC,1339.292,1519.0485,6,9,0,0,-137.5565000000002,0.7727272727272727,1.0
2024,17,REG,CIN,DEN,1521.6602,1538.8445,6,9,0,1,25.01570000000011,0.7727272727272727,1.0
2024,17,REG,LA,ARI,1583.3542,1440.0044,6,6,1,1,185.54979999999995,0.7727272727272727,1.0
2024,17,REG,BUF,NYJ,1676.764,1385.6048,7,7,1,1,333.3591999999998,0.7727272727272727,1.0
2024,17,REG,JAX,TEN,1368.8694,1348.5332,7,7,1,1,62.536199999999965,0.7727272727272727,1.0
2024,17,REG,NO,LV,1416.9496,1370.323,6,7,0,0,88.82659999999983,0.7727272727272727,1.0
2024,17,REG,NYG,IND,1317.1423,1485.3517,7,7,0,1,-126.00939999999996,0.7727272727272727,1.0
2024,17,REG,PHI,DAL,1648.597,1517.6719,7,7,1,1,173.12509999999992,0.7727272727272727,1.0
2024,17,REG,TB,CAR,1517.5436,1351.5079,7,7,1,1,208.2356999999999,0.7727272727272727,1.0
2024,17,REG,CLE,MIA,1403.7566,1501.5519,7,7,0,0,-55.595299999999995,0.7727272727272727,1.0
2024,17,REG,MIN,GB,1641.9829,1627.0783,7,6,1,1,57.104600000000076,0.7727272727272727,1.0
2024,17,REG,WAS,ATL,1534.2762,1479.8531,7,7,0,1,96.62309999999998,0.7727272727272727,1.0
2024,17,REG,SF,DET,1494.5135,1690.3983,8,8,0,0,-153.68480000000005,0.7727272727272727,1.0
2024,18,REG,BAL,CLE,1644.3314,1386.9299,10,6,1,1,299.60149999999993,0.8181818181818182,1.0
2024,18,REG,PIT,CIN,1565.5281,1540.2227,10,7,1,0,67.50539999999997,0.8181818181818182,1.0
2024,18,REG,ATL,CAR,1465.2761,1342.2396,7,7,1,0,165.23649999999992,0.8181818181818182,1.0
2024,18,REG,DAL,WAS,1506.8874,1548.8532,7,7,1,0,0.23420000000005814,0.8181818181818182,1.0
2024,18,REG,GB,CHI,1610.3362,1360.8531,7,10,1,0,291.6830999999999,0.8181818181818182,1.0
2024,18,REG,IND,JAX,1458.4002,1385.3079,7,7,1,1,115.29230000000003,0.8181818181818182,1.0
2024,18,REG,NE,BUF,1326.821,1681.8831,8,7,1,1,-312.8621000000001,0.8181818181818182,1.0
2024,18,REG,PHI,NYG,1659.3815,1344.0938,7,7,1,1,357.48769999999985,0.8181818181818182,1.0
2024,18,REG,TB,NO,1526.8119,1391.9449,7,7,1,1,177.06699999999995,0.8181818181818182,1.0
2024,18,REG,TEN,HOU,1332.0947,1522.9198,7,11,1,0,-148.6250999999998,0.8181818181818182,1.0
2024,18,REG,ARI,SF,1429.7739,1482.8252,8,6,1,1,-10.85130000000008,0.8181818181818182,1.0
2024,18,REG,DEN,KC,1520.282,1749.285,8,11,1,1,-186.80300000000017,0.8181818181818182,1.0
2024,18,REG,LA,SEA,1593.5847,1535.8093,8,10,1,0,99.97540000000022,0.8181818181818182,1.0
2024,18,REG,LV,LAC,1395.3277,1531.5195,7,8,1,0,-93.99180000000005,0.8181818181818182,1.0
2024,18,REG,NYJ,MIA,1380.4857,1518.3786,7,7,1,1,-95.69290000000005,0.8181818181818182,1.0
2024,18,REG,DET,MIN,1702.0866,1658.725,6,7,1,1,85.56160000000018,0.8181818181818182,1.0
2025,1,REG,PHI,DAL,1644.1641,1493.3643,7,7,1,1,192.9998,0.045454545454545456,1.0
2025,1,REG,LAC,KC,1515.8561,1634.5357,7,7,1,1,-76.47959999999993,0.045454545454545456,1.0
2025,1,REG,ATL,TB,1463.0932,1508.8457,7,7,1,0,-3.5525000000000517,0.045454545454545456,1.0
2025,1,REG,CLE,CIN,1429.7673,1539.6763,7,7,1,0,-67.7090000000001,0.045454545454545456,1.0
2025,1,REG,IND,MIA,1484.4381,1497.0432,7,7,0,1,29.59490000000001,0.045454545454545456,1.0
2025,1,REG,JAX,CAR,1424.2668,1423.8962,7,7,0,1,42.5706000000002,0.045454545454545456,1.0
2025,1,REG,NE,LV,1417.931,1429.6061,7,7,0,0,30.524900000000073,0.045454545454545456,1.0
2025,1,REG,NO,ARI,1430.0429,1471.479,7,7,0,0,0.7638999999998788,0.045454545454545456,1.0
2025,1,REG,NYJ,PIT,1444.7554,1517.7425,7,7,0,0,-30.787100000000052,0.045454545454545456,1.0
2025,1,REG,WAS,NYG,1568.1711,1404.978,7,7,1,1,205.39309999999995,0.045454545454545456,1.0
2025,1,REG,DEN,TEN,1522.3989,1393.3383,7,7,0,1,171.2606,0.045454545454545456,1.0
2025,1,REG,SEA,SF,1538.0864,1478.5605,7,7,1,0,101.72589999999987,0.045454545454545456,1.0
2025,1,REG,GB,DET,1537.9464,1610.7998,7,7,1,1,-30.653399999999962,0.045454545454545456,1.0
2025,1,REG,LA,HOU,1548.4601,1528.5054,7,7,0,1,62.154700000000005,0.045454545454545456,1.0
2025,1,REG,BUF,BAL,1600.6467,1587.2327,7,7,0,1,55.61399999999999,0.045454545454545456,1.0
2025,1,REG,CHI,MIN,1437.9786,1571.5931,7,7,1,0,-91.41450000000013,0.045454545454545456,1.0
2025,2,REG,GB,WAS,1559.7064,1577.5564,4,4,0,1,24.350000000000094,0.09090909090909091,1.0
2025,2,REG,BAL,CLE,1570.407,1413.6163,7,7,1,1,198.9907,0.09090909090909091,1.0
2025,2,REG,CIN,JAX,1555.8273,1441.8284,7,7,0,1,156.1988999999998,0.09090909090909091,1.0
2025,2,REG,DAL,NYG,1483.4569,1395.5927,10,7,1,1,130.06419999999997,0.09090909090909091,1.0
2025,2,REG,DET,CHI,1589.0398,1423.1227,7,6,1,1,208.1171000000001,0.09090909090909091,1.0
2025,2,REG,MIA,NE,1478.7427,1396.1784,7,7,1,0,124.7643,0.09090909090909091,1.0
2025,2,REG,NO,SF,1409.9989,1504.2545,7,7,0,0,-52.055599999999956,0.09090909090909091,1.0
2025,2,REG,NYJ,BUF,1426.523,1617.4724,7,7,1,0,-148.7494000000002,0.09090909090909091,1.0
2025,2,REG,PIT,SEA,1535.9749,1512.3924,7,7,0,0,65.78249999999998,0.09090909090909091,1.0
2025,2,REG,TEN,LA,1382.469,1564.9199,7,7,0,0,-140.25090000000006,0.09090909090909091,1.0
2025,2,REG,ARI,CAR,1491.523,1406.3346,7,7,0,1,127.3884,0.09090909090909091,1.0
2025,2,REG,IND,DEN,1502.7386,1533.2682,7,7,0,1,11.67039999999993,0.09090909090909091,1.0
2025,2,REG,KC,PHI,1610.2029,1654.0715,9,10,0,0,-1.668600000000012,0.09090909090909091,1.0
2025,2,REG,MIN,ATL,1586.449,1443.2977,6,7,0,0,185.35129999999998,0.09090909090909091,1.0
2025,2,REG,HOU,TB,1512.0456,1528.6412,8,8,0,0,25.6043999999999,0.09090909090909091,1.0
2025,2,REG,LV,LAC,1451.3587,1540.1889,8,10,1,0,-46.6302000000001,0.09090909090909091,1.0
2025,3,REG,BUF,MIA,1629.3972,1451.8543,4,4,1,1,219.74290000000013,0.13636363636363635,1.0
2025,3,REG,CAR,ATL,1393.3558,1473.0585,7,7,1,1,-37.50270000000005,0.13636363636363635,1.0
2025,3,REG,CLE,GB,1403.9637,1578.307,7,10,0,1,-132.1433,0.13636363636363635,1.0
2025,3,REG,JAX,HOU,1430.2594,1490.5744,7,6,1,1,-18.11500000000005,0.13636363636363635,1.0
2025,3,REG,MIN,CIN,1556.6882,1567.3963,7,7,0,1,31.491899999999944,0.13636363636363635,1.0
2025,3,REG,NE,PIT,1423.0668,1512.2328,7,7,0,0,-46.96599999999994,0.13636363636363635,1.0
2025,3,REG,PHI,LA,1673.9754,1577.2581,7,7,0,1,138.9173,0.13636363636363635,1.0
2025,3,REG,TB,NYJ,1550.1124,1414.5982,6,7,0,1,177.71420000000006,0.13636363636363635,1.0
2025,3,REG,TEN,IND,1370.1308,1522.0671,7,7,1,0,-109.73630000000007,0.13636363636363635,1.0
2025,3,REG,WAS,LV,1558.9558,1434.0269,10,6,0,1,167.12889999999987,0.13636363636363635,1.0
2025,3,REG,LAC,DEN,1557.5207,1513.9397,6,7,1,1,85.78100000000013,0.13636363636363635,1.0
2025,3,REG,SEA,NO,1536.1345,1392.9732,7,7,0,1,185.36129999999997,0.13636363636363635,1.0
2025,3,REG,CHI,DAL,1413.8496,1496.301,7,7,0,1,-40.25139999999992,0.13636363636363635,1.0
2025,3,REG,SF,ARI,1521.2802,1504.5018,7,7,1,1,58.97839999999992,0.13636363636363635,1.0
2025,3,REG,NYG,KC,1382.7486,1590.299,7,7,0,0,-165.3504000000001,0.13636363636363635,1.0
2025,3,REG,BAL,DET,1580.0596,1598.3129,8,8,0,0,23.94670000000015,0.13636363636363635,1.0
2025,4,REG,ARI,SEA,1487.8646,1546.3733,4,4,1,0,-16.30869999999986,0.18181818181818182,1.0
2025,4,REG,PIT,MIN,1529.5456,1574.8803,7,7,0,1,-3.134700000000109,0.18181818181818182,1.0
2025,4,REG,ATL,WAS,1450.908,1570.0143,7,7,0,1,-76.90630000000014,0.18181818181818182,1.0
2025,4,REG,BUF,NO,1638.2022,1382.7344,10,7,0,1,297.6677999999999,0.18181818181818182,1.0
2025,4,REG,DET,CLE,1619.6892,1431.2237,6,7,0,1,230.6655,0.18181818181818182,1.0
2025,4,REG,HOU,TEN,1469.5326,1356.2457,7,7,1,1,155.48690000000005,0.18181818181818182,1.0
2025,4,REG,NE,CAR,1405.754,1415.5063,7,7,0,1,32.4476999999999,0.18181818181818182,1.0
2025,4,REG,NYG,LAC,1371.6079,1572.6807,7,7,0,1,-158.87279999999993,0.18181818181818182,1.0
2025,4,REG,TB,PHI,1560.6901,1686.3792,7,7,0,0,-83.48910000000005,0.18181818181818182,1.0
2025,4,REG,LA,IND,1564.8543,1535.9522,7,7,0,1,71.10210000000002,0.18181818181818182,1.0
2025,4,REG,SF,JAX,1537.9174,1451.3012,7,7,0,0,128.81619999999992,0.18181818181818182,1.0
2025,4,REG,KC,BAL,1601.4397,1558.6833,7,6,0,1,84.95639999999999,0.18181818181818182,1.0
2025,4,REG,LV,CHI,1422.9684,1436.1563,7,7,0,0,29.012099999999876,0.18181818181818182,1.0
2025,4,REG,DAL,GB,1473.9943,1551.047,7,7,0,0,-34.852699999999956,0.18181818181818182,1.0
2025,4,REG,MIA,NYJ,1443.0493,1404.0205,11,8,1,1,81.22879999999982,0.18181818181818182,1.0
2025,4,REG,DEN,CIN,1498.7797,1549.2042,8,8,0,1,-8.22449999999985,0.18181818181818182,1.0
2025,5,REG,LA,SF,1580.8175,1510.8242,4,4,1,0,112.1933000000001,0.22727272727272727,1.0
2025,5,REG,CLE,MIN,1422.8429,1554.6999,7,7,0,0,-89.65699999999997,0.22727272727272727,1.0
2025,5,REG,BAL,HOU,1543.4786,1481.1353,7,7,0,0,104.5433,0.22727272727272727,1.0
2025,5,REG,CAR,MIA,1397.3687,1458.4568,7,6,0,1,-18.888099999999937,0.22727272727272727,1.0
2025,5,REG,IND,LV,1519.989,1401.3022,7,7,0,1,160.88679999999994,0.22727272727272727,1.0
2025,5,REG,NO,NYG,1376.6261,1400.1651,7,7,0,1,18.661000000000016,0.22727272727272727,1.0
2025,5,REG,NYJ,DAL,1388.613,1455.9939,6,7,0,0,-25.18089999999988,0.22727272727272727,1.0
2025,5,REG,PHI,DEN,1701.6636,1519.2531,7,6,0,0,224.61050000000017,0.22727272727272727,1.0
2025,5,REG,ARI,TEN,1468.8027,1344.643,10,7,0,0,166.35969999999992,0.22727272727272727,1.0
2025,5,REG,SEA,TB,1565.4352,1545.4057,10,7,0,0,62.229499999999874,0.22727272727272727,1.0
2025,5,REG,CIN,DET,1528.7308,1628.07,6,7,0,0,-57.13919999999989,0.22727272727272727,1.0
2025,5,REG,LAC,WAS,1544.1235,1545.6581,7,7,0,0,40.66539999999982,0.22727272727272727,1.0
2025,5,REG,BUF,NE,1644.3105,1423.8916,7,7,1,0,262.6189000000001,0.22727272727272727,1.0
2025,5,REG,JAX,KC,1478.3944,1616.6444,8,8,0,1,-96.05,0.22727272727272727,1.0
2025,6,REG,NYG,PHI,1381.2383,1670.2777,4,4,1,1,-246.83940000000013,0.2727272727272727,1.0
2025,6,REG,NYJ,DEN,1370.06,1550.639,7,7,0,0,-138.37899999999996,0.2727272727272727,1.0
2025,6,REG,BAL,LA,1517.6359,1554.5746,7,10,0,0,5.261300000000077,0.2727272727272727,1.0
2025,6,REG,CAR,DAL,1418.4549,1474.5469,7,7,0,1,-13.892000000000095,0.2727272727272727,1.0
2025,6,REG,IND,ARI,1531.3373,1439.8967,7,7,0,1,133.6405999999999,0.2727272727272727,1.0
2025,6,REG,JAX,SEA,1503.7868,1541.8908,6,7,0,0,4.096000000000188,0.2727272727272727,1.0
2025,6,REG,MIA,LAC,1437.3706,1521.7932,7,7,0,0,-42.2226000000001,0.2727272727272727,1.0
2025,6,REG,NO,NE,1395.5529,1456.6645,7,7,0,0,-18.911600000000178,0.2727272727272727,1.0
2025,6,REG,PIT,CLE,1549.726,1407.8924,14,7,1,1,184.03360000000015,0.2727272727272727,1.0
2025,6,REG,LV,TEN,1389.9539,1373.549,7,7,0,1,58.6049,0.2727272727272727,1.0
2025,6,REG,GB,CIN,1569.0474,1511.9907,14,7,0,1,99.25669999999987,0.2727272727272727,1.0
2025,6,REG,TB,SF,1568.9501,1537.0671,7,10,0,1,74.08300000000004,0.2727272727272727,1.0
2025,6,REG,KC,DET,1591.252,1644.8101,6,7,0,1,-11.358099999999965,0.2727272727272727,1.0
2025,6,REG,ATL,BUF,1475.2642,1611.5376,15,8,0,1,-94.07340000000003,0.2727272727272727,1.0
2025,6,REG,WAS,CHI,1567.9884,1457.8225,8,15,0,0,152.36589999999995,0.2727272727272727,1.0
2025,7,REG,CIN,PIT,1497.5538,1560.0231,4,4,1,1,-20.2693000000002,0.3181818181818182,1.0
2025,7,REG,JAX,LA,1483.551,1574.8774,7,7,0,0,-49.126400000000146,0.3181818181818182,1.0
2025,7,REG,CHI,NO,1486.0712,1376.6405,6,7,0,1,151.6307000000001,0.3181818181818182,1.0
2025,7,REG,CLE,MIA,1397.5953,1419.7892,7,7,0,1,20.006100000000018,0.3181818181818182,1.0
2025,7,REG,KC,LV,1611.9056,1406.612,7,7,1,1,247.49359999999996,0.3181818181818182,1.0
2025,7,REG,MIN,PHI,1569.6504,1638.0584,14,10,0,0,-26.2079999999999,0.3181818181818182,1.0
2025,7,REG,NYJ,CAR,1357.6296,1439.2542,7,7,0,0,-39.4246000000001,0.3181818181818182,1.0
2025,7,REG,TEN,NE,1356.8909,1475.5769,7,7,0,0,-76.48599999999992,0.3181818181818182,1.0
2025,7,REG,DEN,NYG,1563.0694,1413.4576,7,10,0,1,191.81180000000012,0.3181818181818182,1.0
2025,7,REG,LAC,IND,1539.3746,1544.0025,7,7,0,0,37.57210000000005,0.3181818181818182,1.0
2025,7,REG,ARI,GB,1427.2315,1583.4843,7,7,0,0,-114.05279999999998,0.3181818181818182,1.0
2025,7,REG,DAL,WAS,1453.7476,1539.7397,7,6,1,1,-43.79210000000016,0.3181818181818182,1.0
2025,7,REG,SF,ATL,1521.2682,1500.5509,7,6,0,1,62.917300000000026,0.3181818181818182,1.0
2025,7,REG,DET,TB,1624.1565,1584.749,8,8,0,1,81.60750000000003,0.3181818181818182,1.0
2025,7,REG,SEA,HOU,1562.1266,1506.978,8,15,0,1,97.34859999999999,0.3181818181818182,1.0
2025,8,REG,LAC,MIN,1517.2202,1551.1562,4,4,0,1,8.264000000000081,0.36363636363636365,1.0
2025,8,REG,ATL,MIA,1484.1336,1400.9396,7,7,0,0,125.39399999999996,0.36363636363636365,1.0
2025,8,REG,BAL,CHI,1497.3331,1497.8576,14,7,0,1,41.675500000000014,0.36363636363636365,1.0
2025,8,REG,CAR,BUF,1456.9944,1586.2509,7,13,0,0,-87.05649999999996,0.36363636363636365,1.0
2025,8,REG,CIN,NYJ,1518.7193,1339.8894,10,7,0,0,221.02989999999994,0.36363636363636365,1.0
2025,8,REG,HOU,SF,1492.4397,1537.6855,6,7,0,1,-3.045800000000142,0.36363636363636365,1.0
2025,8,REG,NE,CLE,1491.2438,1416.4449,7,7,0,1,116.9989,0.36363636363636365,1.0
2025,8,REG,PHI,NYG,1656.5526,1403.4991,7,7,1,1,295.2535,0.36363636363636365,1.0
2025,8,REG,NO,TB,1364.8541,1569.3622,7,6,1,0,-162.30810000000002,0.36363636363636365,1.0
2025,8,REG,DEN,DAL,1573.0279,1476.2552,7,7,0,1,138.97269999999997,0.36363636363636365,1.0
2025,8,REG,IND,TEN,1566.1569,1341.224,7,7,1,1,267.1329,0.36363636363636365,1.0
2025,8,REG,PIT,GB,1538.8576,1597.145,10,7,0,0,-16.08739999999993,0.36363636363636365,1.0
2025,8,REG,KC,WAS,1619.6627,1517.2321,8,8,0,1,144.63060000000013,0.36363636363636365,1.0
2025,9,REG,MIA,BAL,1427.86,1514.9455,4,4,0,0,-44.885500000000135,0.4090909090909091,1.0
2025,9,REG,CIN,CHI,1487.4735,1480.2452,7,7,0,0,49.42829999999999,0.4090909090909091,1.0
2025,9,REG,DET,MIN,1639.5433,1531.6318,13,10,1,0,150.11149999999992,0.4090909090909091,1.0
2025,9,REG,GB,CAR,1616.2196,1441.9035,7,7,0,0,216.5161,0.4090909090909091,1.0
2025,9,REG,HOU,DEN,1512.615,1585.429,7,7,0,0,-30.614000000000075,0.4090909090909091,1.0
2025,9,REG,NE,ATL,1504.7523,1457.2132,7,7,0,1,89.73910000000019,0.4090909090909091,1.0
2025,9,REG,NYG,SF,1397.3185,1517.5102,7,7,0,0,-77.99169999999985,0.4090909090909091,1.0
2025,9,REG,PIT,IND,1519.783,1573.2315,7,7,0,1,-11.248500000000192,0.4090909090909091,1.0
2025,9,REG,TEN,LAC,1334.1494,1536.7446,7,10,0,0,-160.3952,0.4090909090909091,1.0
2025,9,REG,LA,NO,1592.0682,1353.5721,14,7,0,1,280.69609999999983,0.4090909090909091,1.0
2025,9,REG,LV,JAX,1398.8549,1466.3602,14,14,0,0,-25.30530000000003,0.4090909090909091,1.0
2025,9,REG,BUF,KC,1601.3418,1631.7869,7,6,0,1,11.754899999999864,0.4090909090909091,1.0
2025,9,REG,WAS,SEA,1505.1079,1576.6649,6,13,0,0,-29.357000000000014,0.4090909090909091,1.0
2025,9,REG,DAL,ARI,1463.8541,1413.5708,8,15,0,0,92.48330000000006,0.4090909090909091,1.0
2025,10,REG,DEN,LV,1603.6713,1380.309,4,4,1,1,265.5623,0.45454545454545453,1.0
2025,10,REG,IND,ATL,1552.5842,1442.2671,7,7,0,1,152.51709999999997,0.45454545454545453,1.0
2025,10,REG,CAR,NO,1472.9703,1346.9408,7,7,1,0,168.22949999999986,0.45454545454545453,1.0
2025,10,REG,CHI,NYG,1503.0715,1381.7341,7,7,0,1,163.5374000000001,0.45454545454545453,1.0
2025,10,REG,HOU,JAX,1494.3727,1484.9061,7,7,1,1,51.666599999999974,0.45454545454545453,1.0
2025,10,REG,MIA,BUF,1410.4295,1620.6654,10,7,1,1,-168.03590000000014,0.45454545454545453,1.0
2025,10,REG,MIN,BAL,1559.7726,1532.376,7,10,0,0,69.59660000000004,0.45454545454545453,1.0
2025,10,REG,NYJ,CLE,1371.1352,1402.9364,14,14,0,1,10.398799999999895,0.45454545454545453,1.0
2025,10,REG,TB,NE,1580.6442,1519.6984,14,7,0,0,103.14579999999997,0.45454545454545453,1.0
2025,10,REG,SEA,ARI,1594.979,1438.7723,7,6,1,1,198.40669999999994,0.45454545454545453,1.0
2025,10,REG,SF,LA,1533.0946,1598.6995,7,7,1,0,-23.40490000000004,0.45454545454545453,1.0
2025,10,REG,WAS,DET,1486.7938,1611.4025,7,7,0,0,-82.4087,0.45454545454545453,1.0
2025,10,REG,LAC,PIT,1548.116,1540.4303,7,7,0,1,49.8857,0.45454545454545453,1.0
2025,10,REG,GB,PHI,1585.1528,1662.7332,8,15,0,0,-35.380399999999824,0.45454545454545453,1.0
2025,11,REG,NE,NYJ,1545.4674,1390.5368,4,4,1,1,197.1305999999999,0.5,1.0
2025,11,REG,MIA,WAS,1439.4127,1471.4506,7,7,0,1,10.162100000000194,0.5,1.0
2025,11,REG,ATL,CAR,1430.5231,1443.9782,7,7,1,0,28.7449000000001,0.5,1.0
2025,11,REG,BUF,TB,1591.6822,1554.8752,7,7,0,1,79.00700000000002,0.5,1.0
2025,11,REG,JAX,LAC,1467.8585,1565.2639,7,7,0,1,-55.20539999999987,0.5,1.0
2025,11,REG,MIN,CHI,1535.819,1514.2962,7,7,1,0,63.722799999999964,0.5,1.0
2025,11,REG,NYG,GB,1370.5094,1567.1824,7,6,0,0,-154.473,0.5,1.0
2025,11,REG,PIT,CIN,1523.2824,1464.6472,7,14,1,1,100.83519999999994,0.5,1.0
2025,11,REG,TEN,HOU,1322.778,1511.4203,14,7,1,0,-146.4423,0.5,1.0
2025,11,REG,ARI,SF,1429.0951,1514.4399,7,7,1,0,-43.144800000000075,0.5,1.0
2025,11,REG,LA,SEA,1617.3542,1604.6562,7,7,1,1,54.898000000000096,0.5,1.0
2025,11,REG,CLE,BAL,1383.5348,1556.3296,7,7,1,0,-130.59480000000013,0.5,1.0
2025,11,REG,DEN,KC,1610.7987,1612.4633,10,14,1,1,40.535400000000166,0.5,1.0
2025,11,REG,PHI,DET,1680.7036,1626.7457,6,7,0,1,96.15790000000011,0.5,1.0
2025,11,REG,LV,DAL,1373.1816,1438.6526,11,14,0,0,-23.271,0.5,1.0
2025,12,REG,HOU,BUF,1523.4565,1607.211,4,4,0,1,-41.554500000000004,0.5454545454545454,1.0
2025,12,REG,BAL,NYJ,1569.1471,1380.8056,7,10,0,1,230.54149999999998,0.5454545454545454,1.0
2025,12,REG,CHI,PIT,1537.9238,1537.6355,7,7,0,1,42.48829999999994,0.5454545454545454,1.0
2025,12,REG,CIN,NE,1450.2941,1555.1986,7,10,0,0,-62.70449999999987,0.5454545454545454,1.0
2025,12,REG,DET,NYG,1612.1439,1358.8586,7,7,0,1,295.4853,0.5454545454545454,1.0
2025,12,REG,GB,MIN,1578.8332,1512.1914,7,7,1,1,108.8418000000001,0.5454545454545454,1.0
2025,12,REG,KC,IND,1594.7862,1564.3282,7,14,0,1,72.65800000000009,0.5454545454545454,1.0
2025,12,REG,TEN,SEA,1310.7418,1587.7903,7,7,0,0,-234.8484999999999,0.5454545454545454,1.0
2025,12,REG,ARI,JAX,1411.566,1491.0099,7,7,0,0,-37.24389999999998,0.5454545454545454,1.0
2025,12,REG,LV,CLE,1354.5192,1370.7173,6,7,0,0,26.001899999999935,0.5454545454545454,1.0
2025,12,REG,DAL,PHI,1457.315,1695.3054,6,7,1,1,-195.79039999999992,0.5454545454545454,1.0
2025,12,REG,NO,ATL,1375.9329,1408.8722,14,7,1,0,9.2607,0.5454545454545454,1.0
2025,12,REG,LA,TB,1634.2201,1539.3464,7,7,0,1,137.0737000000001,0.5454545454545454,1.0
2025,12,REG,SF,CAR,1531.969,1465.6291,8,8,0,1,108.53989999999995,0.5454545454545454,1.0
2025,13,REG,DET,GB,1618.3175,1592.765,4,4,1,0,67.75250000000001,0.5909090909090909,1.0
2025,13,REG,DAL,KC,1487.5268,1610.6636,4,4,0,1,-80.93679999999999,0.5909090909090909,1.0
2025,13,REG,BAL,CIN,1577.5327,1433.865,4,4,1,0,185.86769999999996,0.5909090909090909,1.0
2025,13,REG,PHI,CHI,1665.0936,1555.4901,5,5,0,0,151.80349999999993,0.5909090909090909,1.0
2025,13,REG,CAR,LA,1451.6815,1646.7149,6,7,0,1,-152.83340000000004,0.5909090909090909,1.0
2025,13,REG,CLE,SF,1392.2113,1545.9166,7,6,0,0,-111.50530000000008,0.5909090909090909,1.0
2025,13,REG,IND,HOU,1548.4508,1545.8372,7,10,1,0,44.813600000000136,0.5909090909090909,1.0
2025,13,REG,MIA,NO,1458.8279,1355.3999,14,7,0,1,145.6280000000001,0.5909090909090909,1.0
2025,13,REG,NYJ,ATL,1372.42,1429.4052,7,7,0,1,-14.785199999999847,0.5909090909090909,1.0
2025,13,REG,TB,ARI,1526.8516,1393.7018,7,7,0,1,175.3497999999999,0.5909090909090909,1.0
2025,13,REG,TEN,JAX,1302.5194,1508.8741,7,7,1,0,-164.1547000000001,0.5909090909090909,1.0
2025,13,REG,SEA,MIN,1596.0127,1498.2596,7,7,0,1,139.9530999999999,0.5909090909090909,1.0
2025,13,REG,LAC,LV,1542.1125,1333.0252,14,7,1,1,251.2872999999999,0.5909090909090909,1.0
2025,13,REG,PIT,BUF,1520.0692,1584.8303,7,10,0,0,-22.561100000000167,0.5909090909090909,1.0
2025,13,REG,WAS,DEN,1452.0354,1628.4758,14,14,0,0,-134.24039999999997,0.5909090909090909,1.0
2025,13,REG,NE,NYG,1571.6277,1352.685,8,8,0,1,261.14270000000005,0.5909090909090909,1.0
2025,14,REG,DET,DAL,1594.4661,1512.1034,7,7,0,1,124.56270000000013,0.6363636363636364,1.0
2025,14,REG,ATL,SEA,1408.5546,1608.3656,7,7,0,0,-157.61100000000016,0.6363636363636364,1.0
2025,14,REG,BAL,PIT,1547.7493,1501.3661,10,7,1,0,88.58319999999999,0.6363636363636364,1.0
2025,14,REG,BUF,CIN,1603.5334,1463.6484,7,10,0,1,182.08499999999998,0.6363636363636364,1.0
2025,14,REG,CLE,TEN,1378.4184,1291.3233,7,7,0,0,129.2951,0.6363636363636364,1.0
2025,14,REG,JAX,IND,1520.0702,1525.8853,7,7,1,1,36.3849000000002,0.6363636363636364,1.0
2025,14,REG,MIN,WAS,1485.9067,1439.4,7,7,0,1,88.70669999999991,0.6363636363636364,1.0
2025,14,REG,NYJ,MIA,1393.2706,1470.9036,7,7,1,0,-35.433000000000035,0.6363636363636364,1.0
2025,14,REG,TB,NO,1537.5355,1343.3242,7,7,1,0,236.41129999999993,0.6363636363636364,1.0
2025,14,REG,LV,DEN,1325.4037,1641.1112,7,7,1,0,-273.5075,0.6363636363636364,1.0
2025,14,REG,ARI,LA,1383.0179,1618.4438,7,7,1,0,-193.22589999999997,0.6363636363636364,1.0
2025,14,REG,GB,CHI,1616.6164,1583.712,10,9,1,1,75.10440000000013,0.6363636363636364,1.0
2025,14,REG,KC,HOU,1586.087,1568.4027,10,7,0,0,59.8842999999999,0.6363636363636364,1.0
2025,14,REG,LAC,PHI,1549.734,1636.8717,8,10,0,1,-44.93769999999999,0.6363636363636364,1.0
2025,15,REG,TB,ATL,1505.6993,1397.0523,4,4,1,0,150.84699999999992,0.6818181818181818,1.0
2025,15,REG,CHI,CLE,1567.9693,1351.3011,7,7,0,1,258.86820000000006,0.6818181818181818,1.0
2025,15,REG,CIN,BAL,1453.2653,1522.7577,7,7,1,0,-27.292400000000086,0.6818181818181818,1.0
2025,15,REG,HOU,ARI,1591.8162,1373.1202,7,7,0,1,260.8959999999999,0.6818181818181818,1.0
2025,15,REG,JAX,NYJ,1537.9833,1375.3032,7,7,0,1,204.88010000000003,0.6818181818181818,1.0
2025,15,REG,KC,LAC,1562.6735,1572.3065,7,6,1,0,32.56700000000019,0.6818181818181818,1.0
2025,15,REG,NE,BUF,1578.9053,1613.9165,13,7,1,0,7.188799999999858,0.6818181818181818,1.0
2025,15,REG,NYG,WAS,1345.4074,1424.3982,13,7,1,0,-36.79080000000003,0.6818181818181818,1.0
2025,15,REG,PHI,LV,1614.2992,1318.5403,6,7,0,1,337.9589,0.6818181818181818,1.0
2025,15,REG,DEN,GB,1647.9746,1632.3591,7,7,0,1,57.815500000000114,0.6818181818181818,1.0
2025,15,REG,LA,DET,1628.3415,1607.5879,7,10,0,1,62.95360000000001,0.6818181818181818,1.0
2025,15,REG,NO,CAR,1375.1604,1479.9526,7,14,1,1,-62.59220000000009,0.6818181818181818,1.0
2025,15,REG,SEA,IND,1619.8679,1507.9722,7,7,0,1,154.09570000000002,0.6818181818181818,1.0
2025,15,REG,SF,TEN,1559.7095,1318.4406,14,7,0,1,283.4689,0.6818181818181818,1.0
2025,15,REG,DAL,MIN,1498.9816,1500.9085,10,7,0,0,40.27310000000007,0.6818181818181818,1.0
2025,15,REG,PIT,MIA,1526.3577,1488.871,8,8,0,1,79.68669999999993,0.6818181818181818,1.0
2025,16,REG,SEA,LA,1631.5367,1644.7567,4,4,1,1,28.980000000000203,0.7272727272727273,1.0
2025,16,REG,WAS,PHI,1442.2882,1619.3012,6,6,1,0,-134.81300000000016,0.7272727272727273,1.0
2025,16,REG,CHI,GB,1575.3252,1615.6568,6,6,1,1,1.8684000000000225,0.7272727272727273,1.0
2025,16,REG,CAR,TB,1456.388,1477.5233,7,10,1,1,21.06469999999986,0.7272727272727273,1.0
2025,16,REG,CLE,BUF,1343.9452,1634.3303,7,7,0,0,-248.18509999999998,0.7272727272727273,1.0
2025,16,REG,DAL,LAC,1476.6736,1594.1757,7,7,0,0,-75.30209999999992,0.7272727272727273,1.0
2025,16,REG,MIA,CIN,1473.3794,1434.8332,6,7,0,0,80.7462,0.7272727272727273,1.0
2025,16,REG,NO,NYJ,1398.725,1365.8967,7,7,0,1,75.0282999999999,0.7272727272727273,1.0
2025,16,REG,NYG,MIN,1327.5174,1523.2165,7,7,0,0,-153.49910000000006,0.7272727272727273,1.0
2025,16,REG,TEN,KC,1311.8971,1540.8043,7,7,0,1,-186.7072000000001,0.7272727272727273,1.0
2025,16,REG,ARI,ATL,1365.8341,1425.2283,7,10,0,0,-17.194199999999952,0.7272727272727273,1.0
2025,16,REG,DEN,JAX,1664.6769,1547.3898,7,7,0,0,159.4871,0.7272727272727273,1.0
2025,16,REG,DET,PIT,1591.1727,1541.8493,7,6,0,0,91.5234,0.7272727272727273,1.0
2025,16,REG,HOU,LV,1599.1023,1313.5383,7,7,0,1,327.76400000000007,0.7272727272727273,1.0
2025,16,REG,BAL,NE,1541.1898,1558.4915,7,7,0,0,24.89830000000002,0.7272727272727273,1.0
2025,16,REG,IND,SF,1496.3034,1566.253,8,8,0,0,-27.749599999999916,0.7272727272727273,1.0
2025,17,REG,WAS,DAL,1429.6813,1460.9417,5,4,1,0,10.939599999999885,0.7727272727272727,1.0
2025,17,REG,MIN,DET,1534.9137,1566.0228,4,4,1,1,11.090900000000104,0.7727272727272727,1.0
2025,17,REG,KC,DEN,1510.9842,1636.0909,4,4,1,0,-82.90669999999982,0.7727272727272727,1.0
2025,17,REG,LAC,HOU,1609.9076,1604.3669,6,6,0,0,47.74070000000002,0.7727272727272727,1.0
2025,17,REG,GB,BAL,1595.7644,1519.759,7,6,0,0,118.20540000000001,0.7727272727272727,1.0
2025,17,REG,CAR,SEA,1475.1769,1649.8723,7,10,0,0,-132.49540000000007,0.7727272727272727,1.0
2025,17,REG,CIN,ARI,1459.3994,1346.8231,7,7,0,1,154.77629999999994,0.7727272727272727,1.0
2025,17,REG,CLE,PIT,1336.2129,1566.9992,7,7,1,1,-188.5863,0.7727272727272727,1.0
2025,17,REG,IND,JAX,1477.8974,1575.9758,6,7,1,0,-55.87839999999987,0.7727272727272727,1.0
2025,17,REG,MIA,TB,1448.8132,1458.7344,7,7,0,1,32.278800000000004,0.7727272727272727,1.0
2025,17,REG,NYJ,NE,1350.1498,1579.9223,7,7,1,0,-187.57250000000005,0.7727272727272727,1.0
2025,17,REG,TEN,NO,1341.7172,1414.4719,7,7,0,0,-30.554699999999954,0.7727272727272727,1.0
2025,17,REG,LV,NYG,1308.2737,1315.8202,7,7,0,0,34.65349999999985,0.7727272727272727,1.0
2025,17,REG,BUF,PHI,1642.0626,1631.9081,7,8,0,0,52.354499999999874,0.7727272727272727,1.0
2025,17,REG,SF,CHI,1584.659,1595.2176,6,8,0,1,31.64140000000016,0.7727272727272727,1.0
2025,17,REG,ATL,LA,1444.2393,1626.4211,8,11,0,1,-139.98180000000008,0.7727272727272727,1.0
2025,18,REG,TB,CAR,1440.5872,1462.4545,6,6,1,1,20.33269999999989,0.8181818181818182,1.0
2025,18,REG,SF,SEA,1602.8426,1662.5947,6,6,1,0,-17.552100000000152,0.8181818181818182,1.0
2025,18,REG,ATL,NO,1471.8879,1432.7176,6,7,1,1,81.3703,0.8181818181818182,1.0
2025,18,REG,CIN,CLE,1471.0358,1366.1149,7,7,1,0,147.12090000000006,0.8181818181818182,1.0
2025,18,REG,HOU,IND,1627.0979,1461.0866,8,7,1,1,208.21129999999988,0.8181818181818182,1.0
2025,18,REG,JAX,TEN,1592.7866,1323.4715,7,7,1,1,311.5150999999998,0.8181818181818182,1.0
2025,18,REG,MIN,GB,1554.2755,1569.2109,10,8,1,1,27.26459999999993,0.8181818181818182,1.0
2025,18,REG,NYG,DAL,1337.8084,1481.5712,7,10,1,1,-101.5628000000002,0.8181818181818182,1.0
2025,18,REG,BUF,NYJ,1619.0714,1340.0077,7,7,1,1,321.2636999999999,0.8181818181818182,1.0
2025,18,REG,CHI,DET,1577.034,1546.661,7,10,1,0,72.57300000000005,0.8181818181818182,1.0
2025,18,REG,DEN,LAC,1651.407,1587.1766,10,8,1,1,106.43039999999992,0.8181818181818182,1.0
2025,18,REG,LA,ARI,1598.7725,1335.1867,6,7,1,1,305.78580000000005,0.8181818181818182,1.0
2025,18,REG,LV,KC,1286.2855,1495.6681,7,10,1,1,-167.18260000000015,0.8181818181818182,1.0
2025,18,REG,NE,MIA,1590.0644,1466.9604,7,7,1,1,165.30400000000003,0.8181818181818182,1.0
2025,18,REG,PHI,WAS,1654.8993,1409.0518,7,10,1,0,288.04750000000007,0.8181818181818182,1.0
2025,18,REG,PIT,BAL,1537.0972,1546.3125,7,8,1,1,32.98469999999993,0.8181818181818182,1.0
